Date,GLD,IWM,QQQ,SPY,TLT
2008-01-02,84.86000061035156,58.76808547973633,43.41145706176758,103.77827453613281,54.813201904296875
2008-01-03,85.56999969482422,58.11909484863281,43.592288970947266,103.72813415527344,54.73773193359375
2008-01-04,85.12999725341797,56.36763000488281,41.68048858642578,101.18612670898438,54.749351501464844
2008-01-07,84.7699966430664,56.49272537231445,41.48244857788086,101.10023498535156,54.98743438720703
2008-01-08,86.77999877929688,54.749080657958984,40.405967712402344,99.46759796142578,54.923553466796875
2008-01-09,86.55000305175781,55.30422592163086,41.26713562011719,100.51303100585938,55.02808380126953
2008-01-10,88.25,56.06267547607422,41.32743835449219,101.17180633544922,54.284706115722656
2008-01-11,88.58000183105469,54.90545654296875,40.51791763305664,100.35551452636719,54.708675384521484
2008-01-14,89.54000091552734,55.358978271484375,41.22409439086914,101.1646728515625,54.911922454833984
2008-01-15,87.98999786376953,54.34248352050781,40.08733367919922,98.93772888183594,55.52755355834961
2008-01-16,86.69999694824219,54.39723205566406,39.6567497253418,98.08560180664062,55.12682342529297
2008-01-17,86.5,53.075782775878906,39.10560989379883,95.5436019897461,55.84113311767578
2008-01-18,87.41999816894531,52.55976104736328,39.05392837524414,94.56263732910156,55.45784378051758
2008-01-22,88.16999816894531,52.1844367980957,38.046363830566406,93.60307312011719,56.05027770996094
2008-01-23,87.88999938964844,53.967166900634766,37.89997482299805,95.85152435302734,55.92249298095703
2008-01-24,90.08000183105469,53.9280891418457,38.67502975463867,96.66065216064453,54.801570892333984
2008-01-25,90.30000305175781,53.537139892578125,37.882747650146484,95.26433563232422,55.7249641418457
2008-01-28,91.75,54.670894622802734,38.1755485534668,96.83966827392578,55.51592254638672
2008-01-29,91.1500015258789,54.81163787841797,38.244449615478516,97.31941223144531,55.138427734375
2008-01-30,92.05999755859375,54.12355041503906,38.20999526977539,96.60335540771484,54.7783317565918
2008-01-31,91.4000015258789,55.46843338012695,38.864479064941406,98.36486053466797,55.16746520996094
2008-02-01,89.3499984741211,56.774208068847656,39.26062774658203,99.9473876953125,55.49910354614258
2008-02-04,89.0999984741211,56.1330451965332,38.70945739746094,98.68708801269531,54.92795944213867
2008-02-05,87.68000030517578,54.6943359375,37.60718536376953,96.04483795166016,55.34752655029297
2008-02-06,88.94999694824219,53.967166900634766,36.866580963134766,95.27149963378906,55.17854309082031
2008-02-07,89.8499984741211,54.8194580078125,37.124916076660156,95.90159606933594,53.98964309692383
2008-02-08,91.0,54.47541427612305,37.54689025878906,95.28582763671875,54.60738754272461
2008-02-11,91.33000183105469,54.49886703491211,37.95162582397461,95.77271270751953,54.834678649902344
2008-02-12,89.33000183105469,54.92892074584961,37.736351013183594,96.66065216064453,54.508358001708984
2008-02-13,89.44000244140625,56.17213821411133,38.56308364868164,97.64881134033203,53.93138885498047
2008-02-14,89.70999908447266,54.87419891357422,37.86552047729492,96.78955078125,53.138763427734375
2008-02-15,89.1500015258789,54.631805419921875,37.736351013183594,96.7680892944336,53.54671859741211
2008-02-19,91.58000183105469,55.30422592163086,37.667457580566406,97.0401840209961,53.004737854003906
2008-02-20,93.23999786376953,55.33551025390625,37.839691162109375,97.32659149169922,53.371883392333984
2008-02-21,93.25,54.27995681762695,37.47801208496094,96.51741790771484,53.93717956542969
2008-02-22,93.38999938964844,54.27995681762695,37.61579132080078,97.11174774169922,53.628326416015625
2008-02-25,92.73999786376953,55.33551025390625,37.80524826049805,98.33625793457031,53.08049011230469
2008-02-26,93.70999908447266,55.8515625,37.95162582397461,99.07377624511719,53.09797668457031
2008-02-27,94.77999877929688,55.82813262939453,38.14109420776367,98.97351837158203,53.14462661743164
2008-02-28,95.98999786376953,54.98363494873047,37.994693756103516,98.00682067871094,54.088722229003906
2008-02-29,96.18000030517578,53.84208297729492,36.987144470214844,95.8228988647461,54.91632080078125
2008-03-03,97.23999786376953,53.32600784301758,36.746009826660156,95.59373474121094,54.774742126464844
2008-03-04,95.18000030517578,53.01326370239258,36.95269012451172,95.228515625,54.24245071411133
2008-03-05,97.72000122070312,53.52147674560547,37.13352966308594,95.83000183105469,53.593143463134766
2008-03-06,96.5,51.7387580871582,36.315425872802734,93.84656524658203,53.87974548339844
2008-03-07,96.08999633789062,51.574520111083984,36.22931671142578,92.87987518310547,53.94998550415039
2008-03-10,95.87000274658203,50.43296813964844,35.531761169433594,91.6553955078125,54.74546432495117
2008-03-11,95.98999786376953,52.62229537963867,36.88378143310547,94.94926452636719,54.27750015258789
2008-03-12,97.01000213623047,52.01242446899414,36.78044891357422,94.0613784790039,55.32456588745117
2008-03-13,98.33999633789062,53.05234909057617,37.06464767456055,94.2690200805664,54.89171600341797
2008-03-14,98.70999908447266,51.71529006958008,36.384315490722656,92.8082504272461,55.57029724121094
2008-03-17,99.16999816894531,50.87083435058594,35.72121047973633,91.87024688720703,55.99726104736328
2008-03-18,96.5,53.208717346191406,37.31437683105469,95.68678283691406,55.780853271484375
2008-03-19,93.04000091552734,51.879486083984375,36.39292907714844,93.316650390625,56.70506286621094
2008-03-20,89.91000366210938,52.76305389404297,37.13667678833008,95.04518127441406,56.84546661376953
2008-03-24,90.0999984741211,54.81499481201172,38.42085266113281,96.94488525390625,55.745750427246094
2008-03-25,92.7300033569336,54.9951057434082,38.63629150390625,97.0384521484375,55.97970199584961
2008-03-26,93.80000305175781,54.5408821105957,38.52425765991211,95.85108184814453,55.745750427246094
2008-03-27,93.45999908447266,54.03962326049805,37.6710319519043,95.54885864257812,55.35383224487305
2008-03-28,91.87999725341797,53.40525436401367,37.481422424316406,94.63499450683594,55.891963958740234
2008-03-31,90.41000366210938,53.48357391357422,37.67965316772461,94.96600341796875,56.09086990356445
2008-04-01,86.86000061035156,55.4415397644043,39.29130554199219,98.30494689941406,55.17796325683594
2008-04-02,89.2699966430664,55.574642181396484,39.20511245727539,98.36969757080078,55.29547119140625
2008-04-03,89.41999816894531,55.74698257446289,39.29130554199219,98.61438751220703,55.4188232421875
2008-04-04,90.25,55.731319427490234,39.52400588989258,98.50645446777344,55.92403793334961
2008-04-07,91.16999816894531,55.6373291015625,39.43780517578125,98.55682373046875,55.63031005859375
2008-04-08,90.3499984741211,55.5825080871582,39.13616180419922,98.4560775756836,55.436439514160156
2008-04-09,92.29000091552734,54.67402648925781,38.69663619995117,97.74364471435547,56.01212692260742
2008-04-10,91.7699966430664,55.253562927246094,39.248207092285156,97.88037872314453,55.82416915893555
2008-04-11,91.30000305175781,53.835994720458984,38.162288665771484,95.98063659667969,56.200111389160156
2008-04-14,91.11000061035156,53.67153549194336,37.98991775512695,95.65678405761719,55.87116241455078
2008-04-15,91.66000366210938,54.01613998413086,38.04163360595703,95.87991333007812,55.17796325683594
2008-04-16,93.2699966430664,55.76264953613281,39.1016845703125,98.4776382446289,54.637542724609375
2008-04-17,92.55999755859375,55.54335021972656,39.0155029296875,98.6215591430664,54.5435676574707
2008-04-18,90.62000274658203,56.13072967529297,40.25657272338867,99.65061950683594,54.496578216552734
2008-04-21,90.25,56.13856506347656,40.54096984863281,99.70096588134766,54.713890075683594
2008-04-22,90.2699966430664,55.11259460449219,39.93768310546875,99.26200103759766,54.90188980102539
2008-04-23,89.22000122070312,55.253562927246094,40.37721633911133,99.1036605834961,54.719783782958984
2008-04-24,87.22000122070312,55.7861442565918,40.73920440673828,99.53545379638672,54.25570297241211
2008-04-25,87.2699966430664,56.31086349487305,40.635772705078125,100.4565658569336,53.9384880065918
2008-04-28,87.69000244140625,56.686798095703125,40.71333312988281,100.4781265258789,54.102996826171875
2008-04-29,85.80999755859375,56.18552780151367,41.02361297607422,100.08238220214844,54.30861282348633
2008-04-30,86.6500015258789,55.91928482055664,40.68749237060547,99.49229431152344,54.6962776184082
2008-05-01,83.98999786376953,56.88259506225586,41.97162628173828,101.55036926269531,54.6998176574707
2008-05-02,84.58000183105469,56.8199348449707,42.031951904296875,101.83099365234375,54.01004409790039
2008-05-05,86.2699966430664,56.60063934326172,41.911285400390625,101.34170532226562,54.01004409790039
2008-05-06,86.62999725341797,57.06272506713867,42.16984176635742,102.21961975097656,53.62092971801758
2008-05-07,85.81999969482422,56.04457473754883,41.402793884277344,100.39897155761719,53.850868225097656
2008-05-08,87.23999786376953,56.16205978393555,41.71306228637695,100.13993835449219,54.334312438964844
2008-05-09,87.41999816894531,55.997596740722656,41.5493278503418,99.95284271240234,54.53477096557617
2008-05-12,86.98999786376953,57.22716522216797,42.307735443115234,101.075439453125,54.452205657958984
2008-05-13,85.38999938964844,57.556095123291016,42.419776916503906,101.08980560302734,53.85675811767578
2008-05-14,85.19999694824219,57.485660552978516,42.32497024536133,101.29853057861328,53.88032913208008
2008-05-15,87.0,57.60312271118164,43.0661506652832,102.56501007080078,54.369686126708984
2008-05-16,89.0999984741211,57.91639709472656,43.10063934326172,102.65853881835938,54.14564514160156
2008-05-19,89.38999938964844,57.93206787109375,42.79035568237305,102.93920135498047,54.216400146484375
2008-05-20,90.9000015258789,57.72058868408203,42.46286392211914,102.1044692993164,54.49936294555664
2008-05-21,91.95999908447266,56.89828109741211,41.52347183227539,100.37738800048828,54.51115798950195
2008-05-22,90.9800033569336,57.30550765991211,41.669986724853516,100.39175415039062,53.868553161621094
2008-05-23,91.2300033569336,56.55365753173828,41.54069519042969,99.0461196899414,54.104408264160156
2008-05-27,89.36000061035156,57.4229736328125,42.27325439453125,99.78012084960938,53.738834381103516
2008-05-28,89.13999938964844,57.68926239013672,42.445648193359375,100.24067687988281,53.26128387451172
2008-05-29,86.51000213623047,58.27663803100586,42.82484817504883,100.7444076538086,52.878055572509766
2008-05-30,87.44999694824219,58.48028564453125,43.10063934326172,100.99626159667969,53.22587966918945
2008-06-02,87.95999908447266,57.947715759277344,42.574928283691406,99.95284271240234,53.43123245239258
2008-06-03,86.87999725341797,57.83021545410156,42.34221649169922,99.37000274658203,53.81583786010742
2008-06-04,86.6500015258789,58.19052505493164,42.885169982910156,99.3195571899414,53.3365478515625
2008-06-05,86.44999694824219,59.67852783203125,43.5660285949707,101.30570220947266,53.01704406738281
2008-06-06,89.05999755859375,57.89288330078125,42.256019592285156,98.07469177246094,53.703392028808594
2008-06-09,87.98999786376953,57.70492172241211,42.031951904296875,98.3121566772461,53.703392028808594
2008-06-10,85.55000305175781,57.28203201293945,41.83373260498047,97.82283020019531,53.35430145263672
2008-06-11,87.0199966430664,56.28738021850586,40.825374603271484,96.38359832763672,53.23004150390625
2008-06-12,85.5999984741211,56.404850006103516,40.86846923828125,96.7506103515625,52.69749069213867
2008-06-13,85.83000183105469,57.4229736328125,41.68722152709961,97.97391510009766,52.58510208129883
2008-06-16,87.01000213623047,57.783226013183594,42.057796478271484,98.0314712524414,52.59695053100586
2008-06-17,87.25,57.736263275146484,41.83373260498047,97.55655670166016,52.70343017578125
2008-06-18,88.27999877929688,57.27418899536133,41.38554382324219,96.60667419433594,53.14726638793945
2008-06-19,88.41999816894531,57.75192642211914,42.031951904296875,96.7290267944336,52.83359146118164
2008-06-20,88.94999694824219,56.835601806640625,40.89696502685547,95.15894317626953,53.141265869140625
2008-06-23,87.08999633789062,56.30302810668945,40.57786560058594,95.06490325927734,53.25371551513672
2008-06-24,87.47000122070312,55.37101364135742,40.37089157104492,94.87691497802734,53.60878372192383
2008-06-25,87.41999816894531,55.997596740722656,41.02634048461914,95.3252944946289,53.63241958618164
2008-06-26,90.61000061035156,54.556549072265625,39.370460510253906,92.73622131347656,53.993324279785156
2008-06-27,91.47000122070312,54.611366271972656,39.370460510253906,92.22997283935547,54.626522064208984
2008-06-30,91.4000015258789,54.078792572021484,38.95646667480469,92.55538177490234,54.63834762573242
2008-07-01,92.66000366210938,54.11796188354492,39.50843048095703,92.84471130371094,54.50886917114258
2008-07-02,93.16999816894531,52.58269500732422,38.55976486206055,91.25365447998047,54.79391860961914
2008-07-03,92.05999755859375,52.29970932006836,38.49077606201172,91.34769439697266,54.67513656616211
2008-07-07,91.2300033569336,51.639347076416016,38.723628997802734,90.41474914550781,54.924556732177734
2008-07-08,90.86000061035156,53.51029968261719,39.64643859863281,92.020263671875,55.28087615966797
2008-07-09,91.5,52.07957458496094,38.594261169433594,90.2483901977539,55.524322509765625
2008-07-10,93.52999877929688,52.59054946899414,39.05134582519531,90.61722564697266,55.518375396728516
2008-07-11,95.16000366210938,52.88140869140625,38.430389404296875,89.56137084960938,54.72859573364258
2008-07-14,95.91000366210938,52.008827209472656,38.14579772949219,88.75137329101562,55.209590911865234
2008-07-15,96.16999816894531,51.78871154785156,38.154422760009766,87.50025177001953,55.191776275634766
2008-07-16,94.44000244140625,53.69110107421875,39.103092193603516,89.64813232421875,54.19412612915039
2008-07-17,94.22000122070312,53.76970291137695,39.36184310913086,90.54492950439453,53.915042877197266
2008-07-18,94.16999816894531,54.147029876708984,38.45627975463867,91.1090087890625,53.713104248046875
2008-07-21,95.12000274658203,54.807369232177734,38.620113372802734,91.15962982177734,53.92099380493164
2008-07-22,93.05999755859375,56.18306350708008,38.620113372802734,92.19379425048828,53.65373229980469
2008-07-23,90.56999969482422,56.5446662902832,39.12897491455078,92.69280242919922,53.54682922363281
2008-07-24,91.33000183105469,55.11395263671875,38.54252243041992,90.76908111572266,54.069393157958984
2008-07-25,91.69000244140625,55.56203079223633,39.04271697998047,90.7474136352539,53.52900314331055
2008-07-28,91.7300033569336,54.61869430541992,38.30965042114258,89.4167251586914,54.069393157958984
2008-07-29,90.58999633789062,55.95509719848633,39.103092193603516,91.32597351074219,53.849700927734375
2008-07-30,89.5199966430664,56.29310989379883,39.301456451416016,92.95317840576172,53.903160095214844
2008-07-31,90.08000183105469,56.065147399902344,39.20658493041992,91.72373962402344,54.43760299682617
2008-08-01,89.56999969482422,56.135902404785156,38.70637512207031,91.23919677734375,54.558013916015625
2008-08-04,88.13999938964844,55.61704635620117,38.31828308105469,90.39302825927734,54.43285369873047
2008-08-05,86.08000183105469,56.568233489990234,39.61193084716797,92.83023834228516,54.027557373046875
2008-08-06,86.63999938964844,56.85123062133789,40.21565628051758,93.24244689941406,53.8070068359375
2008-08-07,86.08999633789062,56.002254486083984,39.90518569946289,91.85389709472656,54.68315887451172
2008-08-08,84.43000030517578,57.480125427246094,40.81072998046875,93.56067657470703,54.832176208496094
2008-08-11,81.12999725341797,58.85581588745117,41.18158721923828,94.52976989746094,54.30769348144531
2008-08-12,80.5199966430664,58.41558074951172,41.22468566894531,93.54620361328125,54.81424331665039
2008-08-13,81.55999755859375,58.62783432006836,41.13846206665039,92.98210144042969,54.62355422973633
2008-08-14,79.3499984741211,59.19383239746094,41.61280059814453,93.68360900878906,54.97521209716797
2008-08-15,77.62999725341797,59.036643981933594,41.53518295288086,94.13922119140625,55.45201110839844
2008-08-18,78.80000305175781,58.27409744262695,41.052223205566406,92.85193634033203,55.67249298095703
2008-08-19,80.43000030517578,57.30720138549805,40.54336929321289,91.83944702148438,55.45798110961914
2008-08-20,80.05999755859375,57.38580322265625,40.61237716674805,92.26615905761719,55.61293411254883
2008-08-21,82.30000305175781,56.725467681884766,40.42262649536133,92.42523956298828,55.51158142089844
2008-08-22,81.08000183105469,57.92034912109375,40.95734786987305,93.76318359375,55.4758415222168
2008-08-25,80.93000030517578,56.64686965942383,40.09490966796875,91.86112976074219,56.030155181884766
2008-08-26,81.2300033569336,56.733341217041016,40.043148040771484,92.12875366210938,56.07784652709961
2008-08-27,81.36000061035156,57.40937423706055,40.30189514160156,93.02549743652344,56.17317581176758
2008-08-28,82.18000030517578,58.57278823852539,40.629608154296875,94.15367889404297,56.17912673950195
2008-08-29,81.70999908447266,58.069725036621094,39.77579879760742,93.14119720458984,55.928802490234375
2008-09-02,79.19999694824219,58.05396270751953,39.28421401977539,92.56265258789062,56.44919204711914
2008-09-03,78.88999938964844,58.28982925415039,38.91337203979492,92.48310852050781,56.688453674316406
2008-09-04,78.38999938964844,56.45820236206055,37.654205322265625,89.69877624511719,57.1430778503418
2008-09-05,78.9800033569336,56.316680908203125,37.473087310791016,89.98081970214844,57.113189697265625
2008-09-08,78.86000061035156,56.977046966552734,37.40407943725586,91.83944702148438,57.35239791870117
2008-09-09,76.48999786376953,55.66421127319336,36.61064910888672,89.11299133300781,57.92070388793945
2008-09-10,74.22000122070312,56.18306350708008,36.91250991821289,89.47457122802734,57.56181716918945
2008-09-11,73.08000183105469,56.53679656982422,37.60245132446289,90.76908111572266,57.531890869140625
2008-09-12,75.55000305175781,56.796207427978516,37.45584487915039,91.18853759765625,56.7901725769043
2008-09-15,77.55999755859375,54.249237060546875,36.291542053222656,86.8493881225586,58.63250732421875
2008-09-16,76.79000091552734,55.81357955932617,36.576133728027344,88.30298614501953,58.62053680419922
2008-09-17,85.45999908447266,53.29805374145508,34.67878341674805,84.33261108398438,58.913658142089844
2008-09-18,82.80000305175781,56.44248580932617,35.851715087890625,86.8348617553711,58.052276611328125
2008-09-19,85.9800033569336,58.9579963684082,37.0236701965332,90.28343200683594,56.20998001098633
2008-09-22,89.18000030517578,56.560386657714844,35.28038024902344,88.23947143554688,56.20393753051758
2008-09-23,88.31999969482422,55.805721282958984,35.012847900390625,86.23188018798828,55.98860168457031
2008-09-24,86.70999908447266,55.09674072265625,35.25448226928711,86.50831604003906,56.23391342163086
2008-09-25,86.44999694824219,55.38033676147461,35.81543731689453,87.8612289428711,56.120201110839844
2008-09-26,86.63999938964844,55.64030075073242,35.45297622680664,87.90489959716797,56.52695846557617
2008-09-29,89.56999969482422,51.24453353881836,32.6395263671875,81.0165023803711,58.17192077636719
2008-09-30,85.06999969482422,53.568458557128906,33.58022689819336,84.36975860595703,56.75424575805664
2008-10-01,85.97000122070312,52.79644012451172,33.226375579833984,84.42064666748047,57.46826171875
2008-10-02,82.33000183105469,50.08649444580078,31.71608543395996,81.35838317871094,57.930301666259766
2008-10-03,82.58999633789062,49.39327621459961,31.224163055419922,80.2600326538086,58.440269470214844
2008-10-06,84.27999877929688,47.04572296142578,30.084978103637695,76.17208099365234,59.50226974487305
2008-10-07,87.2699966430664,43.95766067504883,28.177692413330078,72.76066589355469,59.3222770690918
2008-10-08,89.41999816894531,42.90203094482422,27.95330810546875,70.9276123046875,58.47029113769531
2008-10-09,89.9000015258789,39.38070297241211,27.202478408813477,65.97413635253906,57.9782600402832
2008-10-10,83.22000122070312,41.3186149597168,27.029869079589844,64.37388610839844,57.57024002075195
2008-10-13,81.98999786376953,44.88722229003906,30.317981719970703,73.72080993652344,56.832305908203125
2008-10-14,82.19999694824219,43.62677764892578,29.00619888305664,72.6297378540039,56.46630096435547
2008-10-15,83.30999755859375,39.71156311035156,26.408498764038086,65.47949981689453,57.006256103515625
2008-10-16,79.29000091552734,42.31119918823242,27.84111213684082,68.20719146728516,56.7122802734375
2008-10-17,77.20999908447266,41.12165832519531,27.87564468383789,67.79987335205078,56.322235107421875
2008-10-20,78.5,43.08320999145508,28.652355194091797,71.87323760986328,56.77225875854492
2008-10-21,76.02999877929688,41.893672943115234,27.16795539855957,69.7274398803711,57.07229995727539
2008-10-22,71.70999908447266,39.77457809448242,26.417139053344727,65.93046569824219,58.230289459228516
2008-10-23,70.6500015258789,38.59292984008789,26.31357192993164,66.69422149658203,58.662296295166016
2008-10-24,72.20999908447266,37.1591796875,25.467802047729492,63.311851501464844,58.038272857666016
2008-10-27,72.18000030517578,35.339412689208984,24.760129928588867,61.06424331665039,58.08025360107422
2008-10-28,73.79000091552734,38.167510986328125,27.495906829833984,68.199951171875,57.23423385620117
2008-10-29,74.0,38.36446762084961,27.426870346069336,67.7052993774414,56.94624710083008
2008-10-30,72.70999908447266,40.515079498291016,28.341663360595703,70.04747009277344,56.430259704589844
2008-10-31,71.33999633789062,42.342708587646484,28.38482666015625,70.4329833984375,55.698265075683594
2008-11-03,71.0999984741211,42.39786911010742,28.32440757751465,70.63665771484375,55.84885787963867
2008-11-04,75.4800033569336,42.886268615722656,29.127017974853516,73.03705596923828,56.89705276489258
2008-11-05,72.80000305175781,40.64112854003906,27.608108520507812,69.96748352050781,57.571746826171875
2008-11-06,72.22000122070312,39.065574645996094,26.373973846435547,66.09051513671875,57.15605545043945
2008-11-07,72.5,39.876991271972656,26.917688369750977,68.2726821899414,56.7826042175293
2008-11-10,73.58000183105469,38.955299377441406,26.55521011352539,67.37797546386719,57.059715270996094
2008-11-11,72.05000305175781,38.11237716674805,25.976985931396484,65.29764556884766,57.22836685180664
2008-11-12,70.0,35.890869140625,24.77738380432129,62.42448043823242,57.59585952758789
2008-11-13,72.1500015258789,38.844993591308594,26.287668228149414,66.31600189208984,56.216365814208984
2008-11-14,73.30000305175781,35.953887939453125,25.01040267944336,63.00640869140625,57.33076095581055
2008-11-17,72.6500015258789,35.64664077758789,24.48396110534668,62.16987609863281,57.58380126953125
2008-11-18,72.51000213623047,35.47334289550781,24.45806121826172,63.34097671508789,58.324790954589844
2008-11-19,72.26000213623047,32.58221435546875,23.180788040161133,59.2821044921875,59.81871795654297
2008-11-20,73.44999694824219,30.352807998657227,22.05886459350586,54.881446838378906,62.90908432006836
2008-11-21,78.8499984741211,32.01502227783203,23.01681900024414,57.8419189453125,61.999412536621094
2008-11-24,80.91000366210938,34.268062591552734,24.423542022705078,61.849853515625,61.0295295715332
2008-11-25,80.87000274658203,34.83526611328125,24.31134796142578,62.30807876586914,62.82472229003906
2008-11-26,80.37999725341797,36.922847747802734,25.329715728759766,64.71571350097656,62.90908432006836
2008-11-28,80.30999755859375,37.29309844970703,25.1312255859375,65.53041076660156,63.68610763549805
2008-12-01,75.6500015258789,33.10215377807617,23.241209030151367,59.7258415222168,66.1250228881836
2008-12-02,76.94999694824219,34.84312057495117,24.017921447753906,62.02437973022461,66.37886810302734
2008-12-03,76.18000030517578,35.89875030517578,24.699716567993164,63.51551818847656,66.5663070678711
2008-12-04,75.5,34.709197998046875,24.000661849975586,62.046226501464844,67.87789154052734
2008-12-05,74.5199966430664,36.31623840332031,24.975879669189453,63.959251403808594,66.77777862548828
2008-12-08,76.19999694824219,37.92331314086914,25.959733963012695,66.19235229492188,66.6327133178711
2008-12-09,76.33000183105469,36.74953079223633,25.899320602416992,65.10124206542969,67.95040893554688
2008-12-10,79.75,37.61608123779297,25.813005447387695,65.54495239257812,67.7872543334961
2008-12-11,80.6500015258789,35.709678649902344,25.10533905029297,63.966522216796875,67.92013549804688
2008-12-12,80.80999755859375,36.93860626220703,25.614517211914062,64.73027801513672,67.92013549804688
2008-12-15,82.5999984741211,35.74905776977539,25.165748596191406,63.82830810546875,68.6938705444336
2008-12-16,84.45999908447266,38.07300567626953,26.373973846435547,66.83245086669922,70.3923110961914
2008-12-17,85.43000030517578,38.41960144042969,26.05465316772461,66.18502807617188,72.3023681640625
2008-12-18,83.87000274658203,38.17539978027344,25.59726333618164,64.94850158691406,73.8194351196289
2008-12-19,82.62999725341797,38.36446762084961,25.80728530883789,64.66914367675781,73.8980712890625
2008-12-22,83.45999908447266,37.62395095825195,25.245500564575195,63.840518951416016,73.32986450195312
2008-12-23,82.62999725341797,37.07704544067383,25.11585807800293,63.180519104003906,73.23320770263672
2008-12-24,83.45999908447266,37.211997985839844,25.18499183654785,63.54718780517578,73.07598114013672
2008-12-26,85.5999984741211,37.743831634521484,25.176349639892578,63.9138298034668,73.31774139404297
2008-12-29,86.3499984741211,37.164363861083984,24.96893310546875,63.73051452636719,73.22982025146484
2008-12-30,85.9000015258789,38.196266174316406,25.48749351501465,65.24107360839844,73.92726135253906
2008-12-31,86.5199966430664,39.08528137207031,25.703563690185547,66.17235565185547,72.38082122802734
2009-01-02,86.2300033569336,39.86320114135742,26.818477630615234,68.16691589355469,70.56146240234375
2009-01-05,84.4800033569336,40.00607681274414,26.809831619262695,68.08625793457031,68.7420883178711
2009-01-06,85.12999725341797,40.680763244628906,27.077760696411133,68.54090881347656,68.05074310302734
2009-01-07,82.75,39.482173919677734,26.308551788330078,66.48767852783203,68.31755065917969
2009-01-08,84.45999908447266,39.67268753051758,26.585115432739258,66.75897216796875,68.26292419433594
2009-01-09,83.91999816894531,38.2042121887207,25.9887752532959,65.32906341552734,68.36605072021484
2009-01-12,80.76000213623047,37.069129943847656,25.513418197631836,63.75981521606445,69.07563018798828
2009-01-13,80.87999725341797,37.56124496459961,25.522069931030273,63.87714385986328,69.14837646484375
2009-01-14,79.79000091552734,35.91020965576172,24.744218826293945,61.86794662475586,70.28858184814453
2009-01-15,80.38999938964844,36.48967742919922,25.150426864624023,61.889949798583984,70.40375518798828
2009-01-16,82.70999908447266,36.89447784423828,25.426998138427734,62.373870849609375,69.31816101074219
2009-01-20,84.5199966430664,34.39409637451172,24.165142059326172,59.081443786621094,69.30604553222656
2009-01-21,84.1500015258789,36.10865783691406,25.19364356994629,61.63328170776367,67.11676788330078
2009-01-22,84.58000183105469,35.06086349487305,24.8565731048584,60.68000411987305,65.82503509521484
2009-01-23,88.52999877929688,35.235504150390625,24.977569580078125,60.944000244140625,65.30950164794922
2009-01-26,88.94999694824219,35.632381439208984,25.15907096862793,61.36195755004883,64.73941040039062
2009-01-27,88.37999725341797,36.021331787109375,25.340572357177734,61.98526382446289,66.26165008544922
2009-01-28,87.41999816894531,37.50567626953125,26.230772018432617,64.08248138427734,64.60602569580078
2009-01-29,89.5,36.03721237182617,25.565275192260742,61.99992370605469,63.12020492553711
2009-01-30,91.30999755859375,35.30693817138672,25.11585807800293,60.73868942260742,62.9200439453125
2009-02-02,88.83999633789062,35.59269714355469,25.418352127075195,60.55534362792969,64.0907211303711
2009-02-03,88.47000122070312,35.8466911315918,25.81591796875,61.40595245361328,62.56431579589844
2009-02-04,89.18000030517578,35.58476257324219,25.85049057006836,61.105342864990234,62.345367431640625
2009-02-05,90.12000274658203,35.99753952026367,26.420909881591797,62.01457977294922,62.40009307861328
2009-02-06,89.58999633789062,37.2755012512207,27.112335205078125,63.78184509277344,62.20547103881836
2009-02-09,88.31999969482422,37.10881423950195,27.22469139099121,63.86981964111328,62.40620422363281
2009-02-10,90.20999908447266,35.394264221191406,26.222129821777344,60.944000244140625,63.7623291015625
2009-02-11,92.29000091552734,35.52919387817383,26.101131439208984,61.30329132080078,64.58937072753906
2009-02-12,93.16999816894531,35.83082580566406,26.420909881591797,61.34731674194336,63.9812126159668
2009-02-13,92.55000305175781,35.457763671875,26.29991340637207,60.68734359741211,62.27846908569336
2009-02-17,95.44999694824219,34.05278778076172,25.25413703918457,58.09146499633789,64.21842956542969
2009-02-18,96.91000366210938,33.56858444213867,25.271425247192383,57.95214080810547,63.671085357666016
2009-02-19,95.7699966430664,33.10025405883789,24.882503509521484,57.32884979248047,62.588619232177734
2009-02-20,97.80000305175781,32.65574645996094,24.951637268066406,56.771549224853516,63.19674301147461
2009-02-23,97.7300033569336,31.401599884033203,24.078723907470703,54.740333557128906,63.78054428100586
2009-02-24,94.7300033569336,32.56049728393555,24.873859405517578,56.81553268432617,63.713687896728516
2009-02-25,93.1500015258789,31.885793685913086,24.70964813232422,56.368247985839844,62.97780990600586
2009-02-26,93.05999755859375,31.29046058654785,24.01822280883789,55.45164108276367,62.314918518066406
2009-02-27,92.62999725341797,31.07615089416504,23.793519973754883,54.212364196777344,61.9561767578125
2009-03-02,90.93000030517578,29.321895599365234,23.024301528930664,51.77048110961914,62.98188400268555
2009-03-03,90.04000091552734,28.766263961791992,23.00702476501465,51.381839752197266,62.561126708984375
2009-03-04,88.98999786376953,29.361587524414062,23.62065887451172,52.5991096496582,62.274505615234375
2009-03-05,91.98999786376953,27.797866821289062,22.91195297241211,50.45055389404297,64.0063705444336
2009-03-06,92.29000091552734,27.940746307373047,22.73044776916504,50.53854751586914,63.5794677734375
2009-03-09,90.56999969482422,27.297788619995117,22.246461868286133,49.94459915161133,63.2075309753418
2009-03-10,88.13999938964844,29.075822830200195,23.62065887451172,52.92176055908203,61.99401092529297
2009-03-11,89.22000122070312,29.115530014038086,23.98365592956543,53.26637649536133,62.66474151611328
2009-03-12,91.0999984741211,30.925331115722656,24.77878761291504,55.363624572753906,62.96353530883789
2009-03-13,91.30000305175781,31.250770568847656,24.839282989501953,55.7962646484375,62.646480560302734
2009-03-16,90.80000305175781,30.687198638916016,24.424436569213867,55.62760543823242,61.658599853515625
2009-03-17,90.04000091552734,32.108055114746094,25.349218368530273,57.32884979248047,61.32316589355469
2009-03-18,93.08999633789062,33.219322204589844,25.668994903564453,58.61211013793945,63.64656448364258
2009-03-19,94.3499984741211,32.870079040527344,25.651702880859375,57.88615417480469,63.725830078125
2009-03-20,93.58999633789062,31.734960556030273,25.261276245117188,56.65351486206055,63.37214279174805
2009-03-23,92.08000183105469,34.43378829956055,26.750286102294922,60.72285842895508,62.82331466674805
2009-03-24,90.94999694824219,33.096717834472656,26.2568359375,59.526466369628906,63.42099380493164
2009-03-25,91.9800033569336,34.0284538269043,26.378042221069336,60.154205322265625,62.56724548339844
2009-03-26,91.93000030517578,35.34244918823242,27.191797256469727,61.38020706176758,63.29289245605469
2009-03-27,90.69000244140625,34.15584945678711,26.68102264404297,60.27235794067383,63.76245880126953
2009-03-30,89.9800033569336,33.17633819580078,26.02309226989746,58.189666748046875,64.0063705444336
2009-03-31,90.27999877929688,33.486915588378906,26.248172760009766,58.728824615478516,64.46373748779297
2009-04-01,91.02999877929688,34.06827163696289,26.637741088867188,59.866188049316406,65.05210876464844
2009-04-02,88.80000305175781,35.77247619628906,27.494789123535156,61.61653518676758,64.25704956054688
2009-04-03,87.58999633789062,36.3378791809082,28.00555992126465,62.22953414916992,62.942195892333984
2009-04-06,85.2699966430664,35.71672439575195,27.936307907104492,61.74207305908203,62.6731071472168
2009-04-07,86.73999786376953,34.45050811767578,27.200450897216797,60.30191421508789,62.8321418762207
2009-04-08,86.61000061035156,35.08760452270508,27.65928077697754,60.95185852050781,63.38861083984375
2009-04-09,86.30999755859375,37.142208099365234,28.516328811645508,63.374267578125,62.593563079833984
2009-04-13,87.87999725341797,37.158145904541016,28.473047256469727,63.389060974121094,63.168418884277344
2009-04-14,87.37000274658203,36.08305358886719,28.12675666809082,62.29598617553711,63.498687744140625
2009-04-15,87.5,36.632545471191406,28.04884147644043,62.960670471191406,63.38861083984375
2009-04-16,85.80999755859375,37.69169235229492,28.776042938232422,63.883853912353516,62.88711166381836
2009-04-17,85.22000122070312,38.026180267333984,28.836637496948242,64.31218719482422,62.196075439453125
2009-04-20,86.94999694824219,36.0750846862793,27.910335540771484,61.61653518676758,63.13784408569336
2009-04-21,86.88999938964844,37.325374603271484,28.299898147583008,62.820316314697266,62.51408767700195
2009-04-22,87.37999725341797,37.31739807128906,28.386472702026367,62.436302185058594,62.13495635986328
2009-04-23,88.80000305175781,37.22980499267578,28.66350555419922,63.04927444458008,62.12880325317383
2009-04-24,89.72000122070312,37.92266082763672,29.165605545043945,64.00202941894531,61.504981994628906
2009-04-27,89.01000213623047,37.516510009765625,29.200237274169922,63.396427154541016,61.767982482910156
2009-04-28,87.75,37.57225036621094,28.98381233215332,63.197017669677734,60.758888244628906
2009-04-29,88.33000183105469,38.99772644042969,29.382030487060547,64.5411605834961,60.22071075439453
2009-04-30,87.2699966430664,38.639373779296875,29.676368713378906,64.56330871582031,59.98224639892578
2009-05-01,86.94999694824219,38.87827682495117,29.754291534423828,64.91039276123047,59.569419860839844
2009-05-04,88.63999938964844,40.295814514160156,30.342966079711914,67.11868286132812,59.76569747924805
2009-05-05,88.25,40.09670639038086,30.316997528076172,66.88973236083984,59.69205093383789
2009-05-06,89.54000091552734,40.20819091796875,30.325647354125977,68.04923248291016,59.55096435546875
2009-05-07,89.44000244140625,39.26053237915039,29.615772247314453,67.10389709472656,58.097171783447266
2009-05-08,89.9800033569336,40.62229919433594,29.633100509643555,68.66958618164062,58.238243103027344
2009-05-11,89.69000244140625,40.02503204345703,29.736961364746094,67.38455200195312,59.06633758544922
2009-05-12,90.69999694824219,39.459617614746094,29.373374938964844,67.18514251708984,59.28108596801758
2009-05-13,91.08999633789062,37.65188217163086,28.585575103759766,65.49385070800781,59.92517852783203
2009-05-14,91.02999877929688,38.1774787902832,28.90589141845703,66.05516815185547,60.15825271606445
2009-05-15,91.55000305175781,38.03413391113281,28.888574600219727,65.51600646972656,60.13985824584961
2009-05-18,90.36000061035156,39.308319091796875,29.64174461364746,67.37711334228516,59.207435607910156
2009-05-19,90.95999908447266,39.32422637939453,29.78025245666504,67.2958984375,58.89460754394531
2009-05-20,92.25,38.957908630371094,29.676368713378906,66.84542083740234,59.51416015625
2009-05-21,93.8499984741211,38.45621871948242,29.1309814453125,65.88529968261719,58.01739501953125
2009-05-22,94.1500015258789,38.05802536010742,29.03574562072754,65.7449951171875,57.373294830322266
2009-05-26,93.76000213623047,39.87372970581055,30.117877960205078,67.42884826660156,56.50839614868164
2009-05-27,93.44999694824219,39.10125732421875,29.910106658935547,66.22503662109375,55.508514404296875
2009-05-28,94.23999786376953,39.14903259277344,30.25640296936035,67.1482162475586,56.312095642089844
2009-05-29,96.19999694824219,39.953369140625,30.62864112854004,68.33727264404297,57.76594924926758
2009-06-01,95.7300033569336,41.51422882080078,31.503013610839844,69.99159240722656,56.0581169128418
2009-06-02,96.36000061035156,42.031856536865234,31.54627799987793,70.0506820678711,56.35968017578125
2009-06-03,94.41000366210938,41.75313186645508,31.45105743408203,69.1644058227539,56.888973236083984
2009-06-04,96.2300033569336,42.35040283203125,31.806013107299805,69.81433868408203,55.7134895324707
2009-06-05,93.70999908447266,42.36632537841797,31.840625762939453,69.8291244506836,55.288883209228516
2009-06-08,93.55999755859375,41.8646354675293,31.74540138244629,69.54109954833984,55.14733123779297
2009-06-09,93.83000183105469,42.05574035644531,31.98780059814453,69.89559936523438,55.14112854003906
2009-06-10,93.86000061035156,41.888511657714844,31.87526512145996,69.71832275390625,54.27341079711914
2009-06-11,93.69999694824219,41.904457092285156,31.87526512145996,70.02850341796875,54.87654495239258
2009-06-12,92.16999816894531,42.031856536865234,31.72808265686035,70.22056579589844,55.368873596191406
2009-06-15,91.0999984741211,40.90104293823242,31.078826904296875,68.61052703857422,55.86733627319336
2009-06-16,91.93000030517578,40.216148376464844,30.775806427001953,67.6799545288086,56.8397216796875
2009-06-17,92.3499984741211,40.43117904663086,31.07015609741211,67.61351776123047,56.51973342895508
2009-06-18,91.61000061035156,40.61434555053711,31.00956916809082,68.10834503173828,55.66426467895508
2009-06-19,91.9000015258789,40.861209869384766,31.342409133911133,68.35932159423828,56.4273796081543
2009-06-22,90.54000091552734,39.41183853149414,30.406282424926758,66.3094711303711,56.97508239746094
2009-06-23,90.91999816894531,39.093284606933594,30.336944580078125,66.36144256591797,57.64595413208008
2009-06-24,91.44999694824219,39.5153694152832,30.84832763671875,66.93335723876953,57.06739807128906
2009-06-25,92.30999755859375,40.65414810180664,31.455076217651367,68.38904571533203,58.11359405517578
2009-06-26,92.29000091552734,40.79750061035156,31.524423599243164,68.21077728271484,58.212059020996094
2009-06-29,92.04000091552734,40.79750061035156,31.59375762939453,68.84954833984375,58.29822540283203
2009-06-30,91.18000030517578,40.67805862426758,31.533096313476562,68.29248046875,58.19977569580078
2009-07-01,92.38999938964844,41.30715560913086,31.550426483154297,68.57475280761719,58.084320068359375
2009-07-02,91.25,39.885498046875,30.857013702392578,66.70307922363281,58.220149993896484
2009-07-06,90.76000213623047,39.53385925292969,30.692306518554688,66.69563293457031,58.109004974365234
2009-07-07,90.70999908447266,38.67877960205078,29.9295597076416,65.40335845947266,58.497989654541016
2009-07-08,89.2699966430664,38.41504669189453,30.0855712890625,65.3587646484375,59.57843017578125
2009-07-09,89.51000213623047,38.255218505859375,30.1375789642334,65.48503875732422,58.86838912963867
2009-07-10,89.58000183105469,38.43903350830078,30.267595291137695,65.32907104492188,59.41172409057617
2009-07-13,90.19000244140625,39.366024017333984,30.84832763671875,66.91850280761719,59.07835006713867
2009-07-14,90.80999755859375,39.5977897644043,30.961015701293945,67.2972640991211,58.09669876098633
2009-07-15,92.23999786376953,41.124176025390625,32.00114440917969,69.26547241210938,56.60258483886719
2009-07-16,91.9800033569336,41.63562774658203,32.38253402709961,69.154052734375,57.21382522583008
2009-07-17,91.93000030517578,41.475791931152344,32.555877685546875,69.9115982055664,56.33092498779297
2009-07-20,93.27999877929688,41.98725891113281,32.86791229248047,70.6543197631836,56.627296447753906
2009-07-21,93.12999725341797,41.91532516479492,33.093265533447266,70.98112487792969,57.75713348388672
2009-07-22,93.44000244140625,42.24298095703125,33.37063980102539,70.96627807617188,57.238468170166016
2009-07-23,93.26000213623047,43.57756042480469,34.10739517211914,72.53339385986328,56.188961029052734
2009-07-24,93.41000366210938,43.80131530761719,33.84736251831055,72.83049774169922,56.460594177246094
2009-07-27,93.70999908447266,44.02507781982422,34.10739517211914,73.04586791992188,55.81232452392578
2009-07-28,92.11000061035156,44.049041748046875,33.87335968017578,72.70421600341797,56.30622100830078
2009-07-29,91.19999694824219,43.825286865234375,34.09872055053711,72.5259780883789,56.614906311035156
2009-07-30,91.62000274658203,44.59247589111328,34.2980842590332,73.28350067138672,57.41753387451172
2009-07-31,93.3499984741211,44.40865707397461,34.19407653808594,73.38751983642578,58.53498077392578
2009-08-03,93.87000274658203,45.183837890625,34.7054557800293,74.59814453125,57.647918701171875
2009-08-04,94.68000030517578,45.63936996459961,34.7054557800293,74.7912368774414,57.18951416015625
2009-08-05,94.77999877929688,45.183837890625,34.43678283691406,74.57585144042969,56.33465576171875
2009-08-06,94.5999984741211,44.552520751953125,34.13340377807617,74.18965911865234,56.52669143676758
2009-08-07,93.75,45.62336730957031,34.566776275634766,75.16259765625,56.0558967590332
2009-08-10,92.93000030517578,45.70329666137695,34.3240852355957,75.00664520263672,56.7558708190918
2009-08-11,92.79000091552734,44.96806335449219,34.02936935424805,74.07080078125,57.41258239746094
2009-08-12,92.94999694824219,45.64735412597656,34.55812072753906,74.86551666259766,56.79930877685547
2009-08-13,93.72000122070312,46.022953033447266,34.74879455566406,75.4374008178711,57.604576110839844
2009-08-14,93.0,45.079959869384766,34.3500862121582,74.85807800292969,57.827598571777344
2009-08-17,91.61000061035156,43.80929946899414,33.35331344604492,73.01615905761719,58.68248748779297
2009-08-18,92.05999755859375,44.392704010009766,33.830039978027344,73.59549713134766,58.34170913696289
2009-08-19,92.52999877929688,44.93610763549805,34.06404113769531,74.24165344238281,58.824951171875
2009-08-20,92.2699966430664,45.423587799072266,34.462745666503906,75.00664520263672,59.308109283447266
2009-08-21,93.6500015258789,46.470481872558594,34.922142028808594,76.47721862792969,58.08778762817383
2009-08-24,92.33999633789062,46.45449447631836,34.88747024536133,76.46976470947266,59.140830993652344
2009-08-25,92.76000213623047,46.654273986816406,34.99149703979492,76.61832427978516,59.475364685058594
2009-08-26,92.79000091552734,46.7581787109375,34.93084716796875,76.62576293945312,59.7479248046875
2009-08-27,93.19000244140625,46.68623733520508,35.01750564575195,76.79658508300781,59.51252746582031
2009-08-28,93.87000274658203,46.39055633544922,35.052181243896484,76.7817153930664,59.785091400146484
2009-08-31,93.4000015258789,45.7112922668457,34.69679260253906,76.09841918945312,59.84080505371094
2009-09-01,93.9000015258789,44.6883659362793,34.04672622680664,74.41989135742188,59.6960334777832
2009-09-02,96.19000244140625,44.464622497558594,34.02069854736328,74.13765716552734,60.56608963012695
2009-09-03,97.45999908447266,44.960079193115234,34.24607467651367,74.75411987304688,60.19322967529297
2009-09-04,97.52999877929688,45.59140396118164,34.98283004760742,75.80132293701172,59.16786575317383
2009-09-08,97.43000030517578,46.09487533569336,35.31218338012695,76.45492553710938,58.751461029052734
2009-09-09,97.08000183105469,46.88602828979492,35.615570068359375,77.04167175292969,58.68309020996094
2009-09-10,97.69999694824219,47.46941375732422,35.95361328125,77.82893371582031,59.764469146728516
2009-09-11,98.77999877929688,47.48537826538086,35.988277435302734,77.81409454345703,60.09376907348633
2009-09-14,97.95999908447266,47.988861083984375,36.126956939697266,78.19284057617188,59.4971809387207
2009-09-15,98.9000015258789,48.380428314208984,36.239654541015625,78.5196533203125,59.192691802978516
2009-09-16,99.91000366210938,49.37937545776367,36.768367767333984,79.70801544189453,59.29832458496094
2009-09-17,99.33999633789062,49.27548599243164,36.759700775146484,79.58917999267578,60.04404830932617
2009-09-18,98.66999816894531,49.47526550292969,36.821292877197266,79.63992309570312,59.50965118408203
2009-09-21,98.36000061035156,49.33940505981445,36.93411636352539,79.43843078613281,59.64634704589844
2009-09-22,99.66999816894531,49.67984390258789,37.00349807739258,79.9011001586914,59.7706413269043
2009-09-23,98.83000183105469,49.207237243652344,36.82998275756836,79.23693084716797,59.95085906982422
2009-09-24,97.55000305175781,48.22196960449219,36.50028610229492,78.36381530761719,60.1248664855957
2009-09-25,97.0,47.92558670043945,36.17926788330078,77.9459457397461,60.8892822265625
2009-09-28,97.05000305175781,49.071067810058594,36.79526901245117,79.34146118164062,61.4236946105957
2009-09-29,97.43000030517578,48.85480499267578,36.63043975830078,79.10261535644531,61.36774444580078
2009-09-30,98.8499984741211,48.2540283203125,36.65646743774414,78.79666137695312,61.311824798583984
2009-10-01,97.88999938964844,46.81217956542969,35.571937561035156,76.84149932861328,62.151493072509766
2009-10-02,98.37000274658203,46.45970153808594,35.46784973144531,76.48329162597656,61.72142028808594
2009-10-05,99.81999969482422,47.29277038574219,35.754154205322266,77.6250228881836,61.72766876220703
2009-10-06,102.27999877929688,48.173919677734375,36.38750076293945,78.73694610595703,61.11672592163086
2009-10-07,102.36000061035156,48.18993377685547,36.49160385131836,78.95338439941406,61.833648681640625
2009-10-08,103.63999938964844,48.6304931640625,36.64777755737305,79.55780792236328,61.18523406982422
2009-10-09,102.83999633789062,49.19923400878906,36.855995178222656,80.04289245605469,59.78263854980469
2009-10-12,103.55999755859375,49.207237243652344,36.93411636352539,80.35629272460938,59.876136779785156
2009-10-13,104.26000213623047,48.998966217041016,36.94276809692383,80.19215393066406,60.18782043457031
2009-10-14,104.18000030517578,49.93619155883789,37.44598388671875,81.57268524169922,59.29640197753906
2009-10-15,102.86000061035156,49.904144287109375,37.359230041503906,81.87122344970703,59.022151947021484
2009-10-16,103.18000030517578,49.407501220703125,37.11629867553711,81.2593002319336,59.50215148925781
2009-10-19,104.2300033569336,49.816009521484375,37.489356994628906,81.93091583251953,59.96969223022461
2009-10-20,103.41999816894531,49.12714385986328,37.49805450439453,81.49807739257812,60.293800354003906
2009-10-21,103.75,48.46229934692383,37.428627014160156,80.76677703857422,59.93228530883789
2009-10-22,103.91999816894531,49.13515090942383,37.57612609863281,81.58761596679688,59.6392936706543
2009-10-23,103.48999786376953,48.10982894897461,37.419944763183594,80.65483856201172,59.190425872802734
2009-10-26,101.86000061035156,47.67728042602539,37.29848861694336,79.78168487548828,58.42367172241211
2009-10-27,101.8499984741211,47.09252166748047,36.73454284667969,79.41606140136719,59.22161102294922
2009-10-28,100.7300033569336,45.52250289916992,35.91032409667969,77.91607666015625,59.50215148925781
2009-10-29,102.69000244140625,46.38762664794922,36.51765441894531,79.58767700195312,58.853790283203125
2009-10-30,102.52999877929688,45.12198257446289,35.53725051879883,77.28175354003906,59.70785140991211
2009-11-02,103.94999694824219,45.033878326416016,35.68473815917969,77.84892272949219,59.443965911865234
2009-11-03,106.45999908447266,45.71474075317383,35.797515869140625,78.09516143798828,58.84980773925781
2009-11-04,107.0999984741211,45.05792236328125,35.8582649230957,78.29666137695312,58.31196212768555
2009-11-05,106.9800033569336,46.491764068603516,36.743221282958984,79.73690795898438,58.31196212768555
2009-11-06,107.43000030517578,46.5238037109375,36.960113525390625,79.94591522216797,58.3682975769043
2009-11-09,108.19000244140625,47.43696212768555,37.74964904785156,81.76673889160156,58.437103271484375
2009-11-10,108.38999938964844,47.14058303833008,37.8450813293457,81.7816390991211,58.33073806762695
2009-11-11,109.5999984741211,47.46901321411133,38.08799743652344,82.19956970214844,58.574607849121094
2009-11-12,108.20999908447266,46.59589385986328,37.87110137939453,81.3637924194336,58.46836853027344
2009-11-13,109.73999786376953,47.04444885253906,38.183448791503906,81.80401611328125,58.73725509643555
2009-11-16,111.62999725341797,48.286067962646484,38.57387924194336,82.99057006835938,59.425167083740234
2009-11-17,111.97000122070312,48.286067962646484,38.69533920288086,83.08760833740234,59.74415588378906
2009-11-18,112.25,48.18993377685547,38.47844314575195,83.03536224365234,59.393890380859375
2009-11-19,112.30000305175781,46.98839569091797,37.87980270385742,81.95330047607422,59.50017547607422
2009-11-20,112.94000244140625,46.93231964111328,37.68890380859375,81.6622543334961,59.48772048950195
2009-11-23,114.29000091552734,47.74937057495117,38.29623031616211,82.69955444335938,59.41267013549805
2009-11-24,114.7300033569336,47.53309631347656,38.16611099243164,82.826416015625,59.78793716430664
2009-11-25,116.62000274658203,47.525081634521484,38.33094787597656,83.1174545288086,60.0630989074707
2009-11-27,115.05999755859375,46.123287200927734,37.74964904785156,81.76673889160156,60.28824996948242
2009-11-30,115.63999938964844,46.531795501708984,37.79304504394531,82.04285430908203,60.43207550048828
2009-12-01,117.37999725341797,47.25271987915039,38.183448791503906,83.05774688720703,59.75886917114258
2009-12-02,119.18000030517578,47.813453674316406,38.23550033569336,83.02043151855469,59.8090934753418
2009-12-03,118.69999694824219,47.22869873046875,38.07932662963867,82.3711929321289,59.18791961669922
2009-12-04,113.75,48.39821243286133,38.27888870239258,82.84133911132812,58.560569763183594
2009-12-07,113.11000061035156,48.470298767089844,38.09668731689453,82.7144775390625,58.635868072509766
2009-12-08,110.94999694824219,48.09380340576172,37.86244201660156,81.79658508300781,58.72366714477539
2009-12-09,110.83999633789062,47.941619873046875,38.24418258666992,82.10253143310547,58.453922271728516
2009-12-10,110.81999969482422,47.74937057495117,38.43505859375,82.56523132324219,57.782615661621094
2009-12-11,109.31999969482422,48.19795608520508,38.287567138671875,82.91595458984375,57.776336669921875
2009-12-14,110.23999786376953,48.926876068115234,38.65195083618164,83.4831314086914,57.84531784057617
2009-12-15,110.20999908447266,48.79069519042969,38.43505859375,83.0950698852539,57.58808517456055
2009-12-16,111.58999633789062,49.103111267089844,38.487098693847656,83.22190856933594,57.51910400390625
2009-12-17,107.33999633789062,48.55841827392578,38.01861572265625,82.22193908691406,58.46645736694336
2009-12-18,108.94999694824219,49.00699234008789,38.63825225830078,82.6871109008789,58.21548843383789
2009-12-21,106.94999694824219,49.655818939208984,39.07278060913086,83.5274429321289,57.18027114868164
2009-12-22,106.16999816894531,50.12042236328125,39.30741500854492,83.82754516601562,56.86033630371094
2009-12-23,106.55000305175781,50.76625061035156,39.59419631958008,83.99258422851562,56.87283706665039
2009-12-24,108.36000061035156,50.95928192138672,39.95920181274414,84.39022064208984,56.283103942871094
2009-12-28,108.55000305175781,50.87883758544922,40.167781829833984,84.57028198242188,56.12629699707031
2009-12-29,107.47000122070312,50.8547248840332,40.00266647338867,84.45027160644531,56.49650192260742
2009-12-30,106.93000030517578,50.822566986083984,40.12432861328125,84.42022705078125,56.86798858642578
2009-12-31,107.30999755859375,50.21934509277344,39.75932312011719,83.60994720458984,56.597225189208984
2010-01-04,109.80000305175781,51.457942962646484,40.34159469604492,85.0279312133789,56.546875
2010-01-05,109.69999694824219,51.2809944152832,40.34159469604492,85.25302124023438,56.91205596923828
2010-01-06,111.51000213623047,51.23272705078125,40.09824752807617,85.31305694580078,56.15020751953125
2010-01-07,110.81999969482422,51.61075973510742,40.12432861328125,85.67317962646484,56.244686126708984
2010-01-08,111.37000274658203,51.89223861694336,40.454586029052734,85.95829010009766,56.219482421875
2010-01-11,112.8499984741211,51.683135986328125,40.28945541381836,86.07833099365234,55.91093826293945
2010-01-12,110.48999786376953,51.120147705078125,39.78538513183594,85.27555084228516,56.86798858642578
2010-01-13,111.54000091552734,51.77965545654297,40.28075408935547,85.99580383300781,56.20689010620117
2010-01-14,112.02999877929688,51.9726676940918,40.315513610839844,86.22837829589844,56.99391555786133
2010-01-15,110.86000061035156,51.21664810180664,39.84623336791992,85.26054382324219,57.34650802612305
2010-01-19,111.5199966430664,52.15765380859375,40.48932647705078,86.32594299316406,57.18280792236328
2010-01-20,108.94000244140625,51.40162658691406,39.907073974609375,85.44808959960938,57.762046813964844
2010-01-21,107.37000274658203,50.55714416503906,39.53337860107422,83.80500793457031,58.02653121948242
2010-01-22,107.16999816894531,49.6483039855957,38.37751770019531,81.93683624267578,57.92574691772461
2010-01-25,107.4800033569336,49.704586029052734,38.507896423339844,82.35699462890625,57.66133117675781
2010-01-26,107.55999755859375,49.213993072509766,38.54265213012695,82.0118637084961,57.680240631103516
2010-01-27,106.52999877929688,49.73677062988281,38.84681701660156,82.4020004272461,57.648746490478516
2010-01-28,106.4800033569336,48.88422775268555,37.84739685058594,81.45669555664062,57.61724090576172
2010-01-29,105.95999908447266,48.34535598754883,37.186912536621094,80.57135772705078,58.12093734741211
2010-02-01,108.3499984741211,48.916419982910156,37.59537124633789,81.82432556152344,57.593379974365234
2010-02-02,109.12999725341797,49.45526885986328,37.934295654296875,82.81465911865234,57.75764846801758
2010-02-03,108.69999694824219,49.12551498413086,38.142879486083984,82.4020004272461,57.08786392211914
2010-02-04,104.37000274658203,47.48478317260742,37.03919219970703,79.8586196899414,57.991432189941406
2010-02-05,104.68000030517578,47.66979217529297,37.35203170776367,80.023681640625,58.117801666259766
2010-02-08,104.04000091552734,47.195255279541016,37.08264923095703,79.4459228515625,58.193607330322266
2010-02-09,105.41000366210938,47.846717834472656,37.46502685546875,80.44380950927734,57.612327575683594
2010-02-10,105.12000274658203,47.95931625366211,37.386802673339844,80.2862319946289,57.062564849853516
2010-02-11,107.12999725341797,48.7233772277832,37.951698303222656,81.12654876708984,56.75300979614258
2010-02-12,107.04000091552734,49.0772590637207,38.0298957824707,81.05904388427734,56.98676300048828
2010-02-16,109.62000274658203,49.90568161010742,38.516578674316406,82.33451080322266,57.09416961669922
2010-02-17,109.25,50.24346923828125,38.73383712768555,82.7246322631836,56.44340133666992
2010-02-18,109.9800033569336,50.65364456176758,38.9771842956543,83.2123031616211,56.21591567993164
2010-02-19,109.47000122070312,50.71798324584961,38.95979309082031,83.38484954833984,56.519256591796875
2010-02-22,109.06999969482422,50.870811462402344,38.88155746459961,83.39986419677734,56.285377502441406
2010-02-23,107.88999938964844,50.2756462097168,38.37751770019531,82.38701629638672,57.1636848449707
2010-02-24,107.36000061035156,50.701904296875,38.76860046386719,83.1447982788086,57.30270767211914
2010-02-25,108.30999755859375,50.71798324584961,38.759910583496094,83.0322494506836,57.62493133544922
2010-02-26,109.43000030517578,50.508872985839844,38.898948669433594,83.08474731445312,57.921966552734375
2010-03-01,109.43000030517578,51.683135986328125,39.46384811401367,83.94757843017578,57.89651107788086
2010-03-02,111.0199966430664,52.07724380493164,39.58551025390625,84.18016052246094,57.82051086425781
2010-03-03,111.62999725341797,52.37481689453125,39.628971099853516,84.25517272949219,57.67473602294922
2010-03-04,110.83000183105469,52.51154327392578,39.75932312011719,84.51025390625,57.97896957397461
2010-03-05,110.80999755859375,53.58123779296875,40.35896682739258,85.71820831298828,57.21831130981445
2010-03-08,109.87999725341797,53.677738189697266,40.437191009521484,85.73321533203125,56.92042922973633
2010-03-09,109.72000122070312,53.87076950073242,40.663143157958984,85.87576293945312,56.93312454223633
2010-03-10,108.47000122070312,54.32924270629883,40.99336242675781,86.25840759277344,56.787315368652344
2010-03-11,108.5999984741211,54.49008560180664,41.14981460571289,86.61849975585938,56.996498107910156
2010-03-12,107.94999694824219,54.46596145629883,41.158512115478516,86.62602233886719,57.3514289855957
2010-03-15,108.36000061035156,54.28097152709961,41.05422592163086,86.64851379394531,57.27536392211914
2010-03-16,110.4000015258789,54.74745178222656,41.31492233276367,87.33877563476562,57.731781005859375
2010-03-17,109.58999633789062,55.06916809082031,41.427913665771484,87.8564682006836,57.97896957397461
2010-03-18,110.33999633789062,54.900272369384766,41.566959381103516,87.81145477294922,57.78880310058594
2010-03-19,108.27999877929688,54.216644287109375,41.315528869628906,87.36698150634766,57.84586715698242
2010-03-22,107.75,54.98069381713867,41.689632415771484,87.83404541015625,57.90921401977539
2010-03-23,108.31999969482422,55.68042755126953,41.97671890258789,88.45181274414062,57.63667678833008
2010-03-24,106.30000305175781,55.0450553894043,41.776615142822266,88.02237701416016,56.58449935913086
2010-03-25,106.77999877929688,54.6983528137207,41.715728759765625,87.8792724609375,56.22315979003906
2010-03-26,108.58999633789062,54.674171447753906,41.75922775268555,87.82650756835938,56.381629943847656
2010-03-29,108.75,54.972511291503906,41.95932388305664,88.38399505615234,56.166133880615234
2010-03-30,107.97000122070312,55.141815185546875,42.0985221862793,88.44425964355469,56.343624114990234
2010-03-31,108.94999694824219,54.666107177734375,41.898433685302734,88.1429443359375,56.730289459228516
2010-04-01,110.26000213623047,55.1740608215332,41.898433685302734,88.74563598632812,56.591575622558594
2010-04-05,110.88999938964844,56.20610809326172,42.2899169921875,89.46884155273438,55.649940490722656
2010-04-06,111.02999877929688,56.536705017089844,42.41170883178711,89.67979431152344,55.73905563354492
2010-04-07,112.48999786376953,56.35931396484375,42.307308197021484,89.1675033569336,56.451602935791016
2010-04-08,112.6500015258789,56.30287170410156,42.40301513671875,89.47637939453125,56.47704315185547
2010-04-09,113.63999938964844,56.64150619506836,42.655303955078125,90.06398010253906,56.610626220703125
2010-04-12,113.01000213623047,56.875335693359375,42.690101623535156,90.2071533203125,56.90966033935547
2010-04-13,112.69000244140625,57.00431442260742,42.90761947631836,90.27495574951172,57.09417724609375
2010-04-14,113.02999877929688,58.221832275390625,43.420902252197266,91.29946899414062,56.693359375
2010-04-15,113.6500015258789,58.39921188354492,43.61229705810547,91.3748550415039,56.75697708129883
2010-04-16,111.23999786376953,57.617103576660156,43.09029006958008,89.92084503173828,57.170528411865234
2010-04-19,111.1500015258789,57.334896087646484,43.06418991088867,90.25983428955078,57.030548095703125
2010-04-20,111.45999908447266,58.11701965332031,43.28169631958008,91.06593322753906,57.234169006347656
2010-04-21,112.30999755859375,58.52015686035156,43.52530288696289,90.9002456665039,57.7049674987793
2010-04-22,111.83999633789062,59.14098358154297,43.768898010253906,91.17144012451172,57.533172607421875
2010-04-23,113.19000244140625,59.769901275634766,43.95158767700195,91.76657104492188,57.32960891723633
2010-04-26,112.75,59.54413604736328,43.855892181396484,91.42001342773438,57.3931999206543
2010-04-27,114.62999725341797,58.18151092529297,42.92499923706055,89.25789642333984,58.20120620727539
2010-04-28,114.30999755859375,58.27826690673828,42.95111846923828,89.93592071533203,57.7049674987793
2010-04-29,114.27999877929688,59.51187515258789,43.69929885864258,91.05091857910156,57.94670486450195
2010-04-30,115.36000061035156,57.77031326293945,42.838008880615234,89.50653839111328,58.6147575378418
2010-05-03,115.7300033569336,59.06843566894531,43.43830871582031,90.66670989990234,58.538108825683594
2010-05-04,114.87000274658203,57.21398162841797,42.133304595947266,88.53469848632812,59.591548919677734
2010-05-05,115.08999633789062,56.37542724609375,41.91583251953125,88.00731658935547,59.942710876464844
2010-05-06,118.48999786376953,54.262977600097656,40.51515579223633,85.08430480957031,61.79417419433594
2010-05-07,118.2699966430664,52.69878387451172,39.5059700012207,83.81866455078125,61.021671295166016
2010-05-10,117.56999969482422,55.657814025878906,41.55912399291992,87.51009368896484,59.757530212402344
2010-05-11,120.66000366210938,56.02871322631836,41.51563262939453,87.2614974975586,59.604286193847656
2010-05-12,121.4000015258789,57.746124267578125,42.29859924316406,88.48191833496094,59.15106201171875
2010-05-13,120.55999755859375,57.18980026245117,41.62871551513672,87.38201141357422,59.54050827026367
2010-05-14,120.37000274658203,56.08515548706055,40.82833480834961,85.79998779296875,60.57472229003906
2010-05-17,119.36000061035156,56.18998718261719,40.958839416503906,85.84517669677734,60.35123825073242
2010-05-18,119.48999786376953,55.10956954956055,40.39335632324219,84.67745971679688,61.277034759521484
2010-05-19,116.62999725341797,54.45647430419922,40.071468353271484,84.19534301757812,61.481327056884766
2010-05-20,115.83999633789062,51.6989860534668,38.583770751953125,81.01615905761719,62.777339935302734
2010-05-21,115.22000122070312,52.464962005615234,39.010074615478516,82.19894409179688,62.84114456176758
2010-05-24,116.83999633789062,51.76347732543945,38.853485107421875,81.14424133300781,62.62412643432617
2010-05-25,117.36000061035156,51.75543975830078,38.88828659057617,81.22708129882812,62.930580139160156
2010-05-26,118.47000122070312,51.88444137573242,38.45327377319336,80.73741149902344,62.75181198120117
2010-05-27,118.69000244140625,54.10978698730469,39.906158447265625,83.44197082519531,61.32807922363281
2010-05-28,118.87999725341797,53.416378021240234,39.6712646484375,82.39479064941406,61.60898208618164
2010-06-01,119.91000366210938,51.79574203491211,39.305870056152344,81.00862884521484,62.04201126098633
2010-06-02,119.77999877929688,53.271236419677734,40.23677062988281,83.1180419921875,61.45271682739258
2010-06-03,117.95999908447266,53.956573486328125,40.61955261230469,83.40428924560547,61.00428771972656
2010-06-04,119.19000244140625,51.24746322631836,39.227569580078125,80.4737548828125,62.64418029785156
2010-06-07,121.48999786376953,49.9251594543457,38.51418685913086,79.47177124023438,63.124664306640625
2010-06-08,121.0,49.90096664428711,38.444580078125,80.32307434082031,62.81074905395508
2010-06-09,120.55999755859375,49.9332160949707,38.12269592285156,79.89366912841797,62.74028396606445
2010-06-10,118.97000122070312,51.658668518066406,39.21016311645508,82.22907257080078,61.619266510009766
2010-06-11,120.01000213623047,52.360137939453125,39.58427429199219,82.62833404541016,62.40077209472656
2010-06-14,119.5999984741211,52.690711975097656,39.575565338134766,82.50029754638672,62.08049774169922
2010-06-15,120.98999786376953,54.013023376464844,40.63694381713867,84.37612915039062,61.8242301940918
2010-06-16,120.33000183105469,53.76308822631836,40.80226516723633,84.34599304199219,62.176570892333984
2010-06-17,121.9000015258789,53.82759475708008,40.93273162841797,84.48159790039062,62.682621002197266
2010-06-18,122.83000183105469,53.85981369018555,40.966732025146484,84.57318878173828,62.58019256591797
2010-06-21,120.38999938964844,53.303489685058594,40.61808395385742,84.33097076416016,62.40077209472656
2010-06-22,121.44999694824219,52.206939697265625,40.30430603027344,82.93820190429688,63.143863677978516
2010-06-23,120.94999694824219,52.06181335449219,40.138694763183594,82.68086242675781,63.57307434082031
2010-06-24,121.30000305175781,51.2313346862793,39.528526306152344,81.31076049804688,63.19514465332031
2010-06-25,122.76000213623047,52.11018753051758,39.53640365600586,81.65139770507812,63.451416015625
2010-06-28,121.08999633789062,51.81185531616211,39.396663665771484,81.39402770996094,64.04710388183594
2010-06-29,121.2699966430664,49.85260009765625,37.87704849243164,78.8810043334961,64.74537658691406
2010-06-30,121.68000030517578,49.28013610839844,37.30064392089844,78.13164520263672,65.18101501464844
2010-07-01,117.04000091552734,48.92536163330078,37.19582748413086,77.78343200683594,65.28382873535156
2010-07-02,118.48999786376953,48.39065170288086,37.091026306152344,77.35955810546875,64.76335144042969
2010-07-06,116.51000213623047,47.75967788696289,37.20457458496094,77.86668395996094,65.29661560058594
2010-07-07,117.7300033569336,49.42609786987305,38.39230728149414,80.3192138671875,64.53201293945312
2010-07-08,117.20999908447266,50.13796615600586,38.60191345214844,81.11398315429688,64.1207275390625
2010-07-09,118.36000061035156,50.91455078125,38.96872329711914,81.71954345703125,63.75452423095703
2010-07-12,117.33999633789062,50.34019088745117,39.08226013183594,81.7724838256836,63.72883605957031
2010-07-13,118.36000061035156,51.933799743652344,39.58880615234375,83.0063247680664,63.18263626098633
2010-07-14,118.30000305175781,51.747745513916016,39.7896728515625,82.99876403808594,63.81875228881836
2010-07-15,118.2300033569336,51.270477294921875,39.82461166381836,83.02147674560547,64.45490264892578
2010-07-16,116.66999816894531,49.40184020996094,38.72418975830078,80.73548889160156,64.7697525024414
2010-07-19,115.7300033569336,49.612152099609375,39.056068420410156,81.2123794555664,64.3713607788086
2010-07-20,116.6500015258789,50.44536209106445,39.527687072753906,82.1131591796875,64.46774291992188
2010-07-21,115.8499984741211,49.539337158203125,38.98619842529297,81.04584503173828,65.56007385253906
2010-07-22,116.86000061035156,51.302833557128906,39.97309494018555,82.85494995117188,64.80187225341797
2010-07-23,116.08999633789062,52.564781188964844,40.226348876953125,83.57402801513672,64.11437225341797
2010-07-26,115.5199966430664,53.761993408203125,40.558223724365234,84.44448852539062,64.00513458251953
2010-07-27,113.51000213623047,53.567848205566406,40.54075622558594,84.43695831298828,63.388282775878906
2010-07-28,113.77999877929688,52.702308654785156,40.21761703491211,83.89197540283203,63.59389114379883
2010-07-29,114.29000091552734,52.564781188964844,39.92068099975586,83.48320007324219,63.5745735168457
2010-07-30,115.48999786376953,52.597129821777344,40.00801467895508,83.46807098388672,64.56411743164062
2010-08-02,115.54000091552734,53.51121520996094,40.759098052978516,85.35284423828125,63.65778732299805
2010-08-03,115.98999786376953,53.08250045776367,40.58441925048828,84.94412231445312,64.02520751953125
2010-08-04,116.72000122070312,53.640663146972656,40.994903564453125,85.51181030273438,63.535308837890625
2010-08-05,116.9800033569336,53.00968551635742,40.898826599121094,85.42096710205078,63.83180236816406
2010-08-06,117.83999633789062,52.69420623779297,40.83769607543945,85.07279205322266,64.52803039550781
2010-08-09,117.4000015258789,53.27663803100586,41.117149353027344,85.52696228027344,64.28947448730469
2010-08-10,117.7300033569336,52.27354431152344,40.759098052978516,85.0652084350586,64.42487335205078
2010-08-11,117.33999633789062,50.21885681152344,39.64993667602539,82.73382568359375,65.2886734008789
2010-08-12,118.7699966430664,49.96806716918945,39.33553695678711,82.22669219970703,65.12754821777344
2010-08-13,118.73999786376953,49.40184020996094,39.056068420410156,81.98448944091797,65.93975830078125
2010-08-16,119.7300033569336,49.79819869995117,39.12593078613281,81.94662475585938,67.59003448486328
2010-08-17,119.75,50.65569305419922,39.62374496459961,82.95335388183594,67.20323944091797
2010-08-18,120.22000122070312,50.80938720703125,39.780941009521484,83.10475158691406,67.3837661743164
2010-08-19,120.38999938964844,49.41801071166992,39.178340911865234,81.65898132324219,68.43453216552734
2010-08-20,119.97000122070312,49.466556549072266,39.23072814941406,81.39402770996094,68.357177734375
2010-08-23,119.77999877929688,48.795108795166016,38.84646987915039,81.08369445800781,68.37008666992188
2010-08-24,120.36000061035156,48.23695755004883,38.12158966064453,79.88013458251953,69.4659652709961
2010-08-25,121.36000061035156,48.965003967285156,38.488399505615234,80.19052124023438,69.24032592773438
2010-08-26,120.95999908447266,48.600990295410156,38.02552795410156,79.65308380126953,69.8913803100586
2010-08-27,121.01000213623047,49.87101364135742,38.488399505615234,80.88687896728516,67.9123764038086
2010-08-30,120.91000366210938,48.77894973754883,38.086647033691406,79.71363830566406,69.21456146240234
2010-08-31,122.08000183105469,48.68186569213867,37.95563888549805,79.71363830566406,69.98162078857422
2010-09-01,121.69000244140625,50.566707611083984,39.09101104736328,82.0980224609375,68.53466033935547
2010-09-02,122.29000091552734,51.12485122680664,39.527687072753906,82.86251068115234,67.8105239868164
2010-09-03,121.86000061035156,52.038963317871094,40.182682037353516,83.93739318847656,66.97003173828125
2010-09-07,122.69999694824219,51.05205535888672,39.91196060180664,82.99120330810547,68.3406753540039
2010-09-08,122.70999908447266,51.35136413574219,40.392295837402344,83.57402801513672,67.79756927490234
2010-09-09,121.55999755859375,51.383731842041016,40.54948425292969,83.96009063720703,66.459228515625
2010-09-10,121.7300033569336,51.545509338378906,40.69795227050781,84.38396453857422,66.15532684326172
2010-09-13,121.62000274658203,52.79936599731445,41.265628814697266,85.32257080078125,66.47860717773438
2010-09-14,124.0199966430664,52.57286834716797,41.440303802490234,85.26959228515625,67.11868286132812
2010-09-15,123.94000244140625,52.872161865234375,41.70232009887695,85.59507751464844,66.123046875
2010-09-16,124.62999725341797,52.53242492675781,41.868228912353516,85.57234191894531,65.4699935913086
2010-09-17,124.54000091552734,52.75083541870117,42.01004409790039,85.60431671142578,65.73507690429688
2010-09-20,124.87000274658203,54.21501159667969,42.7453727722168,86.91323852539062,66.11650848388672
2010-09-21,126.01000213623047,53.8995246887207,42.736629486083984,86.73820495605469,67.03465270996094
2010-09-22,126.19999694824219,53.26045227050781,42.62281799316406,86.31204986572266,67.63599395751953
2010-09-23,126.30000305175781,52.615718841552734,42.60531997680664,85.61192321777344,67.82994842529297
2010-09-24,126.69000244140625,54.32688522338867,43.47195816040039,87.37744903564453,66.91825866699219
2010-09-27,126.72000122070312,54.18903732299805,43.23561096191406,86.95887756347656,68.08209228515625
2010-09-28,127.8499984741211,54.72426223754883,43.21810531616211,87.26329803466797,68.54763793945312
2010-09-29,127.94999694824219,54.878326416015625,43.1480598449707,87.11106872558594,68.2630844116211
2010-09-30,127.91000366210938,54.740474700927734,42.95547103881836,86.85236358642578,68.21784973144531
2010-10-01,128.91000366210938,55.03242874145508,42.902950286865234,87.21763610839844,67.8882064819336
2010-10-04,128.4600067138672,54.28632354736328,42.43900680541992,86.56316375732422,68.06342315673828
2010-10-05,130.99000549316406,55.8271598815918,43.47195816040039,88.30587005615234,67.65453338623047
2010-10-06,131.80999755859375,55.640663146972656,43.09553909301758,88.29827117919922,68.50467681884766
2010-10-07,130.3699951171875,55.478477478027344,43.25310516357422,88.19169616699219,67.93360137939453
2010-10-08,131.66000366210938,56.183998107910156,43.55074691772461,88.68634796142578,67.63510131835938
2010-10-11,132.2899932861328,56.232662200927734,43.56825637817383,88.77007293701172,67.64803314208984
2010-10-12,131.9600067138672,56.3786506652832,43.86589050292969,89.0440444946289,66.9796142578125
2010-10-13,134.07000732421875,57.23826217651367,44.224788665771484,89.73651885986328,66.87581634521484
2010-10-14,134.75,57.19772720336914,44.13725280761719,89.38644409179688,65.87637329101562
2010-10-15,133.67999267578125,57.00309753417969,45.07392120361328,89.56912231445312,65.07164001464844
2010-10-18,134.27999877929688,57.481563568115234,44.90761184692383,90.01051330566406,65.59735107421875
2010-10-19,130.11000061035156,56.36241912841797,44.4874153137207,88.83094024658203,65.99317169189453
2010-10-20,131.32000732421875,56.938201904296875,44.811309814453125,89.6985092163086,66.13599395751953
2010-10-21,129.47000122070312,56.66250228881836,44.89883804321289,89.89632415771484,65.35076904296875
2010-10-22,129.72999572753906,57.02740478515625,45.205223083496094,90.06375122070312,65.79199981689453
2010-10-25,130.85000610351562,57.36801528930664,45.42409896850586,90.33013153076172,65.98021697998047
2010-10-26,130.8800048828125,57.32745361328125,45.546634674072266,90.34532928466797,64.96133422851562
2010-10-27,129.52000427246094,57.1815071105957,45.68669509887695,90.08657836914062,64.39030456542969
2010-10-28,131.24000549316406,56.832786560058594,45.78299331665039,90.10181427001953,64.56546783447266
2010-10-29,132.6199951171875,57.01121139526367,45.67793273925781,90.17028045654297,65.16895294189453
2010-11-01,131.9199981689453,56.62196350097656,45.712947845458984,90.20074462890625,64.88838958740234
2010-11-02,132.49000549316406,57.797855377197266,46.20317459106445,90.91606140136719,65.74130249023438
2010-11-03,131.57000732421875,58.0249137878418,46.41327667236328,91.2813491821289,64.40011596679688
2010-11-04,136.02999877929688,59.49276351928711,46.982276916503906,93.03923797607422,64.90143585205078
2010-11-05,136.3800048828125,59.82524490356445,46.982276916503906,93.38929748535156,63.78816604614258
2010-11-08,137.77999877929688,59.77659606933594,47.043556213378906,93.21421813964844,64.07463836669922
2010-11-09,135.58999633789062,58.981868743896484,46.78969192504883,92.54460144042969,62.661865234375
2010-11-10,137.24000549316406,59.63874816894531,47.026058197021484,92.91746520996094,62.746559143066406
2010-11-11,137.66000366210938,59.4035530090332,46.72842025756836,92.56745910644531,62.713932037353516
2010-11-12,133.69000244140625,58.41417694091797,45.96683120727539,91.47160339355469,62.37541198730469
2010-11-15,132.4199981689453,58.42228698730469,45.79176330566406,91.34225463867188,61.07337188720703
2010-11-16,130.97000122070312,57.28694152832031,45.03891372680664,89.9191665649414,62.590248107910156
2010-11-17,130.3800048828125,57.4410285949707,45.17021942138672,89.9648208618164,62.245216369628906
2010-11-18,132.08999633789062,58.560150146484375,45.89677810668945,91.28895568847656,62.499176025390625
2010-11-19,132.1999969482422,58.75477600097656,45.93180847167969,91.54007720947266,62.8831901550293
2010-11-22,133.47999572753906,59.03861999511719,46.31698226928711,91.4640121459961,63.15019607543945
2010-11-23,134.41000366210938,58.47903823852539,45.58165740966797,90.13986206054688,63.46267318725586
2010-11-24,134.17999267578125,59.792823791503906,46.50082015991211,91.47160339355469,62.329856872558594
2010-11-26,133.11000061035156,59.37922668457031,46.19442367553711,90.40621185302734,63.195804595947266
2010-11-29,133.50999450683594,59.46842956542969,46.15940475463867,90.68017578125,63.736106872558594
2010-11-30,135.4199981689453,58.998077392578125,45.59917068481445,90.17028045654297,64.0681381225586
2010-12-01,135.3800048828125,60.31993865966797,46.56209182739258,92.08797454833984,62.64392852783203
2010-12-02,135.1999969482422,60.92816925048828,47.03479766845703,93.2675552368164,62.4805908203125
2010-12-03,138.07000732421875,61.366111755371094,47.1573371887207,93.51866149902344,61.99065399169922
2010-12-06,139.11000061035156,61.74726104736328,47.139835357666016,93.41973114013672,62.86603546142578
2010-12-07,136.5,62.104087829589844,47.16611099243164,93.4730453491211,61.52031707763672
2010-12-08,134.7899932861328,62.06355667114258,47.34119415283203,93.81546020507812,60.92576217651367
2010-12-09,135.3699951171875,62.2744026184082,47.38496017456055,94.18074035644531,61.22633743286133
2010-12-10,135.41000366210938,63.05290985107422,47.70009231567383,94.7286605834961,60.85392761230469
2010-12-13,136.0500030517578,62.72854995727539,47.53378677368164,94.78953552246094,61.08256149291992
2010-12-14,136.17999267578125,62.69609832763672,47.621307373046875,94.8732681274414,60.19405746459961
2010-12-15,134.6999969482422,62.501468658447266,47.41120529174805,94.43946838378906,59.41012954711914
2010-12-16,133.80999755859375,63.07725524902344,47.778873443603516,94.98738861083984,59.821720123291016
2010-12-17,134.1999969482422,63.27188491821289,47.82099151611328,95.08914184570312,60.91273498535156
2010-12-20,135.11000061035156,63.52330780029297,47.8560791015625,95.31864929199219,60.84740447998047
2010-12-21,135.32000732421875,64.22880554199219,48.14552688598633,95.92298889160156,61.27202606201172
2010-12-22,135.0500030517578,64.21011352539062,48.13675308227539,96.2213363647461,60.83429718017578
2010-12-23,134.66000366210938,64.1286392211914,48.01395034790039,96.0836410522461,60.7102165222168
2010-12-27,135.02000427246094,64.32414245605469,48.040279388427734,96.12189483642578,61.252418518066406
2010-12-28,137.22000122070312,64.1449203491211,47.95255661010742,96.25959014892578,60.052825927734375
2010-12-29,137.7100067138672,64.28341674804688,48.05781936645508,96.32842254638672,61.06889343261719
2010-12-30,137.02999877929688,64.16124725341797,47.94377517700195,96.17546081542969,61.02299499511719
2010-12-31,138.72000122070312,63.73762130737305,47.76836013793945,96.19841766357422,61.6982307434082
2011-01-03,138.0,64.84552764892578,48.513916015625,97.19288635253906,61.232765197753906
2011-01-04,134.75,63.88426208496094,48.47883224487305,97.13934326171875,61.30482482910156
2011-01-05,134.3699951171875,64.6336898803711,48.89108657836914,97.64424133300781,59.954490661621094
2011-01-06,133.8300018310547,64.33228302001953,49.04897689819336,97.45301818847656,60.21671676635742
2011-01-07,133.5800018310547,63.965702056884766,49.00511169433594,97.26171112060547,60.537872314453125
2011-01-10,134.1199951171875,64.33228302001953,49.189292907714844,97.13934326171875,60.865665435791016
2011-01-11,134.91000366210938,64.59298706054688,49.25947952270508,97.48356628417969,60.52477264404297
2011-01-12,135.4600067138672,65.1469497680664,49.61032485961914,98.36331939697266,60.052825927734375
2011-01-13,134.0500030517578,65.12248992919922,49.62788391113281,98.20269012451172,60.590328216552734
2011-01-14,132.69000244140625,65.61127471923828,49.99626541137695,98.91412353515625,60.20359420776367
2011-01-18,133.42999267578125,65.66018676757812,50.13661193847656,99.08245086669922,59.92171096801758
2011-01-19,133.72000122070312,63.97385787963867,49.566463470458984,98.11089324951172,60.35438919067383
2011-01-20,131.1999969482422,63.30585479736328,49.21562194824219,97.98082733154297,59.52186965942383
2011-01-21,131.02999877929688,62.882232666015625,48.83846664428711,98.20269012451172,59.99382781982422
2011-01-24,130.36000061035156,63.34656524658203,49.51383972167969,98.7611083984375,60.02006912231445
2011-01-25,130.10000610351562,63.444339752197266,49.58402633666992,98.81468200683594,60.590328216552734
2011-01-26,131.16000366210938,64.45450592041016,49.847145080566406,99.19718170166016,59.672607421875
2011-01-27,127.93000030517578,64.64187622070312,50.15414047241211,99.44198608398438,59.941368103027344
2011-01-28,130.27999877929688,63.061439514160156,48.8823127746582,97.70543670654297,60.256046295166016
2011-01-31,129.8699951171875,63.50136184692383,49.119136810302734,98.43981170654297,59.79719161987305
2011-02-01,130.8000030517578,64.96772766113281,50.04011535644531,100.01573181152344,59.50114059448242
2011-02-02,130.4499969482422,64.72331237792969,49.96117401123047,99.82447052001953,59.51430130004883
2011-02-03,132.1999969482422,64.95142364501953,50.048912048339844,100.04630279541016,59.02090835571289
2011-02-04,131.66000366210938,65.06548309326172,50.3295783996582,100.32938385009766,58.42230224609375
2011-02-07,131.67999267578125,65.70903015136719,50.56639862060547,100.9566879272461,58.72491455078125
2011-02-08,133.13999938964844,66.17340850830078,50.89970397949219,101.41565704345703,58.18547821044922
2011-02-09,133.07000732421875,65.88011169433594,50.81198501586914,101.18618774414062,58.691951751708984
2011-02-10,132.85000610351562,66.14080810546875,50.89092254638672,101.22444152832031,58.014442443847656
2011-02-11,132.32000732421875,66.8576889038086,51.25931930541992,101.82878875732422,58.849891662597656
2011-02-14,132.9499969482422,67.19984436035156,51.38210678100586,102.07354736328125,58.88935852050781
2011-02-15,133.97000122070312,66.81697082519531,51.31196212768555,101.75224304199219,59.15248489379883
2011-02-16,134.10000610351562,67.3546371459961,51.645263671875,102.3948745727539,58.961727142333984
2011-02-17,135.0399932861328,67.8271255493164,51.627723693847656,102.70085144042969,59.05379867553711
2011-02-18,135.41000366210938,67.90045166015625,51.513694763183594,102.91505432128906,58.869632720947266
2011-02-22,136.2899932861328,66.15709686279297,50.02257537841797,100.84954833984375,59.75112533569336
2011-02-23,137.50999450683594,65.0166015625,49.61032485961914,100.22992706298828,59.968204498291016
2011-02-24,136.47999572753906,65.43208312988281,49.87346267700195,100.16106414794922,60.34976577758789
2011-02-25,137.3800048828125,66.94727325439453,50.56639862060547,101.23208618164062,60.70497131347656
2011-02-28,137.66000366210938,67.02059936523438,50.67164611816406,101.85932922363281,60.783966064453125
2011-03-01,140.02999877929688,65.67643737792969,49.85593032836914,100.16106414794922,60.960113525390625
2011-03-02,139.9199981689453,65.95345306396484,50.119056701660156,100.37527465820312,60.022987365722656
2011-03-03,138.08999633789062,67.45236206054688,51.11022186279297,102.10417938232422,59.435646057128906
2011-03-04,139.35000610351562,67.15908813476562,50.84709930419922,101.33919525146484,59.93058395385742
2011-03-07,139.72000122070312,66.059326171875,50.16292190551758,100.5435562133789,59.54782485961914
2011-03-08,139.36000061035156,67.13468170166016,50.364654541015625,101.4233169555664,59.18484115600586
2011-03-09,139.41000366210938,66.86582946777344,50.02257537841797,101.2779769897461,59.759029388427734
2011-03-10,137.77000427246094,65.1469497680664,49.24193572998047,99.40373992919922,60.76215744018555
2011-03-11,138.22000122070312,65.31802368164062,49.5489387512207,100.09220123291016,60.41897964477539
2011-03-14,138.86000061035156,64.96772766113281,49.373497009277344,99.48789978027344,60.3925666809082
2011-03-15,136.27000427246094,64.38931274414062,48.67178726196289,98.34806060791016,61.296730041503906
2011-03-16,136.24000549316406,63.74573516845703,47.49644470214844,96.52734375,61.9896354675293
2011-03-17,136.97000122070312,63.88426208496094,47.935028076171875,97.80486297607422,61.514488220214844
2011-03-18,138.3699951171875,64.7314453125,47.82698440551758,98.16061401367188,61.6794319152832
2011-03-21,139.13999938964844,66.23040008544922,48.74925231933594,99.68190002441406,61.31646728515625
2011-03-22,139.0500030517578,65.88011169433594,48.661434173583984,99.33615112304688,61.52109146118164
2011-03-23,140.33999633789062,66.08374786376953,48.9337158203125,99.62042999267578,61.441871643066406
2011-03-24,139.22000122070312,66.54010009765625,49.803287506103516,100.5730972290039,60.979957580566406
2011-03-25,139.25999450683594,67.11970520019531,49.926273345947266,100.8804702758789,60.82809066772461
2011-03-28,138.5399932861328,66.9727554321289,49.653987884521484,100.63460540771484,60.9139518737793
2011-03-29,138.2100067138672,67.6013412475586,50.1370735168457,101.31070709228516,60.44532775878906
2011-03-30,138.6699981689453,68.474853515625,50.37424850463867,102.00994110107422,60.9271354675293
2011-03-31,139.86000061035156,68.71158599853516,50.44450378417969,101.87158203125,60.8017463684082
2011-04-01,139.1999969482422,69.01365661621094,50.47084045410156,102.30184173583984,61.09733581542969
2011-04-04,139.83999633789062,69.16873168945312,50.30397033691406,102.38638305664062,61.16360855102539
2011-04-05,142.0500030517578,69.54423522949219,50.17219543457031,102.37100982666016,60.91841125488281
2011-04-06,142.3800048828125,69.6993408203125,50.29517364501953,102.6937255859375,60.00380325317383
2011-04-07,142.50999450683594,69.28302764892578,50.26004409790039,102.4324722290039,59.8845329284668
2011-04-08,143.66000366210938,68.55648803710938,50.022891998291016,102.07904815673828,59.5664176940918
2011-04-11,142.63999938964844,67.9442367553711,49.85600662231445,101.77171325683594,59.61943435668945
2011-04-12,141.61000061035156,67.05441284179688,49.51344680786133,101.01106262207031,60.26228332519531
2011-04-13,141.89999389648438,67.14420318603516,49.93505096435547,101.00341796875,60.640037536621094
2011-04-14,143.80999755859375,67.45441436767578,49.847225189208984,101.08024597167969,60.59366226196289
2011-04-15,145.0500030517578,68.17279052734375,49.7593879699707,101.44902801513672,61.41541290283203
2011-04-18,145.92999267578125,67.04624938964844,49.40805435180664,100.31192016601562,61.55461502075195
2011-04-19,145.92999267578125,67.06258392333984,49.71546936035156,100.88812255859375,61.81972122192383
2011-04-20,146.5,68.43402862548828,50.83978271484375,102.26345825195312,61.422019958496094
2011-04-21,146.74000549316406,68.94014739990234,51.243812561035156,102.78587341308594,61.36907958984375
2011-04-25,146.8699951171875,68.85033416748047,51.37556076049805,102.6783447265625,61.60098648071289
2011-04-26,146.3800048828125,69.53608703613281,51.665428161621094,103.56189727783203,62.197444915771484
2011-04-27,149.1999969482422,69.9524154663086,52.01679229736328,104.238037109375,61.56123352050781
2011-04-28,149.82000732421875,70.27078247070312,51.93773651123047,104.57605743408203,62.031776428222656
2011-04-29,152.3699951171875,70.52386474609375,51.893798828125,104.82194519042969,62.22396469116211
2011-05-02,150.41000366210938,69.6993408203125,51.797183990478516,104.66062927246094,62.32381057739258
2011-05-03,149.8800048828125,68.81766510009766,51.55125045776367,104.28411102294922,62.67654037475586
2011-05-04,147.72999572753906,67.92786407470703,51.472190856933594,103.5926742553711,62.956058502197266
2011-05-05,143.47000122070312,67.6176986694336,51.19111251831055,102.6552734375,63.555076599121094
2011-05-06,145.3000030517578,67.97687530517578,51.358009338378906,103.10860443115234,63.27555465698242
2011-05-09,147.3800048828125,68.76873016357422,51.55125045776367,103.50810241699219,63.208984375
2011-05-10,147.89999389648438,69.82183074951172,51.99043273925781,104.39169311523438,62.7564811706543
2011-05-11,146.5399932861328,68.5320053100586,51.612728118896484,103.2929916381836,63.11582946777344
2011-05-12,146.58999633789062,69.13607025146484,51.92015075683594,103.7847671508789,62.71650314331055
2011-05-13,145.6300048828125,68.17279052734375,51.30532455444336,102.98565673828125,63.2822265625
2011-05-16,145.3699951171875,67.17688751220703,50.41815185546875,102.3326187133789,63.63496398925781
2011-05-17,144.74000549316406,66.96461486816406,50.5587043762207,102.31722259521484,64.28722381591797
2011-05-18,145.60000610351562,67.9931869506836,50.98030471801758,103.23153686523438,63.4352912902832
2011-05-19,145.64999389648438,68.14016723632812,51.12963104248047,103.47738647460938,63.40868377685547
2011-05-20,147.49000549316406,67.64218139648438,50.743141174316406,102.6552734375,63.44194793701172
2011-05-23,147.8300018310547,66.42584228515625,49.99654769897461,101.46437072753906,63.748130798339844
2011-05-24,148.58999633789062,66.10746002197266,49.689117431640625,101.37986755371094,63.987693786621094
2011-05-25,148.5800018310547,66.94011688232422,49.88236618041992,101.71796417236328,63.6882209777832
2011-05-26,148.22000122070312,67.82176208496094,50.18978500366211,102.18659210205078,64.23392486572266
2011-05-27,149.6999969482422,68.28707122802734,50.44450378417969,102.57846069335938,64.20738220214844
2011-05-31,149.63999938964844,69.25853729248047,51.261390686035156,103.64639282226562,64.3537826538086
2011-06-01,149.91000366210938,67.02992248535156,50.14584732055664,101.3183822631836,65.22349548339844
2011-06-02,149.5,67.00543975830078,50.251258850097656,101.21084594726562,63.9810676574707
2011-06-03,150.22000122070312,66.02582550048828,49.49587631225586,100.204345703125,64.34841918945312
2011-06-06,150.47999572753906,64.94009399414062,49.091827392578125,99.1440658569336,63.86082458496094
2011-06-07,150.4199981689453,65.09517669677734,49.00399398803711,99.08262634277344,64.1546859741211
2011-06-08,149.80999755859375,64.36863708496094,48.65264129638672,98.66770935058594,64.65569305419922
2011-06-09,150.55999755859375,64.71147918701172,48.74047088623047,99.420654296875,64.39520263671875
2011-06-10,149.24000549316406,63.67475128173828,47.99386215209961,98.0376968383789,64.8895492553711
2011-06-13,147.77000427246094,63.49515914916992,47.99386215209961,98.11450958251953,64.56217956542969
2011-06-14,148.6699981689453,64.8584213256836,48.60871887207031,99.35921478271484,63.58692932128906
2011-06-15,149.1199951171875,63.69922637939453,47.68642807006836,97.59202575683594,64.74254608154297
2011-06-16,148.97000122070312,63.84619140625,47.50197982788086,97.80720520019531,65.03646850585938
2011-06-17,149.94000244140625,63.86249923706055,47.353206634521484,98.09906005859375,64.72925567626953
2011-06-20,150.02999877929688,64.45027923583984,47.59969711303711,98.6009292602539,64.80939483642578
2011-06-21,150.75999450683594,65.84620666503906,48.62089920043945,99.9521484375,64.52210235595703
2011-06-22,150.99000549316406,65.3401107788086,48.268760681152344,99.34991455078125,64.56217956542969
2011-06-23,148.33999633789062,65.5931396484375,48.71772384643555,99.06419372558594,65.05647277832031
2011-06-24,146.25999450683594,65.2584457397461,47.872589111328125,97.91376495361328,64.78263092041016
2011-06-27,145.72999572753906,65.76457977294922,48.63849639892578,98.78623962402344,63.894187927246094
2011-06-28,146.24000549316406,66.78500366210938,49.360374450683594,100.07571411132812,63.37983322143555
2011-06-29,147.17999267578125,67.10338592529297,49.56283950805664,100.93278503417969,62.95896530151367
2011-06-30,146.0,67.59317016601562,50.223106384277344,101.8979263305664,62.85883331298828
2011-07-01,144.92999267578125,68.64628601074219,50.98017883300781,103.4035873413086,62.75825500488281
2011-07-05,147.6300048828125,68.81168365478516,51.2354736328125,103.31867980957031,62.89902114868164
2011-07-06,148.91000366210938,69.09004974365234,51.40275573730469,103.44218444824219,63.220767974853516
2011-07-07,149.14999389648438,70.1299057006836,52.10701370239258,104.51542663574219,63.03304672241211
2011-07-08,150.25,69.70413970947266,51.96615219116211,103.7741928100586,63.92453384399414
2011-07-11,151.58999633789062,68.2221450805664,51.02420425415039,101.8979263305664,64.88301086425781
2011-07-12,152.77000427246094,67.83729553222656,50.63684844970703,101.45783233642578,65.10417938232422
2011-07-13,154.13999938964844,68.44320678710938,50.8481330871582,101.79753875732422,65.28520202636719
2011-07-14,154.5399932861328,67.35421752929688,50.258304595947266,101.09488677978516,64.35352325439453
2011-07-15,155.1999969482422,67.80455780029297,50.9273681640625,101.68174743652344,64.46076965332031
2011-07-18,156.57000732421875,66.71556091308594,50.65446853637695,100.84783172607422,63.83746337890625
2011-07-19,154.66000366210938,68.2221450805664,51.80769348144531,102.4847640991211,65.16455841064453
2011-07-20,156.02000427246094,68.10748291015625,51.58761978149414,102.42298126220703,64.39373779296875
2011-07-21,154.8300018310547,68.72978210449219,51.93095397949219,103.84369659423828,63.89775466918945
2011-07-22,156.1199951171875,68.81983947753906,52.467952728271484,103.91320037841797,64.38037109375
2011-07-25,157.33999633789062,68.00923919677734,52.36231231689453,103.33409881591797,63.6765251159668
2011-07-26,157.77000427246094,67.4934310913086,52.4943733215332,102.94802856445312,64.1121826171875
2011-07-27,157.19000244140625,65.47915649414062,51.13865280151367,100.84011840820312,64.11892700195312
2011-07-28,157.32000732421875,65.37271118164062,51.226680755615234,100.54667663574219,64.3602066040039
2011-07-29,158.2899932861328,65.29084014892578,51.059410095214844,99.85952758789062,65.63373565673828
2011-08-01,157.72000122070312,64.86505889892578,50.82171630859375,99.43485260009766,66.2961654663086
2011-08-02,161.52000427246094,62.842620849609375,49.53643798828125,96.8945083618164,68.28681182861328
2011-08-03,161.49000549316406,63.260250091552734,50.01181411743164,97.41957092285156,68.42134857177734
2011-08-04,160.63999938964844,59.44463348388672,47.687721252441406,92.8563003540039,70.8558120727539
2011-08-05,161.75,58.404754638671875,47.38841247558594,92.7173080444336,68.8113784790039
2011-08-08,167.1199951171875,53.32003402709961,44.536136627197266,86.67925262451172,70.98356628417969
2011-08-09,168.61000061035156,56.87360382080078,46.68415832519531,90.70976257324219,71.1987533569336
2011-08-10,174.5800018310547,54.08970260620117,44.773841857910156,86.7024154663086,73.31714630126953
2011-08-11,170.75,56.79172897338867,46.74577713012695,90.59394836425781,69.61843872070312
2011-08-12,169.97000122070312,57.14383316040039,47.15952682495117,91.20393371582031,70.99703216552734
2011-08-15,171.8000030517578,58.756839752197266,47.85499954223633,93.13426971435547,70.27745056152344
2011-08-16,173.9199981689453,57.676029205322266,47.450050354003906,92.33894348144531,71.44087982177734
2011-08-17,174.4199981689453,57.692420959472656,47.1683235168457,92.40074157714844,72.69174194335938
2011-08-18,177.72000122070312,54.409053802490234,44.853050231933594,88.41655731201172,74.18473815917969
2011-08-19,179.9499969482422,53.4510383605957,44.04316711425781,86.97270202636719,74.78327941894531
2011-08-22,184.58999633789062,53.262718200683594,44.20161437988281,87.04215240478516,74.59496307373047
2011-08-23,177.6699981689453,55.83375930786133,46.0239143371582,89.90673828125,73.5660400390625
2011-08-24,171.64999389648438,56.66073226928711,46.384849548339844,91.17304992675781,71.4744873046875
2011-08-25,172.36000061035156,55.268775939941406,45.62773895263672,89.783203125,72.24787139892578
2011-08-26,177.47000122070312,56.587032318115234,46.77219009399414,91.08811950683594,72.96078491210938
2011-08-29,173.88999938964844,59.264495849609375,48.07508850097656,93.70564270019531,71.95198822021484
2011-08-30,179.10000610351562,59.6083984375,48.392005920410156,93.95271301269531,73.10873413085938
2011-08-31,177.72000122070312,59.48558044433594,48.47123718261719,94.36965942382812,71.97888946533203
2011-09-01,177.8699951171875,58.208251953125,48.031063079833984,93.38134002685547,73.50472259521484
2011-09-02,183.24000549316406,56.05481719970703,46.90421676635742,90.9954605102539,75.892578125
2011-09-06,182.89999389648438,55.899261474609375,46.91304016113281,90.3314437866211,76.68181610107422
2011-09-07,177.0800018310547,58.01174545288086,48.10149002075195,92.87945556640625,75.21807098388672
2011-09-08,181.80999755859375,56.94731140136719,47.881412506103516,91.91429138183594,75.892578125
2011-09-09,180.6999969482422,55.268775939941406,46.81620407104492,89.5052490234375,76.70205688476562
2011-09-12,176.6699981689453,55.74370193481445,47.41483688354492,90.08433532714844,76.78296661376953
2011-09-13,178.5399932861328,56.64434814453125,48.048667907714844,90.91053009033203,75.69023895263672
2011-09-14,177.2100067138672,57.659664154052734,48.7353401184082,92.16911315917969,76.3310317993164
2011-09-15,174.39999389648438,58.470272064208984,49.45720291137695,93.75968933105469,75.16404724121094
2011-09-16,176.02999877929688,58.56034851074219,49.9105339050293,94.31461334228516,75.71046447753906
2011-09-19,173.30999755859375,57.512290954589844,49.92817687988281,93.37550354003906,77.15393829345703
2011-09-20,175.77999877929688,56.61978530883789,49.70768356323242,93.26685333251953,77.47774505615234
2011-09-21,173.58999633789062,54.52366638183594,48.843353271484375,90.51934814453125,80.04098510742188
2011-09-22,169.0500030517578,53.00069808959961,47.255802154541016,87.59333801269531,83.04944610595703
2011-09-23,159.8000030517578,53.54319763183594,47.75853729248047,88.12113189697266,81.50477600097656
2011-09-26,157.5800018310547,54.554229736328125,48.314170837402344,90.2166976928711,80.1961441040039
2011-09-27,160.6300048828125,55.72966766357422,48.81689453125,91.22561645507812,78.96846008300781
2011-09-28,156.22000122070312,53.592529296875,48.093692779541016,89.36296081542969,78.94149017333984
2011-09-29,157.6999969482422,54.521358489990234,47.520408630371094,90.06920623779297,79.48787689208984
2011-09-30,158.05999755859375,52.852760314941406,46.294471740722656,87.81843566894531,81.48451232910156
2011-10-03,160.9600067138672,50.13203811645508,45.103824615478516,85.31934356689453,83.72698211669922
2011-10-04,157.63999938964844,53.25550842285156,46.029869079589844,87.18981170654297,82.66523742675781
2011-10-05,159.4600067138672,53.98707962036133,47.21172332763672,88.80412292480469,82.0701904296875
2011-10-06,160.49000549316406,55.18716049194336,48.005489349365234,90.41069030761719,80.55536651611328
2011-10-07,159.17999267578125,53.83913803100586,47.6879768371582,89.80534362792969,79.96026611328125
2011-10-10,163.27000427246094,56.19818878173828,49.33726119995117,92.80892181396484,78.8309097290039
2011-10-11,162.10000610351562,56.58451843261719,49.672393798828125,92.90206146240234,78.5671615600586
2011-10-12,163.25999450683594,57.390037536621094,49.91936111450195,93.71700286865234,77.42427825927734
2011-10-13,162.3000030517578,57.34070587158203,50.37797546386719,93.5307388305664,78.19527435302734
2011-10-14,163.39999389648438,58.475006103515625,51.3128776550293,95.1295394897461,77.05912780761719
2011-10-17,162.6199951171875,56.69956588745117,50.519107818603516,93.31340789794922,78.39134979248047
2011-10-18,161.83999633789062,58.20378494262695,51.145294189453125,95.13727569580078,77.90440368652344
2011-10-19,159.8699951171875,57.0694465637207,50.15748596191406,94.01191711425781,77.87734985351562
2011-10-20,157.77000427246094,57.22563171386719,49.9105339050293,94.42328643798828,77.32288360595703
2011-10-21,159.52000427246094,58.4668083190918,50.536746978759766,96.21611022949219,76.50458526611328
2011-10-24,161.02000427246094,60.34914016723633,51.586273193359375,97.39582824707031,76.63311767578125
2011-10-25,165.58999633789062,58.65586853027344,50.57200622558594,95.5020751953125,78.5807113647461
2011-10-26,167.39999389648438,59.66688919067383,50.51028060913086,96.4722671508789,77.20789337158203
2011-10-27,169.5500030517578,62.81504440307617,51.90378189086914,99.83283233642578,74.59078216552734
2011-10-28,169.6199951171875,62.494476318359375,51.983154296875,99.8095703125,75.37521362304688
2011-10-31,167.33999633789062,60.834110260009766,51.11001205444336,97.40361022949219,78.36428833007812
2011-11-01,167.3800048828125,58.68050765991211,49.77824401855469,94.68714904785156,80.98748016357422
2011-11-02,169.05999755859375,60.127197265625,50.201576232910156,96.23165893554688,79.97726440429688
2011-11-03,171.72000122070312,61.62318801879883,51.2423095703125,97.9856948852539,78.87893676757812
2011-11-04,170.85000610351562,61.31904220581055,50.977725982666016,97.38809204101562,78.97377014160156
2011-11-07,174.97999572753906,61.19579315185547,51.33934020996094,97.9934310913086,79.47553253173828
2011-11-08,173.52999877929688,62.09169006347656,51.930259704589844,99.25076293945312,78.45855712890625
2011-11-09,172.07000732421875,59.13261032104492,50.10456848144531,95.58745574951172,80.08574676513672
2011-11-10,171.13999938964844,59.56825637817383,50.07810592651367,96.48777770996094,78.89244842529297
2011-11-11,173.9600067138672,61.13822555541992,51.021820068359375,98.30390167236328,78.41105651855469
2011-11-14,173.1999969482422,60.25872039794922,50.704315185546875,97.3725357055664,79.67213439941406
2011-11-15,173.36000061035156,61.02313995361328,51.26877212524414,97.85372924804688,79.56366729736328
2011-11-16,171.50999450683594,60.036773681640625,50.42209243774414,96.3014907836914,80.28909301757812
2011-11-17,167.10000610351562,59.181949615478516,49.2402458190918,94.77253723144531,80.93327331542969
2011-11-18,167.6199951171875,59.165489196777344,48.86100387573242,94.67164611816406,80.91288757324219
2011-11-21,163.5,57.75168991088867,47.926124572753906,92.87104797363281,81.39427947998047
2011-11-22,165.30999755859375,57.26673889160156,48.08488082885742,92.50623321533203,82.30288696289062
2011-11-23,164.8300018310547,55.46662902832031,47.00004196166992,90.46503448486328,83.10962677001953
2011-11-25,163.39999389648438,54.759727478027344,46.638450622558594,90.29427337646484,81.90276336669922
2011-11-28,166.6300048828125,57.365386962890625,48.26125717163086,92.90983581542969,81.86209106445312
2011-11-29,166.8800048828125,57.258522033691406,47.96137619018555,93.17372131347656,81.19092559814453
2011-11-30,170.1300048828125,60.60394287109375,49.7341423034668,97.00777435302734,79.92301940917969
2011-12-01,169.6300048828125,60.16831970214844,50.07810592651367,96.99223327636719,79.52198028564453
2011-12-02,169.82000732421875,60.41487121582031,49.9370002746582,96.9068603515625,80.63668060302734
2011-12-05,167.32000732421875,61.45060348510742,50.48381042480469,97.96239471435547,80.47356414794922
2011-12-06,168.17999267578125,61.50808334350586,50.34270095825195,97.9934310913086,79.70550537109375
2011-12-07,169.39999389648438,61.38483428955078,50.34270095825195,98.35821533203125,79.99098205566406
2011-12-08,165.97999572753906,59.47785186767578,49.496009826660156,96.2005844116211,80.99010467529297
2011-12-09,166.39999389648438,61.26972198486328,50.289794921875,97.83045196533203,79.32490539550781
2011-12-12,161.99000549316406,60.39021301269531,49.725337982177734,96.4023666381836,80.20848846435547
2011-12-13,158.4499969482422,59.13261032104492,49.17850112915039,95.5020751953125,80.95611572265625
2011-12-14,152.88999938964844,58.39284133911133,48.411197662353516,94.48536682128906,82.48540496826172
2011-12-15,152.3300018310547,58.93533706665039,48.278907775878906,94.82684326171875,82.17955780029297
2011-12-16,155.22999572753906,59.39565658569336,48.5274543762207,94.96745300292969,83.13792419433594
2011-12-19,154.8699951171875,58.36818313598633,48.04979705810547,93.95208740234375,84.19137573242188
2011-12-20,156.97999572753906,60.71080017089844,49.47394561767578,96.79508972167969,82.09117126464844
2011-12-21,157.16000366210938,60.9573974609375,48.76630783081055,96.98255157470703,80.94933319091797
2011-12-22,156.0399932861328,61.345611572265625,49.18206024169922,97.84169006347656,81.28916931152344
2011-12-23,156.30999755859375,61.576881408691406,49.60664367675781,98.71644592285156,80.38519287109375
2011-12-27,154.91000366210938,61.75860595703125,49.791683197021484,98.79458618164062,80.7670669555664
2011-12-28,151.02999877929688,60.63527297973633,49.216209411621094,97.4980239868164,82.26033782958984
2011-12-29,150.33999633789062,61.24650573730469,49.57035446166992,98.50558471679688,82.41032409667969
2011-12-30,151.99000549316406,60.91608810424805,49.428680419921875,98.02134704589844,82.67627716064453
2012-01-03,155.9199981689453,61.923797607421875,50.37600326538086,99.58341979980469,81.4352798461914
2012-01-04,156.7100067138672,61.58513641357422,50.588470458984375,99.73961639404297,80.46703338623047
2012-01-05,157.77999877929688,61.932037353515625,51.00459671020508,100.00519561767578,80.32386779785156
2012-01-06,157.1999969482422,61.77513122558594,51.18165969848633,99.74744415283203,80.95796966552734
2012-01-09,156.5,62.089012145996094,51.01344680786133,99.98956298828125,80.8147964477539
2012-01-10,158.63999938964844,62.99757385253906,51.385284423828125,100.85653686523438,80.67838287353516
2012-01-11,159.6699981689453,63.245361328125,51.49153518676758,100.91119384765625,81.72847747802734
2012-01-12,160.3800048828125,63.43535614013672,51.695167541503906,101.1533432006836,81.61253356933594
2012-01-13,159.25999450683594,63.09666442871094,51.509239196777344,100.6300048828125,82.4239501953125
2012-01-17,160.5,63.071868896484375,51.97847366333008,101.0205307006836,82.80584716796875
2012-01-18,161.60000610351562,64.19525909423828,52.669036865234375,102.13743591308594,81.80353546142578
2012-01-19,161.22000122070312,64.59169006347656,52.996612548828125,102.6763687133789,80.67838287353516
2012-01-20,162.07000732421875,64.63299560546875,52.91692352294922,103.05908203125,79.76470947265625
2012-01-23,163.16000366210938,64.55042266845703,52.93463897705078,102.79351043701172,79.26008605957031
2012-01-24,162.00999450683594,64.92211151123047,52.837257385253906,102.6763687133789,79.40331268310547
2012-01-25,166.4199981689453,65.47551727294922,53.501258850097656,103.5354995727539,79.21239471435547
2012-01-26,167.27000427246094,65.40116882324219,53.315330505371094,103.00439453125,80.26246643066406
2012-01-27,168.97000122070312,65.84720611572266,53.47468948364258,102.9575424194336,80.51472473144531
2012-01-30,168.02999877929688,65.33509826660156,53.518959045410156,102.60606384277344,81.46249389648438
2012-01-31,169.30999755859375,65.26901245117188,53.589786529541016,102.5670166015625,82.40353393554688
2012-02-01,169.55999755859375,66.67318725585938,54.023616790771484,103.4652099609375,81.45965576171875
2012-02-02,171.0500030517578,67.05313110351562,54.19183349609375,103.62921905517578,81.42542266845703
2012-02-03,167.63999938964844,68.51512908935547,54.93552017211914,105.08197021484375,79.67567443847656
2012-02-06,167.17999267578125,68.29209899902344,54.89124298095703,105.01168823242188,80.46854400634766
2012-02-07,169.6999969482422,68.25079345703125,55.00634765625,105.27725219726562,79.47064208984375
2012-02-08,168.5,68.39949035644531,55.298500061035156,105.58967590332031,79.53214263916016
2012-02-09,168.02000427246094,68.06082153320312,55.69691467285156,105.72244262695312,78.9375228881836
2012-02-10,167.13999938964844,67.12744140625,55.307369232177734,104.94140625,79.96275329589844
2012-02-13,167.50999450683594,67.99473571777344,55.820865631103516,105.72244262695312,80.06529235839844
2012-02-14,167.1199951171875,67.68916320800781,55.96251678466797,105.58967590332031,80.48905181884766
2012-02-15,168.11000061035156,67.12744140625,55.572975158691406,105.09762573242188,80.34547424316406
2012-02-16,168.0,68.3912124633789,56.33437728881836,106.26140594482422,79.7030029296875
2012-02-17,167.35000610351562,68.38297271728516,56.157291412353516,106.54253387451172,79.68250274658203
2012-02-21,171.02000427246094,67.9203872680664,56.316646575927734,106.58943176269531,78.80075073242188
2012-02-22,172.94000244140625,67.38352966308594,56.059898376464844,106.24575805664062,79.79188537597656
2012-02-23,173.02000427246094,68.3912124633789,56.43174743652344,106.71436309814453,79.79188537597656
2012-02-24,172.22999572753906,68.2590560913086,56.62650680541992,106.9487075805664,80.31136322021484
2012-02-27,171.6999969482422,68.14341735839844,56.7061882019043,107.1283187866211,81.02220153808594
2012-02-28,173.49000549316406,67.96174621582031,57.28166961669922,107.4407958984375,80.7555923461914
2012-02-29,164.2899932861328,66.94571685791016,57.02491760253906,107.01900482177734,80.26347351074219
2012-03-01,166.61000061035156,67.29266357421875,57.476444244384766,107.57351684570312,79.50790405273438
2012-03-02,166.33999633789062,66.28497314453125,57.43219757080078,107.2454833984375,80.25457000732422
2012-03-05,165.64999389648438,66.35929870605469,56.83900833129883,106.80813598632812,79.61746215820312
2012-03-06,162.6999969482422,65.03773498535156,56.281246185302734,105.24600219726562,80.58340454101562
2012-03-07,163.6300048828125,65.64896392822266,56.715049743652344,105.98018646240234,80.09013366699219
2012-03-08,165.27999877929688,66.49972534179688,57.32594299316406,107.03462219238281,79.28863525390625
2012-03-09,166.3800048828125,67.4000473022461,57.56498336791992,107.44859313964844,79.44620513916016
2012-03-12,165.07000732421875,67.26789855957031,57.591529846191406,107.45636749267578,79.43252563476562
2012-03-13,162.3000030517578,68.6059799194336,58.66282272338867,109.39336395263672,78.03496551513672
2012-03-14,159.57000732421875,68.04430389404297,58.86643600463867,109.27619934082031,76.06887817382812
2012-03-15,161.0800018310547,68.6142578125,59.034645080566406,109.9088363647461,76.18529510498047
2012-03-16,161.3000030517578,68.55641174316406,58.99296569824219,110.06101989746094,76.33609008789062
2012-03-19,161.58999633789062,69.13460540771484,59.4098014831543,110.49249267578125,75.4249038696289
2012-03-20,160.1300048828125,68.51512908935547,59.51619338989258,110.1708755493164,75.72637939453125
2012-03-21,160.2100067138672,68.49858093261719,59.525089263916016,109.9904556274414,76.58267211914062
2012-03-22,159.57000732421875,67.83781433105469,59.40092849731445,109.19813537597656,76.82928466796875
2012-03-23,161.52999877929688,68.5014419555664,59.36545181274414,109.55113220214844,77.55545043945312
2012-03-26,164.39999389648438,69.92648315429688,60.403072357177734,111.0887451171875,77.15808868408203
2012-03-27,163.24000549316406,69.43763732910156,60.49172592163086,110.74356079101562,77.7130355834961
2012-03-28,161.50999450683594,69.03169250488281,60.252296447753906,110.1944351196289,77.6033935546875
2012-03-29,161.27999877929688,68.83284759521484,60.021705627441406,110.0061264038086,78.18568420410156
2012-03-30,162.1199951171875,68.60917663574219,59.90644073486328,110.46112823486328,76.86351776123047
2012-04-02,162.94000244140625,69.45426177978516,60.52721405029297,111.26912689208984,77.28935241699219
2012-04-03,159.88999938964844,68.99024200439453,60.50948715209961,110.81414794921875,75.95001983642578
2012-04-04,157.2100067138672,67.88833618164062,59.684722900390625,109.71588134765625,76.99406433105469
2012-04-05,158.30999755859375,67.59009552001953,60.05718231201172,109.66099548339844,77.55038452148438
2012-04-09,159.3699951171875,66.4798583984375,59.60489273071289,108.42933654785156,79.36363220214844
2012-04-10,161.10000610351562,64.91400909423828,58.647098541259766,106.609375,80.26334381103516
2012-04-11,161.07000732421875,65.8336410522461,58.9308967590332,107.47232818603516,79.30180358886719
2012-04-12,162.6999969482422,66.77811431884766,59.60489273071289,108.87647247314453,78.97212219238281
2012-04-13,160.85000610351562,65.89993286132812,58.700321197509766,107.5821533203125,80.24961853027344
2012-04-16,160.4600067138672,66.00764465332031,58.044044494628906,107.51152801513672,80.13285827636719
2012-04-17,160.25,66.9604263305664,59.22355651855469,109.10401153564453,80.08475494384766
2012-04-18,159.30999755859375,66.45502471923828,59.07278060913086,108.73530578613281,80.31832885742188
2012-04-19,159.42999267578125,66.07392120361328,58.407657623291016,108.03713989257812,80.39387512207031
2012-04-20,159.5399932861328,66.45502471923828,58.24802780151367,108.21755981445312,80.40760803222656
2012-04-23,159.07000732421875,65.53536224365234,57.715904235839844,107.30758666992188,80.99139404296875
2012-04-24,159.3000030517578,66.0324935913086,57.4055290222168,107.7154769897461,80.42137908935547
2012-04-25,159.6199951171875,67.05986785888672,58.9308967590332,109.19032287597656,80.00920867919922
2012-04-26,161.02999877929688,67.72264099121094,59.27675247192383,109.95123291015625,80.49000549316406
2012-04-27,161.3800048828125,68.25288391113281,59.631492614746094,110.13165283203125,80.55867767333984
2012-04-30,161.8800048828125,67.49897003173828,59.20582580566406,109.72372436523438,80.57930755615234
2012-05-01,161.32000732421875,67.56523132324219,59.30335235595703,110.40623474121094,80.16136932373047
2012-05-02,160.58999633789062,67.74750518798828,59.47186279296875,110.07671356201172,80.7259521484375
2012-05-03,158.97000122070312,66.79470825195312,58.84220504760742,109.23734283447266,80.7052993774414
2012-05-04,159.47000122070312,65.52708435058594,57.37891387939453,107.47232818603516,81.33870697021484
2012-05-07,159.0800018310547,65.70108795166016,57.4321403503418,107.55075073242188,81.35245513916016
2012-05-08,156.0,65.65963745117188,57.219268798828125,107.11929321289062,81.78620910644531
2012-05-09,154.47000122070312,65.28683471679688,57.041908264160156,106.48387908935547,81.84134674072266
2012-05-10,154.77000427246094,65.53536224365234,56.9266242980957,106.70356750488281,81.60037994384766
2012-05-11,153.55999755859375,65.36965942382812,56.917755126953125,106.38188934326172,82.27506256103516
2012-05-14,151.3300018310547,64.49976348876953,56.38563919067383,105.2052001953125,83.42486572265625
2012-05-15,149.74000549316406,64.38372802734375,56.19940948486328,104.60110473632812,83.76219940185547
2012-05-16,149.4600067138672,63.919776916503906,55.81806182861328,104.2010726928711,84.00315856933594
2012-05-17,152.8000030517578,62.46986770629883,54.63856506347656,102.65564727783203,85.49026489257812
2012-05-18,154.5500030517578,61.88161087036133,53.9290885925293,101.77704620361328,85.5110092163086
2012-05-21,154.64999389648438,63.33979797363281,55.43671798706055,103.52642059326172,85.33204650878906
2012-05-22,152.0800018310547,62.958702087402344,55.374637603759766,103.70684814453125,84.38182830810547
2012-05-23,151.6199951171875,63.36466598510742,55.4810676574707,103.76174926757812,84.96707153320312
2012-05-24,151.41000366210938,63.49723815917969,55.117462158203125,103.96572875976562,84.64347839355469
2012-05-25,152.67999267578125,63.4557991027832,55.0464973449707,103.62843322753906,84.96021270751953
2012-05-29,151.02000427246094,64.37545776367188,55.74711227416992,104.88353729248047,84.69856262207031
2012-05-30,151.91000366210938,63.14097213745117,55.277095794677734,103.36168670654297,86.84664916992188
2012-05-31,151.6199951171875,63.0580940246582,55.03764724731445,103.13416290283203,87.8519058227539
2012-06-01,157.5,61.16084289550781,53.574344635009766,100.53759002685547,89.93753051757812
2012-06-04,157.32000732421875,61.019981384277344,53.98228454589844,100.4905014038086,89.22687530517578
2012-06-05,157.13999938964844,61.807071685791016,54.20400619506836,101.25147247314453,88.03337097167969
2012-06-06,157.2100067138672,63.331539154052734,55.445579528808594,103.52642059326172,86.27406311035156
2012-06-07,154.5,62.917274475097656,55.2238883972168,103.58920288085938,86.4051284790039
2012-06-08,154.72999572753906,63.770660400390625,55.7559814453125,104.41285705566406,86.3844223022461
2012-06-11,155.36000061035156,62.3621940612793,54.81593322753906,103.08711242675781,86.77766418457031
2012-06-12,156.4600067138672,63.14923858642578,55.4810676574707,104.27169036865234,85.98428344726562
2012-06-13,157.1199951171875,62.42019271850586,55.099708557128906,103.60486602783203,86.83287811279297
2012-06-14,157.75,63.13272476196289,55.30369567871094,104.70313262939453,86.7225112915039
2012-06-15,157.83999633789062,63.977760314941406,55.99080276489258,105.7739486694336,87.20545196533203
2012-06-18,157.92999267578125,64.05233001708984,56.51523971557617,105.97899627685547,87.674560546875
2012-06-19,157.16000366210938,65.16254425048828,57.101905822753906,107.00407409667969,86.5293197631836
2012-06-20,155.97000122070312,65.06314849853516,57.14634323120117,106.83061218261719,86.95706176757812
2012-06-21,152.02000427246094,63.480674743652344,55.72413635253906,104.43344116210938,87.41929626464844
2012-06-22,152.63999938964844,64.20146942138672,56.31078338623047,105.23772430419922,86.2533187866211
2012-06-25,153.75999450683594,63.19895553588867,55.226348876953125,103.55026245117188,87.50895690917969
2012-06-26,152.6199951171875,63.44628143310547,55.57301330566406,104.07073211669922,87.16403198242188
2012-06-27,152.8300018310547,64.47871398925781,55.91079330444336,105.00904846191406,87.30199432373047
2012-06-28,151.0500030517578,64.37045288085938,55.288597106933594,104.70943450927734,87.51590728759766
2012-06-29,155.19000244140625,66.2438735961914,57.03078842163086,107.31948852539062,86.3775634765625
2012-07-02,155.08999633789062,67.0098876953125,57.19968032836914,107.64275360107422,87.26873016357422
2012-07-03,157.4600067138672,67.88418579101562,57.6796760559082,108.35247039794922,86.59809112548828
2012-07-05,155.67999267578125,67.80923461914062,57.71522521972656,107.8635482788086,87.04054260253906
2012-07-06,153.7100067138672,67.0515365600586,56.9952507019043,106.83845520019531,87.8494873046875
2012-07-09,154.0399932861328,66.79341888427734,56.888580322265625,106.70440673828125,88.62387084960938
2012-07-10,152.14999389648438,66.0523910522461,56.328582763671875,105.7739486694336,88.80368041992188
2012-07-11,152.99000549316406,65.82756805419922,56.01746368408203,105.78974151611328,88.91423034667969
2012-07-12,152.58999633789062,65.6027603149414,55.493011474609375,105.27718353271484,89.54339599609375
2012-07-13,154.13999938964844,66.41873168945312,56.337467193603516,107.04349517822266,89.30838775634766
2012-07-16,154.2100067138672,66.15230560302734,56.17747497558594,106.79116821289062,89.72323608398438
2012-07-17,153.47000122070312,66.38542175292969,56.470802307128906,107.52450561523438,89.01800537109375
2012-07-18,153.0500030517578,66.79341888427734,57.23523712158203,108.3209457397461,89.0663833618164
2012-07-19,153.3800048828125,66.568603515625,57.86631774902344,108.60475158691406,88.83821105957031
2012-07-20,153.6699981689453,65.71931457519531,57.101905822753906,107.6112289428711,89.92372131347656
2012-07-23,153.02999877929688,64.67020416259766,56.40857696533203,106.5230484008789,90.42847442626953
2012-07-24,153.52000427246094,63.820945739746094,55.96413803100586,105.60833740234375,91.14061737060547
2012-07-25,155.6699981689453,63.96249771118164,55.590789794921875,105.63201141357422,91.37565612792969
2012-07-26,156.77000427246094,64.51200103759766,56.328582763671875,107.37467193603516,90.53904724121094
2012-07-27,157.5399932861328,66.0440444946289,57.66189956665039,109.35392761230469,88.8312759399414
2012-07-30,157.42999267578125,65.81925201416016,57.61745071411133,109.35392761230469,89.49510192871094
2012-07-31,156.49000549316406,65.23643493652344,57.599674224853516,108.58903503417969,89.6748275756836
2012-08-01,155.13999938964844,64.1623306274414,57.4307746887207,108.4944076538086,89.22657012939453
2012-08-02,154.1300048828125,63.929195404052734,57.226348876953125,107.74528503417969,89.73235321044922
2012-08-03,155.5500030517578,65.45288848876953,58.310791015625,109.88224792480469,88.28424835205078
2012-08-06,156.3000030517578,65.9607925415039,58.7552375793457,110.09516906738281,88.31887817382812
2012-08-07,156.27999877929688,66.5602798461914,59.244110107421875,110.64710235595703,87.18260192871094
2012-08-08,156.47999572753906,66.46035766601562,59.21743392944336,110.78115844726562,86.71841430664062
2012-08-09,156.99000549316406,66.77677154541016,59.395225524902344,110.8757553100586,86.65599060058594
2012-08-10,157.17999267578125,66.54363250732422,59.4307975769043,111.05712890625,87.09255981445312
2012-08-13,155.99000549316406,66.43539428710938,59.5730094909668,111.00196075439453,86.94702911376953
2012-08-14,155.1300048828125,66.2771987915039,59.599666595458984,111.01774597167969,85.76917266845703
2012-08-15,155.6300048828125,66.86003875732422,59.75078582763672,111.14385223388672,84.56356048583984
2012-08-16,156.55999755859375,67.55941772460938,60.46188735961914,111.96390533447266,83.843017578125
2012-08-17,156.72000122070312,68.03401184082031,60.728546142578125,112.11380004882812,84.2518081665039
2012-08-20,157.25999450683594,67.88418579101562,60.817440032958984,112.12168884277344,84.42500305175781
2012-08-21,158.8300018310547,67.84252166748047,60.57746124267578,111.7825927734375,84.79917907714844
2012-08-22,160.5399932861328,67.5177993774414,60.826332092285156,111.82987976074219,86.1987533569336
2012-08-23,161.88999938964844,67.04320526123047,60.328548431396484,110.91519165039062,86.55904388427734
2012-08-24,161.97000122070312,67.22638702392578,60.701881408691406,111.58541870117188,86.47590637207031
2012-08-27,161.36000061035156,67.42620086669922,60.799659729003906,111.60909271240234,86.981689453125
2012-08-28,161.63999938964844,67.73430633544922,60.799659729003906,111.4986801147461,87.18955993652344
2012-08-29,160.58999633789062,67.94245147705078,60.799659729003906,111.58541870117188,86.80846405029297
2012-08-30,160.52000427246094,67.26800537109375,60.18635559082031,110.78115844726562,87.25878143310547
2012-08-31,164.22000122070312,67.54280853271484,60.586341857910156,111.30950164794922,88.49208068847656
2012-09-04,164.47999572753906,68.36708068847656,60.52410888671875,111.20697021484375,88.40322875976562
2012-09-05,164.30999755859375,68.38372039794922,60.46188735961914,111.11231231689453,87.98665618896484
2012-09-06,164.88999938964844,69.64102935791016,61.8040885925293,113.36750030517578,86.52152252197266
2012-09-07,168.44000244140625,70.15726470947266,61.715213775634766,113.80914306640625,86.11885833740234
2012-09-10,167.2899932861328,69.84082794189453,60.9240837097168,113.16252136230469,86.3271255493164
2012-09-11,167.89999389648438,69.9907455444336,60.826332092285156,113.47793579101562,85.78559112548828
2012-09-12,167.9199981689453,70.34873962402344,61.00407791137695,113.8564453125,84.71630096435547
2012-09-13,171.30999755859375,71.27297973632812,61.83075714111328,115.5912094116211,84.38301086425781
2012-09-14,171.8000030517578,71.9390640258789,62.38188552856445,116.10372924804688,82.14030456542969
2012-09-17,170.39999389648438,71.60600280761719,62.40852355957031,115.70950317382812,83.12626647949219
2012-09-18,171.72000122070312,71.37287139892578,62.461883544921875,115.61483001708984,83.54287719726562
2012-09-19,171.74000549316406,71.24797821044922,62.57741165161133,115.67800903320312,84.09139251708984
2012-09-20,171.47000122070312,70.93156433105469,62.515228271484375,115.6858139038086,84.2996826171875
2012-09-21,171.9600067138672,71.18970489501953,62.53303909301758,115.63746643066406,84.39689636230469
2012-09-24,171.0500030517578,70.95731353759766,62.167537689208984,115.46304321289062,85.05652618408203
2012-09-25,170.77000427246094,69.93756866455078,61.2939453125,114.2342758178711,85.89667510986328
2012-09-26,169.80999755859375,69.49455261230469,60.794761657714844,113.5921401977539,86.82012176513672
2012-09-27,172.33999633789062,70.2468490600586,61.6326904296875,114.66240692138672,86.20219421386719
2012-09-28,171.88999938964844,69.74530029296875,61.12460708618164,114.13125610351562,86.25077819824219
2012-10-01,172.2899932861328,69.97935485839844,61.03544235229492,114.4324951171875,86.57084655761719
2012-10-02,172.10000610351562,70.11306762695312,61.2137451171875,114.55142211914062,86.4525375366211
2012-10-03,172.41000366210938,69.9124984741211,61.605979919433594,115.01913452148438,86.48039245605469
2012-10-04,173.61000061035156,70.38893127441406,61.81989288330078,115.84357452392578,85.40192413330078
2012-10-05,172.6199951171875,70.30534362792969,61.49007797241211,115.85153198242188,84.29560852050781
2012-10-08,172.0500030517578,69.86234283447266,60.92849349975586,115.4551773071289,85.00533294677734
2012-10-09,170.99000549316406,69.04317474365234,59.956817626953125,114.31360626220703,84.85225677490234
2012-10-10,170.83999633789062,68.93450927734375,59.65377426147461,113.58423614501953,85.45062255859375
2012-10-11,171.32000732421875,69.18527221679688,59.466556549072266,113.64771270751953,86.04210662841797
2012-10-12,170.05999755859375,68.62523651123047,59.43980026245117,113.27510833740234,86.25772094726562
2012-10-15,168.35000610351562,69.0766372680664,59.87661361694336,114.21846008300781,86.06293487548828
2012-10-16,169.4199981689453,69.58650207519531,60.72346496582031,115.37589263916016,84.87312316894531
2012-10-17,169.5399932861328,70.21340942382812,60.68782043457031,115.89908599853516,84.08685302734375
2012-10-18,168.7899932861328,69.82891845703125,59.983577728271484,115.59782409667969,83.57202911376953
2012-10-19,166.97000122070312,68.41629028320312,58.54838943481445,113.67149353027344,84.70609283447266
2012-10-22,167.5800018310547,68.3995590209961,58.851478576660156,113.68731689453125,84.16338348388672
2012-10-23,165.42999267578125,68.05687713623047,58.289886474609375,112.1097640991211,85.3670883178711
2012-10-24,164.86000061035156,67.87295532226562,58.084861755371094,111.79265594482422,84.52526092529297
2012-10-25,166.02000427246094,68.14881896972656,58.084861755371094,112.11766815185547,84.09382629394531
2012-10-26,165.92999267578125,67.82279205322266,58.25423049926758,112.05427551269531,85.33232879638672
2012-10-31,166.8300018310547,68.23240661621094,57.897647857666016,112.05427551269531,85.83329772949219
2012-11-01,166.07000732421875,68.95122528076172,58.71775436401367,113.22755432128906,85.13055419921875
2012-11-02,162.60000610351562,67.86457824707031,58.0937614440918,112.22074127197266,85.06793212890625
2012-11-05,163.22999572753906,68.31596374511719,58.477081298828125,112.4506607055664,85.54802703857422
2012-11-06,166.3000030517578,68.82585144042969,58.58406448364258,113.33060455322266,84.74091339111328
2012-11-07,166.49000549316406,67.1540756225586,57.20234680175781,110.76211547851562,86.27861785888672
2012-11-08,167.99000549316406,66.20956420898438,56.3020133972168,109.43030548095703,87.55890655517578
2012-11-09,167.82000732421875,66.35165405273438,56.542701721191406,109.52542877197266,87.65631866455078
2012-11-12,167.4499969482422,66.15938568115234,56.53378677368164,109.61260986328125,87.80242156982422
2012-11-13,167.10000610351562,65.78327178955078,56.14155578613281,109.23210144042969,88.0946273803711
2012-11-14,167.13999938964844,64.56289672851562,55.48191833496094,107.75760650634766,88.17810821533203
2012-11-15,166.08999633789062,64.22853088378906,55.29470443725586,107.57528686523438,88.00420379638672
2012-11-16,165.8800048828125,64.76347351074219,55.535404205322266,108.10643768310547,87.92765045166016
2012-11-19,167.8699951171875,66.13433074951172,56.85467529296875,110.29436492919922,87.43359375
2012-11-20,167.38999938964844,66.25137329101562,56.87252426147461,110.3419189453125,86.55694580078125
2012-11-21,167.55999755859375,66.60244750976562,56.98841857910156,110.5480728149414,86.50819396972656
2012-11-23,169.61000061035156,67.26274108886719,57.85309982299805,112.05427551269531,86.42469787597656
2012-11-26,169.42999267578125,67.48009490966797,58.102691650390625,111.81643676757812,86.8352279663086
2012-11-27,168.7100067138672,67.39649200439453,57.90656661987305,111.24565887451172,87.17620086669922
2012-11-28,166.5500030517578,67.96487426757812,58.40576171875,112.14147186279297,87.05098724365234
2012-11-29,167.17999267578125,68.74227142333984,58.753421783447266,112.6646728515625,87.06485748291016
2012-11-30,166.0500030517578,68.6085433959961,58.655357360839844,112.68844604492188,86.82830047607422
2012-12-03,166.1300048828125,68.53328704833984,58.53947830200195,112.133544921875,86.90850830078125
2012-12-04,164.4199981689453,68.61688995361328,58.50381851196289,111.97502136230469,87.41045379638672
2012-12-05,164.1199951171875,68.53328704833984,57.85309982299805,112.17316436767578,87.36859893798828
2012-12-06,164.5,68.6419906616211,58.22747802734375,112.55370330810547,87.55680847167969
2012-12-07,165.16000366210938,68.69209289550781,57.87982940673828,112.89461517333984,86.74815368652344
2012-12-10,165.8000030517578,68.99302673339844,58.04920196533203,112.94216918945312,87.13156127929688
2012-12-11,165.64999389648438,69.72023010253906,58.80691909790039,113.71110534667969,86.4692611694336
2012-12-12,165.77000427246094,69.3273696899414,58.6821174621582,113.7666015625,85.4653549194336
2012-12-13,164.3699951171875,68.8843765258789,58.21856689453125,113.06900024414062,85.52811431884766
2012-12-14,164.1300048828125,68.8425521850586,57.66590881347656,112.64885711669922,86.16948699951172
2012-12-17,164.44000244140625,69.8121566772461,58.43252182006836,113.97266387939453,84.87972259521484
2012-12-18,162.0800018310547,70.76507568359375,59.32390594482422,115.24112701416016,84.01524353027344
2012-12-19,161.69000244140625,70.9227523803711,59.06541061401367,114.38497161865234,84.29412841796875
2012-12-20,159.72999572753906,71.27682495117188,59.06541061401367,115.04295349121094,84.30802154541016
2012-12-21,160.3300018310547,70.98178100585938,58.444210052490234,113.9986572265625,85.22830963134766
2012-12-24,160.6199951171875,70.63610076904297,58.327693939208984,113.64739227294922,85.0749282836914
2012-12-26,160.77999877929688,70.13020324707031,57.81675338745117,113.16835021972656,85.38097381591797
2012-12-27,161.16000366210938,70.07965087890625,57.72711944580078,113.01666259765625,85.66746520996094
2012-12-28,160.5399932861328,69.58216857910156,57.17133331298828,111.795166015625,86.15656280517578
2012-12-31,162.02000427246094,71.09138488769531,58.38147735595703,113.69530487060547,84.66828918457031
2013-01-02,163.1699981689453,73.18228149414062,60.23699188232422,116.60930633544922,83.53636169433594
2013-01-03,161.1999969482422,73.013671875,59.923255920410156,116.34585571289062,82.40452575683594
2013-01-04,160.44000244140625,73.55327606201172,59.72605514526367,116.85680389404297,82.72589874267578
2013-01-07,159.42999267578125,73.27503204345703,59.74397659301758,116.53746795654297,82.76081085205078
2013-01-08,160.55999755859375,73.22441101074219,59.627464294433594,116.20213317871094,83.30587005615234
2013-01-09,160.49000549316406,73.57854461669922,59.851539611816406,116.49752807617188,83.22898864746094
2013-01-10,161.97999572753906,73.74715423583984,60.210105895996094,117.42364501953125,82.99834442138672
2013-01-11,161.05999755859375,73.6375732421875,60.290748596191406,117.41568756103516,83.73900604248047
2013-01-14,161.5399932861328,73.67972564697266,60.02184295654297,117.33580780029297,83.50846862792969
2013-01-15,162.55999755859375,74.00013732910156,59.72605514526367,117.41568756103516,83.8927230834961
2013-01-16,162.64999389648438,73.78089904785156,59.968055725097656,117.39970397949219,84.06739807128906
2013-01-17,163.35000610351562,74.46379089355469,60.254905700683594,118.1581802368164,83.22898864746094
2013-01-18,163.08999633789062,74.67457580566406,60.12044143676758,118.42161560058594,83.87174224853516
2013-01-22,163.6699981689453,75.21417236328125,60.219058990478516,119.06031799316406,84.032470703125
2013-01-23,163.2100067138672,75.03712463378906,60.586578369140625,119.2518539428711,83.9067153930664
2013-01-24,161.4199981689453,75.28163146972656,59.75294494628906,119.28385162353516,83.61320495605469
2013-01-25,160.64999389648438,75.82965850830078,60.05772018432617,119.9544677734375,82.46736907958984
2013-01-28,160.2899932861328,75.8802490234375,60.19216537475586,119.81071472167969,82.16694641113281
2013-01-29,160.99000549316406,75.92240905761719,60.20112991333008,120.28175354003906,81.7127685546875
2013-01-30,162.19000244140625,75.0118408203125,60.07563781738281,119.81071472167969,81.57304382324219
2013-01-31,161.1999969482422,75.52613830566406,59.94117736816406,119.51536560058594,81.97132110595703
2013-02-01,161.4499969482422,76.19220733642578,60.64933395385742,120.74486541748047,80.9069595336914
2013-02-04,162.0,75.273193359375,59.59157943725586,119.38763427734375,81.94332885742188
2013-02-05,161.9600067138672,75.94771575927734,60.47005081176758,120.59310913085938,81.21504974365234
2013-02-06,162.38999938964844,76.26807403564453,60.2728385925293,120.68096923828125,81.88030242919922
2013-02-07,161.83999633789062,76.0151596069336,60.326629638671875,120.52134704589844,81.69820404052734
2013-02-08,161.57000732421875,76.55473327636719,60.945098876953125,121.19193267822266,82.01333618164062
2013-02-11,159.6999969482422,76.4704360961914,60.96306228637695,121.1679916381836,81.95032501220703
2013-02-12,159.88999938964844,76.80762481689453,60.71206283569336,121.36759948730469,81.7472152709961
2013-02-13,159.0500030517578,77.12804412841797,60.927223205566406,121.47132110595703,81.08202362060547
2013-02-14,158.35000610351562,77.32196044921875,60.90927505493164,121.58316802978516,81.81725311279297
2013-02-15,155.75999450683594,77.34727478027344,60.72998809814453,121.43939208984375,81.57918548583984
2013-02-19,155.3300018310547,78.03018951416016,61.16921615600586,122.34959411621094,81.17301940917969
2013-02-20,151.44000244140625,76.58003234863281,60.22801208496094,120.82469940185547,81.4181137084961
2013-02-21,152.6199951171875,75.83808898925781,59.582618713378906,120.09024047851562,81.89430236816406
2013-02-22,152.97000122070312,76.74864959716797,60.183189392089844,121.26383972167969,81.95032501220703
2013-02-25,154.33999633789062,75.05397033691406,59.43919372558594,118.95645904541016,83.56088256835938
2013-02-26,156.22000122070312,75.34910583496094,59.66328430175781,119.7707748413086,83.07769775390625
2013-02-27,154.57000732421875,76.14161682128906,60.2728385925293,121.27977752685547,82.83258819580078
2013-02-28,153.0,76.28495025634766,60.147335052490234,121.04023742675781,82.9866714477539
2013-03-01,152.44000244140625,76.63062286376953,60.39832305908203,121.43939208984375,83.43859100341797
2013-03-04,152.3000030517578,76.83296203613281,60.667240142822266,122.08609771728516,82.99649810791016
2013-03-05,152.3800048828125,77.72667694091797,61.56365203857422,123.17982482910156,82.7579116821289
2013-03-06,153.22999572753906,77.92900848388672,61.411251068115234,123.34758758544922,82.00703430175781
2013-03-07,152.69000244140625,78.30000305175781,61.57260513305664,123.57106018066406,81.37544250488281
2013-03-08,152.7100067138672,79.02506256103516,61.64432144165039,124.09795379638672,80.52633666992188
2013-03-11,152.99000549316406,78.99976348876953,61.82359313964844,124.56900787353516,80.60350799560547
2013-03-12,154.19000244140625,78.83956909179688,61.59949493408203,124.28961944580078,81.18598175048828
2013-03-13,153.66000366210938,79.13468170166016,61.51883316040039,124.46517944335938,81.10177612304688
2013-03-14,153.67999267578125,79.92720794677734,61.72496032714844,125.12789154052734,80.85613250732422
2013-03-15,154.0,79.88505554199219,61.55339431762695,124.96269989013672,81.23509979248047
2013-03-18,155.3800048828125,79.44662475585938,61.4185905456543,124.27305603027344,81.85264587402344
2013-03-19,156.0800018310547,79.109375,61.301841735839844,123.98432159423828,82.40704345703125
2013-03-20,155.3699951171875,79.8428726196289,61.73307418823242,124.85040283203125,81.48771667480469
2013-03-21,156.25,79.14310455322266,61.03227996826172,123.7838134765625,82.273681640625
2013-03-22,155.5500030517578,79.38762664794922,61.6252326965332,124.77824401855469,82.33686065673828
2013-03-25,155.24000549316406,79.43325805664062,61.400665283203125,124.25701141357422,82.2596664428711
2013-03-26,154.72000122070312,79.68690490722656,61.73307418823242,125.25129699707031,82.3578872680664
2013-03-27,155.36000061035156,79.73762512207031,61.813961029052734,125.25129699707031,83.05965423583984
2013-03-28,154.4499969482422,79.83909606933594,61.9666633605957,125.63628387451172,82.63861083984375
2013-04-01,154.6699981689453,78.76532745361328,61.54440689086914,125.13909912109375,83.26103210449219
2013-04-02,152.42999267578125,78.27494812011719,62.029571533203125,125.7565689086914,82.9234390258789
2013-04-03,150.72999572753906,77.04898834228516,61.46354293823242,124.48155212402344,83.66889953613281
2013-04-04,150.2899932861328,77.70846557617188,61.48149490356445,124.9866943359375,84.66758728027344
2013-04-05,152.80999755859375,77.55626678466797,60.96937561035156,124.42538452148438,86.37654113769531
2013-04-08,152.16000366210938,78.19884490966797,61.29281997680664,125.26739501953125,85.7154769897461
2013-04-09,153.33999633789062,77.97055053710938,61.70610809326172,125.70043182373047,85.50443267822266
2013-04-10,150.75,79.38253021240234,62.910030364990234,127.24018859863281,84.33002471923828
2013-04-11,151.0500030517578,79.492431640625,62.88310241699219,127.65715026855469,84.49177551269531
2013-04-12,143.9499969482422,79.17115783691406,62.83819580078125,127.34437561035156,85.7506103515625
2013-04-15,131.30999755859375,76.18658447265625,61.59828186035156,124.39334106445312,86.49606323242188
2013-04-16,132.8000030517578,77.50556182861328,62.415924072265625,126.22968292236328,85.78578186035156
2013-04-17,132.8699951171875,76.1612548828125,61.194000244140625,124.38533020019531,86.35542297363281
2013-04-18,134.3000030517578,75.73849487304688,60.34943389892578,123.60745239257812,86.56640625
2013-04-19,135.47000122070312,76.6093521118164,61.176021575927734,124.68202209472656,86.38357543945312
2013-04-22,137.89999389648438,76.8291244506836,61.804935455322266,125.2353515625,86.44686126708984
2013-04-23,136.8800048828125,78.04663848876953,62.397945404052734,126.52645111083984,86.14443969726562
2013-04-24,138.3699951171875,78.4524917602539,62.3709831237793,126.60660552978516,86.36248016357422
2013-04-25,141.6300048828125,78.96826171875,62.703407287597656,127.11984252929688,85.9897232055664
2013-04-26,140.91000366210938,78.54548645019531,62.5057487487793,126.8952865600586,86.7773666381836
2013-04-29,142.3000030517578,79.11194610595703,63.08076858520508,127.74530029296875,86.46092224121094
2013-04-30,142.77000427246094,79.5600814819336,63.53894805908203,128.05007934570312,86.51017761230469
2013-05-01,141.11000061035156,77.63236999511719,63.24247360229492,126.92742919921875,87.39889526367188
2013-05-02,141.9199981689453,78.86679077148438,64.0421142578125,128.1062469482422,87.28605651855469
2013-05-03,142.08999633789062,80.11811065673828,64.79683685302734,129.4053497314453,85.22816467285156
2013-05-06,142.14999389648438,80.63382720947266,65.04838562011719,129.73414611816406,85.01673126220703
2013-05-07,140.3800048828125,81.29332733154297,65.01244354248047,130.39166259765625,84.68550872802734
2013-05-08,142.4600067138672,81.53004455566406,65.32687377929688,130.9850616455078,84.81940460205078
2013-05-09,140.80999755859375,81.25101470947266,65.23706817626953,130.61619567871094,84.6009292602539
2013-05-10,139.60000610351562,81.86824035644531,65.63236999511719,131.0412139892578,83.69178009033203
2013-05-13,138.42999267578125,81.80907440185547,65.7132339477539,131.14541625976562,83.05038452148438
2013-05-14,137.80999755859375,82.85746002197266,66.05470275878906,132.50064086914062,82.14830780029297
2013-05-15,134.6300048828125,83.02658081054688,66.1894302368164,133.21437072753906,82.697998046875
2013-05-16,134.08999633789062,82.81520080566406,66.11752319335938,132.58889770507812,83.55785369873047
2013-05-17,131.07000732421875,83.7452392578125,66.75543975830078,133.8719482421875,82.50067901611328
2013-05-20,135.1199951171875,83.88050842285156,66.6566390991211,133.86395263671875,82.40202331542969
2013-05-21,132.8800048828125,83.89740753173828,66.728515625,134.05642700195312,83.05038452148438
2013-05-22,131.94000244140625,82.67146301269531,66.14453887939453,133.06199645996094,81.81705474853516
2013-05-23,134.61000061035156,82.7729263305664,65.99174499511719,132.6771240234375,82.20471954345703
2013-05-24,133.75999450683594,82.7560043334961,65.955810546875,132.56480407714844,82.31745910644531
2013-05-28,133.49000549316406,83.82978057861328,66.3870849609375,133.35870361328125,80.23133850097656
2013-05-29,134.8300018310547,83.05194091796875,66.07262420654297,132.49267578125,81.13339233398438
2013-05-30,136.6999969482422,83.6099624633789,66.42303466796875,132.9818572998047,80.93611145019531
2013-05-31,133.9199981689453,82.68838500976562,65.81206512451172,131.07325744628906,80.66124725341797
2013-06-03,136.50999450683594,83.47464752197266,65.92889404296875,131.7950439453125,81.08866119384766
2013-06-04,135.22999572753906,82.58690643310547,65.58748626708984,131.16152954101562,80.33978271484375
2013-06-05,135.52000427246094,81.53004455566406,64.73394012451172,129.3251190185547,81.44891357421875
2013-06-06,136.52999877929688,82.3924331665039,65.04838562011719,130.49588012695312,81.3995132446289
2013-06-07,133.27999877929688,83.02658081054688,65.93787384033203,132.1558837890625,79.94416809082031
2013-06-10,133.94000244140625,83.53387451171875,65.96479797363281,132.1558837890625,79.56268310546875
2013-06-11,133.25,82.62920379638672,65.30892181396484,130.7926025390625,80.50936889648438
2013-06-12,134.25,81.80907440185547,64.5542221069336,129.7100372314453,79.3577651977539
2013-06-13,133.74000549316406,83.25484466552734,65.37184143066406,131.68275451660156,80.6011734008789
2013-06-14,134.42999267578125,82.6122817993164,64.94055938720703,130.8567657470703,80.41045379638672
2013-06-17,133.77000427246094,83.15338897705078,65.56950378417969,131.8671875,79.9865951538086
2013-06-18,132.1300048828125,84.13416290283203,66.10858917236328,132.90963745117188,80.02897644042969
2013-06-19,130.58999633789062,83.10267639160156,65.37184143066406,131.07325744628906,79.20237731933594
2013-06-20,123.5999984741211,80.9044189453125,63.8174934387207,127.8255386352539,77.90251159667969
2013-06-21,125.05000305175781,81.14109802246094,63.47863006591797,128.2359161376953,76.58135223388672
2013-06-24,123.93000030517578,80.0758285522461,62.847679138183594,126.61548614501953,76.8992691040039
2013-06-25,123.47000122070312,80.84519958496094,63.30735397338867,127.83283233642578,76.21399688720703
2013-06-26,118.27999877929688,81.22567749023438,63.875186920166016,129.09849548339844,76.70853424072266
2013-06-27,115.94000244140625,82.48546600341797,64.14555358886719,129.85629272460938,77.49269104003906
2013-06-28,119.11000061035156,82.01197052001953,64.23570251464844,129.3241424560547,78.0225601196289
2013-07-01,121.12999725341797,83.34786987304688,64.63226318359375,130.08197021484375,78.17977142333984
2013-07-02,120.05000305175781,83.28840637207031,64.6593246459961,129.9609832763672,78.13020324707031
2013-07-03,120.73999786376953,83.458251953125,64.9206771850586,130.01747131347656,77.89653015136719
2013-07-05,118.08999633789062,84.63863372802734,65.4164047241211,131.42019653320312,75.24122619628906
2013-07-08,119.51000213623047,84.97828674316406,65.4794921875,132.169921875,75.97052764892578
2013-07-09,120.62000274658203,85.76805877685547,65.8760757446289,133.1211395263672,76.04844665527344
2013-07-10,120.94999694824219,86.00582122802734,66.254638671875,133.16954040527344,75.45365905761719
2013-07-11,124.23999786376953,87.01632690429688,67.5705337524414,134.98342895507812,76.33869934082031
2013-07-12,124.12999725341797,87.19468688964844,67.86795043945312,135.0398406982422,76.27503204345703
2013-07-15,124.18000030517578,87.95893096923828,68.02117919921875,135.5558319091797,76.67862701416016
2013-07-16,124.88999938964844,87.517333984375,67.93102264404297,135.0479278564453,76.94062805175781
2013-07-17,123.31999969482422,87.85704803466797,68.10224914550781,135.39462280273438,77.08224487304688
2013-07-18,124.01000213623047,88.44297790527344,67.93102264404297,136.13624572753906,76.1192626953125
2013-07-19,125.11000061035156,88.578857421875,67.22802734375,136.37806701660156,77.32300567626953
2013-07-22,128.83999633789062,88.76565551757812,67.42628479003906,136.64407348632812,77.43628692626953
2013-07-23,129.7100067138672,88.70623779296875,66.93059539794922,136.35386657714844,77.11055755615234
2013-07-24,127.4800033569336,87.9674301147461,67.14691162109375,135.85409545898438,76.13341522216797
2013-07-25,128.6699981689453,88.77418518066406,67.5705337524414,136.1845703125,76.10507202148438
2013-07-26,128.77999877929688,88.41751098632812,67.93102264404297,136.32968139648438,76.57241821289062
2013-07-29,128.47000122070312,87.79759979248047,67.80484771728516,135.9104766845703,76.0130615234375
2013-07-30,128.1199951171875,87.87400817871094,68.16537475585938,135.9104766845703,75.98471069335938
2013-07-31,127.95999908447266,88.0268783569336,68.29154968261719,136.00721740722656,76.26084899902344
2013-08-01,126.61000061035156,89.22422790527344,68.9855728149414,137.5792999267578,74.79142761230469
2013-08-02,126.36000061035156,89.3006820678711,69.37312316894531,137.81304931640625,75.61486053466797
2013-08-05,125.69999694824219,89.6063461303711,69.41815185546875,137.6114501953125,75.03282928466797
2013-08-06,123.97000122070312,88.70623779296875,69.00358581542969,136.82952880859375,75.25288391113281
2013-08-07,124.1500015258789,88.07780456542969,68.87741088867188,136.38612365722656,75.81367492675781
2013-08-08,126.86000061035156,88.44297790527344,69.21987915039062,136.8859405517578,76.01947784423828
2013-08-09,126.86000061035156,88.3495864868164,68.94048309326172,136.49095153808594,76.14017486572266
2013-08-12,129.1300048828125,88.81663513183594,69.10271453857422,136.32968139648438,75.6219711303711
2013-08-13,127.73999786376953,88.69773864746094,69.49028778076172,136.73277282714844,74.52877807617188
2013-08-14,129.0,88.3495864868164,69.22891998291016,136.0314178466797,74.64237976074219
2013-08-15,131.69000244140625,86.71062469482422,68.05721282958984,134.12890625,73.63432312011719
2013-08-16,132.5800018310547,86.3454818725586,68.03016662597656,133.68551635742188,73.37879180908203
2013-08-19,132.00999450683594,85.47081756591797,67.91300201416016,132.83099365234375,72.73995208740234
2013-08-20,132.4499969482422,86.70213317871094,68.2104263305664,133.4839630126953,73.30072784423828
2013-08-21,132.07000732421875,86.1756362915039,67.97610473632812,132.66171264648438,72.4985580444336
2013-08-22,132.80999755859375,87.3899917602539,68.64306640625,133.8709259033203,73.23685455322266
2013-08-23,134.89999389648438,87.61075592041016,69.10271453857422,134.32237243652344,74.03190612792969
2013-08-26,135.4499969482422,87.61927032470703,69.13880157470703,133.82257080078125,74.40098571777344
2013-08-27,136.75,85.564208984375,67.7237319946289,131.6700897216797,75.33804321289062
2013-08-28,136.7100067138672,85.73406219482422,67.98511505126953,132.1376953125,74.72748565673828
2013-08-29,135.8699951171875,86.59175109863281,68.46281433105469,132.34725952148438,75.32383728027344
2013-08-30,134.6199951171875,85.24152374267578,68.02117919921875,131.92808532714844,75.2386245727539
2013-09-03,136.4199981689453,85.81900787353516,68.40870666503906,132.5246124267578,74.177490234375
2013-09-04,134.66000366210938,86.57476806640625,69.13880157470703,133.62098693847656,74.01373291015625
2013-09-05,132.1999969482422,86.71062469482422,69.25593566894531,133.79029846191406,72.98171997070312
2013-09-06,134.14999389648438,86.94837951660156,69.3370590209961,133.8547821044922,73.34471130371094
2013-09-09,133.91000366210938,88.2646713256836,70.14822387695312,135.1365966796875,73.38030242919922
2013-09-10,131.74000549316406,89.13082122802734,70.49073028564453,136.13624572753906,72.86787414550781
2013-09-11,131.6999969482422,89.17328643798828,70.35551452636719,136.56346130371094,73.51551055908203
2013-09-12,127.66999816894531,88.51937103271484,70.31046295166016,136.20071411132812,73.4158706665039
2013-09-13,127.81999969482422,89.00344848632812,70.35551452636719,136.50704956054688,73.70054626464844
2013-09-16,126.44999694824219,89.19874572753906,70.166259765625,137.29708862304688,73.20953369140625
2013-09-17,126.5,90.08192443847656,70.63493347167969,137.90980529785156,73.81446075439453
2013-09-18,132.00999450683594,90.93959045410156,71.48217010498047,139.50596618652344,74.72547912597656
2013-09-19,131.75,90.84617614746094,71.65338897705078,139.27218627929688,74.28424072265625
2013-09-20,127.95999908447266,90.51500701904297,71.4074935913086,138.2984161376953,74.67567443847656
2013-09-23,127.55000305175781,90.52349853515625,71.26285552978516,137.65846252441406,75.22371673583984
2013-09-24,127.66000366210938,90.82405853271484,71.26285552978516,137.33441162109375,76.03509521484375
2013-09-25,128.7899932861328,90.65377807617188,71.01878356933594,136.9375,76.19169616699219
2013-09-26,127.79000091552734,91.1561279296875,71.57023620605469,137.4640655517578,75.6578598022461
2013-09-27,128.97000122070312,90.74745178222656,71.47981262207031,136.8321990966797,75.84292602539062
2013-09-30,128.17999267578125,90.77297973632812,71.30807495117188,136.10313415527344,75.72904968261719
2013-10-01,124.58999633789062,91.8287582397461,72.03126525878906,137.18051147460938,75.49925231933594
2013-10-02,127.05999755859375,91.45411682128906,72.00415802001953,137.05091857910156,75.61346435546875
2013-10-03,127.18000030517578,90.51753234863281,71.1634292602539,135.7871856689453,75.49215698242188
2013-10-04,126.52999877929688,91.12205505371094,71.77815246582031,136.81602478027344,75.43504333496094
2013-10-07,127.63999938964844,90.05774688720703,71.1815185546875,135.63328552246094,75.74188995361328
2013-10-08,127.4000015258789,88.60176849365234,69.80741882324219,134.0536346435547,75.76332092285156
2013-10-09,126.11000061035156,88.244140625,69.59044647216797,134.1508331298828,75.1567153930664
2013-10-10,124.2699966430664,90.37277221679688,71.06399536132812,137.0428009033203,75.27801513671875
2013-10-11,122.5999984741211,91.68402099609375,71.62448120117188,137.92584228515625,75.2566146850586
2013-10-14,122.83000183105469,92.1438217163086,72.1307373046875,138.47669982910156,74.65005493164062
2013-10-15,123.7300033569336,91.24126434326172,71.85049438476562,137.47219848632812,74.60009765625
2013-10-16,123.54000091552734,92.3736801147461,72.6640853881836,139.39212036132812,75.53491973876953
2013-10-17,127.41999816894531,93.18257141113281,73.07992553710938,140.32363891601562,76.219970703125
2013-10-18,126.8499984741211,94.24687957763672,74.26417541503906,141.27146911621094,76.38414001464844
2013-10-21,126.9800033569336,94.05955505371094,74.42692565917969,141.27960205078125,76.1415023803711
2013-10-22,129.33999633789062,94.30647277832031,74.535400390625,142.0978240966797,76.99068450927734
2013-10-23,128.69000244140625,93.9914321899414,74.0833511352539,141.41732788085938,77.29041290283203
2013-10-24,129.89999389648438,94.49378967285156,74.4087905883789,141.88714599609375,76.99068450927734
2013-10-25,130.4600067138672,94.57894134521484,74.94216918945312,142.5352325439453,77.27611541748047
2013-10-28,130.55999755859375,94.536376953125,74.96025848388672,142.76202392578125,77.01206970214844
2013-10-29,129.77000427246094,94.80883026123047,75.08682250976562,143.52354431152344,77.11199188232422
2013-10-30,129.60000610351562,93.51461791992188,75.01451110839844,142.81063842773438,76.648193359375
2013-10-31,127.73999786376953,92.96971893310547,74.84275817871094,142.40560913085938,76.81229400634766
2013-11-01,126.94999694824219,92.56951904296875,74.8608169555664,142.74581909179688,75.9808349609375
2013-11-04,126.80999755859375,93.63384246826172,74.96930694580078,143.24813842773438,76.05240631103516
2013-11-05,126.55999755859375,93.31028747558594,75.05066680908203,142.79444885253906,75.14369201660156
2013-11-06,127.19999694824219,92.91009521484375,75.03260040283203,143.52354431152344,75.17951202392578
2013-11-07,126.16000366210938,91.34342193603516,73.62235260009766,141.7089385986328,75.8162841796875
2013-11-08,124.27999877929688,93.0037612915039,74.61676025390625,143.62069702148438,73.99171447753906
2013-11-11,123.87000274658203,93.13147735595703,74.49920654296875,143.64501953125,73.71267700195312
2013-11-12,122.44999694824219,93.20811462402344,74.61676025390625,143.3534698486328,74.05609130859375
2013-11-13,122.8499984741211,94.1021499633789,75.52074432373047,144.5037384033203,74.3280029296875
2013-11-14,124.2699966430664,94.00846862792969,75.75578308105469,145.2246856689453,74.78592681884766
2013-11-15,124.31999969482422,94.3660888671875,75.90042114257812,145.85659790039062,74.9361801147461
2013-11-18,122.9000015258789,93.70193481445312,75.15914154052734,145.34629821777344,75.38700103759766
2013-11-19,122.94999694824219,93.12297821044922,74.94216918945312,145.0303497314453,74.81458282470703
2013-11-20,120.12000274658203,93.08892822265625,74.76136016845703,144.57667541503906,73.54092407226562
2013-11-21,119.94000244140625,94.76624298095703,75.52074432373047,145.74317932128906,73.66259765625
2013-11-22,119.91999816894531,95.23458099365234,75.92752838134766,146.47222900390625,74.3494644165039
2013-11-25,120.45999908447266,95.3537368774414,76.10834503173828,146.32647705078125,74.56414031982422
2013-11-26,119.81999969482422,96.06047821044922,76.50609588623047,146.3668975830078,74.8431625366211
2013-11-27,119.45999908447266,96.59688568115234,77.03947448730469,146.72340393066406,74.71438598632812
2013-11-29,120.69999694824219,96.6479721069336,77.50052642822266,146.62615966796875,74.73587799072266
2013-12-02,117.58000183105469,95.67730712890625,77.27449798583984,146.24539184570312,74.1545639038086
2013-12-03,117.95999908447266,95.21751403808594,77.21126556396484,145.61355590820312,74.42726135253906
2013-12-04,119.95999908447266,94.96208190917969,77.28353118896484,145.59738159179688,73.71675872802734
2013-12-05,118.30000305175781,95.03020477294922,77.18412017822266,144.95741271972656,73.50868225097656
2013-12-06,118.55000305175781,95.77095031738281,77.74458312988281,146.57763671875,73.86034393310547
2013-12-09,119.72000122070312,95.74542236328125,78.06100463867188,146.9501953125,74.03258514404297
2013-12-10,121.81999969482422,94.87693786621094,78.00678253173828,146.4237060546875,74.56362915039062
2013-12-11,120.86000061035156,93.31879425048828,77.00332641601562,144.7791748046875,73.989501953125
2013-12-12,118.29000091552734,93.52313232421875,76.80443572998047,144.30126953125,73.70963287353516
2013-12-13,119.37999725341797,93.82965850830078,76.70499420166016,144.28506469726562,74.06841278076172
2013-12-16,119.69000244140625,94.945068359375,77.12987518310547,145.18421936035156,73.79573822021484
2013-12-17,118.6500015258789,94.80883026123047,76.97620391845703,144.72251892089844,74.12588500976562
2013-12-18,117.61000061035156,96.11154174804688,77.87117004394531,147.19326782226562,73.75265502929688
2013-12-19,114.81999969482422,95.39632415771484,77.65422058105469,147.0231475830078,73.68091583251953
2013-12-20,115.94000244140625,97.00556182861328,78.44500732421875,147.87832641601562,74.81478881835938
2013-12-23,115.56999969482422,98.10560607910156,79.27022552490234,148.66836547851562,74.3913803100586
2013-12-24,116.0999984741211,98.48171997070312,79.30653381347656,148.9941864013672,73.79573822021484
2013-12-26,116.73999786376953,98.49021911621094,79.56953430175781,149.75169372558594,73.5113296508789
2013-12-27,117.12000274658203,98.4303970336914,79.3699951171875,149.7435302734375,73.30255126953125
2013-12-30,115.38999938964844,98.37055206298828,79.25212860107422,149.7191619873047,73.80656433105469
2013-12-31,116.12000274658203,98.60134887695312,79.76905059814453,150.42762756347656,73.33856201171875
2014-01-02,118.0,97.5329360961914,79.14327239990234,148.9860382080078,73.56172943115234
2014-01-03,119.29000091552734,98.02869415283203,78.57196044921875,148.9616241455078,73.56172943115234
2014-01-06,119.5,97.2337646484375,78.28179931640625,148.52996826171875,73.8713150024414
2014-01-07,118.81999969482422,98.04579162597656,79.00730895996094,149.44219970703125,74.05857849121094
2014-01-08,118.12000274658203,98.17398834228516,79.17957305908203,149.4747314453125,73.85692596435547
2014-01-09,118.45999908447266,98.19961547851562,78.91655731201172,149.57244873046875,74.28894805908203
2014-01-10,120.26000213623047,98.73810577392578,79.17051696777344,149.97972106933594,75.1745376586914
2014-01-13,121.0199966430664,97.38760375976562,78.0006332397461,147.98423767089844,75.54889678955078
2014-01-14,119.88999938964844,98.58424377441406,79.48792266845703,149.596923828125,75.20328521728516
2014-01-15,119.66000366210938,99.31932067871094,80.140869140625,150.4032440185547,75.12418365478516
2014-01-16,119.79000091552734,99.43896484375,80.14994049072266,150.20779418945312,75.62814331054688
2014-01-17,120.93000030517578,99.0885238647461,79.69649505615234,149.57244873046875,75.94491577148438
2014-01-21,119.69999694824219,99.67829132080078,80.30410766601562,150.01229858398438,76.0025405883789
2014-01-22,119.19000244140625,100.18258666992188,80.5126953125,150.1100311279297,75.81534576416016
2014-01-23,121.79000091552734,99.5073471069336,80.2406234741211,148.88014221191406,76.88807678222656
2014-01-24,122.29000091552734,96.96880340576172,78.66262817382812,145.7036590576172,77.38491821289062
2014-01-27,120.95999908447266,95.54998016357422,77.90089416503906,144.9869384765625,76.84490966796875
2014-01-28,120.94999694824219,96.55854797363281,77.85552215576172,145.85023498535156,77.03211212158203
2014-01-29,122.47000122070312,95.16533660888672,77.02120208740234,144.44935607910156,77.66571044921875
2014-01-30,119.7699966430664,96.58418273925781,78.44500732421875,145.98056030273438,77.44246673583984
2014-01-31,120.08999633789062,95.8662338256836,78.23641204833984,145.1253662109375,77.96088409423828
2014-02-03,121.31999969482422,92.86613464355469,76.4408187866211,141.85923767089844,78.91080474853516
2014-02-04,120.98999786376953,93.56698608398438,77.00306701660156,142.8529510498047,78.07353210449219
2014-02-05,121.29000091552734,92.86613464355469,76.80358123779297,142.6737518310547,77.3516845703125
2014-02-06,121.23999786376953,93.60118103027344,77.78298950195312,144.55519104003906,77.01961517333984
2014-02-07,122.16999816894531,94.66106414794922,79.17051696777344,146.34710693359375,77.0846176147461
2014-02-10,122.91999816894531,94.908935546875,79.62396240234375,146.61585998535156,77.30117797851562
2014-02-11,124.36000061035156,95.75511932373047,80.53079223632812,148.2204132080078,76.85360717773438
2014-02-12,124.43000030517578,96.13116455078125,80.68500518798828,148.29373168945312,76.45659637451172
2014-02-13,125.48999786376953,97.35344696044922,81.28353118896484,149.05931091308594,76.88973999023438
2014-02-14,127.1500015258789,97.49020385742188,81.4467544555664,149.88198852539062,76.93302154541016
2014-02-18,127.4000015258789,98.50731658935547,81.84580993652344,150.0611572265625,77.10623931884766
2014-02-19,126.2699966430664,97.4987564086914,81.28353118896484,149.06752014160156,76.78146362304688
2014-02-20,127.5999984741211,98.5500717163086,81.66442108154297,149.94715881347656,76.59374237060547
2014-02-21,127.58000183105469,98.8577651977539,81.55558013916016,149.776123046875,76.99798583984375
2014-02-24,128.99000549316406,99.58429718017578,81.99091339111328,150.60690307617188,76.80306243896484
2014-02-25,129.2100067138672,99.68687438964844,81.90023040771484,150.5498504638672,77.48881530761719
2014-02-26,128.11000061035156,100.30229949951172,81.82767486572266,150.5580291748047,77.90023803710938
2014-02-27,128.1999969482422,100.8492660522461,82.35856628417969,151.3480682373047,78.32612609863281
2014-02-28,127.62000274658203,100.44754791259766,82.26749420166016,151.73089599609375,78.36947631835938
2014-03-03,130.2899932861328,99.9090805053711,81.6573715209961,150.6638946533203,78.89260864257812
2014-03-04,128.67999267578125,102.42198944091797,82.69549560546875,152.78160095214844,77.7059097290039
2014-03-05,128.88999938964844,102.36213684082031,82.92313385009766,152.92005920410156,77.87238311767578
2014-03-06,130.1699981689453,102.34504699707031,82.85027313232422,153.270263671875,77.10535430908203
2014-03-07,129.08999633789062,102.3108901977539,82.4405517578125,153.3353729248047,76.62055206298828
2014-03-10,129.1300048828125,101.96898651123047,82.51336669921875,153.2539825439453,76.72909545898438
2014-03-11,129.86000061035156,100.90911102294922,82.15824890136719,152.49647521972656,76.93170166015625
2014-03-12,131.75999450683594,101.2168197631836,82.46784973144531,152.53720092773438,77.46713256835938
2014-03-13,132.2100067138672,100.04586791992188,81.3022232055664,150.82679748535156,78.50912475585938
2014-03-14,133.10000610351562,100.46464538574219,80.74673461914062,150.4032440185547,78.5235366821289
2014-03-17,131.63999938964844,100.90911102294922,81.45703125,151.76344299316406,77.93746185302734
2014-03-18,130.6199951171875,102.3792495727539,82.4405517578125,152.84674072265625,78.21966552734375
2014-03-19,128.08999633789062,101.71257781982422,81.9942855834961,152.03224182128906,77.61187744140625
2014-03-20,127.86000061035156,101.84929656982422,82.22196960449219,152.92005920410156,77.47441101074219
2014-03-21,128.47000122070312,101.37920379638672,81.23257446289062,152.3269805908203,78.3137435913086
2014-03-24,126.18000030517578,100.22534942626953,80.52066040039062,151.69699096679688,78.87088012695312
2014-03-25,126.41000366210938,100.20133209228516,80.78533935546875,152.41685485839844,78.57427215576172
2014-03-26,125.41000366210938,98.28181457519531,79.7448501586914,151.32069396972656,79.18925476074219
2014-03-27,124.58999633789062,98.03329467773438,79.29761505126953,151.0015869140625,79.58724212646484
2014-03-28,124.55999755859375,97.93904113769531,79.45279693603516,151.74606323242188,79.13861846923828
2014-03-31,123.61000061035156,99.69572448730469,80.0186538696289,152.98956298828125,78.94329833984375
2014-04-01,123.38999938964844,101.00686645507812,81.42424774169922,154.0039825439453,78.26858520507812
2014-04-02,124.31999969482422,101.46102905273438,81.63419342041016,154.5193328857422,77.8188247680664
2014-04-03,123.91999816894531,100.43269348144531,80.98612976074219,154.31488037109375,78.15982055664062
2014-04-04,125.56999969482422,98.11041259765625,78.8321304321289,152.49049377441406,78.68208312988281
2014-04-07,124.91000366210938,96.67931365966797,78.08368682861328,150.8052520751953,79.15367126464844
2014-04-08,126.08999633789062,97.35631561279297,78.80472564697266,151.4270477294922,79.34222412109375
2014-04-09,126.31999969482422,98.76167297363281,80.15553283691406,153.0550079345703,78.9505386352539
2014-04-10,127.01000213623047,95.94239807128906,77.67294311523438,149.83993530273438,79.68321990966797
2014-04-11,126.93000030517578,94.61412811279297,76.76933288574219,148.49012756347656,80.3288345336914
2014-04-14,127.8499984741211,94.87979125976562,77.37173461914062,149.6599578857422,80.11848449707031
2014-04-15,125.48999786376953,95.2482681274414,77.6273193359375,150.6907501220703,80.6190414428711
2014-04-16,125.54000091552734,96.28517150878906,78.65867614746094,152.26963806152344,80.72059631347656
2014-04-17,124.75,96.7650146484375,78.67694091796875,152.4823760986328,79.83555603027344
2014-04-21,124.23999786376953,97.21918487548828,79.26107025146484,153.0140838623047,79.77025604248047
2014-04-22,123.77999877929688,98.2218246459961,79.89086151123047,153.70941162109375,80.03872680664062
2014-04-23,123.76000213623047,97.60482025146484,79.18807983398438,153.34947204589844,80.49574279785156
2014-04-24,124.55999755859375,97.35631561279297,79.94561004638672,153.66033935546875,80.64805603027344
2014-04-25,125.43000030517578,95.64244079589844,78.6678237915039,152.4005584716797,80.76412200927734
2014-04-28,124.87999725341797,95.08543395996094,78.92337799072266,152.88320922851562,80.37236785888672
2014-04-29,124.86000061035156,95.32534790039062,79.55316925048828,153.59490966796875,80.2635498046875
2014-04-30,124.22000122070312,95.95953369140625,79.76307678222656,154.05308532714844,80.59727478027344
2014-05-01,123.80000305175781,95.92523193359375,80.00038146972656,154.0694122314453,81.46195220947266
2014-05-02,125.05999755859375,96.00237274169922,79.85437774658203,153.8485565185547,81.96373748779297
2014-05-05,126.22000122070312,95.88238525390625,80.27421569824219,154.14306640625,81.46920776367188
2014-05-06,125.9800033569336,94.32275390625,79.23369598388672,152.80142211914062,81.79644775390625
2014-05-07,124.16999816894531,94.38275146484375,79.00550842285156,153.70127868652344,81.50554656982422
2014-05-08,124.16999816894531,93.43153381347656,78.9325180053711,153.53765869140625,81.15648651123047
2014-05-09,124.0999984741211,94.28849029541016,79.22459411621094,153.76673889160156,80.89469909667969
2014-05-12,124.94000244140625,96.43083953857422,80.52974700927734,155.26382446289062,80.56745147705078
2014-05-13,124.5999984741211,95.48818969726562,80.58453369140625,155.40284729003906,81.26559448242188
2014-05-14,125.80999755859375,93.93714141845703,80.16468811035156,154.66661071777344,82.14547729492188
2014-05-15,124.7699966430664,93.3030014038086,79.53490447998047,153.30859375,82.79999542236328
2014-05-16,124.5,93.89432525634766,80.05514526367188,153.84036254882812,82.56729888916016
2014-05-19,124.58000183105469,94.90548706054688,80.61192321777344,154.40484619140625,81.9564437866211
2014-05-20,124.69000244140625,93.45726013183594,80.31986999511719,153.43136596679688,82.13822937011719
2014-05-21,124.38999938964844,93.93714141845703,81.08653259277344,154.72390747070312,81.63645935058594
2014-05-22,124.66999816894531,94.91404724121094,81.4425048828125,155.1002197265625,81.52011108398438
2014-05-23,124.51000213623047,95.9509506225586,82.03575134277344,155.72193908691406,81.9564437866211
2014-05-27,121.8499984741211,97.33061218261719,83.05802154541016,156.6790771484375,82.43643188476562
2014-05-28,121.19999694824219,96.82501983642578,82.8024673461914,156.56455993652344,83.45450592041016
2014-05-29,120.94000244140625,97.15066528320312,83.33184051513672,157.37445068359375,83.01093292236328
2014-05-30,120.43000030517578,96.713623046875,83.34095001220703,157.62808227539062,82.97452545166016
2014-06-02,119.69999694824219,96.19088745117188,83.25881958007812,157.80809020996094,82.3576889038086
2014-06-03,120.01000213623047,95.95953369140625,83.22235107421875,157.7262725830078,81.34428405761719
2014-06-04,119.76000213623047,96.33655548095703,83.53263092041016,158.04525756835938,81.3224105834961
2014-06-05,120.66000366210938,98.35892486572266,84.23548126220703,159.0760955810547,81.35887908935547
2014-06-06,120.61000061035156,99.30155944824219,84.71919250488281,159.8368682861328,81.35887908935547
2014-06-09,120.6500015258789,100.17565155029297,84.65528869628906,160.0005340576172,81.24223327636719
2014-06-10,121.38999938964844,99.9785385131836,84.80134582519531,160.0168914794922,80.94329071044922
2014-06-11,121.41000366210938,99.49010467529297,84.7830581665039,159.4605255126953,81.08911895751953
2014-06-12,122.63999938964844,98.88165283203125,84.01638793945312,158.3316192626953,81.8108901977539
2014-06-13,122.95999908447266,99.05303192138672,84.26282501220703,158.8142852783203,81.76715850830078
2014-06-16,122.41999816894531,99.53292846679688,84.33586120605469,158.94515991210938,81.97135162353516
2014-06-17,122.27999877929688,100.235595703125,84.3814926147461,159.38690185546875,81.3224105834961
2014-06-18,122.66999816894531,100.91258239746094,84.8561019897461,160.5568084716797,81.94947052001953
2014-06-19,126.94000244140625,100.998291015625,84.80134582519531,160.73680114746094,80.89957427978516
2014-06-20,126.5,101.33247375488281,84.90107727050781,161.06314086914062,81.51197052001953
2014-06-23,126.8499984741211,101.13538360595703,84.91937255859375,161.0137939453125,81.25680541992188
2014-06-24,126.9800033569336,100.05564880371094,84.8370361328125,160.0437774658203,82.08068084716797
2014-06-25,126.98999786376953,100.90400695800781,85.3769760131836,160.76724243164062,82.29212951660156
2014-06-26,126.7300033569336,100.73263549804688,85.4227294921875,160.65213012695312,82.685791015625
2014-06-27,126.66000366210938,101.40959167480469,85.79796600341797,160.9644775390625,82.56182861328125
2014-06-30,128.0399932861328,101.8123779296875,85.94441223144531,160.8822479248047,82.76599884033203
2014-07-01,127.69999694824219,102.84927368164062,86.88703155517578,161.95907592773438,82.07305145263672
2014-07-02,127.69999694824219,102.45268249511719,87.033447265625,162.12350463867188,81.19586944580078
2014-07-03,127.16000366210938,103.07205200195312,87.5825424194336,162.92083740234375,80.90348815917969
2014-07-07,127.0199966430664,101.3086166381836,87.31719207763672,162.35360717773438,81.49564361572266
2014-07-08,127.06999969482422,100.0784683227539,86.26469421386719,161.3096923828125,82.40929412841797
2014-07-09,127.83999633789062,100.20751190185547,86.90532684326172,162.03306579589844,82.47509002685547
2014-07-10,128.5399932861328,99.14082336425781,86.6307601928711,161.3919219970703,82.49698638916016
2014-07-11,128.77999877929688,99.01179504394531,87.18901824951172,161.61390686035156,83.02330780029297
2014-07-14,125.72000122070312,99.5193099975586,87.71066284179688,162.42767333984375,82.66514587402344
2014-07-15,124.52999877929688,98.53870391845703,87.40867614746094,162.12350463867188,82.49698638916016
2014-07-16,124.97000122070312,98.27202606201172,87.75645446777344,162.7235870361328,82.93563079833984
2014-07-17,127.08999633789062,96.75802612304688,86.59416961669922,160.87408447265625,83.98087310791016
2014-07-18,126.12999725341797,98.26341247558594,87.9669189453125,162.51809692382812,83.7104721069336
2014-07-21,126.33999633789062,97.86770629882812,87.85711669921875,162.2138671875,84.12706756591797
2014-07-22,125.73999786376953,98.69352722167969,88.41539001464844,162.92083740234375,84.30253601074219
2014-07-23,125.62000274658203,98.81396484375,88.98277282714844,163.28253173828125,84.19290161132812
2014-07-24,124.3499984741211,98.61608123779297,88.882080078125,163.29075622558594,83.56417846679688
2014-07-25,125.79000091552734,97.7214584350586,88.53433227539062,162.52635192871094,84.55104064941406
2014-07-28,125.58000183105469,97.23114776611328,88.5617904663086,162.59205627441406,84.43408203125
2014-07-29,125.19999694824219,97.4977798461914,88.40621948242188,161.89334106445312,84.74108123779297
2014-07-30,124.83000183105469,97.88490295410156,88.75397491455078,161.9180145263672,83.56417846679688
2014-07-31,123.38999938964844,95.64832305908203,86.96024322509766,158.7204132080078,83.31568908691406
2014-08-01,124.37999725341797,95.20958709716797,86.63994598388672,158.2353973388672,83.96062469482422
2014-08-04,123.98999786376953,96.05264282226562,87.23480224609375,159.37802124023438,83.74076843261719
2014-08-05,123.87000274658203,95.81175231933594,86.56668090820312,157.83262634277344,84.01197052001953
2014-08-06,125.66999816894531,96.11285400390625,86.50264739990234,157.88201904296875,84.06324768066406
2014-08-07,126.18000030517578,95.64832305908203,86.22808837890625,157.02706909179688,84.84747314453125
2014-08-08,126.19000244140625,96.57738494873047,86.85039520263672,158.84373474121094,84.66423797607422
2014-08-11,125.95999908447266,97.4977798461914,87.36292266845703,159.30406188964844,84.65694427490234
2014-08-12,125.98999786376953,96.82682037353516,87.3263168334961,159.08209228515625,84.10723876953125
2014-08-13,126.19999694824219,97.58382415771484,88.25064086914062,160.158935546875,84.65694427490234
2014-08-14,126.30999755859375,97.73006439208984,88.708251953125,160.91513061523438,85.3384780883789
2014-08-15,125.4800033569336,97.54080963134766,89.13835144042969,160.8822479248047,86.269287109375
2014-08-18,124.95999908447266,98.96017456054688,89.82476806640625,162.23036193847656,85.4117660522461
2014-08-19,124.68000030517578,99.30426025390625,90.3281021118164,163.0770263671875,85.14794921875
2014-08-20,124.22000122070312,98.88275909423828,90.3281021118164,163.51268005371094,85.00872039794922
2014-08-21,122.87999725341797,99.09780883789062,90.51111602783203,163.98944091796875,85.48506164550781
2014-08-22,123.19000244140625,99.10645294189453,90.64837646484375,163.73464965820312,85.9614028930664
2014-08-25,122.73999786376953,99.57095336914062,90.96871948242188,164.56488037109375,86.28392791748047
2014-08-26,123.3499984741211,100.47418975830078,91.06023406982422,164.67169189453125,86.00543212890625
2014-08-27,123.31999969482422,100.2247314453125,91.07853698730469,164.60595703125,86.73834228515625
2014-08-28,124.0,99.70858764648438,90.97787475585938,164.5155029296875,87.19274139404297
2014-08-29,123.86000061035156,100.2677230834961,91.31648254394531,164.98410034179688,87.25135040283203
2014-09-02,121.6500015258789,100.81826782226562,91.58187103271484,164.90188598632812,85.7462158203125
2014-09-03,122.1500015258789,100.18172454833984,91.04191589355469,164.81143188476562,86.22368621826172
2014-09-04,121.4800033569336,99.79460906982422,90.95956420898438,164.5730743408203,85.17324829101562
2014-09-05,122.05999755859375,100.11290740966797,91.41715240478516,165.31285095214844,85.0116195678711
2014-09-08,120.7300033569336,100.2677230834961,91.5910415649414,164.8854217529297,85.04840087890625
2014-09-09,120.87000274658203,99.08060455322266,90.83145904541016,163.8414764404297,84.9822769165039
2014-09-10,120.26000213623047,99.66558837890625,91.58187103271484,164.45799255371094,84.44605255126953
2014-09-11,119.47000122070312,100.31074523925781,91.50868225097656,164.6470489501953,84.16688537597656
2014-09-12,118.37999725341797,99.24409484863281,91.04191589355469,163.68533325195312,83.28539276123047
2014-09-15,118.63999938964844,98.16016387939453,90.16336059570312,163.56198120117188,83.4103012084961
2014-09-16,118.83000183105469,98.4354476928711,90.95042419433594,164.7950439453125,83.07240295410156
2014-09-17,117.54000091552734,98.69352722167969,91.08768463134766,165.01695251464844,82.85935974121094
2014-09-18,117.77999877929688,99.29566955566406,91.77406311035156,165.89651489257812,83.12380981445312
2014-09-19,117.08999633789062,98.03975677490234,91.71720886230469,165.7470703125,84.18160247802734
2014-09-22,116.8499984741211,96.66337585449219,90.8640365600586,164.4669189453125,84.2844467163086
2014-09-23,117.5999984741211,95.7601547241211,90.61637878417969,163.5254364013672,84.80599975585938
2014-09-24,117.05000305175781,96.62705993652344,91.58877563476562,164.80555725097656,84.3358383178711
2014-09-25,117.38999938964844,94.99676513671875,89.66230010986328,162.1463623046875,85.33485412597656
2014-09-26,117.05999755859375,95.85072326660156,90.61637878417969,163.43463134765625,85.2099838256836
2014-09-29,117.02999877929688,95.77310180664062,90.49711608886719,163.1373291015625,85.89313507080078
2014-09-30,116.20999908447266,94.323974609375,90.62552642822266,162.7079315185547,85.40830993652344
2014-10-01,116.7699966430664,92.98694610595703,89.17610931396484,160.5029296875,87.06449890136719
2014-10-02,116.73999786376953,93.87540435791016,89.17610931396484,160.5277099609375,86.30599212646484
2014-10-03,114.61000061035156,94.58271789550781,90.05677795410156,162.2949676513672,86.6741714477539
2014-10-06,116.02999877929688,93.77188873291016,89.8641357421875,162.10501098632812,86.7257308959961
2014-10-07,116.36000061035156,92.22786712646484,88.58902740478516,159.60276794433594,87.89659881591797
2014-10-08,117.47000122070312,93.99618530273438,90.31363677978516,162.39407348632812,87.9187240600586
2014-10-09,117.63999938964844,91.46012878417969,88.85505676269531,159.17335510253906,87.53581237792969
2014-10-10,117.58999633789062,90.347412109375,86.63506317138672,157.35641479492188,88.40474700927734
2014-10-13,118.5199966430664,89.98513793945312,85.27734375,154.77151489257812,88.94227600097656
2014-10-14,118.58999633789062,91.03751373291016,85.28654479980469,155.010986328125,89.5240707397461
2014-10-15,118.98999786376953,91.95183563232422,84.73612213134766,153.96221923828125,90.23097229003906
2014-10-16,119.22000122070312,92.98694610595703,84.20405578613281,153.83010864257812,89.65660095214844
2014-10-17,118.98999786376953,92.71090698242188,85.31405639648438,155.64698791503906,89.15585327148438
2014-10-20,119.80000305175781,93.7977523803711,86.58917999267578,157.15829467773438,89.4798583984375
2014-10-21,120.0199966430664,95.34181213378906,88.86422729492188,160.27169799804688,88.76557922363281
2014-10-22,119.33999633789062,93.9789047241211,88.40555572509766,159.13201904296875,88.86128234863281
2014-10-23,118.5199966430664,95.64370727539062,89.73571014404297,160.98187255859375,88.07334899902344
2014-10-24,118.3499984741211,95.8076171875,90.4696044921875,162.2206573486328,88.16171264648438
2014-10-27,118.05999755859375,95.75582122802734,90.5338134765625,161.99766540527344,88.32373046875
2014-10-28,118.0999984741211,98.48162078857422,91.90069580078125,163.85586547851562,87.77139282226562
2014-10-29,116.41000366210938,98.24870300292969,91.5612564086914,163.6080780029297,87.97026824951172
2014-10-30,115.19000244140625,99.08544158935547,91.7538833618164,164.65689086914062,88.04389953613281
2014-10-31,112.66000366210938,100.54318237304688,93.01983642578125,166.5398406982422,87.81562805175781
2014-11-03,112.1500015258789,100.37066650390625,93.29503631591797,166.63063049316406,87.81562805175781
2014-11-04,112.22000122070312,99.90489959716797,92.983154296875,166.05259704589844,88.08876037597656
2014-11-05,109.79000091552734,100.08604431152344,92.99234008789062,167.1013946533203,87.96327209472656
2014-11-06,109.87999725341797,100.51732635498047,93.28585052490234,167.7703399658203,87.39481353759766
2014-11-07,112.97000122070312,100.67256927490234,93.20330810546875,167.9272918701172,88.39879608154297
2014-11-10,110.45999908447266,101.17288970947266,93.53355407714844,168.45578002929688,87.58675384521484
2014-11-11,112.04000091552734,101.24190521240234,93.82709503173828,168.6209716796875,87.64583587646484
2014-11-12,111.5,101.69905853271484,93.99223327636719,168.4392547607422,87.57201385498047
2014-11-13,111.66999816894531,100.83651733398438,94.3958511352539,168.62924194335938,87.77872467041016
2014-11-14,114.47000122070312,100.65533447265625,94.68941497802734,168.6705322265625,88.20687103271484
2014-11-17,114.05000305175781,99.81864166259766,94.40506744384766,168.7778778076172,87.9853744506836
2014-11-18,115.05000305175781,100.39655303955078,95.11143493652344,169.75238037109375,88.22899627685547
2014-11-19,113.68000030517578,99.32695770263672,94.68024444580078,169.4799041748047,87.66798400878906
2014-11-20,114.86000061035156,100.43968200683594,95.10221099853516,169.7771759033203,88.12562561035156
2014-11-21,115.38999938964844,100.56046295166016,95.28572845458984,170.6856231689453,88.65716552734375
2014-11-24,115.11000061035156,101.7594223022461,96.02877044677734,171.16456604003906,88.73095703125
2014-11-25,115.37999725341797,101.83706665039062,96.17552185058594,171.0407257080078,89.46913146972656
2014-11-26,115.16000366210938,102.1734848022461,96.79931640625,171.47842407226562,89.71273040771484
2014-11-28,112.11000061035156,100.65533447265625,97.24882507324219,171.114990234375,90.42142486572266
2014-12-01,116.58000183105469,99.08544158935547,96.14802551269531,169.92581176757812,89.89391326904297
2014-12-02,115.13999938964844,100.27578735351562,96.5333023071289,171.02418518066406,89.0208969116211
2014-12-03,116.33000183105469,101.24190521240234,96.70762634277344,171.68484497070312,89.36858367919922
2014-12-04,115.87999725341797,100.75884246826172,96.66175079345703,171.49493408203125,90.11585998535156
2014-12-05,114.43000030517578,101.51791381835938,96.67090606689453,171.7756805419922,89.59059143066406
2014-12-08,115.77999877929688,100.24991607666016,95.98285675048828,170.62779235839844,90.68558502197266
2014-12-09,118.19000244140625,101.93196105957031,96.28564453125,170.5121612548828,91.15168762207031
2014-12-10,117.95999908447266,99.76687622070312,94.77200317382812,167.77859497070312,91.81755065917969
2014-12-11,117.69000244140625,100.16368865966797,95.22148895263672,168.62924194335938,92.19490814208984
2014-12-12,117.41000366210938,98.94743347167969,94.18486785888672,165.90391540527344,93.44529724121094
2014-12-15,114.38999938964844,97.94681549072266,93.21249389648438,164.76425170898438,93.25288391113281
2014-12-16,114.94999694824219,97.80880737304688,91.71720886230469,163.44290161132812,94.40707397460938
2014-12-17,114.2699966430664,100.82785034179688,93.38680267333984,166.64720153808594,93.5562515258789
2014-12-18,115.1500015258789,102.32878112792969,95.63430786132812,170.76815795898438,91.89154815673828
2014-12-19,114.7699966430664,102.56166076660156,96.05512237548828,171.4947967529297,93.12713623046875
2014-12-22,112.55000305175781,103.26036071777344,96.29450988769531,172.2836151123047,93.25288391113281
2014-12-23,112.73999786376953,103.38975524902344,95.95381164550781,172.51611328125,91.40323638916016
2014-12-24,112.7699966430664,103.68843841552734,96.03667449951172,172.53274536132812,91.9007339477539
2014-12-26,114.83000183105469,104.36376953125,96.71804809570312,173.08912658691406,92.2418212890625
2014-12-29,113.66999816894531,104.80535888671875,96.69965362548828,173.3216552734375,92.93135833740234
2014-12-30,115.19999694824219,104.19059753417969,96.05512237548828,172.3916015625,93.18345642089844
2014-12-31,113.58000183105469,103.5672378540039,95.06988525390625,170.6809844970703,93.36135864257812
2015-01-02,114.08000183105469,102.96984100341797,94.784423828125,170.58961486816406,94.39935302734375
2015-01-05,115.80000305175781,101.59323120117188,93.39407348632812,167.50880432128906,95.88228607177734
2015-01-06,117.12000274658203,99.83561706542969,92.14179992675781,165.9310760498047,97.60977172851562
2015-01-07,116.43000030517578,101.0650863647461,93.3296127319336,167.998779296875,97.4170150756836
2015-01-08,115.94000244140625,102.77931213378906,95.11590576171875,170.97987365722656,96.12692260742188
2015-01-09,117.26000213623047,101.7923355102539,94.48979949951172,169.6097412109375,97.17974090576172
2015-01-12,118.55999755859375,101.45469665527344,93.5045394897461,168.28109741210938,97.73583984375
2015-01-13,118.16000366210938,101.53260040283203,93.4769287109375,167.80775451660156,97.73583984375
2015-01-14,117.97000122070312,101.12567138671875,92.9613037109375,166.79464721679688,98.47724914550781
2015-01-15,120.94000244140625,99.4200439453125,91.7551040649414,165.26673889160156,100.02692413330078
2015-01-16,122.5199966430664,101.03907012939453,92.83238983154297,167.43409729003906,98.75164794921875
2015-01-20,124.19999694824219,100.61485290527344,93.56902313232422,167.79116821289062,100.06392669677734
2015-01-21,124.2300033569336,100.29450225830078,94.04782104492188,168.63815307617188,98.90731811523438
2015-01-22,125.2300033569336,102.33777618408203,95.78807830810547,171.14599609375,98.55144500732422
2015-01-23,124.2300033569336,102.26851654052734,95.99983215332031,170.2076416015625,99.92303466796875
2015-01-26,122.98999786376953,103.25555419921875,95.88936614990234,170.60621643066406,99.61908721923828
2015-01-27,124.4000015258789,102.76203155517578,93.40325927734375,168.35581970214844,99.77477264404297
2015-01-28,123.41999816894531,101.03046417236328,92.92446899414062,166.19674682617188,101.40593719482422
2015-01-29,120.76000213623047,102.42436981201172,93.81761169433594,167.73304748535156,100.73858642578125
2015-01-30,123.44999694824219,100.17330169677734,93.09021759033203,165.6238555908203,102.52549743652344
2015-02-02,122.41999816894531,101.09102630615234,93.90048217773438,167.67489624023438,102.13838195800781
2015-02-03,121.05000305175781,102.90055084228516,94.80282592773438,170.09970092773438,99.97644805908203
2015-02-04,121.58000183105469,102.51961517333984,94.719970703125,169.45199584960938,100.1473617553711
2015-02-05,121.79000091552734,103.84427642822266,95.53948974609375,171.16265869140625,99.04780578613281
2015-02-06,118.63999938964844,103.73171997070312,94.95938110351562,170.6892852783203,97.29448699951172
2015-02-09,119.16999816894531,102.90918731689453,94.65555572509766,169.9253387451172,97.13846588134766
2015-02-10,118.47000122070312,103.5672378540039,96.12873840332031,171.73556518554688,96.36583709716797
2015-02-11,117.06999969482422,103.4200439453125,96.47863006591797,171.83522033691406,96.54415130615234
2015-02-12,117.33999633789062,104.59752655029297,97.60199737548828,173.4877471923828,96.22466278076172
2015-02-13,117.9800033569336,105.22089385986328,98.4399185180664,174.20187377929688,95.236572265625
2015-02-17,116.01000213623047,105.54991912841797,98.53196716308594,174.4759063720703,93.8027572631836
2015-02-18,116.33999633789062,105.66246032714844,98.67008972167969,174.4925079345703,94.35992431640625
2015-02-19,115.94000244140625,105.67112731933594,99.15811920166016,174.3679656982422,93.73584747314453
2015-02-20,115.27999877929688,105.95683288574219,99.82107543945312,175.4142303466797,94.01075744628906
2015-02-23,115.43000030517578,106.06073760986328,99.92233276367188,175.38934326171875,95.08804321289062
2015-02-24,115.26000213623047,106.19930267333984,99.99598693847656,175.8875732421875,96.33615112304688
2015-02-25,115.69999694824219,106.32047271728516,99.74736785888672,175.7381134033203,96.75216674804688
2015-02-26,116.06999969482422,106.7101058959961,100.25382232666016,175.53053283691406,95.42974853515625
2015-02-27,116.16000366210938,106.13001251220703,99.81185913085938,174.9326171875,96.23213195800781
2015-03-02,115.68000030517578,106.90055084228516,100.71420288085938,176.03707885742188,94.43961334228516
2015-03-03,115.47000122070312,106.26853942871094,100.24462127685547,175.31454467773438,94.09720611572266
2015-03-04,115.11000061035156,105.93953704833984,99.85790252685547,174.57554626464844,94.12699127197266
2015-03-05,115.0,106.25121307373047,100.03284454345703,174.76657104492188,94.00789642333984
2015-03-06,111.86000061035156,104.90921783447266,98.90030670166016,172.30853271484375,91.93101501464844
2015-03-09,111.97000122070312,105.36809539794922,99.18572235107422,173.02264404296875,92.77970886230469
2015-03-10,111.41999816894531,104.15596008300781,97.34417724609375,170.21591186523438,94.00045776367188
2015-03-11,110.75,104.79667663574219,96.78250885009766,169.8173370361328,94.68526458740234
2015-03-12,110.72000122070312,106.53694152832031,97.41783905029297,171.9763946533203,94.61825561523438
2015-03-13,110.87999725341797,106.1559829711914,96.9942855834961,170.92178344726562,94.32796478271484
2015-03-16,110.80999755859375,106.77936553955078,98.24653625488281,173.2053985595703,95.23613739013672
2015-03-17,110.20999908447266,107.06510162353516,98.403076171875,172.6905059814453,96.0251693725586
2015-03-18,112.37000274658203,107.92222595214844,99.3698959350586,174.76657104492188,97.8786392211914
2015-03-19,112.29000091552734,108.1299819946289,99.5172119140625,173.9693603515625,97.37989044189453
2015-03-20,113.56999969482422,109.08238220214844,100.16139221191406,175.50497436523438,97.89356231689453
2015-03-23,114.29000091552734,108.98715209960938,99.96758270263672,175.1629638671875,97.77446746826172
2015-03-24,114.56999969482422,108.96116638183594,99.60763549804688,174.1787567138672,98.71979522705078
2015-03-25,114.7300033569336,106.35845184326172,97.328125,171.6263427734375,97.8861083984375
2015-03-26,115.4800033569336,106.22820281982422,96.99589538574219,171.21768188476562,96.36013793945312
2015-03-27,115.05999755859375,106.90555572509766,97.38346099853516,171.60960388183594,97.55857849121094
2015-03-30,113.75,108.35585021972656,98.50016021728516,173.70326232910156,97.07476043701172
2015-03-31,113.66000366210938,108.00849151611328,97.45732116699219,172.18521118164062,97.28312683105469
2015-04-01,115.5999984741211,108.0519027709961,96.94975280761719,171.5762939453125,98.56098937988281
2015-04-02,115.27999877929688,108.25164794921875,97.01432037353516,172.1935272216797,97.51665496826172
2015-04-06,116.69000244140625,108.7292709350586,97.80802154541016,173.35293579101562,96.97211456298828
2015-04-07,116.11000061035156,108.03451538085938,97.64189147949219,172.89419555664062,97.78512573242188
2015-04-08,115.47000122070312,108.96378326416016,98.4171142578125,173.47804260253906,97.81504821777344
2015-04-09,114.66999816894531,108.57298278808594,99.03546142578125,174.2454376220703,96.54691314697266
2015-04-10,115.97000122070312,109.09403991699219,99.44154357910156,175.1963348388672,96.68865966796875
2015-04-13,115.13999938964844,109.16351318359375,99.19234466552734,174.40394592285156,96.82292175292969
2015-04-14,114.44000244140625,109.1374740600586,98.90625,174.73756408691406,97.50914001464844
2015-04-15,115.43000030517578,109.9017105102539,99.52460479736328,175.5216064453125,97.42716217041016
2015-04-16,115.02999877929688,109.84088134765625,99.38616943359375,175.47161865234375,96.9422836303711
2015-04-17,115.5999984741211,108.06059265136719,97.83567810058594,173.45306396484375,98.05376434326172
2015-04-20,114.72000122070312,109.12007141113281,99.30309295654297,175.037841796875,97.18842315673828
2015-04-21,115.37999725341797,109.00718688964844,99.72760772705078,174.829345703125,96.74835968017578
2015-04-22,113.83000183105469,109.1722183227539,100.27213287353516,175.68849182128906,95.2713623046875
2015-04-23,114.66000366210938,109.66722869873047,100.65049743652344,176.13050842285156,95.68162536621094
2015-04-24,113.05000305175781,109.30245971679688,102.0163803100586,176.53924560546875,96.27840423583984
2015-04-27,115.33000183105469,108.0953369140625,101.75797271728516,175.80520629882812,96.27840423583984
2015-04-28,116.33000183105469,108.69454956054688,101.554931640625,176.36407470703125,94.95062255859375
2015-04-29,115.51000213623047,107.51349639892578,100.91812896728516,175.6384735107422,93.78697967529297
2015-04-30,113.47000122070312,105.23816680908203,99.33078002929688,173.87847900390625,93.95109558105469
2015-05-01,113.08000183105469,105.92422485351562,100.64129638671875,175.76353454589844,92.68630981445312
2015-05-04,114.0999984741211,106.30635070800781,100.80738830566406,176.2639923095703,91.81182098388672
2015-05-05,114.41999816894531,104.95155334472656,99.16465759277344,174.2454376220703,91.68470001220703
2015-05-06,114.36000061035156,105.31629180908203,98.48169708251953,173.52809143066406,90.11504364013672
2015-05-07,113.41999816894531,105.71578216552734,99.07238006591797,174.220458984375,91.32592010498047
2015-05-08,113.97000122070312,106.50607299804688,100.30905151367188,176.51419067382812,91.5726318359375
2015-05-11,113.52999877929688,106.56686401367188,99.92142486572266,175.6717529296875,89.34513092041016
2015-05-12,114.5,106.37580108642578,99.46923065185547,175.14630126953125,89.57687377929688
2015-05-13,116.55000305175781,106.37580108642578,99.67227935791016,175.17965698242188,88.85930633544922
2015-05-14,117.18000030517578,107.50480651855469,101.13040161132812,177.00640869140625,89.09844207763672
2015-05-15,117.52999877929688,107.38318634033203,101.13040161132812,177.1981658935547,90.88492584228516
2015-05-18,117.5199966430664,108.59903717041016,101.57341003417969,177.7487030029297,89.36006927490234
2015-05-19,115.88999938964844,108.4513931274414,101.462646484375,177.69033813476562,88.56776428222656
2015-05-20,116.08000183105469,108.651123046875,101.52725982666016,177.565185546875,88.71725463867188
2015-05-21,115.69000244140625,108.52953338623047,102.05330657958984,178.0823974609375,89.95807647705078
2015-05-22,115.5999984741211,108.06059265136719,101.9518051147461,177.6570281982422,89.99543762207031
2015-05-26,113.91000366210938,107.02716064453125,100.77971649169922,175.74693298339844,91.53520965576172
2015-05-27,113.88999938964844,108.3385009765625,102.40399169921875,177.4150848388672,91.74451446533203
2015-05-28,114.0199966430664,108.24295806884766,102.17324829101562,177.2148895263672,91.52030944824219
2015-05-29,114.0999984741211,107.59164428710938,101.5641860961914,176.1138458251953,91.72209930419922
2015-06-01,114.0,107.9303207397461,101.90564727783203,176.4725341796875,90.73631286621094
2015-06-02,114.45999908447266,108.1387710571289,101.58263397216797,176.29737854003906,89.47040557861328
2015-06-03,113.63999938964844,109.21562194824219,101.88720703125,176.76443481445312,88.03208923339844
2015-06-04,112.83999633789062,108.12138366699219,101.11195373535156,175.2714080810547,89.1781997680664
2015-06-05,112.23999786376953,108.90296173095703,100.87201690673828,174.9711151123047,88.09207153320312
2015-06-08,112.56999969482422,108.3992691040039,99.8476333618164,173.89512634277344,87.99468994140625
2015-06-09,112.81999969482422,108.06929016113281,99.68148803710938,173.8701171875,87.29802703857422
2015-06-10,113.77999877929688,109.41535949707031,101.04739379882812,175.95538330078125,86.5339584350586
2015-06-11,113.26000213623047,109.69326782226562,101.19503784179688,176.52259826660156,88.35425567626953
2015-06-12,113.2300033569336,109.36325073242188,100.36443328857422,175.17129516601562,88.35425567626953
2015-06-15,113.7300033569336,109.01588439941406,99.86608123779297,174.420654296875,88.49655151367188
2015-06-16,113.31999969482422,109.78880310058594,100.41058349609375,175.3715057373047,89.19319152832031
2015-06-17,113.8499984741211,109.6238021850586,100.68740844726562,175.65509033203125,88.50404357910156
2015-06-18,115.31999969482422,111.09144592285156,102.15483856201172,177.48178100585938,88.0695571899414
2015-06-19,115.12000274658203,111.03936004638672,101.6497802734375,176.6938934326172,89.2007064819336
2015-06-22,113.63999938964844,111.8035888671875,102.39904022216797,177.59915161132812,87.38043212890625
2015-06-23,112.88999938964844,112.03804779052734,102.48229217529297,177.72488403320312,86.85604858398438
2015-06-24,112.58999633789062,111.09144592285156,101.9550552368164,176.43405151367188,87.6051254272461
2015-06-25,112.44000244140625,111.03068542480469,101.75151062011719,175.89767456054688,87.29802703857422
2015-06-26,112.55999755859375,110.7267074584961,101.07623291015625,175.86416625976562,86.3167495727539
2015-06-29,113.06999969482422,107.9303207397461,98.68977355957031,172.1761932373047,88.60140228271484
2015-06-30,112.37000274658203,108.43402099609375,99.0412368774414,172.5366668701172,87.98715209960938
2015-07-01,111.9800033569336,108.75536346435547,99.82749938964844,173.91957092285156,86.79950714111328
2015-07-02,111.76000213623047,107.9521255493164,99.85523986816406,173.76034545898438,87.08475494384766
2015-07-06,112.05999755859375,107.91722869873047,99.62397003173828,173.26580810546875,88.6988525390625
2015-07-07,110.76000213623047,108.039306640625,99.8737564086914,174.35546875,89.53219604492188
2015-07-08,111.08999633789062,106.3910140991211,98.13471221923828,171.4302215576172,90.30543518066406
2015-07-09,111.36000061035156,106.77474212646484,98.07920837402344,171.7403564453125,88.52619171142578
2015-07-10,111.48999786376953,108.25736999511719,99.57775115966797,173.9027862548828,87.12235260009766
2015-07-13,110.98999786376953,109.47833251953125,101.32598876953125,175.82220458984375,86.85208129882812
2015-07-14,110.73999786376953,110.08883666992188,101.99202728271484,176.5849609375,87.13735961914062
2015-07-15,110.16000366210938,109.50453186035156,102.10301208496094,176.52626037597656,88.06073760986328
2015-07-16,109.76000213623047,110.15859985351562,103.54605102539062,177.94281005859375,88.66883087158203
2015-07-17,108.6500015258789,109.67894744873047,105.07231903076172,178.09365844726562,89.12679290771484
2015-07-20,105.69999694824219,109.08590698242188,105.43309020996094,178.1858367919922,88.75141143798828
2015-07-21,105.37000274658203,108.57133483886719,105.36832427978516,177.4817657470703,89.23186492919922
2015-07-22,104.80000305175781,108.97250366210938,104.17506408691406,177.1632537841797,89.7874526977539
2015-07-23,104.33000183105469,107.76895904541016,103.78655242919922,176.1658935546875,90.90599060058594
2015-07-24,105.3499984741211,106.0334243774414,102.76905822753906,174.33868408203125,91.1312255859375
2015-07-27,104.86000061035156,105.15259552001953,101.91802978515625,173.32449340820312,91.61921691894531
2015-07-28,105.0199966430664,106.0508804321289,102.79676055908203,175.45343017578125,90.95105743408203
2015-07-29,105.16999816894531,106.34741973876953,103.18531036376953,176.66036987304688,90.61322784423828
2015-07-30,104.2699966430664,106.6526870727539,103.67556762695312,176.7023468017578,91.31141662597656
2015-07-31,104.93000030517578,107.23699188232422,103.55529022216797,176.43405151367188,91.98709869384766
2015-08-03,104.0999984741211,106.70500183105469,103.23153686523438,175.83897399902344,92.95538330078125
2015-08-04,104.30999755859375,106.45207214355469,103.03729248046875,175.49534606933594,92.21805572509766
2015-08-05,103.93000030517578,106.69625854492188,103.83282470703125,176.07366943359375,91.52587890625
2015-08-06,104.38999938964844,105.25725555419922,102.16777801513672,174.6320037841797,92.3384780883789
2015-08-07,104.6500015258789,104.5508041381836,102.03826141357422,174.29678344726562,93.54976654052734
2015-08-10,105.72000122070312,105.75437927246094,103.20381164550781,176.49278259277344,92.39112854003906
2015-08-11,106.26000213623047,104.84732818603516,101.88101959228516,174.90025329589844,93.85824584960938
2015-08-12,107.75,104.64676666259766,102.23252868652344,175.10980224609375,93.34658813476562
2015-08-13,106.86000061035156,104.29788970947266,102.06602478027344,174.8918914794922,93.045654296875
2015-08-14,106.8499984741211,104.96944427490234,102.2232894897461,175.52883911132812,93.26384735107422
2015-08-17,107.12999725341797,106.0770492553711,103.0743179321289,176.509521484375,93.68518829345703
2015-08-18,107.11000061035156,105.23108673095703,102.54704284667969,175.9982452392578,92.94783020019531
2015-08-19,108.55000305175781,104.14093780517578,101.87178802490234,174.60684204101562,93.86576080322266
2015-08-20,110.44000244140625,101.507080078125,99.05049133300781,170.9609375,94.813720703125
2015-08-21,111.12999725341797,100.32100677490234,94.72144317626953,165.81451416015625,95.09959411621094
2015-08-24,110.52999877929688,96.40511322021484,91.07685852050781,158.83255004882812,95.06952667236328
2015-08-25,109.16000366210938,95.66382598876953,90.73460388183594,156.9634552001953,93.5422592163086
2015-08-26,107.66999816894531,98.09705352783203,95.3041763305664,162.98992919921875,91.73651123046875
2015-08-27,107.7300033569336,99.85003662109375,97.71849060058594,167.0215301513672,91.7892074584961
2015-08-28,108.69999694824219,100.83554077148438,97.69996643066406,167.0298614501953,92.06004333496094
2015-08-31,108.81999969482422,100.46922302246094,96.4881820678711,165.68038940429688,91.35285949707031
2015-09-01,109.19999694824219,97.59124755859375,93.47265625,160.7352294921875,92.01106262207031
2015-09-02,108.62000274658203,99.3442153930664,96.10894775390625,163.78614807128906,91.21937561035156
2015-09-03,107.83999633789062,99.18724822998047,95.63716888427734,163.90350341796875,91.6642074584961
2015-09-04,107.48999786376953,98.43719482421875,94.49944305419922,161.4225311279297,92.5011978149414
2015-09-08,107.5199966430664,100.6872787475586,97.1634521484375,165.4792938232422,91.13648223876953
2015-09-09,106.12999725341797,99.52737426757812,96.07191467285156,163.2664794921875,91.57379150390625
2015-09-10,106.37999725341797,99.98087310791016,97.11722564697266,164.1549530029297,90.95550537109375
2015-09-11,106.16000366210938,100.45181274414062,97.65373229980469,164.90093994140625,91.52848052978516
2015-09-14,106.22000122070312,99.98958587646484,97.35771942138672,164.28903198242188,91.67176818847656
2015-09-15,105.9000015258789,101.1146469116211,98.50471496582031,166.34254455566406,89.91494750976562
2015-09-16,107.30999755859375,101.98677825927734,99.05974578857422,167.78419494628906,89.5756607055664
2015-09-17,108.41000366210938,102.33561706542969,99.09673309326172,167.40704345703125,90.66893768310547
2015-09-18,109.20999908447266,100.92277526855469,97.68730926513672,164.6713104248047,92.06388854980469
2015-09-21,108.52999877929688,100.73961639404297,97.9932861328125,165.52232360839844,90.56342315673828
2015-09-22,107.79000091552734,99.2134017944336,96.52819061279297,163.37384033203125,91.82257080078125
2015-09-23,108.22000122070312,98.91685485839844,96.60238647460938,163.11264038085938,91.81507110595703
2015-09-24,110.48999786376953,98.75115966796875,96.2500228881836,162.52288818359375,92.44083404541016
2015-09-25,109.80999755859375,97.45144653320312,95.43405151367188,162.48080444335938,91.64163970947266
2015-09-28,108.41999816894531,94.72259521484375,92.7171401977539,158.40296936035156,93.20991516113281
2015-09-29,107.9800033569336,94.04913330078125,92.23497009277344,158.49560546875,93.47383117675781
2015-09-30,106.86000061035156,95.50978088378906,94.35843658447266,161.4529266357422,93.14958953857422
2015-10-01,106.7300033569336,95.34359741210938,94.78496551513672,161.8741455078125,93.54708099365234
2015-10-02,108.98999786376953,96.76051330566406,96.44478607177734,164.29217529296875,94.11373901367188
2015-10-05,108.7699966430664,99.06953430175781,97.82637786865234,167.2157440185547,92.83679962158203
2015-10-06,109.86000061035156,98.38731384277344,97.36277770996094,166.64285278320312,93.23728942871094
2015-10-07,109.69999694824219,100.12782287597656,97.94691467285156,168.00775146484375,92.92750549316406
2015-10-08,109.13999938964844,101.02869415283203,98.33638000488281,169.5243682861328,92.1491928100586
2015-10-09,110.87000274658203,101.2298583984375,98.7814712524414,169.62542724609375,92.39105224609375
2015-10-12,111.30999755859375,101.08118438720703,99.02254486083984,169.78546142578125,93.09368896484375
2015-10-13,111.86000061035156,99.69927978515625,98.38274383544922,168.7154998779297,93.25237274169922
2015-10-14,113.80999755859375,98.71966552734375,98.22510528564453,167.90664672851562,94.06840515136719
2015-10-15,113.29000091552734,101.08118438720703,99.83855438232422,170.48475646972656,93.60749816894531
2015-10-16,112.48999786376953,100.94998931884766,100.25581359863281,171.2598876953125,93.63775634765625
2015-10-19,112.0199966430664,101.14237976074219,100.83074188232422,171.34413146972656,93.38078308105469
2015-10-20,112.7300033569336,101.00244903564453,100.31146240234375,171.12509155273438,92.80660247802734
2015-10-21,111.7300033569336,99.46311950683594,99.69947052001953,170.06353759765625,93.7284164428711
2015-10-22,111.69000244140625,100.33775329589844,101.73016357421875,172.93653869628906,93.88701629638672
2015-10-23,111.5,101.3260726928711,104.57687377929688,174.83216857910156,93.08617401123047
2015-10-26,111.43000030517578,100.63513946533203,104.64178466796875,174.40249633789062,93.70574188232422
2015-10-27,111.68000030517578,99.53311157226562,104.85504150390625,174.06552124023438,93.93997192382812
2015-10-28,110.77999877929688,102.43685913085938,105.72665405273438,176.04539489746094,93.56217956542969
2015-10-29,109.72000122070312,101.34358215332031,105.55976104736328,175.94432067871094,92.07368469238281
2015-10-30,109.30000305175781,100.88001251220703,105.08686065673828,175.18606567382812,92.76881408691406
2015-11-02,108.58999633789062,102.97911834716797,106.27377319335938,177.25865173339844,92.34251403808594
2015-11-03,106.9800033569336,103.51266479492188,106.64468383789062,177.77259826660156,91.58527374267578
2015-11-04,105.97000122070312,103.46017456054688,106.6539306640625,177.23336791992188,91.69124603271484
2015-11-05,105.63999938964844,103.53888702392578,106.36651611328125,177.05645751953125,91.4489974975586
2015-11-06,104.0999984741211,104.27359008789062,106.4406967163086,176.9637908935547,90.10871124267578
2015-11-09,104.4000015258789,103.04911804199219,105.3094253540039,175.3124542236328,89.60137176513672
2015-11-10,104.18000030517578,103.35521697998047,105.04049682617188,175.71685791015625,89.86641693115234
2015-11-11,103.83000183105469,102.45437622070312,104.9106674194336,175.02598571777344,89.67707061767578
2015-11-12,103.8499984741211,100.49519348144531,103.89069366455078,172.58273315429688,90.10871124267578
2015-11-13,103.55999755859375,99.76923370361328,101.85069274902344,170.64483642578125,90.62358093261719
2015-11-16,103.70999908447266,100.62638092041016,103.31580352783203,173.23977661132812,90.54032897949219
2015-11-17,102.33999633789062,100.24153137207031,103.38069915771484,173.1134490966797,90.6917495727539
2015-11-18,102.43000030517578,101.93832397460938,105.36505126953125,175.86007690429688,90.8811264038086
2015-11-19,103.55999755859375,101.50971221923828,105.439208984375,175.70840454101562,91.48682403564453
2015-11-20,103.08999633789062,102.16571044921875,106.15323638916016,176.3487091064453,91.2066421508789
2015-11-23,102.26000213623047,102.67301177978516,105.84721374511719,176.14654541015625,91.48682403564453
2015-11-24,102.94000244140625,103.42518615722656,105.75450897216797,176.38243103027344,91.47928619384766
2015-11-25,102.45999908447266,104.2298355102539,105.84721374511719,176.35719299316406,91.69124603271484
2015-11-27,101.25,104.62344360351562,105.99559020996094,176.55938720703125,91.60041046142578
2015-11-30,101.91999816894531,104.16863250732422,105.72665405273438,175.82638549804688,91.96394348144531
2015-12-01,102.27999877929688,104.85958099365234,106.78373718261719,177.5030059814453,93.20610809326172
2015-12-02,100.69000244140625,103.7313003540039,106.12539672851562,175.6916046142578,93.2364273071289
2015-12-03,101.76000213623047,101.98204803466797,104.32649993896484,173.2313995361328,90.70195770263672
2015-12-04,104.0199966430664,103.01412963867188,106.76521301269531,176.6099090576172,91.4987564086914
2015-12-07,102.66999816894531,101.4660415649414,106.28302764892578,175.53990173339844,92.38658142089844
2015-12-08,102.83999633789062,100.9062728881836,106.29229736328125,174.36041259765625,92.43208312988281
2015-12-09,102.63999938964844,99.77799224853516,104.67887115478516,173.00390625,92.33344268798828
2015-12-10,102.55000305175781,100.1103515625,105.15178680419922,173.45040893554688,92.4548110961914
2015-12-11,103.11000061035156,97.88005828857422,102.73159790039062,170.08876037597656,93.91180419921875
2015-12-14,101.79000091552734,97.18031311035156,103.51052856445312,170.94821166992188,92.69770812988281
2015-12-15,101.5199966430664,98.57972717285156,104.14106750488281,172.7427520751953,92.15129852294922
2015-12-16,102.75,100.0840835571289,105.68956756591797,175.27027893066406,91.95403289794922
2015-12-17,100.5,99.01704406738281,104.15032958984375,172.5995330810547,92.99362182617188
2015-12-18,102.04000091552734,97.50395202636719,102.15248107910156,169.524658203125,93.50959014892578
2015-12-21,103.1500015258789,98.23863983154297,103.2872085571289,170.92311096191406,93.48682403564453
2015-12-22,102.61000061035156,99.13951110839844,103.96615600585938,172.47406005859375,92.81150817871094
2015-12-23,102.30999755859375,100.39022064208984,104.7381591796875,174.60984802246094,92.1133804321289
2015-12-24,103.05000305175781,100.57996368408203,104.71953582763672,174.3217010498047,92.64110565185547
2015-12-28,102.2699966430664,100.1144027709961,104.66374206542969,173.92333984375,92.91483306884766
2015-12-29,102.19999694824219,101.19482421875,106.31002044677734,175.77944946289062,91.3712158203125
2015-12-30,101.41999816894531,100.1759033203125,105.35201263427734,174.5335693359375,91.27995300292969
2015-12-31,101.45999908447266,98.92854309082031,104.04057312011719,172.7876434326172,91.69058227539062
2016-01-04,102.88999938964844,96.63581848144531,101.84555053710938,170.37217712402344,92.35212707519531
2016-01-05,103.18000030517578,96.84664154052734,101.66885375976562,170.66033935546875,91.97954559326172
2016-01-06,104.66999816894531,95.37089538574219,100.69225311279297,168.50755310058594,93.21900939941406
2016-01-07,106.1500015258789,92.82344818115234,97.53919219970703,164.46484375,93.3863296508789
2016-01-08,105.68000030517578,91.22473907470703,96.73933410644531,162.6595916748047,93.80453491210938
2016-01-11,104.73999786376953,90.82942962646484,97.03695678710938,162.8206329345703,92.7779769897461
2016-01-12,104.20999908447266,91.10176086425781,98.16236877441406,164.13429260253906,94.11628723144531
2016-01-13,104.72000122070312,88.17658233642578,94.77680969238281,160.04074096679688,95.04401397705078
2016-01-14,103.0199966430664,89.39756774902344,96.79515075683594,162.6680145263672,94.15431213378906
2016-01-15,104.08000183105469,87.94818878173828,93.7909164428711,159.17616271972656,95.62189483642578
2016-01-19,103.9800033569336,86.76228332519531,93.99553680419922,159.38807678222656,95.32537078857422
2016-01-20,105.37000274658203,87.1224365234375,93.70722198486328,157.34552001953125,96.32906341552734
2016-01-21,105.48999786376953,86.9203872680664,93.8001937866211,158.22702026367188,95.67518615722656
2016-01-22,105.0,89.04621124267578,96.51610565185547,161.4730224609375,95.31016540527344
2016-01-25,106.08000183105469,87.06974792480469,95.08375549316406,159.03211975097656,95.82721710205078
2016-01-26,107.29000091552734,88.80904388427734,95.93942260742188,161.20181274414062,95.87287139892578
2016-01-27,107.69000244140625,87.58800506591797,93.5490951538086,159.44735717773438,95.85003662109375
2016-01-28,106.54000091552734,87.57044982910156,94.86984252929688,160.2780303955078,95.9869155883789
2016-01-29,106.94999694824219,90.44290161132812,96.85091400146484,164.18515014648438,96.8005599975586
2016-02-01,108.05000305175781,90.03004455566406,97.11138153076172,164.12583923339844,96.50419616699219
2016-02-02,108.08999633789062,88.0887222290039,95.00936126708984,161.16787719726562,98.29454803466797
2016-02-03,109.25,88.20292663574219,94.55358123779297,162.1341094970703,97.4793701171875
2016-02-04,110.56999969482422,88.5455093383789,94.54430389404297,162.38839721679688,97.95172882080078
2016-02-05,112.31999969482422,86.12104034423828,91.26107025146484,159.29486083984375,98.06595611572266
2016-02-08,113.83000183105469,84.70679473876953,89.86589050292969,157.1505584716797,100.17634582519531
2016-02-09,113.58000183105469,84.13578796386719,89.58687591552734,157.15904235839844,100.2829818725586
2016-02-10,114.45999908447266,84.17971801757812,89.93101501464844,157.02345275878906,101.16673278808594
2016-02-11,119.05999755859375,83.26616668701172,89.8008041381836,154.9808807373047,101.87523651123047
2016-02-12,118.36000061035156,84.84734344482422,91.16805267333984,158.17608642578125,100.18395233154297
2016-02-16,114.7699966430664,86.85891723632812,93.22355651855469,160.84584045410156,99.12500762939453
2016-02-17,115.4800033569336,88.22049713134766,95.33486938476562,163.47328186035156,98.51547241210938
2016-02-18,118.29000091552734,87.79884338378906,94.24665832519531,162.80361938476562,99.72685241699219
2016-02-19,117.58000183105469,88.23805236816406,94.52568054199219,162.72740173339844,99.8106460571289
2016-02-22,115.48999786376953,89.22190856933594,96.06034088134766,165.0835418701172,99.75736236572266
2016-02-23,117.22000122070312,88.40497589111328,94.47920227050781,162.9985809326172,100.1611099243164
2016-02-24,117.61000061035156,89.25701141357422,95.38137817382812,163.7444610595703,99.96300506591797
2016-02-25,117.91999816894531,90.0739517211914,96.3207778930664,165.72764587402344,100.32109832763672
2016-02-26,117.11000061035156,90.64493560791016,96.19988250732422,165.34628295898438,99.35358428955078
2016-02-29,118.63999938964844,90.24087524414062,95.33486938476562,164.0495147705078,99.78778076171875
2016-03-01,117.7699966430664,92.18219757080078,98.3948745727539,167.9058380126953,98.03065490722656
2016-03-02,118.68000030517578,93.1308822631836,98.43209838867188,168.66014099121094,98.43521881103516
2016-03-03,120.7300033569336,94.10595703125,98.24605560302734,169.32127380371094,98.79399871826172
2016-03-04,120.54000091552734,94.62421417236328,98.28327178955078,169.87208557128906,98.16044616699219
2016-03-07,121.13999938964844,95.6520004272461,97.67871856689453,170.0077362060547,98.1299057006836
2016-03-08,120.58000183105469,93.34172058105469,96.8695297241211,168.15158081054688,99.21381378173828
2016-03-09,119.58000183105469,93.8160629272461,97.49271392822266,168.9822235107422,98.61077880859375
2016-03-10,121.5,93.05183410644531,97.34390258789062,169.1177978515625,98.20623779296875
2016-03-11,119.41000366210938,95.04586791992188,99.04593658447266,171.8468475341797,97.21395874023438
2016-03-14,117.87000274658203,94.79989624023438,99.21337890625,171.6265411376953,97.51924896240234
2016-03-15,117.95999908447266,93.32415008544922,99.17615509033203,171.3468475341797,97.61084747314453
2016-03-16,120.58999633789062,93.98296356201172,100.05978393554688,172.3385009765625,97.9009017944336
2016-03-17,120.12999725341797,95.42357635498047,100.00396728515625,173.43182373046875,98.30545806884766
2016-03-18,119.80000305175781,96.28443145751953,100.16067504882812,174.11328125,98.5115737915039
2016-03-21,118.95999908447266,96.05606079101562,100.5524673461914,174.3603515625,97.75587463378906
2016-03-22,119.30999755859375,95.94189453125,100.86030578613281,174.2666778564453,97.73298645019531
2016-03-23,116.61000061035156,94.16828918457031,100.03006744384766,173.1165771484375,98.83978271484375
2016-03-24,116.33000183105469,94.45021057128906,100.0580825805664,173.0398406982422,98.8779067993164
2016-03-28,116.5999984741211,94.56475067138672,99.91813659667969,173.14207458496094,99.00772094726562
2016-03-29,118.76000213623047,97.1903076171875,101.52264404296875,174.74368286132812,100.04583740234375
2016-03-30,117.0999984741211,97.19913482666016,102.01708221435547,175.5104522705078,98.99246215820312
2016-03-31,117.63999938964844,97.47228240966797,101.8678207397461,175.08450317382812,99.6946792602539
2016-04-01,116.93000030517578,97.90400695800781,102.94990539550781,176.2771759033203,99.95474243164062
2016-04-04,116.1500015258789,97.0846176147461,102.55812072753906,175.70635986328125,100.01594543457031
2016-04-05,117.66000366210938,95.98328399658203,101.56929779052734,173.95147705078125,101.1097412109375
2016-04-06,116.94000244140625,97.06696319580078,103.23908233642578,175.85116577148438,100.37539672851562
2016-04-07,118.61000061035156,95.75419616699219,101.7558822631836,173.74703979492188,101.6145248413086
2016-04-08,118.43000030517578,96.13304901123047,101.68122863769531,174.21559143066406,100.97201538085938
2016-04-11,120.02999877929688,95.8334732055664,101.3080825805664,173.80665588378906,100.84198760986328
2016-04-12,120.05000305175781,96.86433410644531,102.15697479248047,175.4252471923828,100.14591217041016
2016-04-13,118.7699966430664,98.95246887207031,103.46297454833984,177.19720458984375,100.49774932861328
2016-04-14,117.11000061035156,98.82911682128906,103.4723129272461,177.2056884765625,100.01594543457031
2016-04-15,117.91999816894531,99.07581329345703,103.21110534667969,177.009765625,100.87258911132812
2016-04-18,117.73999786376953,99.8247299194336,103.76151275634766,178.2536163330078,100.43659210205078
2016-04-19,119.58000183105469,99.90401458740234,103.12715911865234,178.81582641601562,100.1230239868164
2016-04-20,118.97000122070312,100.05377960205078,103.21110534667969,178.9862060546875,99.02157592773438
2016-04-21,119.41999816894531,99.55159759521484,103.22044372558594,178.02357482910156,98.43260192871094
2016-04-22,117.88999938964844,100.53836822509766,101.66256713867188,178.02357482910156,98.18022918701172
2016-04-25,118.2300033569336,99.8247299194336,101.66256713867188,177.7169189453125,97.77484130859375
2016-04-26,118.69999694824219,100.80270385742188,101.16815948486328,177.9810028076172,97.33119201660156
2016-04-27,119.04000091552734,101.15513610839844,100.3565673828125,178.3472900390625,98.30258178710938
2016-04-28,121.29000091552734,100.00093841552734,99.14386749267578,176.72869873046875,98.70797729492188
2016-04-29,123.6500015258789,99.10224151611328,98.62145233154297,175.77456665039062,98.96039581298828
2016-05-02,123.23999786376953,99.98332977294922,99.5543212890625,177.17166137695312,97.96408081054688
2016-05-03,122.95999908447266,98.34453582763672,98.63079833984375,175.62965393066406,99.19792175292969
2016-05-04,122.20999908447266,97.53395080566406,97.99644470214844,174.6500244140625,99.74211120605469
2016-05-05,122.06999969482422,97.14629364013672,97.96846008300781,174.61595153808594,100.40892791748047
2016-05-06,123.18000030517578,97.71897888183594,98.49085998535156,175.25486755371094,99.97967529296875
2016-05-09,120.6500015258789,98.00090789794922,98.77070617675781,175.39971923828125,100.2939224243164
2016-05-10,120.9800033569336,98.98770141601562,100.12337493896484,177.58055114746094,100.3016128540039
2016-05-11,122.12000274658203,97.76302337646484,99.21849060058594,175.9193572998047,100.86873626708984
2016-05-12,121.16000366210938,97.2431869506836,98.78005981445312,175.970458984375,100.40892791748047
2016-05-13,121.70999908447266,96.60002136230469,98.41622924804688,174.43702697753906,101.38227844238281
2016-05-16,121.80000305175781,97.82471466064453,99.6475830078125,176.1578826904297,100.50848388671875
2016-05-17,122.22000122070312,96.27401733398438,98.39757537841797,174.513671875,100.67716979980469
2016-05-18,120.0999984741211,96.77623748779297,98.75204467773438,174.56483459472656,99.24395751953125
2016-05-19,119.87000274658203,96.00089263916016,98.23897552490234,173.95994567871094,99.67321014404297
2016-05-20,119.70999908447266,97.6132583618164,99.32112121582031,175.05897521972656,99.74979400634766
2016-05-23,119.37000274658203,97.49870300292969,99.19049835205078,174.82037353515625,99.9720687866211
2016-05-24,117.30000305175781,99.50753784179688,101.177490234375,177.08645629882812,99.52754974365234
2016-05-25,116.9800033569336,100.08905792236328,101.90511322021484,178.28765869140625,99.15199279785156
2016-05-26,116.58000183105469,99.97449493408203,102.2036361694336,178.3387908935547,99.66545104980469
2016-05-27,115.62000274658203,100.97010040283203,102.73536682128906,179.10548400878906,99.51984405517578
2016-05-31,116.05999755859375,101.32254028320312,102.9312515258789,178.76473999023438,99.75749206542969
2016-06-01,115.94000244140625,102.009765625,102.94058990478516,179.13107299804688,100.16217803955078
2016-06-02,115.66999816894531,102.79389953613281,103.15515899658203,179.6763153076172,100.88410949707031
2016-06-03,118.87999725341797,102.17717742919922,102.6700439453125,179.13958740234375,102.32026672363281
2016-06-06,118.91999816894531,103.27851104736328,103.04319763183594,180.05111694335938,101.55994415283203
2016-06-07,118.81999969482422,103.57806396484375,102.78199768066406,180.3322296142578,101.80570983886719
2016-06-08,120.58000183105469,104.3446044921875,102.959228515625,180.9200897216797,102.35100555419922
2016-06-09,121.25,103.67495727539062,102.79134368896484,180.6730194091797,103.01146697998047
2016-06-10,121.73999786376953,102.2652587890625,101.62527465820312,178.96070861816406,103.51065826416016
2016-06-13,122.63999938964844,101.15513610839844,100.7763671875,177.58055114746094,103.971435546875
2016-06-14,122.7699966430664,100.8643798828125,100.7763671875,177.23126220703125,103.8946533203125
2016-06-15,123.68000030517578,100.93485260009766,100.48717498779297,176.9842071533203,104.29402160644531
2016-06-16,122.37999725341797,100.92605590820312,100.78571319580078,177.512451171875,104.80087280273438
2016-06-17,123.94999694824219,100.49433898925781,99.60436248779297,176.85137939453125,104.14807891845703
2016-06-20,123.20999908447266,101.58686828613281,100.23103332519531,177.99029541015625,103.03450775146484
2016-06-21,120.83999633789062,101.39301300048828,100.54904174804688,178.49551391601562,102.558349609375
2016-06-22,120.9000015258789,100.99652862548828,100.30586242675781,178.20436096191406,102.7273178100586
2016-06-23,120.11000061035156,102.92606353759766,101.7369155883789,180.52503967285156,101.55227661132812
2016-06-24,126.0,99.01414489746094,97.54656982421875,174.04246520996094,104.2786865234375
2016-06-27,126.68000030517578,95.76301574707031,95.6104507446289,170.92547607421875,106.88214874267578
2016-06-28,125.31999969482422,97.2431869506836,97.70561981201172,174.00830078125,107.10494995117188
2016-06-29,125.83999633789062,99.4546890258789,99.43598175048828,176.97125244140625,106.28317260742188
2016-06-30,126.47000122070312,101.30491638183594,100.58644104003906,179.3861083984375,106.6748046875
2016-07-01,128.41000366210938,101.66615295410156,101.09154510498047,179.76287841796875,108.15593719482422
2016-07-05,129.47000122070312,100.16834259033203,100.47421264648438,178.4698028564453,109.51009368896484
2016-07-06,130.22999572753906,100.89567565917969,101.29733276367188,179.54026794433594,109.68704986572266
2016-07-07,129.74000549316406,101.10828399658203,101.59663391113281,179.42893981933594,109.6792984008789
2016-07-08,130.52000427246094,103.46477508544922,103.1679916381836,182.10067749023438,110.48721313476562
2016-07-11,129.2899932861328,104.66077423095703,103.75727081298828,182.74295043945312,109.51775360107422
2016-07-12,127.1500015258789,106.06047058105469,104.28104400634766,184.07029724121094,107.71735382080078
2016-07-13,128.32000732421875,105.64412689208984,104.02850341796875,184.04461669921875,108.98686218261719
2016-07-14,127.33000183105469,105.75041961669922,104.7393798828125,185.07215881347656,107.40193176269531
2016-07-15,126.83999633789062,106.04276275634766,104.5710220336914,184.8238525390625,106.4786605834961
2016-07-18,127.04000091552734,106.21996307373047,105.26315307617188,185.32054138183594,106.37862396240234
2016-07-19,127.20999908447266,105.68840026855469,104.87968444824219,185.1321258544922,106.978759765625
2016-07-20,125.38999938964844,106.3794174194336,106.10496520996094,185.90284729003906,106.39396667480469
2016-07-21,127.30000305175781,105.87445068359375,105.86180114746094,185.20066833496094,106.60942077636719
2016-07-22,126.3499984741211,106.66291809082031,106.30139923095703,186.0313262939453,106.79407501220703
2016-07-25,125.47000122070312,106.50346374511719,106.31075286865234,185.52603149414062,106.71709442138672
2016-07-26,126.0,107.01726531982422,106.43234252929688,185.61172485351562,106.88633728027344
2016-07-27,128.02999877929688,107.3184814453125,107.17124938964844,185.41470336914062,108.21752166748047
2016-07-28,127.66000366210938,107.04386901855469,107.54540252685547,185.62881469726562,108.01747131347656
2016-07-29,128.97999572753906,107.25647735595703,107.77924346923828,185.92849731445312,108.91765594482422
2016-08-01,129.22000122070312,107.34506225585938,108.34979248046875,185.77439880371094,107.73674774169922
2016-08-02,130.27000427246094,105.84786987304688,107.52668762207031,184.5840606689453,106.62674713134766
2016-08-03,129.64999389648438,106.70721435546875,107.88212585449219,185.12356567382812,106.68844604492188
2016-08-04,129.8699951171875,106.80464172363281,108.19078063964844,185.32054138183594,107.4901351928711
2016-08-05,127.55000305175781,108.34611511230469,109.22896575927734,186.83628845214844,106.37239074707031
2016-08-08,127.44000244140625,108.29298400878906,109.1073989868164,186.7249298095703,106.57282257080078
2016-08-09,127.95999908447266,108.40814971923828,109.35994720458984,186.83628845214844,107.62117004394531
2016-08-10,128.55999755859375,107.62855529785156,109.07937622070312,186.3738555908203,108.03733825683594
2016-08-11,127.66999816894531,108.14236450195312,109.54698181152344,187.23875427246094,107.0738754272461
2016-08-12,127.4000015258789,108.2486801147461,109.62184143066406,187.07603454589844,107.9757080078125
2016-08-15,127.83999633789062,109.32061767578125,110.08951568603516,187.61553955078125,106.9582290649414
2016-08-16,128.47000122070312,108.43470764160156,109.48155212402344,186.64788818359375,106.67306518554688
2016-08-17,128.5,108.11579895019531,109.677978515625,186.99896240234375,107.31283569335938
2016-08-18,129.11000061035156,108.91309356689453,109.70599365234375,187.41854858398438,107.48239135742188
2016-08-19,127.97000122070312,108.91309356689453,109.677978515625,187.1445770263672,106.91973114013672
2016-08-22,127.77999877929688,109.1611557006836,109.76211547851562,187.135986328125,107.821533203125
2016-08-23,127.76000213623047,109.92305755615234,109.95857238769531,187.51278686523438,107.93714904785156
2016-08-24,126.33999633789062,109.02827453613281,109.24769592285156,186.55368041992188,107.6827621459961
2016-08-25,126.2300033569336,109.24088287353516,109.06998443603516,186.42527770996094,107.27423095703125
2016-08-26,126.05000305175781,109.01940155029297,109.22896575927734,186.07411193847656,106.64990997314453
2016-08-29,126.30000305175781,109.58638000488281,109.37865447998047,186.99038696289062,108.07593536376953
2016-08-30,125.02999877929688,109.79014587402344,109.02322387695312,186.68218994140625,107.6596450805664
2016-08-31,124.77999877929688,109.16999816894531,108.91098022460938,186.1511993408203,107.81385803222656
2016-09-01,125.29000091552734,109.24974060058594,109.19158172607422,186.1597442626953,107.9327621459961
2016-09-02,126.56999969482422,110.3039779663086,109.54698181152344,186.99896240234375,107.05242156982422
2016-09-06,128.7100067138672,110.41029357910156,110.22980499267578,187.56410217285156,107.83235931396484
2016-09-07,128.27000427246094,111.10126495361328,110.2952880859375,187.54701232910156,107.75515747070312
2016-09-08,127.58999633789062,110.87979888916016,109.64989471435547,187.11886596679688,106.40381622314453
2016-09-09,126.75,107.41590118408203,106.8906478881836,182.64015197753906,104.6508560180664
2016-09-12,126.58999633789062,108.91309356689453,108.80809783935547,185.2606201171875,104.70490264892578
2016-09-13,125.75,106.82235717773438,107.83536529541016,182.59739685058594,103.51570129394531
2016-09-14,126.18000030517578,106.840087890625,108.34979248046875,182.5288848876953,103.67008209228516
2016-09-15,125.37000274658203,108.11579895019531,110.03338623046875,184.35287475585938,103.22222900390625
2016-09-16,125.05999755859375,107.95632934570312,109.98085021972656,183.6402130126953,104.05625915527344
2016-09-19,125.31999969482422,108.67390441894531,109.50264739990234,183.67465209960938,103.71646118164062
2016-09-20,125.44000244140625,108.21322631835938,109.70893096923828,183.68328857421875,104.07936096191406
2016-09-21,127.2699966430664,109.78128814697266,110.78730010986328,185.7488555908203,104.92112731933594
2016-09-22,127.56999969482422,111.3581771850586,111.668701171875,186.91940307617188,105.75509643554688
2016-09-23,127.6500015258789,110.56973266601562,110.95606994628906,185.89520263671875,105.65473937988281
2016-09-26,127.55000305175781,109.47174072265625,110.02776336669922,184.38900756835938,106.32653045654297
2016-09-27,126.62000274658203,109.91590118408203,111.11547088623047,185.53372192382812,107.10646057128906
2016-09-28,126.22000122070312,110.75984954833984,111.30300903320312,186.4546356201172,106.87480163574219
2016-09-29,126.06999969482422,109.14308166503906,110.49658966064453,184.76768493652344,107.1450424194336
2016-09-30,125.63999938964844,110.34232330322266,111.32178497314453,186.16195678710938,106.1875991821289
2016-10-03,125.31999969482422,109.9958724975586,111.162353515625,185.71446228027344,105.83708953857422
2016-10-04,120.97000122070312,109.45394897460938,110.99357604980469,184.76768493652344,104.59934997558594
2016-10-05,120.77999877929688,110.11135864257812,111.3874282836914,185.58538818359375,104.1119613647461
2016-10-06,119.66000366210938,109.9958724975586,111.33114624023438,185.71446228027344,103.53170776367188
2016-10-07,119.73999786376953,109.11640930175781,111.0873794555664,185.07754516601562,103.60140991210938
2016-10-10,120.16000366210938,110.42228698730469,111.79059600830078,186.04144287109375,102.99022674560547
2016-10-11,119.55000305175781,108.40572357177734,110.19654846191406,183.69189453125,102.75811767578125
2016-10-12,119.73999786376953,108.31687927246094,110.10279846191406,183.9329071044922,102.85871887207031
2016-10-13,120.02999877929688,107.41967010498047,109.70893096923828,183.3303985595703,103.2455062866211
2016-10-14,119.36000061035156,106.9843521118164,109.84021759033203,183.425048828125,101.79887390136719
2016-10-17,119.68000030517578,106.8599853515625,109.54015350341797,182.78819274902344,102.44868469238281
2016-10-18,120.41999816894531,107.47295379638672,110.51536560058594,183.9329071044922,102.78132629394531
2016-10-19,121.11000061035156,107.92601776123047,110.50597381591797,184.42344665527344,102.86650085449219
2016-10-20,120.73999786376953,107.60618591308594,110.37470245361328,184.0792236328125,102.97476196289062
2016-10-21,120.83000183105469,107.55291748046875,110.78730010986328,184.16522216796875,103.12945556640625
2016-10-24,120.55999755859375,108.23693084716797,112.11878204345703,184.94847106933594,102.6807861328125
2016-10-25,121.47000122070312,107.42854309082031,111.76245880126953,184.32876586914062,102.9515609741211
2016-10-26,120.79000091552734,106.3625259399414,111.00296783447266,183.95870971679688,102.25527954101562
2016-10-27,121.01000213623047,105.14546203613281,110.49658966064453,183.46812438964844,101.14134979248047
2016-10-28,121.58000183105469,104.85228729248047,109.80272674560547,182.9258575439453,100.91694641113281
2016-10-31,121.94000244140625,105.26980590820312,109.69956970214844,182.93450927734375,101.53583526611328
2016-11-01,122.7300033569336,103.98173522949219,108.8744125366211,181.6090545654297,101.54356384277344
2016-11-02,123.63999938964844,102.6580810546875,108.00237274169922,180.51597595214844,101.98541259765625
2016-11-03,124.30000305175781,102.16060638427734,106.94280242919922,179.6897735595703,101.20259857177734
2016-11-04,124.38999938964844,102.8179702758789,106.56771850585938,179.49185180664062,102.10941314697266
2016-11-07,122.1500015258789,105.33201599121094,109.09947967529297,183.450927734375,101.24134063720703
2016-11-08,121.63999938964844,105.60740661621094,109.8121109008789,184.27716064453125,100.83052825927734
2016-11-09,121.55999755859375,108.85877990722656,110.31844329833984,186.23086547851562,96.55208587646484
2016-11-10,119.75,110.59994506835938,108.53684997558594,186.69558715820312,95.1259536743164
2016-11-11,117.0999984741211,113.14064025878906,108.583740234375,186.26524353027344,94.59115600585938
2016-11-14,116.11000061035156,114.73079681396484,107.48662567138672,186.4115753173828,94.02530670166016
2016-11-15,117.12000274658203,115.08613586425781,108.97758483886719,187.8660888671875,94.49034118652344
2016-11-16,116.7699966430664,115.0772476196289,109.62456512451172,187.5132598876953,95.34292602539062
2016-11-17,116.16999816894531,115.75238037109375,110.4216079711914,188.47720336914062,93.94002532958984
2016-11-18,115.1500015258789,116.36537170410156,110.00898742675781,188.0554656982422,93.6687240600586
2016-11-21,115.58000183105469,116.9072494506836,111.15299987792969,189.47557067871094,93.90125274658203
2016-11-22,115.54000091552734,117.9732894897461,111.49057006835938,189.8456268310547,93.87033081054688
2016-11-23,113.25,118.71060180664062,111.04046630859375,189.94891357421875,93.50598907470703
2016-11-25,112.61000061035156,119.10150909423828,111.39679718017578,190.6546630859375,93.64551544189453
2016-11-28,113.80000305175781,117.55574798583984,111.14360809326172,189.7595977783203,94.3353500366211
2016-11-29,113.2699966430664,117.49356842041016,111.52806854248047,190.12966918945312,94.73063659667969
2016-11-30,111.75,116.91613006591797,110.17781829833984,189.67349243164062,93.19596862792969
2016-12-01,111.54000091552734,116.34760284423828,108.2743148803711,188.97637939453125,92.21195983886719
2016-12-02,112.13999938964844,116.28540802001953,108.48995971679688,189.07098388671875,92.88764953613281
2016-12-05,111.54000091552734,118.28421020507812,109.33389282226562,190.2071075439453,92.78665924072266
2016-12-06,111.43000030517578,119.56341552734375,109.59642791748047,190.8095703125,92.716796875
2016-12-07,111.83000183105469,120.72715759277344,110.98422241210938,193.30552673339844,93.50897216796875
2016-12-08,111.56999969482422,122.62825012207031,111.1811294555664,193.77890014648438,92.40612030029297
2016-12-09,110.4000015258789,122.86809539794922,112.05314636230469,194.94935607910156,91.25666046142578
2016-12-12,110.81999969482422,121.57111358642578,111.54682159423828,194.72564697265625,91.42755889892578
2016-12-13,110.44999694824219,121.57997131347656,112.95333862304688,196.0251922607422,91.75372314453125
2016-12-14,108.83000183105469,120.06092834472656,112.71888732910156,194.40716552734375,90.72855377197266
2016-12-15,107.33999633789062,120.95814514160156,112.89710235595703,195.20755004882812,91.18675994873047
2016-12-16,108.05000305175781,120.736083984375,112.47856903076172,194.8258056640625,90.97708129882812
2016-12-19,108.58999633789062,121.52667236328125,112.93936920166016,195.25003051757812,91.95562744140625
2016-12-20,107.79000091552734,122.55715942382812,113.37203216552734,196.00320434570312,91.4974365234375
2016-12-21,107.8499984741211,121.75763702392578,113.2873764038086,195.4578094482422,91.90125274658203
2016-12-22,107.58999633789062,120.70777893066406,112.96762084960938,195.12017822265625,91.73699188232422
2016-12-23,107.93000030517578,121.34999084472656,113.04286193847656,195.40585327148438,91.9238510131836
2016-12-27,108.55999755859375,121.89411926269531,113.62591552734375,195.89064025878906,91.62796783447266
2016-12-28,108.86000061035156,120.6453628540039,112.74191284179688,194.27169799804688,92.29765319824219
2016-12-29,110.29000091552734,120.7523422241211,112.58203125,194.228515625,92.62469482421875
2016-12-30,109.61000061035156,120.28848266601562,111.42528533935547,193.51853942871094,92.76486206054688
2017-01-03,110.47000122070312,120.88616943359375,112.4221420288086,194.99899291992188,93.16199493408203
2017-01-04,110.86000061035156,122.90213012695312,113.033447265625,196.15899658203125,93.5201644897461
2017-01-05,112.58000183105469,121.48381042480469,113.6729507446289,196.00320434570312,94.98413848876953
2017-01-06,111.75,121.03779602050781,114.66983795166016,196.70445251464844,94.11198425292969
2017-01-09,112.66999816894531,120.2439193725586,115.0460205078125,196.05514526367188,94.86730194091797
2017-01-10,113.1500015258789,121.39464569091797,115.29994201660156,196.05514526367188,94.80496978759766
2017-01-11,113.5,121.60871887207031,115.61029052734375,196.6092071533203,95.12428283691406
2017-01-12,113.91000366210938,120.67208862304688,115.43160247802734,196.11570739746094,94.91403198242188
2017-01-13,114.20999908447266,121.54622650146484,115.82659912109375,196.5659942626953,94.46240997314453
2017-01-17,115.8499984741211,119.89604949951172,115.47864532470703,195.87332153320312,95.4512939453125
2017-01-18,114.87000274658203,120.28848266601562,115.71372985839844,196.3061981201172,94.22875213623047
2017-01-19,114.7699966430664,119.30726623535156,115.65730285644531,195.5789794921875,93.58248138427734
2017-01-20,115.05000305175781,119.92278289794922,115.91123962402344,196.29762268066406,93.3956069946289
2017-01-23,115.79000091552734,119.42324829101562,116.00530242919922,195.7867431640625,94.32998657226562
2017-01-24,115.2699966430664,121.25186920166016,116.78588104248047,197.04212951660156,93.68367004394531
2017-01-25,114.31999969482422,122.39366149902344,117.96141815185547,198.74761962890625,92.50785827636719
2017-01-26,113.26000213623047,121.90306091308594,118.0837173461914,198.53982543945312,92.81935119628906
2017-01-27,113.48999786376953,121.48381042480469,118.30941772460938,198.22816467285156,93.1541519165039
2017-01-30,113.97000122070312,119.78898620605469,117.38774871826172,196.99876403808594,92.87386322021484
2017-01-31,115.55000305175781,120.62745666503906,117.15261840820312,196.98150634765625,93.5201644897461
2017-02-01,115.19999694824219,120.55614471435547,117.96141815185547,197.05941772460938,92.94192504882812
2017-02-02,115.83999633789062,120.25284576416016,117.85798645019531,197.189208984375,92.90288543701172
2017-02-03,116.12999725341797,122.09039306640625,118.19654083251953,198.5485076904297,92.8638687133789
2017-02-06,117.69999694824219,121.17162322998047,118.33763885498047,198.1935272216797,93.4257583618164
2017-02-07,117.45999908447266,120.63642883300781,118.7702407836914,198.20217895507812,94.11246490478516
2017-02-08,118.19000244140625,120.42230224609375,118.96770477294922,198.4619140625,95.39229583740234
2017-02-09,117.29000091552734,122.11714935302734,119.40033721923828,199.63934326171875,94.29196166992188
2017-02-10,117.5999984741211,123.04485321044922,119.79534912109375,200.4270782470703,94.23735809326172
2017-02-13,116.80000305175781,123.36599731445312,120.47246551513672,201.51800537109375,93.9407958984375
2017-02-14,116.93000030517578,123.77625274658203,120.87686920166016,202.32305908203125,93.26189422607422
2017-02-15,117.44999694824219,124.51666259765625,121.5915756225586,203.37928771972656,92.8326644897461
2017-02-16,118.08000183105469,124.16876220703125,121.553955078125,203.20614624023438,93.33989715576172
2017-02-17,117.68000030517578,124.08848571777344,122.08065032958984,203.52645874023438,93.89398193359375
2017-02-21,117.75,125.06080627441406,122.68250274658203,204.73849487304688,93.73008728027344
2017-02-22,117.91000366210938,124.50775146484375,122.72954559326172,204.5567169189453,93.88613891601562
2017-02-23,118.94000244140625,123.76738739013672,122.26876068115234,204.6951904296875,94.16706848144531
2017-02-24,119.69999694824219,123.67818450927734,122.50384521484375,204.95497131347656,95.21277618408203
2017-02-27,119.12000274658203,124.8824234008789,122.65430450439453,205.27523803710938,94.65093231201172
2017-02-28,119.2300033569336,122.95565795898438,122.27810668945312,204.72120666503906,95.00210571289062
2017-03-01,119.05999755859375,125.2034912109375,123.61355590820312,207.5867462158203,93.41017150878906
2017-03-02,117.58000183105469,123.76738739013672,122.99288940429688,206.2794952392578,93.0739974975586
2017-03-03,117.51000213623047,123.67818450927734,123.21858215332031,206.4093475341797,93.3163833618164
2017-03-06,116.72000122070312,122.8307876586914,122.9458236694336,205.79469299316406,92.8707046508789
2017-03-07,115.77999877929688,122.02791595458984,122.73895263671875,205.18003845214844,92.58924102783203
2017-03-08,115.05999755859375,121.22510528564453,122.95526885986328,204.79913330078125,92.08885192871094
2017-03-09,114.47000122070312,120.74346923828125,123.0492935180664,205.058837890625,91.35385131835938
2017-03-10,114.72000122070312,121.27863311767578,123.56654357910156,205.7773895263672,91.67445373535156
2017-03-13,114.73999786376953,121.56410217285156,123.77342224121094,205.8812713623047,91.09584045410156
2017-03-14,114.12000274658203,120.9842529296875,123.47247314453125,205.0934600830078,91.53369140625
2017-03-15,116.25,122.85748291015625,124.23430633544922,206.8682403564453,92.65179443359375
2017-03-16,116.7300033569336,123.0180892944336,124.14964294433594,206.46128845214844,92.18268585205078
2017-03-17,116.98999786376953,123.50867462158203,124.10629272460938,206.0987548828125,92.76126861572266
2017-03-20,117.51000213623047,122.97345733642578,124.21942138671875,205.87269592285156,93.16000366210938
2017-03-21,118.54000091552734,119.5035171508789,122.33454132080078,203.22935485839844,93.93405151367188
2017-03-22,118.83000183105469,119.5302734375,123.16389465332031,203.7075958251953,94.30935668945312
2017-03-23,118.66999816894531,120.22603607177734,122.85291290283203,203.49021911621094,94.1764144897461
2017-03-24,118.86000061035156,120.3128662109375,123.10736083984375,203.34242248535156,94.5126724243164
2017-03-27,119.52999877929688,120.5365219116211,123.30524444580078,203.13372802734375,94.94268798828125
2017-03-28,119.04000091552734,121.47579956054688,124.05916595458984,204.61192321777344,94.30935668945312
2017-03-29,119.33000183105469,121.86942291259766,124.63404083251953,204.80319213867188,94.87229919433594
2017-03-30,118.47000122070312,122.79084014892578,124.84139251708984,205.45533752441406,94.10610961914062
2017-03-31,118.72000122070312,122.98761749267578,124.756591796875,204.97706604003906,94.37973022460938
2017-04-03,119.3499984741211,121.69049835205078,124.68115234375,204.62057495117188,95.3316879272461
2017-04-04,119.62000274658203,121.54734802246094,124.87903594970703,204.7509765625,94.8145523071289
2017-04-05,119.62000274658203,120.1697006225586,124.37015533447266,204.14234924316406,95.10448455810547
2017-04-06,119.18000030517578,121.28794860839844,124.43612670898438,204.7162322998047,94.96344757080078
2017-04-07,119.45999908447266,121.2342758178711,124.37015533447266,204.50753784179688,94.57954406738281
2017-04-10,119.45999908447266,121.50263977050781,124.41729736328125,204.62928771972656,95.018310546875
2017-04-11,121.19000244140625,122.46879577636719,123.88011932373047,204.3857879638672,95.9193344116211
2017-04-12,122.0199966430664,120.80488586425781,123.38066101074219,203.49021911621094,96.44430541992188
2017-04-13,122.5999984741211,119.62401580810547,122.89057159423828,202.16859436035156,96.74207305908203
2017-04-17,122.23999786376953,121.02848815917969,123.90836334228516,203.95973205566406,96.44430541992188
2017-04-18,122.81999969482422,121.05536651611328,123.71987915039062,203.35110473632812,97.70580291748047
2017-04-19,121.7300033569336,121.47579956054688,123.91779327392578,202.97723388671875,97.1729507446289
2017-04-20,121.95999908447266,123.02342224121094,124.9544677734375,204.62928771972656,96.79690551757812
2017-04-21,122.30999755859375,122.74610900878906,124.92620086669922,203.97711181640625,96.79690551757812
2017-04-24,121.4800033569336,124.27589416503906,126.4340591430664,206.22044372558594,96.31892395019531
2017-04-25,120.25,125.4835433959961,127.34819793701172,207.42039489746094,95.15933227539062
2017-04-26,120.83999633789062,126.12767028808594,127.16920471191406,207.28994750976562,95.684326171875
2017-04-27,120.38999938964844,126.09185028076172,127.93251037597656,207.46385192871094,95.65294647216797
2017-04-28,120.7699966430664,124.40110778808594,128.15870666503906,207.01174926757812,95.864501953125
2017-05-01,119.66999816894531,125.11679077148438,129.2989959716797,207.533447265625,95.06754302978516
2017-05-02,119.6500015258789,124.48162078857422,129.51571655273438,207.6116943359375,95.55433654785156
2017-05-03,117.9800033569336,123.71224975585938,129.10108947753906,207.3594970703125,95.61720275878906
2017-05-04,116.79000091552734,123.54232025146484,129.1481475830078,207.6029815673828,95.14608001708984
2017-05-05,117.01000213623047,124.33847045898438,129.61936950683594,208.42030334472656,95.23245239257812
2017-05-08,116.75,123.8196029663086,129.90211486816406,208.385498046875,94.71424865722656
2017-05-09,116.05000305175781,123.76594543457031,130.3544921875,208.19424438476562,94.70642852783203
2017-05-10,116.04000091552734,124.5353012084961,130.4298858642578,208.56814575195312,94.59648132324219
2017-05-11,116.5,123.66753387451172,130.3262481689453,208.14210510253906,94.59648132324219
2017-05-12,116.83000183105469,123.0145034790039,130.61834716796875,207.7942657470703,95.31098175048828
2017-05-15,117.13999938964844,123.97172546386719,131.0330047607422,208.94203186035156,95.05189514160156
2017-05-16,117.6500015258789,124.01644897460938,131.57960510253906,208.75070190429688,95.40519714355469
2017-05-17,119.79000091552734,120.67066955566406,128.23406982421875,205.04664611816406,96.79490661621094
2017-05-18,118.80999755859375,121.10903930664062,129.3555145263672,205.87269592285156,96.90485382080078
2017-05-19,119.4000015258789,121.69049835205078,129.90211486816406,207.21168518066406,97.13253784179688
2017-05-22,119.9000015258789,122.51349639892578,130.99533081054688,208.26377868652344,96.8656234741211
2017-05-23,119.13999938964844,122.91609191894531,131.12733459472656,208.72467041015625,96.2138900756836
2017-05-24,119.61000061035156,122.99656677246094,131.7304229736328,209.2115020751953,96.75564575195312
2017-05-25,119.4800033569336,123.07709503173828,132.85189819335938,210.2115020751953,96.78707885742188
2017-05-26,120.54000091552734,123.0413589477539,133.08750915527344,210.16802978515625,96.95196533203125
2017-05-30,120.13999938964844,122.07516479492188,133.20057678222656,209.98544311523438,97.43091583251953
2017-05-31,120.62000274658203,121.94994354248047,133.15345764160156,209.93331909179688,97.67430114746094
2017-06-01,120.72000122070312,124.30265808105469,133.67176818847656,211.60269165039062,97.68453216552734
2017-06-02,121.61000061035156,125.10784149169922,135.19850158691406,212.30702209472656,98.8411636352539
2017-06-05,121.7300033569336,124.32955169677734,135.17022705078125,212.1505126953125,98.22747802734375
2017-06-06,123.0999984741211,124.21324157714844,134.63307189941406,211.47227478027344,98.7624740600586
2017-06-07,122.44999694824219,124.32955169677734,135.1608123779297,211.863525390625,98.29039764404297
2017-06-08,121.6500015258789,126.02928161621094,135.30213928222656,211.9678955078125,98.0307388305664
2017-06-09,120.54000091552734,126.68231964111328,131.91888427734375,211.6461944580078,97.8812484741211
2017-06-12,120.36000061035156,126.47657775878906,131.21209716796875,211.60269165039062,97.84976959228516
2017-06-13,120.4800033569336,127.12065124511719,132.27703857421875,212.6373748779297,97.86548614501953
2017-06-14,119.81999969482422,126.3691635131836,131.70216369628906,212.36788940429688,99.37623596191406
2017-06-15,119.31999969482422,125.72509002685547,131.1178436279297,211.959228515625,99.21887969970703
2017-06-16,119.33999633789062,125.41197204589844,130.54891967773438,212.0055389404297,99.41558074951172
2017-06-19,118.43000030517578,126.34236145019531,132.7318878173828,213.77049255371094,99.27393341064453
2017-06-20,118.18000030517578,125.06307220458984,131.69239807128906,212.32879638671875,100.16304779052734
2017-06-21,118.5199966430664,124.74995422363281,132.99649047851562,212.27638244628906,100.36763000488281
2017-06-22,118.91999816894531,125.22412109375,132.9586639404297,212.18020629882812,100.58794403076172
2017-06-23,119.43000030517578,126.05606842041016,133.46897888183594,212.43368530273438,100.54071807861328
2017-06-26,118.36000061035156,126.20819091796875,132.84523010253906,212.5734100341797,100.91838836669922
2017-06-27,118.80999755859375,125.09888458251953,130.435546875,210.8609161376953,99.8404541015625
2017-06-28,118.9000015258789,127.01326751708984,132.3160858154297,212.74819946289062,99.50996398925781
2017-06-29,118.31999969482422,126.26182556152344,130.01976013183594,210.87838745117188,98.6759262084961
2017-06-30,118.0199966430664,126.06503295898438,130.06703186035156,211.27157592773438,98.44776916503906
2017-07-03,116.08999633789062,127.12065124511719,128.69680786132812,211.62985229492188,98.13081359863281
2017-07-05,116.5199966430664,126.66437530517578,129.96310424804688,212.11915588378906,98.15447235107422
2017-07-06,116.47000122070312,125.0103759765625,128.79132080078125,210.17941284179688,97.34232330322266
2017-07-07,115.27999877929688,126.22325897216797,130.180419921875,211.54246520996094,96.75890350341797
2017-07-10,115.47000122070312,125.67520141601562,131.03094482421875,211.76962280273438,96.90084838867188
2017-07-11,115.62000274658203,126.04356384277344,131.39947509765625,211.6123046875,97.06639862060547
2017-07-12,116.02999877929688,127.0138931274414,132.9586639404297,213.2025146484375,97.736572265625
2017-07-13,115.81999969482422,127.12169647216797,133.2515869140625,213.56080627441406,97.12158966064453
2017-07-14,116.7699966430664,127.33733367919922,134.300537109375,214.55685424804688,97.23982238769531
2017-07-17,117.29000091552734,127.63385009765625,134.36671447753906,214.53067016601562,97.50791931152344
2017-07-18,118.11000061035156,127.30140686035156,135.264404296875,214.64427185058594,98.35945129394531
2017-07-19,118.08000183105469,128.56820678710938,136.0582275390625,215.80633544921875,98.39892578125
2017-07-20,118.23999786376953,128.6580047607422,136.23773193359375,215.90248107910156,98.6827392578125
2017-07-21,119.26000213623047,128.07408142089844,136.1810760498047,215.71018981933594,99.1006088256836
2017-07-24,119.30999755859375,128.25376892089844,136.80470275878906,215.6577606201172,98.71424102783203
2017-07-25,118.91999816894531,129.4217071533203,136.45510864257812,216.18203735351562,97.42912292480469
2017-07-26,119.87999725341797,128.70297241210938,136.89927673339844,216.19076538085938,97.5867919921875
2017-07-27,119.79000091552734,127.88540649414062,136.03927612304688,215.9897918701172,97.10579681396484
2017-07-28,120.69000244140625,127.5439453125,135.9258575439453,215.73641967773438,97.6814193725586
2017-07-31,120.75,127.13973236083984,135.3494415283203,215.6140899658203,97.79962158203125
2017-08-01,120.6500015258789,127.3822250366211,135.6613006591797,216.09466552734375,98.48629760742188
2017-08-02,120.4000015258789,125.98963928222656,136.0298309326172,216.19947814941406,98.54161071777344
2017-08-03,120.58999633789062,125.36074829101562,135.5006866455078,215.7801055908203,99.56092071533203
2017-08-04,119.6500015258789,125.97171783447266,135.746337890625,216.1732940673828,98.7154541015625
2017-08-07,119.51000213623047,126.17830657958984,136.6062469482422,216.5751495361328,98.82606506347656
2017-08-08,119.86000061035156,125.78302001953125,136.3699951171875,216.04220581054688,98.47049713134766
2017-08-09,121.30999755859375,124.69588470458984,136.19049072265625,216.03346252441406,99.0078353881836
2017-08-10,122.20999908447266,122.43185424804688,133.27049255371094,212.9840850830078,99.85330200195312
2017-08-11,122.79000091552734,122.61148071289062,134.28163146972656,213.2986602783203,99.90069580078125
2017-08-14,121.91999816894531,124.47129821777344,136.01087951660156,215.4131317138672,99.38709259033203
2017-08-15,120.9800033569336,123.44703674316406,136.10540771484375,215.3868865966797,98.96834564208984
2017-08-16,121.87000274658203,123.48300170898438,136.3417205810547,215.76263427734375,99.33179473876953
2017-08-17,122.48999786376953,121.22783660888672,133.5540313720703,212.39866638183594,100.07453155517578
2017-08-18,122.30000305175781,121.21890258789062,133.45945739746094,212.06666564941406,100.05084991455078
2017-08-21,122.76000213623047,121.13801574707031,133.28936767578125,212.23263549804688,100.29581451416016
2017-08-22,122.20999908447266,122.44976806640625,135.32113647460938,214.4520263671875,99.90862274169922
2017-08-23,122.66999816894531,122.25213623046875,134.83914184570312,213.68310546875,100.58817291259766
2017-08-24,122.29000091552734,122.62944793701172,134.44227600097656,213.18507385253906,100.21675872802734
2017-08-25,122.73999786376953,122.97984313964844,134.15882873535156,213.68310546875,100.60395050048828
2017-08-28,124.69000244140625,123.50096893310547,134.57460021972656,213.69186401367188,100.5407485961914
2017-08-29,124.41999816894531,123.52790069580078,135.103759765625,213.9364776611328,100.86470031738281
2017-08-30,124.36000061035156,124.31852722167969,136.6912841796875,214.95004272460938,100.83311462402344
2017-08-31,125.81999969482422,125.54042053222656,138.15606689453125,216.24317932128906,101.13334655761719
2017-09-01,126.05999755859375,126.2502212524414,137.96705627441406,216.5489959716797,100.35978698730469
2017-09-05,127.45999908447266,125.03730773925781,136.72915649414062,214.99374389648438,101.95127868652344
2017-09-06,126.80999755859375,125.29788208007812,137.1449432373047,215.72764587402344,101.32575225830078
2017-09-07,128.1300048828125,124.9834213256836,137.4662322998047,215.7014617919922,102.36302185058594
2017-09-08,127.97000122070312,125.08222961425781,136.27560424804688,215.4481201171875,102.14134216308594
2017-09-11,126.19000244140625,126.39397430419922,137.84422302246094,217.74603271484375,100.92193603515625
2017-09-12,126.55999755859375,127.16663360595703,138.17498779296875,218.47996520996094,100.39143371582031
2017-09-13,125.61000061035156,127.5439453125,138.36398315429688,218.58485412597656,99.99555969238281
2017-09-14,126.16000366210938,127.42716217041016,137.55126953125,218.5149383544922,100.40730285644531
2017-09-15,125.52999877929688,127.94829559326172,138.02371215820312,218.80908203125,100.4468765258789
2017-09-18,124.36000061035156,128.81980895996094,137.84283447265625,219.27447509765625,99.86886596679688
2017-09-19,124.62000274658203,128.81980895996094,138.07965087890625,219.49398803710938,99.62346649169922
2017-09-20,123.62000274658203,129.2330780029297,137.6534881591797,219.57302856445312,99.6946792602539
2017-09-21,122.68000030517578,129.0983123779297,136.81056213378906,218.9846954345703,99.63926696777344
2017-09-22,123.23999786376953,129.64634704589844,136.67803955078125,219.02857971191406,99.92432403564453
2017-09-25,124.52999877929688,129.82601928710938,135.2384796142578,218.58074951171875,100.54983520507812
2017-09-26,123.13999938964844,130.2394561767578,135.58888244628906,218.71249389648438,100.36772155761719
2017-09-27,121.9800033569336,132.78822326660156,136.81056213378906,219.56422424316406,98.85536193847656
2017-09-28,122.20999908447266,133.13946533203125,136.7632293701172,219.82766723632812,98.56246185302734
2017-09-29,121.58000183105469,133.45469665527344,137.74815368652344,220.60037231445312,98.78411102294922
2017-10-02,120.7699966430664,135.0938262939453,137.8712615966797,221.55747985839844,98.60324096679688
2017-10-03,120.83000183105469,135.39100646972656,138.16488647460938,222.03158569335938,98.69847106933594
2017-10-04,121.16999816894531,134.9586944580078,138.29742431640625,222.29498291015625,98.70639038085938
2017-10-05,120.5199966430664,135.32797241210938,139.65174865722656,223.61219787597656,98.33345794677734
2017-10-06,121.08999633789062,135.1388397216797,139.8411407470703,223.3575439453125,98.05579376220703
2017-10-09,122.08000183105469,134.5803985595703,139.68011474609375,222.9887237548828,98.36518859863281
2017-10-10,122.4000015258789,134.96774291992188,139.78428649902344,223.5770263671875,98.5239028930664
2017-10-11,122.79000091552734,134.86868286132812,140.2010040283203,223.9282989501953,98.71427154541016
2017-10-12,122.88999938964844,134.76956176757812,139.94529724121094,223.59461975097656,99.13480377197266
2017-10-13,123.81999969482422,134.52639770507812,140.4851531982422,223.86685180664062,99.8488540649414
2017-10-16,122.97000122070312,134.40931701660156,140.9681396484375,224.16537475585938,99.77748107910156
2017-10-17,122.12999725341797,134.02207946777344,141.14808654785156,224.3234405517578,99.90438842773438
2017-10-18,121.66999816894531,134.6615447998047,140.97760009765625,224.54295349121094,99.24586486816406
2017-10-19,122.38999938964844,134.45436096191406,140.45672607421875,224.60438537597656,99.42040252685547
2017-10-20,121.61000061035156,135.07579040527344,140.83555603027344,225.7634735107422,98.36518859863281
2017-10-23,121.80000305175781,134.06712341308594,139.9169158935547,224.88539123535156,98.53974151611328
2017-10-24,121.33000183105469,134.3462371826172,140.15365600585938,225.28053283691406,97.9288330078125
2017-10-25,121.3499984741211,133.6978302001953,139.623291015625,224.16537475585938,97.46075439453125
2017-10-26,120.33000183105469,133.9770050048828,139.17820739746094,224.45513916015625,97.13542938232422
2017-10-27,120.9000015258789,134.9046630859375,143.2315673828125,226.29026794433594,97.77809143066406
2017-10-30,121.12999725341797,133.48170471191406,143.5535888671875,225.44735717773438,98.71427154541016
2017-10-31,120.66999816894531,134.42730712890625,144.09341430664062,225.79861450195312,98.74603271484375
2017-11-01,121.11000061035156,133.5356903076172,144.0460662841797,226.0971221923828,99.1856918334961
2017-11-02,121.19000244140625,133.93197631835938,143.77139282226562,226.18496704101562,99.62300109863281
2017-11-03,120.62000274658203,133.84194946289062,145.1540985107422,226.94012451171875,99.89331817626953
2017-11-06,121.6500015258789,133.99505615234375,145.64654541015625,227.29135131835938,100.26699829101562
2017-11-07,121.20999908447266,132.39195251464844,145.73178100585938,227.13328552246094,100.68839263916016
2017-11-08,121.62999725341797,132.57203674316406,146.3189697265625,227.5196533203125,100.46576690673828
2017-11-09,122.12999725341797,132.10372924804688,145.55186462402344,226.6943359375,100.1795425415039
2017-11-10,121.12999725341797,132.00466918945312,145.54238891601562,226.6239776611328,98.66891479492188
2017-11-13,121.30999755859375,132.0406951904297,145.72232055664062,226.83470153808594,98.87564086914062
2017-11-14,121.55999755859375,131.68045043945312,145.19198608398438,226.30792236328125,99.54348754882812
2017-11-15,121.41000366210938,131.15809631347656,144.51007080078125,225.1751251220703,100.62481689453125
2017-11-16,121.4000015258789,133.0854034423828,146.35682678222656,227.08938598632812,99.75019073486328
2017-11-17,122.86000061035156,133.6978302001953,145.79806518554688,226.42201232910156,100.4896469116211
2017-11-20,121.30999755859375,134.67050170898438,145.68443298339844,226.80838012695312,100.44987487792969
2017-11-21,121.51000213623047,136.07546997070312,147.26602172851562,228.29237365722656,100.7679214477539
2017-11-22,122.62999725341797,135.89540100097656,147.44595336914062,228.09039306640625,101.09387969970703
2017-11-24,122.31999969482422,135.94940185546875,147.98574829101562,228.61721801757812,100.81559753417969
2017-11-27,122.83000183105469,135.53509521484375,147.9194793701172,228.50308227539062,100.6725082397461
2017-11-28,122.80999755859375,137.66964721679688,148.2982635498047,230.82125854492188,100.80767059326172
2017-11-29,122.04000091552734,138.12890625,145.7128448486328,230.68072509765625,99.81381225585938
2017-11-30,121.0999984741211,138.38107299804688,146.93453979492188,232.70034790039062,99.47988891601562
2017-12-01,121.58999633789062,137.81373596191406,146.30946350097656,232.21734619140625,100.82230377197266
2017-12-04,121.18000030517578,137.30035400390625,144.62374877929688,231.93641662597656,100.87013244628906
2017-12-05,120.31999969482422,135.93133544921875,144.7184600830078,231.1022491455078,101.3720474243164
2017-12-06,120.06999969482422,135.2919464111328,145.3719024658203,231.14608764648438,101.72258758544922
2017-12-07,118.48999786376953,136.2376251220703,145.86436462402344,231.8749542236328,100.9258804321289
2017-12-08,118.4800033569336,136.3636932373047,146.5083770751953,233.13938903808594,100.93385314941406
2017-12-11,118.01000213623047,136.3096160888672,147.64479064941406,233.8418426513672,100.72669219970703
2017-12-12,118.1500015258789,135.88633728027344,147.44595336914062,234.25448608398438,100.68689727783203
2017-12-13,119.16999816894531,136.69691467285156,147.73001098632812,234.22817993164062,101.44377899169922
2017-12-14,118.93000030517578,135.183837890625,147.62591552734375,233.2710723876953,101.87398529052734
2017-12-15,119.18000030517578,137.11122131347656,149.30218505859375,235.21359252929688,102.25638580322266
2017-12-18,119.7300033569336,138.9665069580078,150.5539093017578,236.7052001953125,101.32425689697266
2017-12-19,119.81999969482422,137.86770629882812,149.66184997558594,235.79612731933594,100.00967407226562
2017-12-20,120.13999938964844,138.13792419433594,149.50051879882812,235.67247009277344,98.90227508544922
2017-12-21,120.30999755859375,138.74270629882812,149.51947021484375,236.15798950195312,99.47869110107422
2017-12-22,120.94000244140625,138.48963928222656,149.3486785888672,236.09616088867188,99.61443328857422
2017-12-26,121.7699966430664,138.57093811035156,148.54197692871094,235.8137664794922,99.90983581542969
2017-12-27,122.2300033569336,138.43533325195312,148.5609588623047,235.92855834960938,101.21119689941406
2017-12-28,122.8499984741211,138.9777374267578,148.7413330078125,236.41384887695312,101.12340545654297
2017-12-29,123.6500015258789,137.8296661376953,147.82073974609375,235.52247619628906,101.28306579589844
2018-01-02,125.1500015258789,139.13148498535156,150.41160583496094,237.2082061767578,100.18928527832031
2018-01-03,124.81999969482422,139.27609252929688,151.87306213378906,238.7086181640625,100.66831970214844
2018-01-04,125.45999908447266,139.64674377441406,152.1387939453125,239.71469116210938,100.65234375
2018-01-05,125.33000183105469,139.93605041503906,153.666748046875,241.3122100830078,100.36492919921875
2018-01-08,125.30999755859375,140.1529998779297,154.2646026611328,241.75341796875,100.30104064941406
2018-01-09,124.7300033569336,139.96315002441406,154.27410888671875,242.3006591796875,98.95976257324219
2018-01-10,125.02999877929688,139.98126220703125,153.91348266601562,241.929931640625,98.83999633789062
2018-01-11,125.44000244140625,142.385986328125,154.96690368652344,243.69509887695312,99.24716186523438
2018-01-12,126.95999908447266,142.982666015625,156.10574340820312,245.28370666503906,99.41484832763672
2018-01-16,127.16999816894531,141.15647888183594,155.65965270996094,244.4453125,99.82999420166016
2018-01-17,126.13999938964844,142.49444580078125,157.33950805664062,246.77532958984375,99.69425201416016
2018-01-18,125.86000061035156,141.51812744140625,157.36793518066406,246.3603973388672,98.76819610595703
2018-01-19,126.41999816894531,143.38046264648438,157.86146545410156,247.48130798339844,98.24922180175781
2018-01-22,126.6500015258789,144.14886474609375,159.5507049560547,249.4936065673828,98.34503936767578
2018-01-23,127.27999877929688,144.6099090576172,160.8698272705078,250.02310180664062,98.76819610595703
2018-01-24,128.8300018310547,143.71487426757812,159.82594299316406,249.92604064941406,98.23323822021484
2018-01-25,127.97000122070312,143.76914978027344,159.76901245117188,250.03196716308594,99.03958892822266
2018-01-26,128.07000732421875,144.28443908691406,162.2174530029297,252.92672729492188,98.6723403930664
2018-01-29,127.3499984741211,143.4708251953125,161.42982482910156,251.24986267089844,97.98578643798828
2018-01-30,126.80000305175781,142.0966796875,160.10113525390625,248.6727752685547,97.41088104248047
2018-01-31,127.6500015258789,141.3554229736328,160.76541137695312,248.79638671875,97.98578643798828
2018-02-01,128.07000732421875,141.79835510253906,159.39891052246094,248.51394653320312,96.5656509399414
2018-02-02,126.38999938964844,139.06820678710938,156.21961975097656,243.103759765625,95.66960144042969
2018-02-05,126.70999908447266,133.72531127929688,150.06040954589844,232.93663024902344,96.57369232177734
2018-02-06,125.37999725341797,135.325439453125,154.03688049316406,237.5259246826172,95.97359466552734
2018-02-07,124.79000091552734,135.4610595703125,152.04388427734375,236.2373809814453,95.06158447265625
2018-02-08,124.9800033569336,131.48329162597656,145.6284942626953,227.37643432617188,94.9575424194336
2018-02-09,124.7699966430664,132.68563842773438,148.14340209960938,230.79193115234375,94.3575210571289
2018-02-12,125.37000274658203,133.9423065185547,150.77220153808594,234.18096923828125,94.7735595703125
2018-02-13,126.08000183105469,134.23153686523438,151.5504150390625,234.76351928710938,95.19760131835938
2018-02-14,128.22999572753906,136.64535522460938,154.38800048828125,237.93194580078125,94.1415023803711
2018-02-15,128.3800048828125,138.13699340820312,157.2540740966797,240.9679718017578,94.4615478515625
2018-02-16,127.95999908447266,138.6251983642578,156.55177307128906,241.03855895996094,94.97358703613281
2018-02-20,126.23999786376953,137.48606872558594,156.86492919921875,239.52932739257812,94.55754089355469
2018-02-21,125.66000366210938,137.6307830810547,156.41893005371094,238.3379364013672,93.39750671386719
2018-02-22,126.30000305175781,137.4137725830078,156.39991760253906,238.64678955078125,93.677490234375
2018-02-23,126.13999938964844,139.2037811279297,159.59817504882812,242.45068359375,94.50953674316406
2018-02-26,126.44999694824219,140.1168670654297,161.7144775390625,245.26605224609375,94.54153442382812
2018-02-27,125.12999725341797,138.10086059570312,159.7120361328125,242.20350646972656,94.40550994873047
2018-02-28,125.0,135.92208862304688,158.68707275390625,239.75001525878906,95.00556945800781
2018-03-01,124.72000122070312,135.56048583984375,156.09620666503906,236.26380920410156,95.65411376953125
2018-03-02,125.38999938964844,137.7301788330078,157.52928161621094,237.48182678222656,94.87651824951172
2018-03-05,125.18000030517578,138.95973205566406,159.27554321289062,240.22665405273438,94.62001037597656
2018-03-06,126.52999877929688,140.46043395996094,159.9493408203125,240.8356170654297,94.70814514160156
2018-03-07,125.72000122070312,141.6988983154297,160.3194122314453,240.74732971191406,94.60392761230469
2018-03-08,125.41999816894531,141.40963745117188,161.2020263671875,241.91238403320312,95.14903259277344
2018-03-09,125.54000091552734,143.66970825195312,164.33387756347656,246.12205505371094,94.52376556396484
2018-03-12,125.54000091552734,143.92283630371094,165.20692443847656,245.81326293945312,95.06890869140625
2018-03-13,125.77999877929688,143.25389099121094,162.95767211914062,244.22463989257812,95.54987335205078
2018-03-14,125.69999694824219,142.5758514404297,162.9292449951172,242.97140502929688,96.3916244506836
2018-03-15,124.9000015258789,141.8616180419922,162.7869110107422,242.70664978027344,96.3916244506836
2018-03-16,124.5999984741211,142.65719604492188,162.30284118652344,242.96981811523438,96.04692840576172
2018-03-19,124.87000274658203,141.28306579589844,158.83999633789062,239.68234252929688,95.7422866821289
2018-03-20,124.30999755859375,141.2469482421875,159.36276245117188,240.08999633789062,95.35751342773438
2018-03-21,126.4800033569336,142.0695343017578,158.6688995361328,239.62913513183594,95.4616928100586
2018-03-22,125.9800033569336,138.95428466796875,154.7525634765625,233.63914489746094,96.40766906738281
2018-03-23,127.61000061035156,135.964111328125,150.6746063232422,228.65921020507812,96.33553314208984
2018-03-26,128.27999877929688,138.93621826171875,156.27342224121094,234.9151153564453,95.96678161621094
2018-03-27,127.48999786376953,136.24501037597656,151.2164306640625,230.91879272460938,96.99288940429688
2018-03-28,125.7300033569336,136.19970703125,149.47686767578125,230.2364501953125,97.2493896484375
2018-03-29,125.79000091552734,137.5770263671875,152.2145233154297,233.1783447265625,97.72240447998047
2018-04-02,127.26000213623047,134.224365234375,147.82281494140625,228.14524841308594,97.91521453857422
2018-04-03,126.30000305175781,136.1453094482422,149.48635864257812,231.0694122314453,97.16004943847656
2018-04-04,126.44999694824219,137.8760223388672,151.8437957763672,233.54164123535156,96.95919036865234
2018-04-05,125.80000305175781,139.0177459716797,152.70877075195312,235.38478088378906,96.23615264892578
2018-04-06,126.38999938964844,136.24501037597656,148.88754272460938,230.1389617919922,97.28860473632812
2018-04-09,126.81999969482422,136.4080810546875,149.93310546875,231.2732391357422,97.44925689697266
2018-04-10,127.12000274658203,138.98158264160156,153.2411346435547,234.95054626464844,97.27252960205078
2018-04-11,128.11000061035156,139.28053283691406,152.35707092285156,233.71885681152344,97.617919921875
2018-04-12,126.62000274658203,140.23194885253906,154.1917266845703,235.64170837402344,96.90296173095703
2018-04-13,127.44999694824219,139.49801635742188,153.39321899414062,234.95054626464844,97.12791442871094
2018-04-16,127.62999725341797,140.78469848632812,154.56240844726562,236.88226318359375,97.16004943847656
2018-04-17,127.75,142.31602478027344,157.8894500732422,239.41656494140625,97.42513275146484
2018-04-18,127.8499984741211,142.69659423828125,158.21258544921875,239.59378051757812,96.64588928222656
2018-04-19,127.5999984741211,141.70892333984375,156.75823974609375,238.2646484375,95.85856628417969
2018-04-20,126.62999725341797,140.9477996826172,154.27725219726562,236.24417114257812,95.16767120361328
2018-04-23,125.62000274658203,140.73939514160156,153.8874969482422,236.2087860107422,95.19178009033203
2018-04-24,126.2300033569336,139.93296813964844,150.6270751953125,233.0277862548828,94.75794982910156
2018-04-25,125.41000366210938,139.72451782226562,150.80763244628906,233.60372924804688,94.12327575683594
2018-04-26,124.97000122070312,140.36788940429688,153.98257446289062,235.9784698486328,94.78207397460938
2018-04-27,125.5,140.16856384277344,154.07757568359375,236.19996643066406,95.51311492919922
2018-04-30,124.58999633789062,138.92715454101562,152.9844512939453,234.38345336914062,95.6817855834961
2018-05-01,123.70999908447266,139.60678100585938,154.73353576660156,234.79995727539062,95.33722686767578
2018-05-02,123.6500015258789,140.13232421875,153.82098388671875,233.22268676757812,95.23255157470703
2018-05-03,124.27999877929688,139.37115478515625,153.802001953125,232.70867919921875,95.6593017578125
2018-05-04,124.54000091552734,141.1108856201172,156.7201690673828,235.72146606445312,95.8042221069336
2018-05-07,124.56999969482422,142.30697631835938,158.02249145507812,236.5189971923828,95.6512451171875
2018-05-08,124.58999633789062,143.01377868652344,157.8609161376953,236.5189971923828,95.56267547607422
2018-05-09,124.33000183105469,143.78395080566406,159.58140563964844,238.80514526367188,94.99099731445312
2018-05-10,125.18000030517578,144.55418395996094,161.23536682128906,241.03807067871094,95.75587463378906
2018-05-11,125.0,144.83506774902344,161.0833282470703,241.77354431152344,95.99744415283203
2018-05-14,124.48999786376953,144.2823486328125,161.3589630126953,241.8887939453125,95.49018859863281
2018-05-15,122.4800033569336,144.3095245361328,159.57196044921875,240.222900390625,94.40326690673828
2018-05-16,122.29000091552734,145.8136444091797,160.62701416015625,241.2330780029297,94.04094696044922
2018-05-17,122.36000061035156,146.48422241210938,160.0091552734375,241.02923583984375,93.5658950805664
2018-05-18,122.41000366210938,146.6744842529297,159.1822052001953,240.42666625976562,94.3709945678711
2018-05-21,122.4800033569336,147.64410400390625,160.07571411132812,242.23434448242188,94.41934967041016
2018-05-22,122.41000366210938,146.5748291015625,159.86663818359375,241.5609130859375,94.27440643310547
2018-05-23,122.54000091552734,146.7650909423828,161.2164306640625,242.2254638671875,94.95880126953125
2018-05-24,123.58999633789062,146.81948852539062,161.1688995361328,241.72930908203125,95.71561431884766
2018-05-25,123.20999908447266,146.55674743652344,161.33050537109375,241.15330505371094,96.31145477294922
2018-05-29,123.19000244140625,146.35740661621094,160.61752319335938,238.37974548339844,98.42092895507812
2018-05-30,123.37000274658203,148.67709350585938,161.76766967773438,241.5609130859375,97.76070404052734
2018-05-31,123.0999984741211,147.49000549316406,161.6631622314453,240.08111572265625,97.59965515136719
2018-06-01,122.48999786376953,148.45957946777344,164.20114135742188,242.4381561279297,97.08401489257812
2018-06-04,122.37000274658203,149.2479248046875,165.68408203125,243.59011840820312,96.38188171386719
2018-06-05,122.8499984741211,150.17210388183594,166.1973419189453,243.76731872558594,96.60787963867188
2018-06-06,122.91999816894531,151.2594757080078,167.1669921875,245.80531311035156,95.82505798339844
2018-06-07,122.86000061035156,150.43495178222656,165.8075714111328,245.77871704101562,96.75312805175781
2018-06-08,123.01000213623047,150.8879852294922,165.817138671875,246.50534057617188,96.46258544921875
2018-06-11,123.2300033569336,151.11451721191406,166.26388549804688,246.8331756591797,96.28504943847656
2018-06-12,122.81999969482422,151.80316162109375,167.138427734375,247.1522674560547,96.30926513671875
2018-06-13,123.19000244140625,151.2051544189453,167.12892150878906,246.363525390625,96.26083374023438
2018-06-14,123.37999725341797,152.01158142089844,168.82093811035156,246.98382568359375,97.05980682373047
2018-06-15,121.33999633789062,152.05690002441406,168.2315673828125,246.6687469482422,97.14856719970703
2018-06-18,121.11000061035156,152.772705078125,168.13441467285156,246.16139221191406,97.05980682373047
2018-06-19,120.80000305175781,152.78176879882812,167.65809631347656,245.21792602539062,97.62464141845703
2018-06-20,120.26000213623047,154.01414489746094,168.8488006591797,245.63624572753906,96.76924896240234
2018-06-21,120.05000305175781,152.57339477539062,167.38185119628906,244.09642028808594,97.2776870727539
2018-06-22,120.33999633789062,152.0659637451172,167.0103302001953,244.54144287109375,97.26960754394531
2018-06-25,119.88999938964844,149.58314514160156,163.24758911132812,241.2126007080078,97.48748779296875
2018-06-26,119.26000213623047,150.4530029296875,163.9144287109375,241.74664306640625,97.62464141845703
2018-06-27,118.58000183105469,148.0427703857422,161.68527221679688,239.743896484375,98.54468536376953
2018-06-28,118.22000122070312,148.49581909179688,163.07611083984375,241.11468505859375,98.56889343261719
2018-06-29,118.6500015258789,148.39613342285156,163.51426696777344,241.46177673339844,98.22997283935547
2018-07-02,117.45999908447266,149.42002868652344,164.6097869873047,241.97805786132812,98.15316009521484
2018-07-03,118.6500015258789,150.0157470703125,162.70457458496094,241.12356567382812,98.67886352539062
2018-07-05,119.05000305175781,151.72540283203125,164.72410583496094,243.09059143066406,98.96195983886719
2018-07-06,118.86000061035156,153.0076904296875,167.28660583496094,245.146728515625,99.28546905517578
2018-07-09,119.1500015258789,153.97164916992188,168.7917022705078,247.35409545898438,98.64651489257812
2018-07-10,118.93000030517578,153.27142333984375,168.9155731201172,248.24417114257812,98.63843536376953
2018-07-11,117.63999938964844,151.97093200683594,168.0582275390625,246.4283905029297,99.01856231689453
2018-07-12,118.12999725341797,152.7075653076172,170.95411682128906,248.6625518798828,99.01046752929688
2018-07-13,117.61000061035156,152.2528839111328,171.09698486328125,248.8583526611328,99.26126098632812
2018-07-16,117.55000305175781,151.66175842285156,170.68736267089844,248.63589477539062,98.84870910644531
2018-07-17,116.27999877929688,152.33473205566406,171.72572326660156,249.64163208007812,98.66273498535156
2018-07-18,116.30999755859375,152.76210021972656,171.40184020996094,250.1667938232422,98.2663345336914
2018-07-19,115.80999755859375,153.84432983398438,170.54449462890625,249.22332763671875,98.8891372680664
2018-07-20,116.55999755859375,153.21681213378906,170.5063934326172,248.9384765625,97.67589569091797
2018-07-23,116.0,153.40780639648438,171.04937744140625,249.40135192871094,96.47073364257812
2018-07-24,116.04000091552734,151.77085876464844,171.75430297851562,250.65634155273438,96.80232238769531
2018-07-25,116.68000030517578,152.32565307617188,174.15489196777344,252.79266357421875,96.6486587524414
2018-07-26,115.7699966430664,153.14407348632812,171.51614379882812,252.19618225097656,96.46261596679688
2018-07-27,115.83000183105469,150.28857421875,169.2013397216797,250.4872283935547,96.6243896484375
2018-07-30,115.6500015258789,149.32455444335938,166.8102569580078,249.17884826660156,96.29275512695312
2018-07-31,115.98999786376953,150.84329223632812,168.0867919921875,250.40716552734375,96.81851196289062
2018-08-01,115.13999938964844,150.7432403564453,168.72503662109375,249.98878479003906,96.02975463867188
2018-08-02,114.5199966430664,151.8436279296875,171.02084350585938,251.35064697265625,96.1675796508789
2018-08-03,114.91999816894531,151.31617736816406,171.5447540283203,252.42762756347656,96.6458740234375
2018-08-06,114.33000183105469,152.1619415283203,172.5544891357422,253.35340881347656,96.70256805419922
2018-08-07,114.58999633789062,152.52566528320312,173.1832275390625,254.1899871826172,96.20001220703125
2018-08-08,114.91000366210938,152.3892822265625,173.392822265625,254.0831298828125,96.29725646972656
2018-08-09,114.73999786376953,152.78033447265625,173.2880096435547,253.73609924316406,97.10791778564453
2018-08-10,114.69000244140625,152.35287475585938,171.9638671875,252.03598022460938,97.81319427490234
2018-08-13,112.95999908447266,151.4617156982422,171.7734375,251.0924835205078,97.61054229736328
2018-08-14,113.06999969482422,152.96218872070312,172.849853515625,252.69461059570312,97.39167022705078
2018-08-15,111.19000244140625,151.04335021972656,170.73504638671875,250.8075714111328,97.9591293334961
2018-08-16,111.0999984741211,152.44387817382812,171.29708862304688,252.8370819091797,97.95100402832031
2018-08-17,112.12999725341797,153.09857177734375,171.335205078125,253.7271728515625,98.07257843017578
2018-08-20,112.69000244140625,153.52603149414062,171.18275451660156,254.27008056640625,98.72919464111328
2018-08-21,113.0199966430664,155.29029846191406,171.8114776611328,254.8665008544922,98.39685821533203
2018-08-22,113.2699966430664,155.67222595214844,172.47825622558594,254.7151336669922,98.78594970703125
2018-08-23,112.19999694824219,155.19935607910156,172.23065185546875,254.3768310546875,98.94001007080078
2018-08-24,114.16000366210938,156.04513549804688,173.83096313476562,255.90777587890625,99.134521484375
2018-08-27,114.58999633789062,156.2724609375,175.6028289794922,257.9283752441406,98.56709289550781
2018-08-28,113.68000030517578,156.4179229736328,175.8600616455078,258.0529479980469,97.9753189086914
2018-08-29,114.19999694824219,156.8726806640625,177.88906860351562,259.4415283203125,98.10498809814453
2018-08-30,113.63999938964844,156.74533081054688,177.57470703125,258.3912048339844,98.31580352783203
2018-08-31,113.51000213623047,157.34552001953125,177.80335998535156,258.4001159667969,98.08882141113281
2018-09-04,112.93000030517578,156.64529418945312,177.04124450683594,257.95501708984375,97.521728515625
2018-09-05,113.31999969482422,156.2269744873047,174.7549591064453,257.26080322265625,97.26171112060547
2018-09-06,113.54000091552734,155.17210388183594,173.19273376464844,256.486328125,97.61919403076172
2018-09-07,113.2300033569336,155.09022521972656,172.52589416503906,255.9879150390625,96.79047393798828
2018-09-10,113.1500015258789,155.28121948242188,173.10702514648438,256.4329833984375,97.14797973632812
2018-09-11,113.22000122070312,155.5358123779297,174.44065856933594,257.278564453125,96.40863800048828
2018-09-12,114.16999816894531,155.16294860839844,173.92625427246094,257.34088134765625,96.63613891601562
2018-09-13,113.76000213623047,155.19935607910156,175.7837677001953,258.86285400390625,96.78235626220703
2018-09-14,113.0199966430664,155.85414123535156,175.2694091796875,258.907470703125,96.31925964355469
2018-09-17,113.61000061035156,154.19903564453125,172.74502563476562,257.5367126464844,96.31925964355469
2018-09-18,113.44000244140625,154.8446807861328,174.17391967773438,258.9341125488281,95.3117904663086
2018-09-19,113.87999725341797,154.28085327148438,174.04055786132812,259.2101135253906,94.74304962158203
2018-09-20,114.2699966430664,155.7086181640625,175.96482849121094,261.310546875,95.18175506591797
2018-09-21,113.48999786376953,154.96290588378906,175.00270080566406,261.0718994140625,95.14109802246094
2018-09-24,113.47000122070312,154.3900146484375,175.48936462402344,260.20465087890625,94.89741516113281
2018-09-25,113.6500015258789,154.62640380859375,175.72796630859375,259.9632568359375,94.79989624023438
2018-09-26,113.05000305175781,153.21311950683594,175.85206604003906,259.1853332519531,95.46615600585938
2018-09-27,112.05000305175781,153.22222900390625,177.34068298339844,259.9095153808594,95.5311508178711
2018-09-28,112.76000213623047,153.68724060058594,177.30258178710938,259.9364013671875,95.27923583984375
2018-10-01,112.56999969482422,151.6629638671875,177.6652374267578,260.8394470214844,94.57980346679688
2018-10-02,113.87000274658203,150.02175903320312,177.26441955566406,260.68743896484375,95.1579360961914
2018-10-03,113.41999816894531,151.33474731445312,177.45526123046875,260.8305358886719,93.50495147705078
2018-10-04,113.4800033569336,149.21017456054688,174.0483856201172,258.7919616699219,92.8453598022461
2018-10-05,113.80000305175781,147.86070251464844,171.92025756835938,257.34344482421875,92.04736328125
2018-10-08,112.54000091552734,147.55072021484375,170.8704833984375,257.34344482421875,91.73792266845703
2018-10-09,112.5999984741211,146.97625732421875,171.4239959716797,256.9679260253906,92.66622924804688
2018-10-10,112.87999725341797,142.75450134277344,163.88491821289062,248.83157348632812,92.41375732421875
2018-10-11,115.77999877929688,140.02816772460938,161.85218811035156,243.35064697265625,93.53753662109375
2018-10-12,115.2300033569336,140.05555725097656,166.35659790039062,246.73036193847656,93.21179962158203
2018-10-15,116.0,140.57525634765625,164.343017578125,245.34445190429688,93.17106628417969
2018-10-16,115.80000305175781,144.651123046875,169.12411499023438,250.70907592773438,93.38278198242188
2018-10-17,115.79000091552734,144.03109741210938,169.19081115722656,250.75381469726562,92.82904052734375
2018-10-18,115.91999816894531,141.3320770263672,165.26866149902344,247.13272094726562,92.79649353027344
2018-10-19,116.01000213623047,139.83663940429688,165.115966796875,246.99856567382812,92.5929183959961
2018-10-22,115.70999908447266,139.5358123779297,165.96531677246094,245.8898468017578,92.47076416015625
2018-10-23,116.38999938964844,138.28656005859375,165.35458374023438,244.63807678222656,92.76390075683594
2018-10-24,116.66000366210938,133.08010864257812,157.7868194580078,237.22593688964844,93.4642562866211
2018-10-25,116.4000015258789,135.96144104003906,163.24549865722656,241.4818878173828,93.07337951660156
2018-10-26,116.7699966430664,134.47520446777344,159.04649353027344,237.23486328125,93.6352310180664
2018-10-29,116.30999755859375,133.73667907714844,155.77317810058594,235.9205322265625,93.42350006103516
2018-10-30,115.80000305175781,136.5268096923828,158.34030151367188,239.41650390625,92.95936584472656
2018-10-31,115.1500015258789,136.80032348632812,162.0621337890625,241.97372436523438,92.4870376586914
2018-11-01,116.62999725341797,139.95526123046875,164.19981384277344,244.5487518310547,92.5727767944336
2018-11-02,116.6500015258789,140.4202880859375,161.6422576904297,243.10025024414062,91.42182159423828
2018-11-05,116.37000274658203,140.31082153320312,161.24142456054688,244.44143676757812,91.7810287475586
2018-11-06,116.04000091552734,141.00381469726562,162.46295166015625,245.98828125,91.72389221191406
2018-11-07,116.02999877929688,143.52955627441406,167.55902099609375,251.25465393066406,91.84629821777344
2018-11-08,115.77999877929688,143.14657592773438,166.490234375,250.79859924316406,91.838134765625
2018-11-09,114.4800033569336,140.4932098388672,163.68447875976562,248.3487091064453,92.52379608154297
2018-11-12,113.66000366210938,137.712158203125,158.73158264160156,243.70822143554688,93.12779998779297
2018-11-13,113.69999694824219,137.2744903564453,158.86520385742188,243.2522735595703,93.07069396972656
2018-11-14,114.63999938964844,136.271484375,157.65322875976562,241.58920288085938,93.12779998779297
2018-11-15,114.7699966430664,138.21363830566406,160.41119384765625,244.110595703125,93.08700561523438
2018-11-16,115.62000274658203,138.5419464111328,159.84812927246094,244.7454071044922,93.62576293945312
2018-11-19,115.66999816894531,135.73348999023438,154.6566619873047,240.6056671142578,93.88697052001953
2018-11-20,115.66999816894531,133.1165771484375,151.88914489746094,236.15298461914062,93.91961669921875
2018-11-21,115.86000061035156,134.97666931152344,153.0438232421875,236.95770263671875,93.88697052001953
2018-11-23,115.7699966430664,134.84902954101562,151.93685913085938,235.37506103515625,93.98493194580078
2018-11-26,115.63999938964844,136.5997314453125,155.44873046875,239.17501831054688,93.77266693115234
2018-11-27,114.94999694824219,135.4690704345703,155.97360229492188,239.97979736328125,93.87879180908203
2018-11-28,115.37999725341797,138.8154754638672,160.99334716796875,245.5054473876953,93.42166900634766
2018-11-29,115.73999786376953,138.44163513183594,160.46841430664062,244.96893310546875,93.78900146484375
2018-11-30,115.54000091552734,139.16195678710938,161.63265991210938,246.46214294433594,94.13997650146484
2018-12-03,116.41000366210938,140.4932098388672,164.45750427246094,249.72561645507812,94.80844116210938
2018-12-04,117.12000274658203,134.51171875,158.14944458007812,241.63389587402344,96.39566802978516
2018-12-06,117.13999938964844,134.21983337402344,159.26597595214844,241.26730346679688,96.6983871459961
2018-12-07,118.08999633789062,131.32029724121094,154.00767517089844,235.6612548828125,96.87837982177734
2018-12-10,117.68000030517578,130.9373321533203,155.62049865722656,236.1083221435547,97.27925872802734
2018-12-11,117.54000091552734,130.80052185058594,156.13584899902344,236.16189575195312,97.26292419433594
2018-12-12,117.79000091552734,132.0497589111328,157.5100860595703,237.3511199951172,96.82929992675781
2018-12-13,117.52999877929688,130.18052673339844,157.55775451660156,237.2706756591797,96.60022735595703
2018-12-14,117.05999755859375,128.21102905273438,153.72145080566406,232.8894805908203,96.93565368652344
2018-12-17,117.87000274658203,125.35566711425781,150.23814392089844,228.32058715820312,97.50017547607422
2018-12-18,118.1500015258789,125.20012664794922,151.18296813964844,228.07022094726562,98.08409881591797
2018-12-19,117.43000030517578,122.59276580810547,147.47064208984375,224.6546630859375,99.37989807128906
2018-12-20,119.23999786376953,120.57088470458984,145.33299255371094,220.99778747558594,99.01898193359375
2018-12-21,118.72000122070312,117.44204711914062,140.82861328125,216.46966552734375,99.00262451171875
2018-12-24,120.0199966430664,115.16398620605469,137.33628845214844,210.74986267089844,99.49469757080078
2018-12-26,119.66000366210938,120.698974609375,145.91143798828125,221.39796447753906,98.42851257324219
2018-12-27,120.56999969482422,121.20216369628906,146.47607421875,223.09774780273438,98.44493865966797
2018-12-28,121.05999755859375,121.54985046386719,146.3995361328125,222.80995178222656,99.27326202392578
2018-12-31,121.25,122.50129699707031,147.6341552734375,224.76150512695312,99.65047454833984
2019-01-02,121.33000183105469,123.19658660888672,148.22750854492188,224.99533081054688,100.17535400390625
2019-01-03,122.43000030517578,120.99174499511719,143.38485717773438,219.62631225585938,101.3153305053711
2019-01-04,121.44000244140625,125.51117706298828,149.51953125,226.98289489746094,100.14256286621094
2019-01-07,121.86000061035156,127.7069091796875,151.2996063232422,228.7725372314453,99.84732818603516
2019-01-08,121.52999877929688,129.66473388671875,152.66824340820312,230.92193603515625,99.58487701416016
2019-01-09,122.30999755859375,130.735107421875,153.91241455078125,232.00115966796875,99.42906951904297
2019-01-10,121.58999633789062,131.41212463378906,154.3526153564453,232.8195343017578,98.78939056396484
2019-01-11,121.80000305175781,131.44873046875,153.7879638671875,232.9094696044922,99.1748275756836
2019-01-14,122.08999633789062,130.14044189453125,152.428955078125,231.4884796142578,98.8058090209961
2019-01-15,121.87999725341797,131.23826599121094,155.4053955078125,234.14158630371094,98.44493865966797
2019-01-16,122.2699966430664,132.2172393798828,155.3766326904297,234.70811462402344,98.54335021972656
2019-01-17,122.11000061035156,133.41567993164062,156.60169982910156,236.4888153076172,98.5679702758789
2019-01-18,121.0199966430664,134.78802490234375,158.1521453857422,239.63653564453125,98.05130767822266
2019-01-22,121.44999694824219,132.65631103515625,154.98426818847656,236.39883422851562,98.71558380126953
2019-01-23,121.27999877929688,132.2904052734375,155.1852264404297,236.89352416992188,98.67459869384766
2019-01-24,121.08999633789062,133.08636474609375,156.19015502929688,237.01942443847656,99.32242584228516
2019-01-25,122.86000061035156,134.79714965820312,158.05636596679688,239.02487182617188,98.84678649902344
2019-01-28,123.29000091552734,134.07440185546875,156.10400390625,237.20826721191406,98.74838256835938
2019-01-29,123.9800033569336,133.75421142578125,154.6301727294922,236.89352416992188,99.24864196777344
2019-01-30,124.69000244140625,135.21800231933594,158.5635986328125,240.6437225341797,99.1748275756836
2019-01-31,124.75,136.37074279785156,160.93714904785156,242.7571258544922,100.02776336669922
2019-02-01,124.5,136.4805450439453,160.25759887695312,242.87413024902344,99.42359161376953
2019-02-04,123.95999908447266,138.1089630126953,162.24826049804688,244.58287048339844,98.97970581054688
2019-02-05,124.27999877929688,138.25538635253906,163.683837890625,245.60801696777344,99.4317855834961
2019-02-06,123.44000244140625,138.08151245117188,163.1957550048828,245.2843017578125,99.48115539550781
2019-02-07,123.73999786376953,136.9470977783203,161.004150390625,242.946044921875,100.13870239257812
2019-02-08,124.20999908447266,137.09347534179688,161.3199462890625,243.2428436279297,100.56613159179688
2019-02-11,123.5999984741211,138.23707580566406,161.16680908203125,243.37765502929688,100.1716079711914
2019-02-12,123.86000061035156,139.96617126464844,163.54983520507812,246.50743103027344,99.91678619384766
2019-02-13,123.37000274658203,140.3595428466797,163.66470336914062,247.30783081054688,99.53868865966797
2019-02-14,124.05999755859375,140.6797637939453,163.86569213867188,246.7592315673828,100.10582733154297
2019-02-15,124.80000305175781,142.9211883544922,164.55474853515625,249.4481964111328,100.26199340820312
2019-02-19,126.69999694824219,143.31460571289062,164.8801727294922,249.87986755371094,100.51683807373047
2019-02-20,126.4800033569336,143.99160766601562,164.8514404296875,250.38348388671875,100.22911071777344
2019-02-21,125.05000305175781,143.4427032470703,164.2484588623047,249.49319458007812,99.33318328857422
2019-02-22,125.5,144.68692016601562,165.46395874023438,251.0399169921875,99.92498779296875
2019-02-25,125.37000274658203,144.72348022460938,166.06687927246094,251.38180541992188,99.62906646728516
2019-02-26,125.58000183105469,143.72630310058594,166.23912048339844,251.20188903808594,100.12226104736328
2019-02-27,124.69000244140625,143.92759704589844,166.13389587402344,251.09400939941406,98.98799896240234
2019-02-28,123.98999786376953,143.4335479736328,165.75103759765625,250.6262969970703,98.65095520019531
2019-03-01,121.87999725341797,144.7692413330078,166.89950561523438,252.1912078857422,97.7391586303711
2019-03-04,121.55999755859375,143.46096801757812,166.92822265625,251.27395629882812,98.50515747070312
2019-03-05,121.72000122070312,142.7931365966797,167.0526123046875,250.93214416503906,98.71109008789062
2019-03-06,121.61000061035156,139.99363708496094,166.1051483154297,249.41224670410156,99.07352447509766
2019-03-07,121.51000213623047,138.76768493652344,164.066650390625,247.3257598876953,99.71601867675781
2019-03-08,122.83999633789062,138.73110961914062,163.81784057617188,246.83108520507812,100.13607788085938
2019-03-11,122.23999786376953,141.1554718017578,167.2248992919922,250.41046142578125,99.83953094482422
2019-03-12,122.9800033569336,141.22874450683594,168.14370727539062,251.35479736328125,100.5396957397461
2019-03-13,123.83999633789062,141.7867431640625,169.40696716308594,253.0186309814453,100.3502426147461
2019-03-14,122.41000366210938,141.2104034423828,169.11990356445312,252.85671997070312,99.62537384033203
2019-03-15,122.97000122070312,141.5855255126953,170.68942260742188,254.10597229003906,100.28434753417969
2019-03-18,123.04000091552734,142.49124145507812,171.09591674804688,255.02734375,100.22666931152344
2019-03-19,123.37999725341797,141.76849365234375,171.6712188720703,255.0905303955078,100.0042953491211
2019-03-20,124.18000030517578,140.58697509765625,172.35195922851562,254.32276916503906,101.05037689208984
2019-03-21,123.68000030517578,142.43080139160156,175.04617309570312,257.1952819824219,101.27278137207031
2019-03-22,123.97000122070312,137.2479248046875,171.201416015625,252.24514770507812,102.84602355957031
2019-03-25,124.91999816894531,137.85340881347656,170.87539672851562,252.0554962158203,103.01075744628906
2019-03-26,124.30000305175781,139.30274963378906,171.6712188720703,253.9344024658203,102.93663787841797
2019-03-27,123.6500015258789,138.7615203857422,170.56863403320312,252.60650634765625,103.88390350341797
2019-03-28,121.9000015258789,139.99990844726562,170.96170043945312,253.56398010253906,104.24629974365234
2019-03-29,122.01000213623047,140.4310302734375,172.25607299804688,255.162841796875,104.1474609375
2019-04-01,121.52999877929688,141.96292114257812,174.5380096435547,258.18878173828125,102.66815185546875
2019-04-02,121.9800033569336,141.59600830078125,175.19960021972656,258.3153381347656,102.85803985595703
2019-04-03,121.80000305175781,142.32984924316406,176.20628356933594,258.7217712402344,101.96647644042969
2019-04-04,122.11000061035156,143.02700805664062,176.13917541503906,259.40826416015625,102.25540924072266
2019-04-05,121.9800033569336,144.36630249023438,177.050048828125,260.6638488769531,102.38748931884766
2019-04-08,122.51000213623047,144.12782287597656,177.5006561279297,260.862548828125,102.02425384521484
2019-04-09,123.1500015258789,142.36656188964844,176.87742614746094,259.5257263183594,102.34619903564453
2019-04-10,123.52999877929688,144.30209350585938,177.82666015625,260.410888671875,102.5938720703125
2019-04-11,121.94999694824219,144.11863708496094,177.40475463867188,260.338623046875,101.99122619628906
2019-04-12,121.83000183105469,144.64146423339844,178.17178344726562,262.10009765625,101.26478576660156
2019-04-15,121.5999984741211,144.17364501953125,178.2005615234375,261.928466796875,101.52070617675781
2019-04-16,120.51000213623047,144.51309204101562,178.81419372558594,262.10009765625,100.88504028320312
2019-04-17,120.27999877929688,143.19212341308594,179.43739318847656,261.458740234375,100.92631530761719
2019-04-18,120.37000274658203,142.77017211914062,179.6675262451172,261.9737548828125,101.4546127319336
2019-04-22,120.37000274658203,142.39405822753906,180.1757049560547,262.1994934082031,100.96761322021484
2019-04-23,120.12000274658203,144.54055786132812,182.4671630859375,264.5570068359375,101.18226623535156
2019-04-24,120.47000122070312,144.99008178710938,181.89187622070312,263.97003173828125,102.00773620605469
2019-04-25,120.56999969482422,143.7884063720703,182.6301727294922,263.8073425292969,101.85916137695312
2019-04-26,121.37000274658203,145.18270874023438,182.79318237304688,265.0358581542969,102.20586395263672
2019-04-29,120.83000183105469,145.87982177734375,183.14794921875,265.4513854980469,101.55371856689453
2019-04-30,121.19999694824219,145.20106506347656,181.72889709472656,265.5868225097656,102.07380676269531
2019-05-01,120.4000015258789,143.82508850097656,181.14405822753906,263.590576171875,102.4948501586914
2019-05-02,119.94000244140625,144.49468994140625,180.3578643798828,263.02142333984375,102.00682830810547
2019-05-03,120.6500015258789,147.2557830810547,183.23422241210938,265.5958557128906,102.29631042480469
2019-05-06,120.80999755859375,147.4209442138672,182.11244201660156,264.5029296875,102.57756805419922
2019-05-07,121.20999908447266,144.50389099121094,178.56491088867188,260.08575439453125,103.36347198486328
2019-05-08,120.91000366210938,143.7975616455078,178.11427307128906,259.7243957519531,102.916748046875
2019-05-09,121.19999694824219,143.2747039794922,177.15553283691406,258.9385681152344,103.33861541748047
2019-05-10,121.43000030517578,143.66912841796875,177.37603759765625,260.23931884765625,103.19800567626953
2019-05-13,122.66999816894531,139.0917510986328,171.22055053710938,253.699462890625,104.00872039794922
2019-05-14,122.45999908447266,140.8438262939453,173.09979248046875,255.99380493164062,103.70262908935547
2019-05-15,122.38999938964844,141.30247497558594,175.5447235107422,257.4933776855469,104.33958435058594
2019-05-16,121.51000213623047,142.18307495117188,177.30894470214844,259.8780517578125,103.99212646484375
2019-05-17,120.6500015258789,140.20169067382812,175.4967803955078,258.19781494140625,104.22379302978516
2019-05-20,120.63999938964844,139.22938537597656,172.53416442871094,256.4906005859375,104.00872039794922
2019-05-21,120.36000061035156,141.1006622314453,174.3366241455078,258.8031005859375,103.84323120117188
2019-05-22,120.23999786376953,139.9173126220703,173.55999755859375,258.0081481933594,104.43885803222656
2019-05-23,121.16999816894531,137.03701782226562,170.90420532226562,254.85572814941406,105.61357116699219
2019-05-24,121.30000305175781,138.32122802734375,170.81790161132812,255.4337615966797,105.70452880859375
2019-05-28,120.83000183105469,137.22044372558594,170.175537109375,253.05810546875,106.4655990600586
2019-05-29,120.87000274658203,136.07379150390625,168.7756805419922,251.35989379882812,106.78826141357422
2019-05-30,121.69000244140625,135.6976776123047,169.4851837158203,252.0464630126953,107.70643615722656
2019-05-31,123.33000183105469,133.7988739013672,166.78143310546875,248.65000915527344,109.05487060546875
2019-06-03,125.11000061035156,134.2667236328125,163.10923767089844,248.0177459716797,109.7843017578125
2019-06-04,125.1500015258789,137.74330139160156,167.70184326171875,253.4013214111328,108.5326156616211
2019-06-05,125.47000122070312,137.77081298828125,168.94825744628906,255.5963592529297,107.91918182373047
2019-06-06,125.87999725341797,137.4130859375,170.29054260253906,257.2584228515625,108.26736450195312
2019-06-07,126.58999633789062,138.38543701171875,173.57916259765625,259.8328552246094,109.20403289794922
2019-06-10,125.33000183105469,139.20184326171875,175.60223388671875,261.0251770019531,108.17618560791016
2019-06-11,125.18000030517578,138.7890167236328,175.8419189453125,260.96197509765625,108.24250030517578
2019-06-12,125.83000183105469,138.94497680664062,174.82562255859375,260.50128173828125,108.32538604736328
2019-06-13,126.5999984741211,140.4127197265625,175.8611297607422,261.57623291015625,108.69842529296875
2019-06-14,126.55999755859375,139.18350219726562,175.1133270263672,261.2872009277344,108.97197723388672
2019-06-17,126.4800033569336,140.1436309814453,176.16796875,261.3865051269531,109.16259002685547
2019-06-18,127.12000274658203,141.7729949951172,178.7279052734375,264.12353515625,109.70970916748047
2019-06-19,127.88999938964844,142.279296875,179.39907836914062,264.71966552734375,109.86722564697266
2019-06-20,131.11000061035156,142.9512481689453,181.0673370361328,267.24884033203125,110.15731811523438
2019-06-21,131.97999572753906,141.7177734375,180.79888916015625,266.8603515625,108.94707489013672
2019-06-24,133.94000244140625,139.99636840820312,180.8046875,266.5337219238281,109.75948333740234
2019-06-25,134.1999969482422,139.1402130126953,177.70094299316406,263.91949462890625,110.09929656982422
2019-06-26,132.97000122070312,138.8180389404297,178.5272979736328,263.65625,109.39469146728516
2019-06-27,132.83999633789062,141.42312622070312,179.20956420898438,264.5912170410156,110.16558074951172
2019-06-28,133.1999969482422,143.14454650878906,179.44017028808594,265.9527587890625,110.0910415649414
2019-07-01,130.6199951171875,143.69688415527344,181.86167907714844,268.3671875,109.83355712890625
2019-07-02,133.41000366210938,142.82240295410156,182.5823516845703,269.0660705566406,110.68067932128906
2019-07-03,133.6300048828125,143.8441619873047,183.9564666748047,271.21734619140625,111.46974182128906
2019-07-05,132.13999938964844,144.23080444335938,183.58168029785156,270.90869140625,109.99132537841797
2019-07-08,131.2899932861328,142.85922241210938,182.29408264160156,269.42010498046875,110.14083862304688
2019-07-09,131.75,143.05252075195312,183.20693969726562,269.7558898925781,110.09933471679688
2019-07-10,133.8300018310547,143.30108642578125,185.03262329101562,271.04486083984375,109.49305725097656
2019-07-11,132.6999969482422,142.60150146484375,184.89810180664062,271.6802978515625,108.03123474121094
2019-07-12,133.52999877929688,143.70611572265625,185.96473693847656,272.896484375,108.15581512451172
2019-07-15,133.52999877929688,142.9512481689453,186.56048583984375,272.9872741699219,108.77873992919922
2019-07-16,132.39999389648438,142.90524291992188,185.599609375,272.1068420410156,108.45482635498047
2019-07-17,134.5800018310547,141.88343811035156,184.68675231933594,270.2551574707031,109.62593841552734
2019-07-18,136.47999572753906,142.41732788085938,184.89810180664062,271.2445983886719,109.63423919677734
2019-07-19,134.47000122070312,141.59808349609375,183.543212890625,269.73779296875,109.37671661376953
2019-07-22,134.4499969482422,141.46917724609375,185.00381469726562,270.400390625,109.58443450927734
2019-07-23,133.69000244140625,142.40817260742188,186.21458435058594,272.3337707519531,108.9863510131836
2019-07-24,134.3699951171875,144.76473999023438,187.5214080810547,273.61358642578125,109.45980834960938
2019-07-25,133.4199981689453,143.01573181152344,185.7437286376953,272.30657958984375,108.9365234375
2019-07-26,133.63999938964844,144.70950317382812,187.65597534179688,274.13104248046875,109.19404602050781
2019-07-29,134.52999877929688,143.742919921875,187.01210021972656,273.6317443847656,109.22724914550781
2019-07-30,134.97999572753906,145.29867553710938,186.20501708984375,272.9600524902344,109.49305725097656
2019-07-31,133.2100067138672,144.120361328125,183.62969970703125,269.9737243652344,110.3733901977539
2019-08-01,136.41000366210938,142.03070068359375,182.7168731689453,267.6229248046875,112.5654067993164
2019-08-02,135.88999938964844,140.45655822753906,180.0263214111328,265.6077575683594,113.60572052001953
2019-08-05,137.7899932861328,136.2405242919922,173.6651153564453,257.6201477050781,115.56976318359375
2019-08-06,138.91000366210938,137.4924774169922,176.09620666503906,261.2326965332031,116.49359130859375
2019-08-07,141.02000427246094,137.45565795898438,177.0474853515625,261.38702392578125,116.53511047363281
2019-08-08,141.72999572753906,140.4197540283203,180.9007568359375,266.5154724121094,116.78482818603516
2019-08-09,141.25999450683594,138.65234375,179.19993591308594,264.70013427734375,116.55174255371094
2019-08-12,142.6300048828125,136.85728454589844,177.14358520507812,261.4778137207031,118.98184967041016
2019-08-13,141.77999877929688,138.3301239013672,181.02566528320312,265.54425048828125,118.57408142089844
2019-08-14,142.75,134.46385192871094,175.61572265625,257.6927490234375,121.2454833984375
2019-08-15,143.6999969482422,133.92996215820312,175.41395568847656,258.37353515625,122.59364318847656
2019-08-16,142.77999877929688,136.82046508789062,178.22938537597656,262.185791015625,121.6116714477539
2019-08-19,141.11000061035156,138.20127868652344,181.06410217285156,265.34454345703125,119.87239074707031
2019-08-20,142.2100067138672,137.29913330078125,179.66119384765625,263.3113708496094,121.11231994628906
2019-08-21,141.75999450683594,138.43142700195312,181.25631713867188,265.45355224609375,120.30512237548828
2019-08-22,141.39999389648438,138.1091766357422,180.67013549804688,265.3717956542969,119.50617980957031
2019-08-23,144.1699981689453,133.87469482421875,174.95272827148438,258.5550537109375,121.47021484375
2019-08-26,144.19000244140625,135.34756469726562,177.59524536132812,261.4142761230469,120.97919464111328
2019-08-27,145.57000732421875,133.34078979492188,177.22044372558594,260.3885192871094,122.84333801269531
2019-08-28,145.16000366210938,134.896484375,177.85462951660156,262.22216796875,123.0014419555664
2019-08-29,144.1199951171875,137.26231384277344,180.5740509033203,265.57147216796875,122.53538513183594
2019-08-30,143.75,137.01377868652344,180.14166259765625,265.45355224609375,122.56868743896484
2019-09-03,145.75,135.0070037841797,178.39283752441406,263.9013671875,122.7270736694336
2019-09-04,146.66000366210938,136.09324645996094,180.968017578125,266.89666748046875,122.91053771972656
2019-09-05,143.13999938964844,138.62472534179688,184.28314208984375,270.3277282714844,120.68452453613281
2019-09-06,141.9199981689453,137.98953247070312,184.10057067871094,270.5365295410156,121.54324340820312
2019-09-09,141.38999938964844,139.83984375,183.71621704101562,270.6727600097656,119.384033203125
2019-09-10,140.17999267578125,141.62574768066406,183.18768310546875,270.609130859375,117.29150390625
2019-09-11,141.02999877929688,144.525390625,184.90774536132812,272.5334777832031,117.08302307128906
2019-09-12,141.32000732421875,144.5622100830078,185.6764678955078,273.4774475097656,116.3160400390625
2019-09-13,140.14999389648438,144.81076049804688,185.01341247558594,273.2958984375,113.83169555664062
2019-09-16,141.32000732421875,145.35385131835938,184.1870574951172,272.4517517089844,115.28230285644531
2019-09-17,141.60000610351562,144.97647094726562,185.0710906982422,273.1416931152344,115.90756225585938
2019-09-18,140.7100067138672,144.08355712890625,184.99423217773438,273.30499267578125,116.39942932128906
2019-09-19,141.27999877929688,143.3839111328125,185.3016815185547,273.2868347167969,116.74958801269531
2019-09-20,142.9499969482422,143.0801544189453,183.3414306640625,271.9956359863281,118.29190826416016
2019-09-23,143.75,142.96971130371094,183.42236328125,271.9317932128906,118.2668685913086
2019-09-24,144.50999450683594,140.81178283691406,180.98631286621094,269.79791259765625,119.6925277709961
2019-09-25,141.8300018310547,142.3544464111328,183.0179443359375,271.39373779296875,117.9417724609375
2019-09-26,141.7899932861328,140.76551818847656,182.3439178466797,270.8283996582031,118.70042419433594
2019-09-27,141.05999755859375,139.63851928710938,180.08123779296875,269.36944580078125,118.9921646118164
2019-09-30,138.8699951171875,139.80482482910156,181.7951202392578,270.6186218261719,119.28400421142578
2019-10-01,139.6300048828125,137.06118774414062,180.31231689453125,267.399658203125,119.64299011230469
2019-10-02,141.25999450683594,136.02658081054688,177.21197509765625,262.6761779785156,119.93537139892578
2019-10-03,141.89999389648438,136.4792022705078,179.1569366455078,264.8282775878906,121.02945709228516
2019-10-04,141.89999389648438,137.77255249023438,181.7951202392578,268.41192626953125,121.92302703857422
2019-10-07,140.69000244140625,137.53233337402344,181.246337890625,267.2538146972656,120.91251373291016
2019-10-08,141.9199981689453,135.2967987060547,178.5310821533203,263.10467529296875,121.2381591796875
2019-10-09,142.0500030517578,135.9156951904297,180.27378845214844,265.6033020019531,120.55339813232422
2019-10-10,140.80999755859375,136.46072387695312,181.66993713378906,267.399658203125,118.75782012939453
2019-10-11,140.02999877929688,138.77015686035156,184.0097198486328,270.1718444824219,117.28794860839844
2019-10-14,140.58999633789062,138.26210021972656,183.99038696289062,269.8708801269531,118.13981628417969
2019-10-15,139.61000061035156,139.8510284423828,186.3301544189453,272.5426940917969,116.71175384521484
2019-10-16,140.41000366210938,139.998779296875,185.86795043945312,272.1051330566406,116.85372924804688
2019-10-17,140.61000061035156,141.6523895263672,186.35902404785156,272.90753173828125,116.56975555419922
2019-10-18,140.4600067138672,140.97801208496094,184.56813049316406,271.7129821777344,116.56975555419922
2019-10-21,139.7899932861328,142.2990264892578,186.20501708984375,273.554931640625,115.69284057617188
2019-10-22,140.1999969482422,142.45608520507812,184.7222137451172,272.66131591796875,116.36927795410156
2019-10-23,140.52999877929688,142.63156127929688,185.07846069335938,273.4546203613281,116.48617553710938
2019-10-24,141.52999877929688,142.42837524414062,186.87896728515625,273.9014892578125,116.25235748291016
2019-10-25,141.86000061035156,143.18589782714844,188.37136840820312,275.0231018066406,115.68447875976562
2019-10-28,140.63999938964844,144.4237060546875,190.22967529296875,276.5731506347656,114.63224029541016
2019-10-29,140.25,144.8948516845703,188.75650024414062,276.49114990234375,114.70735168457031
2019-10-30,141.02000427246094,144.41448974609375,189.67123413085938,277.33917236328125,116.38602447509766
2019-10-31,142.42999267578125,143.60154724121094,189.75787353515625,276.6005859375,117.95609283447266
2019-11-01,142.55999755859375,146.04957580566406,191.4813690185547,279.1630554199219,117.59302520751953
2019-11-04,142.14999389648438,146.83477783203125,192.66566467285156,280.2845458984375,116.04530334472656
2019-11-05,139.85000610351562,147.01954650878906,192.77159118652344,279.97454833984375,114.74014282226562
2019-11-06,140.4499969482422,146.169677734375,192.33831787109375,280.0384216308594,115.4345703125
2019-11-07,138.27000427246094,146.55760192871094,192.98341369628906,281.0232238769531,113.3430404663086
2019-11-08,137.38999938964844,146.95489501953125,193.75367736816406,281.71630859375,112.86619567871094
2019-11-11,137.05999755859375,146.67774963378906,193.49374389648438,281.17822265625,112.94149017333984
2019-11-12,137.42999267578125,146.7239532470703,194.0521240234375,281.7709655761719,113.46015930175781
2019-11-13,137.97999572753906,146.09576416015625,194.1002655029297,281.8621520996094,114.19634246826172
2019-11-14,138.55999755859375,146.04957580566406,193.94619750976562,282.27252197265625,115.37596893310547
2019-11-15,138.2100067138672,146.80706787109375,195.3712921142578,284.31512451171875,115.25052642822266
2019-11-18,138.6199951171875,146.43753051757812,195.52532958984375,284.5248718261719,115.45962524414062
2019-11-19,138.69000244140625,146.9825897216797,195.81419372558594,284.44268798828125,116.42176055908203
2019-11-20,138.75999450683594,146.4283447265625,194.63951110839844,283.38494873046875,117.62651824951172
2019-11-21,138.0,145.707763671875,194.2062225341797,282.92901611328125,116.89030456542969
2019-11-22,137.74000549316406,146.160400390625,194.3314208984375,283.5583190917969,117.04082489013672
2019-11-25,137.0800018310547,149.2643280029297,196.632568359375,285.7558288574219,117.38381958007812
2019-11-26,137.74000549316406,149.36590576171875,197.0081024169922,286.4032897949219,118.06985473632812
2019-11-27,137.00999450683594,150.4190673828125,198.3849639892578,287.6799011230469,117.72683715820312
2019-11-29,137.86000061035156,149.43984985351562,197.47988891601562,286.61309814453125,117.47587585449219
2019-12-02,137.7899932861328,147.9802703857422,195.45791625976562,284.1783752441406,115.90956115722656
2019-12-03,139.11000061035156,147.50912475585938,193.927001953125,282.27252197265625,118.33995056152344
2019-12-04,138.9199981689453,148.52528381347656,194.90908813476562,284.01422119140625,117.15829467773438
2019-12-05,139.0,148.67308044433594,195.29420471191406,284.5248718261719,116.5884017944336
2019-12-06,137.6199951171875,150.40982055664062,197.3835906982422,287.1236572265625,115.94309997558594
2019-12-09,137.5800018310547,150.12344360351562,196.4881591796875,286.2209167480469,116.1944808959961
2019-12-10,137.97000122070312,150.21578979492188,196.32449340820312,285.90185546875,116.2029037475586
2019-12-11,138.9199981689453,150.16964721679688,197.36436462402344,286.71337890625,117.11634063720703
2019-12-12,138.42999267578125,151.46292114257812,198.8374481201172,289.18450927734375,115.18887329101562
2019-12-13,139.0500030517578,150.88095092773438,199.4922637939453,289.3578186035156,116.52131652832031
2019-12-16,139.0399932861328,151.94439697265625,201.49496459960938,291.3457336425781,115.4737777709961
2019-12-17,139.00999450683594,152.70465087890625,201.61050415039062,291.4095153808594,115.31458282470703
2019-12-18,139.02000427246094,153.00137329101562,201.76458740234375,291.4277648925781,114.36759185791016
2019-12-19,139.3800048828125,153.65969848632812,203.02590942382812,292.6222839355469,114.55057525634766
2019-12-20,139.52000427246094,153.88217163085938,203.84429931640625,293.9052429199219,114.70159912109375
2019-12-23,139.9499969482422,154.18814086914062,204.38275146484375,294.3542175292969,114.5338363647461
2019-12-24,141.27000427246094,154.54046630859375,204.4889373779297,294.3633728027344,114.86109161376953
2019-12-26,142.3800048828125,154.54046630859375,206.29331970214844,295.9303894042969,115.13817596435547
2019-12-27,142.3300018310547,153.7801513671875,206.11964416503906,295.8570556640625,115.26402282714844
2019-12-30,142.6300048828125,153.3907470703125,204.7687530517578,294.22601318359375,114.84436798095703
2019-12-31,142.89999389648438,153.60398864746094,205.15469360351562,294.9407043457031,113.71954345703125
2020-01-02,143.9499969482422,153.7060546875,208.58026123046875,297.6989440917969,115.00382232666016
2020-01-03,145.86000061035156,153.1033477783203,206.66966247558594,295.44476318359375,116.77495574951172
2020-01-06,147.38999938964844,153.30738830566406,208.00125122070312,296.5718078613281,116.1118392944336
2020-01-07,147.97000122070312,152.7974090576172,207.97227478027344,295.7379455566406,115.54100799560547
2020-01-08,146.86000061035156,153.27024841308594,209.53550720214844,297.31414794921875,114.77722930908203
2020-01-09,146.02999877929688,153.45565795898438,211.3109893798828,299.330078125,115.1800765991211
2020-01-10,146.91000366210938,152.880859375,210.77059936523438,298.4687805175781,116.2041244506836
2020-01-13,145.82000732421875,153.8729248046875,213.20225524902344,300.5213928222656,115.8515853881836
2020-01-14,145.69000244140625,154.43849182128906,212.36277770996094,300.0632629394531,116.44757080078125
2020-01-15,146.5399932861328,155.18019104003906,212.44961547851562,300.7413635253906,117.2197494506836
2020-01-16,146.30999755859375,157.18292236328125,214.48561096191406,303.2430419921875,116.85047912597656
2020-01-17,146.5800018310547,156.7564239501953,215.54701232910156,304.1868896484375,115.8515853881836
2020-01-21,146.74000549316406,155.4583740234375,215.4505615234375,303.5911560058594,117.06871032714844
2020-01-22,146.7899932861328,155.3563690185547,216.01983642578125,303.6278991699219,117.48002624511719
2020-01-23,147.1199951171875,155.25437927246094,216.7146453857422,303.97607421875,118.30259704589844
2020-01-24,147.97999572753906,153.34445190429688,214.89093017578125,301.27276611328125,119.259521484375
2020-01-27,148.99000549316406,151.60134887695312,210.4521942138672,296.4435119628906,121.11451721191406
2020-01-28,147.66000366210938,152.86227416992188,213.6847381591797,299.54998779296875,120.16605377197266
2020-01-29,148.4600067138672,151.99073791503906,214.03208923339844,299.3026428222656,121.34114837646484
2020-01-30,148.47000122070312,151.99073791503906,214.7943878173828,300.27398681640625,121.35796356201172
2020-01-31,149.3300018310547,148.83837890625,211.38819885253906,294.821533203125,122.4659652709961
2020-02-03,148.36000061035156,150.49803161621094,214.5821533203125,297.0116882324219,122.36669921875
2020-02-04,146.42999267578125,152.7695770263672,219.4936065673828,301.5384826660156,120.71883392333984
2020-02-05,146.61000061035156,155.1245574951172,220.21731567382812,305.020751953125,119.39875793457031
2020-02-06,147.39999389648438,154.7722930908203,222.1182098388672,306.0470275878906,119.93692779541016
2020-02-07,147.7899932861328,152.87156677246094,221.16297912597656,304.41595458984375,121.43343353271484
2020-02-10,148.1699981689453,153.73379516601562,223.83583068847656,306.6885070800781,121.76980590820312
2020-02-11,147.66000366210938,154.80007934570312,223.87442016601562,307.22003173828125,121.15599060058594
2020-02-12,147.5399932861328,155.86634826660156,226.05517578125,309.19927978515625,120.54226684570312
2020-02-13,148.3800048828125,156.2742462158203,225.76573181152344,308.86944580078125,121.00468444824219
2020-02-14,149.0,155.67161560058594,226.41220092773438,309.3642883300781,121.53439331054688
2020-02-18,150.91000366210938,155.3378448486328,226.49905395507812,308.56707763671875,122.36669921875
2020-02-19,151.7899932861328,156.1351776123047,228.67013549804688,310.0424499511719,122.35834503173828
2020-02-20,152.41000366210938,156.51536560058594,226.54727172851562,308.76861572265625,123.3167953491211
2020-02-21,154.6999969482422,154.9298858642578,222.19541931152344,305.5888671875,124.46867370605469
2020-02-24,156.08999633789062,150.26626586914062,213.62681579589844,295.4539489746094,126.32683563232422
2020-02-25,153.3000030517578,144.92572021484375,207.8179168701172,286.50103759765625,126.99939727783203
2020-02-26,153.97000122070312,143.24755859375,208.88900756835938,285.44720458984375,126.32683563232422
2020-02-27,154.0,138.20376586914062,198.42909240722656,272.6273193359375,127.69718170166016
2020-02-28,148.3800048828125,135.67257690429688,198.58349609375,271.4817199707031,130.58111572265625
2020-03-02,149.1999969482422,140.03030395507812,208.8311004638672,283.2388000488281,129.620361328125
2020-03-03,153.88999938964844,137.17459106445312,202.13446044921875,275.1289367675781,131.63284301757812
2020-03-04,154.16000366210938,141.0780029296875,210.56800842285156,286.6934814453125,130.2350616455078
2020-03-05,157.49000549316406,136.59051513671875,204.17044067382812,277.1631164550781,133.4768524169922
2020-03-06,157.5500030517578,133.8831329345703,200.72567749023438,272.5814514160156,140.42361450195312
2020-03-09,157.80999755859375,120.8656997680664,186.78233337402344,251.29437255859375,144.22938537597656
2020-03-10,154.47999572753906,124.63924407958984,196.95274353027344,264.2975158691406,136.83644104003906
2020-03-11,153.92999267578125,116.71200561523438,188.37445068359375,251.41351318359375,131.8012237548828
2020-03-12,147.7899932861328,103.81507873535156,171.10218811035156,227.35891723632812,132.61795043945312
2020-03-13,143.27999877929688,110.76885223388672,185.59548950195312,246.79498291015625,129.620361328125
2020-03-16,141.63999938964844,96.07321166992188,163.36343383789062,219.78976440429688,138.01531982421875
2020-03-17,143.55999755859375,100.47725677490234,175.753173828125,231.65667724609375,128.8120574951172
2020-03-18,140.6999969482422,92.6890640258789,170.4073944091797,219.92723083496094,121.5454330444336
2020-03-19,138.0399932861328,96.30501556396484,171.4302520751953,220.39456176757812,124.85455322265625
2020-03-20,140.11000061035156,94.014892578125,164.71429443359375,210.8968048095703,134.24302673339844
2020-03-23,146.3000030517578,92.62416076660156,164.833251953125,205.5045928955078,139.775146484375
2020-03-24,153.39999389648438,101.09848022460938,177.59751892089844,224.12396240234375,137.17335510253906
2020-03-25,151.3000030517578,102.35497283935547,176.28240966796875,227.4791717529297,136.86172485351562
2020-03-26,153.24000549316406,108.7213363647461,185.5655059814453,240.7616424560547,137.535400390625
2020-03-27,152.25,104.765625,179.18338012695312,233.5903778076172,141.20651245117188
2020-03-30,152.9199981689453,107.07392120361328,185.70086669921875,241.1763916015625,140.0445098876953
2020-03-31,148.0500030517578,106.53404998779297,184.11505126953125,237.58155822753906,138.9079132080078
2020-04-01,149.4499969482422,99.2741928100586,176.29208374023438,226.88925170898438,140.85403442382812
2020-04-02,151.89999389648438,100.21424102783203,179.8699188232422,232.12477111816406,141.74786376953125
2020-04-03,152.64999389648438,97.37545013427734,177.3170623779297,228.7695770263672,142.0852508544922
2020-04-06,156.8800048828125,104.83079528808594,189.9943084716797,244.13516235351562,141.714111328125
2020-04-07,156.0399932861328,105.10071563720703,189.9169921875,244.38406372070312,140.2300262451172
2020-04-08,154.64999389648438,109.89410400390625,193.9493408203125,252.58766174316406,139.209716796875
2020-04-09,158.69000244140625,115.15284729003906,194.22975158691406,256.4313049316406,139.46267700195312
2020-04-13,161.41000366210938,112.03482055664062,196.328125,254.0901336669922,138.18942260742188
2020-04-14,162.67999267578125,114.30587005615234,204.86666870117188,261.58392333984375,138.15565490722656
2020-04-15,161.85000610351562,109.64278411865234,202.516845703125,256.02581787109375,141.81532287597656
2020-04-16,161.7100067138672,108.81441497802734,206.21078491210938,257.2610168457031,143.42591857910156
2020-04-17,158.57000732421875,113.60779571533203,208.1834259033203,264.2110290527344,141.50331115722656
2020-04-20,159.6999969482422,112.26749420166016,205.71762084960938,259.55609130859375,142.64166259765625
2020-04-21,158.61000061035156,109.58692932128906,198.126708984375,251.67518615722656,144.43775939941406
2020-04-22,161.72999572753906,110.91790771484375,204.0060272216797,257.2610168457031,142.9622039794922
2020-04-23,163.33999633789062,112.00688934326172,203.57089233398438,257.2425231933594,143.72109985351562
2020-04-24,162.63999938964844,113.9335708618164,206.78128051757812,260.82818603515625,144.0583038330078
2020-04-27,161.55999755859375,118.44771575927734,208.44454956054688,264.58892822265625,141.37677001953125
2020-04-28,160.83999633789062,120.16960906982422,204.51852416992188,263.3722229003906,143.00433349609375
2020-04-29,161.72999572753906,126.07990264892578,211.7709197998047,270.2668762207031,142.2621612548828
2020-04-30,158.8000030517578,121.2864990234375,211.6839599609375,267.75048828125,140.60108947753906
2020-05-01,159.77999877929688,116.47452545166016,205.71762084960938,260.6622314453125,141.8050537109375
2020-05-04,160.33999633789062,116.97711944580078,208.11572265625,261.3812255859375,141.1380615234375
2020-05-05,161.02000427246094,117.87995147705078,210.47520446777344,263.796142578125,140.23463439941406
2020-05-06,158.9499969482422,117.01435089111328,211.7709197998047,262.0079650878906,137.97183227539062
2020-05-07,161.38999938964844,118.6152572631836,214.49789428710938,265.1695861816406,140.27685546875
2020-05-08,160.4199981689453,123.19456481933594,217.43751525878906,269.5572204589844,138.4530792236328
2020-05-11,159.4199981689453,122.58025360107422,219.38116455078125,269.6124267578125,137.37237548828125
2020-05-12,160.0399932861328,118.17778778076172,214.7880096435547,264.2385559082031,138.78236389160156
2020-05-13,161.5800018310547,114.22209930419922,212.0997772216797,259.5652770996094,139.7533721923828
2020-05-14,163.00999450683594,114.59439849853516,214.50755310058594,262.671630859375,141.12120056152344
2020-05-15,163.92999267578125,116.41866302490234,215.90000915527344,263.87908935546875,140.7581329345703
2020-05-18,162.69000244140625,123.4924087524414,219.9226531982422,271.91680908203125,137.6678466796875
2020-05-19,164.25999450683594,121.05381774902344,219.3715362548828,269.1239929199219,138.18296813964844
2020-05-20,164.64999389648438,124.72097778320312,223.75201416015625,273.6957702636719,138.5966339111328
2020-05-21,162.25,124.94436645507812,221.31515502929688,271.8061828613281,138.94281005859375
2020-05-22,163.2100067138672,125.54940795898438,222.07908630371094,272.3223571777344,139.77874755859375
2020-05-26,160.88999938964844,129.1699981689453,221.4795684814453,275.6775207519531,137.90428161621094
2020-05-27,161.17999267578125,133.18154907226562,222.68829345703125,279.77935791015625,137.65093994140625
2020-05-28,161.72000122070312,130.0262908935547,222.39817810058594,279.26312255859375,137.14437866210938
2020-05-29,162.91000366210938,129.28164672851562,225.656982421875,280.5075378417969,138.123779296875
2020-06-01,163.66000366210938,130.51956176757812,226.3338623046875,281.6412353515625,137.1938934326172
2020-06-02,162.60000610351562,131.59925842285156,227.8520050048828,283.9732971191406,136.69508361816406
2020-06-03,159.60000610351562,134.77316284179688,228.87704467773438,287.7525329589844,134.87738037109375
2020-06-04,161.27999877929688,134.57765197753906,227.2718048095703,286.9966735839844,132.9245147705078
2020-06-05,158.00999450683594,139.78060913085938,231.77801513671875,294.35223388671875,131.97760009765625
2020-06-08,159.72000122070312,142.4890899658203,233.57659912109375,297.9101867675781,132.48486328125
2020-06-09,161.25999450683594,139.8550262451172,235.2688751220703,295.6888427734375,133.98971557617188
2020-06-10,163.57000732421875,136.05755615234375,238.0924530029297,294.038818359375,135.97645568847656
2020-06-11,162.38999938964844,125.67969512939453,226.29519653320312,277.08782958984375,138.54647827148438
2020-06-12,162.6199951171875,128.69529724121094,228.09376525878906,280.4060363769531,137.2107696533203
2020-06-15,162.3300018310547,131.67074584960938,230.86903381347656,283.0239562988281,137.28688049316406
2020-06-16,162.25,134.836669921875,234.8336944580078,288.4714660644531,135.18170166015625
2020-06-17,162.55999755859375,132.39920043945312,235.57826232910156,287.2732238769531,135.73968505859375
2020-06-18,162.24000549316406,132.35247802734375,236.21649169921875,287.38385009765625,137.17694091796875
2020-06-19,164.02999877929688,131.67074584960938,236.1778106689453,285.741455078125,137.28688049316406
2020-06-22,165.08999633789062,132.98753356933594,239.0102081298828,287.574462890625,137.3037872314453
2020-06-23,166.47999572753906,133.54782104492188,241.04441833496094,288.8984375,136.3654022216797
2020-06-24,165.89999389648438,129.2145538330078,236.0751190185547,281.52899169921875,137.82789611816406
2020-06-25,165.8000030517578,131.16644287109375,238.3224639892578,284.54705810546875,138.22520446777344
2020-06-26,166.5399932861328,127.63627624511719,232.69447326660156,277.7886657714844,139.70469665527344
2020-06-29,166.6300048828125,131.810791015625,235.23236083984375,281.87158203125,139.2650604248047
2020-06-30,167.3699951171875,133.71595764160156,239.84329223632812,285.48223876953125,138.5887908935547
2020-07-01,166.6199951171875,132.44590759277344,242.6427459716797,287.48193359375,138.31956481933594
2020-07-02,166.97999572753906,132.98753356933594,244.28945922851562,289.0650634765625,138.46351623535156
2020-07-06,167.97999572753906,133.94944763183594,250.2952117919922,293.5274963378906,137.896484375
2020-07-07,169.0399932861328,131.57737731933594,248.5709991455078,290.5000915527344,139.834716796875
2020-07-08,170.08999633789062,132.5579376220703,251.84515380859375,292.7220458984375,139.27609252929688
2020-07-09,169.6300048828125,129.87767028808594,253.9665069580078,291.0555419921875,141.4936065673828
2020-07-10,169.19000244140625,131.96957397460938,255.70042419433594,294.02734375,140.78269958496094
2020-07-13,169.39999389648438,130.2978973388672,250.4405517578125,291.4814147949219,141.24819946289062
2020-07-14,170.19000244140625,132.45518493652344,252.21324157714844,295.2587585449219,141.45127868652344
2020-07-15,170.33999633789062,137.3114776611328,252.7266082763672,297.9713439941406,140.79112243652344
2020-07-16,168.72999572753906,136.4990234375,251.00234985351562,296.9900207519531,141.4597930908203
2020-07-17,170.1199951171875,136.90057373046875,251.29293823242188,297.8509521484375,141.1636199951172
2020-07-20,170.94000244140625,136.31224060058594,258.42236328125,300.25811767578125,141.5105438232422
2020-07-21,173.0,138.24537658691406,255.72946166992188,300.89691162109375,141.59524536132812
2020-07-22,175.6300048828125,138.3201141357422,256.6303405761719,302.6096496582031,142.0183868408203
2020-07-23,177.17999267578125,138.46022033691406,249.92710876464844,298.9989929199219,143.6774139404297
2020-07-24,178.6999969482422,136.42428588867188,247.5538787841797,297.0732727050781,143.66893005371094
2020-07-27,182.22999572753906,137.84378051757812,251.97103881835938,299.2397155761719,143.13571166992188
2020-07-28,183.75,136.47097778320312,248.7647247314453,297.34185791015625,144.1260223388672
2020-07-29,185.1300048828125,139.4781494140625,251.63198852539062,300.99871826171875,143.88052368164062
2020-07-30,183.75999450683594,138.9271240234375,252.94944763183594,299.9248352050781,144.82847595214844
2020-07-31,185.42999267578125,137.61972045898438,257.4633483886719,302.2948913574219,144.73541259765625
2020-08-03,185.63999938964844,139.86102294921875,260.94091796875,304.39642333984375,144.00662231445312
2020-08-04,189.58999633789062,140.8229522705078,261.90966796875,305.5722351074219,145.37939453125
2020-08-05,191.35000610351562,143.62464904785156,262.5586242675781,307.4701232910156,144.10838317871094
2020-08-06,193.88999938964844,143.56863403320312,266.03619384765625,309.525390625,144.91331481933594
2020-08-07,190.80999755859375,145.84732055664062,262.9654541015625,309.7476501464844,143.9473114013672
2020-08-10,190.14999389648438,147.36026000976562,261.84173583984375,310.67352294921875,143.30335998535156
2020-08-11,179.94000244140625,146.51040649414062,256.8822326660156,308.10894775390625,141.60018920898438
2020-08-12,179.10000610351562,147.10812377929688,263.34326171875,312.40478515625,140.3122100830078
2020-08-13,183.3300018310547,146.7999267578125,263.9438781738281,311.84002685546875,138.81248474121094
2020-08-14,182.5399932861328,146.70655822753906,263.6338806152344,311.8492736816406,138.27017211914062
2020-08-17,186.5,147.46298217773438,266.6948547363281,312.83978271484375,138.6175537109375
2020-08-18,188.17999267578125,146.0528106689453,269.2618408203125,313.5156555175781,139.60890197753906
2020-08-19,182.24000549316406,146.0621337890625,267.4504089355469,312.2103271484375,138.73617553710938
2020-08-20,183.5,145.4644012451172,271.160400390625,313.1824035644531,139.99026489257812
2020-08-21,182.02999877929688,144.39048767089844,273.0396423339844,314.2933654785156,140.8291473388672
2020-08-24,181.0,145.90338134765625,274.74456787109375,317.4781188964844,140.600341796875
2020-08-25,181.22000122070312,146.0621337890625,276.9046936035156,318.5891418457031,139.52415466308594
2020-08-26,183.36000061035156,145.1469268798828,282.8135681152344,321.7831726074219,138.9903564453125
2020-08-27,181.24000549316406,145.50180053710938,281.9320068359375,322.4866943359375,136.6262664794922
2020-08-28,184.38999938964844,146.73458862304688,283.3656921386719,324.56976318359375,136.5245819091797
2020-08-31,184.8300018310547,145.15623474121094,285.64202880859375,323.39404296875,137.4312744140625
2020-09-01,185.0500030517578,146.81861877441406,290.5242004394531,326.4399108886719,139.003173828125
2020-09-02,182.6199951171875,147.98599243164062,293.2752685546875,331.16162109375,140.3264617919922
2020-09-03,181.13999938964844,143.61534118652344,278.4060974121094,319.7649230957031,140.7252197265625
2020-09-04,181.63999938964844,142.7000732421875,274.6961364746094,317.154052734375,138.05308532714844
2020-09-08,181.2899932861328,139.95443725585938,261.4930114746094,308.488525390625,138.90139770507812
2020-09-09,183.0500030517578,142.07440185546875,269.17462158203125,314.58038330078125,138.52806091308594
2020-09-10,182.4600067138672,140.22525024414062,263.8082275390625,309.1181335449219,139.2322540283203
2020-09-11,182.4499969482422,139.2913360595703,261.9774475097656,309.2754211425781,139.52906799316406
2020-09-14,183.88999938964844,142.9616241455078,266.53997802734375,313.3490295410156,139.52061462402344
2020-09-15,183.4499969482422,143.23240661621094,270.31768798828125,314.93218994140625,139.18130493164062
2020-09-16,183.97000122070312,144.5865936279297,266.0071105957031,313.6822814941406,138.76565551757812
2020-09-17,182.9600067138672,143.53126525878906,261.8515319824219,310.9234313964844,139.18983459472656
2020-09-18,183.1999969482422,143.15769958496094,258.509521484375,307.3438720703125,138.7571563720703
2020-09-21,179.52000427246094,138.1426544189453,259.12957763671875,303.9232482910156,139.4612274169922
2020-09-22,178.64999389648438,139.20729064941406,263.9438781738281,307.01849365234375,139.3509521484375
2020-09-23,174.7899932861328,135.05999755859375,255.884521484375,299.89849853515625,139.53758239746094
2020-09-24,175.44000244140625,135.05999755859375,257.0759582519531,300.69781494140625,140.07200622558594
2020-09-25,174.94000244140625,137.2536163330078,263.052734375,305.5591735839844,140.07200622558594
2020-09-28,176.6999969482422,140.6378936767578,268.5159606933594,310.63427734375,139.6732635498047
2020-09-29,178.19000244140625,140.00039672851562,267.30517578125,308.942626953125,139.83445739746094
2020-09-30,177.1199951171875,140.42225646972656,269.13592529296875,311.2850036621094,138.49411010742188
2020-10-01,178.6999969482422,142.66278076171875,273.4077453613281,313.283447265625,138.72264099121094
2020-10-02,178.5399932861328,143.2908935546875,265.7165222167969,310.30902099609375,138.20462036132812
2020-10-05,179.41000366210938,147.2469940185547,271.3832092285156,315.8117980957031,135.5041961669922
2020-10-06,177.3000030517578,146.82508850097656,266.53997802734375,311.3221740722656,136.23448181152344
2020-10-07,177.22000122070312,150.03121948242188,271.15081787109375,316.7412109375,135.24093627929688
2020-10-08,177.85000610351562,151.73744201660156,272.59405517578125,319.54840087890625,135.97128295898438
2020-10-09,181.0800018310547,152.5248565673828,276.7593688964844,322.4019775390625,135.94580078125
2020-10-12,180.55999755859375,153.54672241210938,285.302978515625,327.588623046875,136.37884521484375
2020-10-13,177.72000122070312,152.5248565673828,285.2933654785156,325.45074462890625,137.3554229736328
2020-10-14,178.27000427246094,151.01556396484375,282.9104919433594,323.40582275390625,137.6696014404297
2020-10-15,178.9199981689453,152.5717315673828,281.0118103027344,323.0061340332031,137.4318389892578
2020-10-16,178.3000030517578,152.19679260253906,279.4716796875,322.8109436035156,137.0497283935547
2020-10-19,178.38999938964844,150.37811279296875,274.9091796875,317.9031677246094,136.53172302246094
2020-10-20,179.25,150.70623779296875,275.5001220703125,319.17657470703125,135.23245239257812
2020-10-21,180.60000610351562,149.4124755859375,275.28704833984375,318.5724182128906,134.76544189453125
2020-10-22,178.8300018310547,151.99053955078125,275.2773132324219,320.31988525390625,133.3642120361328
2020-10-23,178.63999938964844,152.8717498779297,275.8197326660156,321.4073791503906,134.1794891357422
2020-10-26,178.5500030517578,149.5718536376953,271.68353271484375,315.46783447265625,135.42776489257812
2020-10-27,179.02000427246094,148.28758239746094,273.804931640625,314.3802490234375,136.3364715576172
2020-10-28,176.1300048828125,143.7221221923828,263.130126953125,303.63507080078125,136.4636993408203
2020-10-29,175.39999389648438,145.43771362304688,267.73138427734375,306.72113037109375,135.13902282714844
2020-10-30,176.1999969482422,143.51589965820312,260.94091796875,303.5235595703125,133.80587768554688
2020-11-02,177.91000366210938,146.07516479492188,261.522216796875,306.9256286621094,134.80807495117188
2020-11-03,178.9199981689453,150.21876525878906,266.04583740234375,312.3445739746094,134.02597045898438
2020-11-04,178.82000732421875,150.38748168945312,277.9218444824219,319.32525634765625,136.933349609375
2020-11-05,182.92999267578125,154.59666442871094,285.1675109863281,325.552978515625,137.17138671875
2020-11-06,183.19000244140625,153.3873291015625,285.3805236816406,325.4787292480469,135.5135955810547
2020-11-09,175.0800018310547,158.94647216796875,279.549072265625,329.5685729980469,132.66583251953125
2020-11-10,175.66000366210938,161.8994598388672,274.5410461425781,329.08514404296875,131.9008026123047
2020-11-11,174.89999389648438,161.83387756347656,280.68243408203125,331.5298156738281,132.3768310546875
2020-11-12,175.9600067138672,159.34957885742188,279.36505126953125,328.3137512207031,134.62957763671875
2020-11-13,177.16000366210938,162.64944458007812,281.8157653808594,332.8590087890625,134.4511260986328
2020-11-16,177.14999389648438,166.52114868164062,284.0148010253906,337.0140075683594,134.1279296875
2020-11-17,176.5,167.2992401123047,283.11383056640625,335.2013244628906,135.0036163330078
2020-11-18,175.49000549316406,164.95562744140625,281.0216064453125,331.16729736328125,135.39466857910156
2020-11-19,175.16000366210938,166.2211151123047,283.2204284667969,332.56158447265625,136.09176635742188
2020-11-20,175.69000244140625,166.39926147460938,281.2830505371094,330.28424072265625,137.29888916015625
2020-11-23,172.22999572753906,169.51165771484375,281.2928161621094,332.26409912109375,136.66981506347656
2020-11-24,169.58999633789062,172.69903564453125,285.24493408203125,337.6181640625,135.30960083007812
2020-11-25,169.50999450683594,172.1084442138672,286.9981689453125,337.09759521484375,134.89308166503906
2020-11-27,167.7899932861328,172.83963012695312,289.64276123046875,338.0364990234375,136.20225524902344
2020-11-30,166.6699981689453,169.69918823242188,290.2335510253906,336.5398864746094,136.03225708007812
2020-12-01,170.17999267578125,171.2740936279297,293.95330810546875,340.2207336425781,134.0264892578125
2020-12-02,171.4600067138672,171.45223999023438,294.33111572265625,340.93646240234375,132.96282958984375
2020-12-03,172.80999755859375,172.4178009033203,294.7475891113281,340.8434753417969,134.03500366210938
2020-12-04,172.32000732421875,176.43011474609375,295.9487609863281,343.78076171875,132.06935119628906
2020-12-07,174.88999938964844,176.59886169433594,297.6245422363281,343.07440185546875,133.2605743408203
2020-12-08,175.5,178.8674774169922,298.6319885253906,344.0782775878906,133.89035034179688
2020-12-09,172.5,177.56446838378906,291.8707275390625,340.99224853515625,133.4478759765625
2020-12-10,172.1699981689453,179.28001403808594,293.0427551269531,340.88067626953125,134.6306610107422
2020-12-11,172.49000549316406,178.39877319335938,292.3937683105469,340.4809875488281,135.10719299316406
2020-12-14,171.5399932861328,178.60755920410156,294.51513671875,338.9565734863281,134.73280334472656
2020-12-15,173.94000244140625,183.07440185546875,297.6633605957031,343.5390930175781,134.2817840576172
2020-12-16,174.89999389648438,182.41610717773438,299.3003845214844,344.0782775878906,133.92437744140625
2020-12-17,176.74000549316406,184.58840942382812,301.2571105957031,346.0023193359375,133.57000732421875
2020-12-18,176.44000244140625,183.69505310058594,300.3465576171875,344.6208190917969,133.16969299316406
2020-12-21,175.8800048828125,183.60104370117188,299.78466796875,343.38861083984375,133.6978302001953
2020-12-22,174.49000549316406,185.68865966796875,300.5998840332031,342.809814453125,134.3878173828125
2020-12-23,175.64999389648438,187.26849365234375,299.08599853515625,343.11785888671875,133.4593048095703
2020-12-24,176.35000610351562,187.14625549316406,300.4057922363281,344.4527282714844,133.98736572265625
2020-12-28,175.7100067138672,186.45037841796875,303.4334411621094,347.4119567871094,134.0470428466797
2020-12-29,176.35000610351562,182.8392791748047,303.7052917480469,346.74908447265625,133.87669372558594
2020-12-30,177.6999969482422,184.70126342773438,303.71484375,347.2438049316406,134.1663055419922
2020-12-31,178.36000061035156,184.37213134765625,304.4620666503906,349.00811767578125,134.3622283935547
2021-01-04,182.3300018310547,181.96469116210938,300.1630859375,344.2566833496094,134.2003936767578
2021-01-05,182.8699951171875,184.77650451660156,302.6376953125,346.62774658203125,133.20375061035156
2021-01-06,179.89999389648438,192.33721923828125,298.4454345703125,348.7000732421875,130.4693145751953
2021-01-07,179.47999572753906,195.7601776123047,305.6654052734375,353.88092041015625,129.31932067871094
2021-01-08,173.33999633789062,195.33702087402344,309.59564208984375,355.897216796875,128.90188598632812
2021-01-11,173.0,195.167724609375,305.12200927734375,353.49810791015625,128.6889190673828
2021-01-12,174.1199951171875,198.666015625,304.6368103027344,353.5727844238281,128.58673095703125
2021-01-13,173.3699951171875,197.24600219726562,306.694091796875,354.5250244140625,130.03485107421875
2021-01-14,173.27999877929688,201.18621826171875,305.05413818359375,353.28350830078125,128.8167266845703
2021-01-15,171.1300048828125,198.18638610839844,302.6376953125,350.7070007324219,129.3278350830078
2021-01-19,172.5800018310547,200.7254638671875,307.0532531738281,353.4608154296875,129.74522399902344
2021-01-20,175.38999938964844,201.60935974121094,314.1954650878906,358.3522033691406,129.873046875
2021-01-21,175.27999877929688,199.86029052734375,316.7088928222656,358.67889404296875,128.96151733398438
2021-01-22,173.89999389648438,202.18301391601562,315.7967529296875,357.4093933105469,129.37889099121094
2021-01-25,174.0500030517578,201.98556518554688,318.4071350097656,358.8189697265625,130.9037322998047
2021-01-26,173.6199951171875,200.58438110351562,318.8729248046875,358.2588806152344,130.65670776367188
2021-01-27,172.52000427246094,196.9075164794922,309.9837646484375,349.5028991699219,130.9889678955078
2021-01-28,172.67999267578125,196.27745056152344,311.8179931640625,352.5086364746094,130.2648162841797
2021-01-29,172.61000061035156,193.30580139160156,305.25787353515625,345.45159912109375,129.48110961914062
2021-02-01,174.22999572753906,198.05471801757812,312.8854064941406,351.2018127441406,129.63124084472656
2021-02-02,172.11000061035156,200.8759002685547,317.9898986816406,356.16790771484375,128.79547119140625
2021-02-03,171.85000610351562,201.4777374267578,316.72833251953125,356.4479675292969,127.65270233154297
2021-02-04,168.14999389648438,205.58721923828125,320.47418212890625,360.49920654296875,127.31157684326172
2021-02-05,169.80999755859375,208.43661499023438,321.56103515625,361.9181213378906,126.24547576904297
2021-02-08,171.52000427246094,213.7592010498047,323.7153625488281,364.5318298339844,126.79981994628906
2021-02-09,172.0800018310547,214.7654266357422,323.6474609375,364.28912353515625,126.89366149902344
2021-02-10,172.7100067138672,213.35484313964844,322.9099426269531,364.13043212890625,127.73795318603516
2021-02-11,171.2100067138672,213.1103057861328,324.6856994628906,364.7185363769531,127.03862762451172
2021-02-12,170.69000244140625,213.712158203125,326.50054931640625,366.5201721191406,125.46085357666016
2021-02-16,168.24000549316406,212.367431640625,325.6174011230469,366.2027282714844,123.55054473876953
2021-02-17,166.3300018310547,210.7029266357422,324.0550537109375,366.286865234375,124.33514404296875
2021-02-18,166.32000732421875,207.43978881835938,322.6382751464844,364.72784423828125,123.83198547363281
2021-02-19,167.00999450683594,211.76559448242188,321.2311706542969,364.08380126953125,122.18598937988281
2021-02-22,169.50999450683594,210.3926544189453,312.9048156738281,361.2833251953125,121.2563705444336
2021-02-23,169.1199951171875,208.54002380371094,311.9732666015625,361.7220458984375,120.90670013427734
2021-02-24,169.0,213.46766662597656,314.54486083984375,365.7079772949219,120.11360168457031
2021-02-25,165.82000732421875,205.5778350830078,303.5790100097656,356.8960266113281,118.15203857421875
2021-02-26,161.80999755859375,205.2957305908203,304.85028076171875,355.05706787109375,122.05803680419922
2021-03-01,161.52999877929688,212.59312438964844,314.0208435058594,363.6636657714844,120.44597625732422
2021-03-02,162.41000366210938,208.50247192382812,308.9842834472656,360.8258972167969,120.45448303222656
2021-03-03,160.6199951171875,206.24549865722656,300.01751708984375,356.0465393066406,119.14810943603516
2021-03-04,159.0399932861328,200.48094177246094,295.107177734375,351.6405029296875,118.379638671875
2021-03-05,159.13999938964844,204.73147583007812,299.5517272949219,358.1094970703125,118.61013793945312
2021-03-08,157.49000549316406,205.70010375976562,291.0701904296875,356.3266296386719,117.68798828125
2021-03-09,160.83999633789062,210.02586364746094,302.5503234863281,361.4140930175781,119.31890106201172
2021-03-10,161.66000366210938,213.674560546875,301.6867370605469,363.6636657714844,119.55793762207031
2021-03-11,161.52000427246094,218.37649536132812,308.6349182128906,367.3509521484375,118.69554138183594
2021-03-12,161.49000549316406,219.66481018066406,306.1312561035156,367.845703125,116.17664337158203
2021-03-15,162.1999969482422,220.4453582763672,309.40155029296875,370.0393981933594,116.85977172851562
2021-03-16,162.35000610351562,216.759033203125,311.0998840332031,369.5726318359375,116.39006805419922
2021-03-17,163.50999450683594,218.46115112304688,312.38079833984375,370.83282470703125,115.5191879272461
2021-03-18,162.55999755859375,211.8126220703125,302.8124084472656,365.4373474121094,114.34937286376953
2021-03-19,163.24000549316406,213.41123962402344,303.8798522949219,364.7611389160156,115.05807495117188
2021-03-22,163.0,211.8031768798828,309.57855224609375,367.673828125,116.34741973876953
2021-03-23,161.80999755859375,204.12026977539062,308.2279968261719,364.77984619140625,117.39763641357422
2021-03-24,162.3699951171875,199.39952087402344,303.0296630859375,362.9255065917969,118.02952575683594
2021-03-25,161.77999877929688,204.1272430419922,302.5049133300781,364.9671630859375,117.09880828857422
2021-03-26,162.24000549316406,207.8487548828125,307.0426025390625,370.8486022949219,116.68899536132812
2021-03-29,160.30999755859375,201.9979705810547,306.9551086425781,370.6612548828125,115.69847869873047
2021-03-30,157.57000732421875,205.399169921875,305.4102478027344,369.6779479980469,116.30474090576172
2021-03-31,159.9600067138672,208.15966796875,310.0839538574219,371.1763916015625,115.65579223632812
2021-04-01,161.97999572753906,210.79769897460938,315.3697509765625,375.18475341796875,117.5753173828125
2021-04-05,161.9199981689453,211.95651245117188,321.6658935546875,380.56976318359375,117.06233215332031
2021-04-06,163.22000122070312,211.33474731445312,321.4424743652344,380.344970703125,117.85746765136719
2021-04-07,162.75999450683594,207.92410278320312,322.21978759765625,380.7852478027344,117.03667449951172
2021-04-08,164.50999450683594,209.6859588623047,325.5817565917969,382.5927429199219,118.00283813476562
2021-04-09,163.27000427246094,209.71421813964844,327.55419921875,385.37420654296875,117.5753173828125
2021-04-12,162.27999877929688,208.89451599121094,327.12664794921875,385.5147399902344,117.5240249633789
2021-04-13,163.42999267578125,208.34808349609375,330.9452819824219,386.6572570800781,118.4046859741211
2021-04-14,162.72000122070312,210.4019775390625,326.9712219238281,385.33685302734375,118.02849578857422
2021-04-15,165.35000610351562,211.31585693359375,331.9266357421875,389.47625732421875,120.003662109375
2021-04-16,166.35000610351562,211.65504455566406,332.3152770996094,390.77801513671875,119.0716552734375
2021-04-19,165.88999938964844,208.90396118164062,329.2739562988281,388.858154296875,118.7296142578125
2021-04-20,166.47999572753906,204.6265869140625,326.8740539550781,386.0110778808594,119.27685546875
2021-04-21,168.1300048828125,209.62942504882812,329.6723937988281,389.66351318359375,119.51624298095703
2021-04-22,167.0399932861328,208.76263427734375,325.6983337402344,386.1047058105469,120.03782653808594
2021-04-23,166.39999389648438,212.7008514404297,329.7987365722656,390.2911071777344,119.75572204589844
2021-04-26,166.83999633789062,214.9149169921875,331.94610595703125,391.1058044433594,119.58465576171875
2021-04-27,166.4199981689453,215.2352294921875,330.50799560546875,391.02154541015625,118.54154968261719
2021-04-28,166.91000366210938,215.60267639160156,329.3906555175781,390.9091796875,118.61845397949219
2021-04-29,166.22000122070312,214.8018798828125,330.5760498046875,393.400390625,118.26795196533203
2021-04-30,165.66000366210938,211.8811798095703,328.4092712402344,390.81549072265625,118.54154968261719
2021-05-03,167.80999755859375,212.91749572753906,326.6603088378906,391.6583557128906,118.61255645751953
2021-05-04,166.5800018310547,210.3737030029297,320.78179931640625,389.2420959472656,119.41753387451172
2021-05-05,167.27000427246094,209.5352020263672,319.7032165527344,389.36395263671875,119.61446380615234
2021-05-06,170.05999755859375,209.71421813964844,322.11297607421875,392.47320556640625,119.81143951416016
2021-05-07,171.58999633789062,212.35226440429688,324.7266540527344,395.3295593261719,119.22053527832031
2021-05-10,172.11000061035156,206.95370483398438,316.52593994140625,391.4149169921875,118.0132064819336
2021-05-11,172.13999938964844,206.294189453125,316.0887145996094,387.92156982421875,117.34527587890625
2021-05-12,170.42999267578125,199.595458984375,307.9073791503906,379.68011474609375,116.11222839355469
2021-05-13,171.1300048828125,203.26988220214844,310.28790283203125,384.2411193847656,116.29206085205078
2021-05-14,172.69000244140625,208.2350311279297,317.1380615234375,390.1412048339844,117.37954711914062
2021-05-17,174.6999969482422,208.51766967773438,315.2142028808594,389.1484375,117.13119506835938
2021-05-18,175.0399932861328,206.9348907470703,313.08624267578125,385.7957458496094,116.83152770996094
2021-05-19,175.16000366210938,205.3426055908203,313.4458312988281,384.78424072265625,116.54893493652344
2021-05-20,175.9600067138672,206.708740234375,319.50885009765625,388.92364501953125,117.50801849365234
2021-05-21,176.0399932861328,207.24575805664062,317.74041748046875,388.6052551269531,117.8847885131836
2021-05-24,176.35000610351562,208.59298706054688,323.0845947265625,392.56683349609375,118.32147216796875
2021-05-25,177.9499969482422,206.57681274414062,323.5315856933594,391.6958312988281,119.41753387451172
2021-05-26,177.63999938964844,210.43026733398438,324.65869140625,392.47320556640625,119.21200561523438
2021-05-27,177.7100067138672,212.59716796875,323.4441223144531,392.6792297363281,118.73242950439453
2021-05-28,178.3800048828125,212.45587158203125,324.46429443359375,393.38165283203125,118.54405975341797
2021-06-01,177.89999389648438,214.86781311035156,323.3857727050781,393.03509521484375,118.51749420166016
2021-06-02,178.77000427246094,215.12217712402344,324.0174255371094,393.6531982421875,118.7918930053711
2021-06-03,175.27000427246094,213.32266235351562,320.6456604003906,392.19219970703125,118.3459701538086
2021-06-04,177.16000366210938,214.24595642089844,326.0870361328125,395.77911376953125,119.96672821044922
2021-06-07,177.8699951171875,217.11952209472656,327.0586853027344,395.3951721191406,119.59796905517578
2021-06-08,177.32000732421875,219.41839599609375,327.214111328125,395.47943115234375,120.43834686279297
2021-06-09,176.97999572753906,217.95806884765625,327.29180908203125,394.88946533203125,121.501708984375
2021-06-10,177.74000549316406,216.34178161621094,330.7023620605469,396.7250061035156,122.23051452636719
2021-06-11,175.74000549316406,218.62515258789062,331.5671081542969,397.38055419921875,122.03336334228516
2021-06-14,174.7100067138672,217.98350524902344,334.7444763183594,398.27032470703125,121.09862518310547
2021-06-15,174.0500030517578,217.36077880859375,332.5582275390625,397.539794921875,120.95283508300781
2021-06-16,171.11000061035156,216.8984375,331.3435974121094,395.3202209472656,120.8499526977539
2021-06-17,165.85000610351562,214.46401977539062,335.5509948730469,395.18914794921875,122.65931701660156
2021-06-18,164.92999267578125,209.59523010253906,332.91778564453125,389.8578796386719,124.96603393554688
2021-06-21,166.9499969482422,214.07713317871094,334.98675537109375,395.4390563964844,122.87371063232422
2021-06-22,166.25,215.04905700683594,338.10943603515625,397.55316162109375,123.17384338378906
2021-06-23,166.13999938964844,215.75669860839844,338.2748107910156,397.0739440917969,122.85658264160156
2021-06-24,166.0399932861328,218.80442810058594,340.3663330078125,399.4229736328125,123.05374908447266
2021-06-25,166.58999633789062,219.17242431640625,339.947998046875,400.84173583984375,121.77609252929688
2021-06-28,166.5800018310547,217.43626403808594,344.082275390625,401.64984130859375,123.02808380126953
2021-06-29,164.8300018310547,216.39833068847656,345.3275146484375,401.865966796875,123.23387145996094
2021-06-30,165.6300048828125,216.4266357421875,344.7827453613281,402.20416259765625,123.78267669677734
2021-07-01,166.1999969482422,218.3326873779297,344.9189453125,404.4309997558594,123.78958892822266
2021-07-02,167.2899932861328,216.25682067871094,348.878173828125,407.5223083496094,124.53651428222656
2021-07-06,168.1199951171875,213.11471557617188,350.38592529296875,406.780029296875,125.99622344970703
2021-07-07,168.75999450683594,211.13320922851562,351.125244140625,408.21759033203125,127.11248779296875
2021-07-08,168.64999389648438,209.18942260742188,349.0045471191406,404.8915100097656,127.6104507446289
2021-07-09,169.2100067138672,213.6053924560547,351.1836242675781,409.21356201171875,125.81593322753906
2021-07-12,169.0,213.78466796875,352.5552062988281,410.6793212890625,125.65277099609375
2021-07-13,169.22000122070312,209.75563049316406,352.5552062988281,409.2793273925781,124.69109344482422
2021-07-14,171.0399932861328,206.5191650390625,353.1875915527344,409.89007568359375,126.10784149169922
2021-07-15,171.07000732421875,205.34913635253906,350.70703125,408.4901123046875,127.49885559082031
2021-07-16,169.41000366210938,202.82034301757812,347.8664855957031,405.2861022949219,127.25841522216797
2021-07-19,169.61000061035156,199.7820587158203,345.0161437988281,399.30078125,130.04904174804688
2021-07-20,169.38999938964844,205.98130798339844,349.02410888671875,405.0230407714844,128.79542541503906
2021-07-21,168.75999450683594,209.5291290283203,351.7185974121094,408.30218505859375,127.16397094726562
2021-07-22,169.08999633789062,206.19834899902344,354.0435485839844,409.1572570800781,128.36602783203125
2021-07-23,168.55999755859375,207.16079711914062,358.1778869628906,413.3665771484375,127.5074462890625
2021-07-26,168.16000366210938,207.7646942138672,358.4600830078125,414.38134765625,127.12962341308594
2021-07-27,168.44000244140625,205.33969116210938,354.510498046875,412.49273681640625,128.48626708984375
2021-07-28,169.2899932861328,208.359130859375,355.8724060058594,412.3236389160156,128.49488830566406
2021-07-29,171.1699981689453,209.96319580078125,356.5047912597656,414.03369140625,127.78215789794922
2021-07-30,169.82000732421875,208.57614135742188,354.6467590332031,412.02294921875,128.38323974609375
2021-08-02,169.61000061035156,207.53823852539062,354.6759338378906,411.15850830078125,129.5283203125
2021-08-03,169.49000549316406,208.39686584472656,356.8257751464844,414.5035400390625,129.59710693359375
2021-08-04,169.52999877929688,205.8020782470703,357.3413391113281,412.4646301269531,129.8636474609375
2021-08-05,168.86000061035156,209.5008544921875,359.6078796386719,415.07659912109375,129.20164489746094
2021-08-06,164.63999938964844,210.78408813476562,358.03204345703125,415.7625427246094,127.04385375976562
2021-08-09,161.72000122070312,209.62353515625,358.6935729980469,415.42425537109375,126.58824920654297
2021-08-10,161.77000427246094,210.03871154785156,356.85491943359375,415.9410400390625,126.0036392211914
2021-08-11,164.0,211.06719970703125,356.24212646484375,416.9746398925781,125.92626190185547
2021-08-12,164.0399932861328,210.5670928955078,357.5262145996094,418.22430419921875,125.71995544433594
2021-08-13,166.38999938964844,208.651611328125,358.78106689453125,418.98541259765625,127.70584869384766
2021-08-16,167.22000122070312,206.7078857421875,358.9366149902344,419.9718933105469,128.01527404785156
2021-08-17,166.97000122070312,204.18850708007812,355.77520751953125,417.2189025878906,127.96373748779297
2021-08-18,167.10000610351562,202.4051971435547,352.3509216308594,412.6524658203125,128.3935546875
2021-08-19,166.61000061035156,199.980224609375,354.0534362792969,413.2913818359375,129.3392333984375
2021-08-20,166.6999969482422,203.35818481445312,357.7206726074219,416.5799560546875,129.4252166748047
2021-08-23,168.72999572753906,207.22683715820312,363.0709533691406,420.2444763183594,129.3392333984375
2021-08-24,168.64999389648438,209.26498413085938,364.17999267578125,420.9115905761719,128.33338928222656
2021-08-25,167.47999572753906,210.00088500976562,364.5982971191406,421.7947998046875,127.26742553710938
2021-08-26,167.6699981689453,207.77410888671875,362.2830810546875,419.3048095703125,127.61984252929688
2021-08-27,170.19000244140625,213.63368225097656,365.8045654296875,423.0538635253906,128.48809814453125
2021-08-30,169.35000610351562,212.75613403320312,369.9096984863281,424.91424560546875,128.8233642578125
2021-08-31,169.69000244140625,213.1713409423828,369.6081237792969,424.2846984863281,127.94650268554688
2021-09-01,169.6999969482422,214.60556030273438,370.220947265625,424.5101623535156,128.1608428955078
2021-09-02,169.25,216.09640502929688,370.0458068847656,425.816162109375,128.72032165527344
2021-09-03,171.05999755859375,215.0962371826172,371.1839904785156,425.7127990722656,127.54966735839844
2021-09-07,167.7100067138672,213.6147918701172,371.70928955078125,424.1907653808594,126.47372436523438
2021-09-08,167.2899932861328,211.2841796875,370.41546630859375,423.6739196777344,127.33454132080078
2021-09-09,168.02999877929688,211.18035888671875,369.14117431640625,421.8605041503906,128.8753204345703
2021-09-10,167.17999267578125,209.11395263671875,366.3395690917969,418.5343933105469,127.73900604248047
2021-09-13,167.74000549316406,210.30287170410156,366.08660888671875,419.6054382324219,128.51373291015625
2021-09-14,168.82000732421875,207.6231231689453,365.04583740234375,417.341064453125,130.07171630859375
2021-09-15,167.8300018310547,209.5008544921875,367.7598876953125,420.82696533203125,129.61557006835938
2021-09-16,164.02999877929688,209.65179443359375,368.0126647949219,420.159912109375,129.02162170410156
2021-09-17,163.77000427246094,209.92544555664062,363.6546936035156,416.0671081542969,128.40184020996094
2021-09-20,164.94000244140625,204.9339599609375,356.1404113769531,409.1295166015625,129.99432373046875
2021-09-21,166.0399932861328,205.245361328125,356.5785827636719,408.7430419921875,129.8824005126953
2021-09-22,165.4199981689453,208.43458557128906,359.9091491699219,412.7302551269531,130.65708923339844
2021-09-23,163.50999450683594,212.12399291992188,363.2301330566406,417.74481201171875,127.70462799072266
2021-09-24,163.3000030517578,211.1008758544922,363.5708923339844,418.43304443359375,126.45651245117188
2021-09-27,163.63999938964844,214.30926513671875,360.6688232421875,417.23590087890625,125.9916763305664
2021-09-28,162.0500030517578,209.43515014648438,350.4627685546875,408.8278503417969,124.02910614013672
2021-09-29,161.32000732421875,208.9903564453125,349.88824462890625,409.5159912109375,124.24429321289062
2021-09-30,164.22000122070312,207.03121948242188,348.6026916503906,404.5107116699219,124.22706604003906
2021-10-01,164.58999633789062,210.3721466064453,350.7646789550781,409.3179931640625,125.27259826660156
2021-10-04,165.36000061035156,208.46035766601562,343.4022216796875,404.0394592285156,124.95368957519531
2021-10-05,164.58999633789062,209.17962646484375,348.0378723144531,408.2434387207031,123.7470474243164
2021-10-06,165.02999877929688,208.09121704101562,350.2680358886719,409.9400939941406,124.44518280029297
2021-10-07,164.16000366210938,211.29962158203125,353.48175048828125,413.4843444824219,123.14376068115234
2021-10-08,164.22999572753906,209.7096405029297,351.7190246582031,412.7302551269531,122.28189086914062
2021-10-11,163.9199981689453,208.5076904296875,349.021484375,409.7421569824219,121.97161102294922
2021-10-12,164.66000366210938,209.65284729003906,347.8041687011719,408.7335510253906,124.05730438232422
2021-10-13,167.58999633789062,210.64657592773438,350.5893859863281,410.20404052734375,125.26392364501953
2021-10-14,168.0,213.76983642578125,357.0460510253906,417.1039733886719,125.72937774658203
2021-10-15,165.3300018310547,213.0978240966797,359.2956848144531,420.2805480957031,124.99673461914062
2021-10-18,164.9199981689453,212.9748077392578,362.9086608886719,421.5248107910156,125.58283996582031
2021-10-19,165.4499969482422,213.76983642578125,365.655029296875,424.77685546875,123.85045623779297
2021-10-20,166.89999389648438,215.189453125,365.17779541015625,426.4452209472656,123.01439666748047
2021-10-21,166.75,215.73837280273438,367.4079284667969,427.5575256347656,122.86793518066406
2021-10-22,167.77000427246094,215.22731018066406,364.3208312988281,427.1144104003906,124.22105407714844
2021-10-25,168.92999267578125,217.2716064453125,368.05072021484375,429.40496826171875,124.0314712524414
2021-10-26,167.67999267578125,215.63424682617188,369.20953369140625,429.7914733886719,125.05701446533203
2021-10-27,168.1199951171875,211.66871643066406,370.0664978027344,427.8874206542969,127.33242797851562
2021-10-28,168.0800018310547,215.88983154296875,374.1762390136719,432.01605224609375,126.90155029296875
2021-10-29,166.64999389648438,215.8330078125,376.016845703125,432.8926086425781,127.2893295288086
2021-11-01,167.52000427246094,221.4264373779297,377.3023986816406,433.6373291015625,126.37284851074219
2021-11-02,167.16000366210938,221.8901824951172,378.87994384765625,435.3905334472656,126.93377685546875
2021-11-03,165.77000427246094,225.855712890625,382.90203857421875,438.0487060546875,125.62210083007812
2021-11-04,167.64999389648438,225.77053833007812,387.81024169921875,440.1130065917969,126.94241333007812
2021-11-05,169.83999633789062,228.85586547851562,388.1803894042969,441.6399841308594,128.84097290039062
2021-11-08,170.4499969482422,229.56568908691406,387.65447998046875,442.0169982910156,128.59933471679688
2021-11-09,171.2899932861328,228.23126220703125,384.9860534667969,440.55609130859375,130.27345275878906
2021-11-10,173.14999389648438,224.63482666015625,379.3279724121094,437.0118408203125,127.89163970947266
2021-11-11,174.1199951171875,226.4425048828125,380.3797912597656,437.1531982421875,127.70181274414062
2021-11-12,174.4499969482422,226.66961669921875,384.38232421875,440.45233154296875,127.14092254638672
2021-11-15,174.17999267578125,225.77053833007812,384.2945861816406,440.6031799316406,125.54442596435547
2021-11-16,172.9199981689453,226.1869659423828,387.0311584472656,442.34698486328125,125.22509002685547
2021-11-17,174.5,223.2246551513672,387.2357482910156,441.27239990234375,126.21749877929688
2021-11-18,173.94000244140625,222.27818298339844,391.24798583984375,442.7711181640625,126.692138671875
2021-11-19,172.61000061035156,220.2528533935547,393.42950439453125,441.9794006347656,128.02980041503906
2021-11-22,168.74000549316406,219.31588745117188,388.8620300292969,440.7351379394531,126.52818298339844
2021-11-23,167.27999877929688,218.9373321533203,387.089599609375,441.3195495605469,124.69864654541016
2021-11-24,167.1199951171875,219.17396545410156,388.3361511230469,442.497802734375,126.70073699951172
2021-11-26,166.85000610351562,210.91162109375,380.9737548828125,432.6286926269531,129.9023895263672
2021-11-29,166.6199951171875,210.7791290283203,389.2418212890625,437.9355773925781,128.8582000732422
2021-11-30,165.5,206.48231506347656,383.5252990722656,429.4143371582031,130.81710815429688
2021-12-01,166.16000366210938,201.83535766601562,377.00042724609375,424.644775390625,131.6240692138672
2021-12-02,165.24000549316406,207.4665985107422,379.7174987792969,431.1488342285156,131.78826904296875
2021-12-03,166.6300048828125,203.2076873779297,373.11474609375,427.397216796875,133.36073303222656
2021-12-06,166.22000122070312,207.28675842285156,376.1044921875,432.4590148925781,131.5290069580078
2021-12-07,166.80999755859375,212.0946502685547,387.4304504394531,441.4043273925781,130.46627807617188
2021-12-08,166.89999389648438,213.5426788330078,389.16387939453125,442.5732116699219,128.21127319335938
2021-12-09,165.8800048828125,208.70643615722656,383.4377136230469,439.5851745605469,128.9283905029297
2021-12-10,166.5800018310547,208.1291046142578,387.6058044433594,443.72320556640625,128.61737060546875
2021-12-13,167.0,205.08750915527344,382.0061340332031,439.79254150390625,130.5181884765625
2021-12-14,165.44000244140625,203.32180786132812,378.0522155761719,436.7668151855469,130.2071075439453
2021-12-15,166.14999389648438,206.54946899414062,386.6708679199219,443.5912780761719,128.95436096191406
2021-12-16,168.16000366210938,202.37254333496094,376.727783203125,439.6794128417969,129.00450134277344
2021-12-17,167.8000030517578,204.233154296875,374.8482666015625,435.0000305175781,130.46624755859375
2021-12-20,167.08999633789062,201.3662567138672,371.21209716796875,430.3744812011719,129.4888153076172
2021-12-21,167.02000427246094,207.1190185546875,379.5198974609375,438.0174560546875,128.99581909179688
2021-12-22,168.58999633789062,209.11260986328125,384.1419372558594,442.3970031738281,129.5927276611328
2021-12-23,168.97000122070312,210.7833709716797,387.0379943847656,445.14971923828125,128.4682159423828
2021-12-27,169.3699951171875,212.75790405273438,393.4347229003906,451.44952392578125,128.77957153320312
2021-12-28,168.63999938964844,211.45736694335938,391.6112060546875,451.0805969238281,128.2692108154297
2021-12-29,168.58999633789062,211.6851806640625,391.552734375,451.65765380859375,126.8679428100586
2021-12-30,169.8000030517578,211.6282196044922,390.38250732421875,450.40899658203125,127.93186950683594
2021-12-31,170.9600067138672,211.17257690429688,387.9448547363281,449.2738342285156,128.18276977539062
2022-01-03,168.3300018310547,213.89703369140625,391.67938232421875,451.8750915527344,124.81795501708984
2022-01-04,169.57000732421875,213.57431030273438,386.5992126464844,451.72381591796875,124.29891204833984
2022-01-05,169.05999755859375,206.34060668945312,374.722412109375,443.0496826171875,123.62427520751953
2022-01-06,166.99000549316406,207.51776123046875,374.4591064453125,442.633544921875,123.94430541992188
2022-01-07,167.75,205.11599731445312,370.4027099609375,440.88360595703125,123.05335235595703
2022-01-10,168.25999450683594,204.40402221679688,370.646484375,440.3349609375,123.35610961914062
2022-01-11,170.2899932861328,206.5779266357422,376.2143249511719,444.34564208984375,124.17784118652344
2022-01-12,170.74000549316406,205.04006958007812,377.7062683105469,445.54693603515625,123.7021484375
2022-01-13,170.16000366210938,203.16043090820312,368.2574157714844,439.4079284667969,124.80059051513672
2022-01-14,169.6699981689453,203.44522094726562,370.54901123046875,439.587646484375,122.91495513916016
2022-01-18,169.38999938964844,197.2937469482422,361.3244934082031,431.802734375,121.18502044677734
2022-01-19,172.0800018310547,194.08509826660156,357.3558349609375,427.3191223144531,122.0240249633789
2022-01-20,171.64999389648438,190.5726776123047,352.71429443359375,422.5895690917969,122.77652740478516
2022-01-21,171.08999633789062,187.00332641601562,342.93408203125,414.2938232421875,124.23841094970703
2022-01-24,172.02999877929688,191.3131103515625,344.5039367675781,416.0531921386719,123.21771240234375
2022-01-25,172.5800018310547,188.75950622558594,336.517822265625,410.97357177734375,123.01872253417969
2022-01-26,169.7899932861328,186.03497314453125,335.9913330078125,409.94256591796875,121.5310287475586
2022-01-27,167.60000610351562,181.8105926513672,332.60772705078125,407.91827392578125,123.76263427734375
2022-01-28,167.10000610351562,185.35150146484375,343.0412902832031,418.04913330078125,123.80591583251953
2022-01-31,168.08999633789062,191.03785705566406,354.0112609863281,425.5786437988281,123.16585540771484
2022-02-01,168.22999572753906,193.05038452148438,356.4197082519531,428.4541931152344,122.7569808959961
2022-02-02,168.83999633789062,191.1327667236328,359.31573486328125,432.61627197265625,123.17273712158203
2022-02-03,168.60000610351562,187.5159149169922,344.7476501464844,422.4476318359375,122.21126556396484
2022-02-04,168.86000061035156,188.3227996826172,349.0966796875,424.43408203125,120.4095687866211
2022-02-07,170.11000061035156,189.2531280517578,346.2884216308594,423.0719909667969,120.48758697509766
2022-02-08,170.6300048828125,192.48074340820312,350.1791076660156,426.5528259277344,119.6820068359375
2022-02-09,171.2100067138672,196.13558959960938,357.599609375,432.7959899902344,119.90718078613281
2022-02-10,170.55999755859375,193.12628173828125,349.5061950683594,425.0205383300781,118.00157928466797
2022-02-11,173.80999755859375,191.17076110839844,338.4193115234375,416.6396179199219,119.75126647949219
2022-02-14,174.74000549316406,190.50624084472656,338.8385925292969,415.27752685546875,118.26142883300781
2022-02-15,173.0800018310547,195.61351013183594,347.2635192871094,421.9747009277344,116.91881561279297
2022-02-16,174.86000061035156,196.02171325683594,347.17578125,422.4476318359375,117.6117935180664
2022-02-17,177.25,190.99986267089844,336.84942626953125,413.4234924316406,118.48661041259766
2022-02-18,177.1199951171875,189.3575897216797,333.0074768066406,410.74652099609375,119.73391723632812
2022-02-22,177.49000549316406,186.69003295898438,329.6628723144531,406.338623046875,120.04574584960938
2022-02-23,178.2899932861328,183.19659423828125,321.218505859375,399.1307067871094,118.39131927490234
2022-02-24,177.13999938964844,188.0000457763672,332.0129699707031,405.13726806640625,118.46929168701172
2022-02-25,176.5500030517578,192.2339630126953,337.1614074707031,414.07623291015625,118.55594635009766
2022-02-28,178.3800048828125,193.01242065429688,338.165771484375,413.0168151855469,121.15448760986328
2022-03-01,181.6199951171875,189.3765411376953,332.9879455566406,406.7264099121094,122.5552749633789
2022-03-02,179.72999572753906,193.88575744628906,338.5753173828125,414.2086486816406,118.36601257324219
2022-03-03,180.8000030517578,191.58843994140625,333.7388000488281,412.1465759277344,119.57157897949219
2022-03-04,183.67999267578125,188.58865356445312,328.9023132324219,408.7980041503906,121.63589477539062
2022-03-07,186.41000366210938,183.89906311035156,316.7720031738281,396.7469482421875,120.70781707763672
2022-03-08,191.50999450683594,184.914794921875,315.2995910644531,393.73895263671875,119.4935302734375
2022-03-09,185.82000732421875,190.1265106201172,326.64984130859375,404.2953796386719,118.32266235351562
2022-03-10,186.39999389648438,189.78475952148438,323.0223693847656,402.4697570800781,116.62266540527344
2022-03-11,185.08999633789062,186.75648498535156,316.3235168457031,397.3524169921875,117.012939453125
2022-03-14,182.3000030517578,182.94029235839844,310.24853515625,394.4483947753906,114.28082275390625
2022-03-15,178.88999938964844,185.85464477539062,319.9801330566406,403.1224365234375,114.08135223388672
2022-03-16,180.00999450683594,191.7023468017578,331.8470764160156,412.0613708496094,115.2002182006836
2022-03-17,180.88999938964844,194.71160888671875,335.86456298828125,417.2166748046875,114.34156799316406
2022-03-18,179.3000030517578,196.76214599609375,342.7389831542969,421.7863464355469,115.73796081542969
2022-03-21,180.6699981689453,195.02491760253906,341.7861022949219,421.6629943847656,113.05786895751953
2022-03-22,179.36000061035156,196.98048400878906,348.503173828125,426.59710693359375,111.60940551757812
2022-03-23,181.80999755859375,193.56298828125,343.49468994140625,421.1031799316406,114.0553207397461
2022-03-24,183.1300048828125,195.78871154785156,351.1294860839844,427.4510192871094,113.16197204589844
2022-03-25,182.3800048828125,196.05503845214844,350.8365173339844,429.53851318359375,111.5920639038086
2022-03-28,179.05999755859375,196.12164306640625,356.2648620605469,432.59381103515625,112.546142578125
2022-03-29,179.13999938964844,201.37208557128906,362.3960876464844,437.9454040527344,113.39616394042969
2022-03-30,180.5800018310547,197.32962036132812,358.39312744140625,435.24114990234375,114.28082275390625
2022-03-31,180.64999389648438,195.2465362548828,353.95098876953125,428.54217529296875,114.55839538574219
2022-04-01,179.5,197.43426513671875,353.27734375,429.7567443847656,114.99444580078125
2022-04-04,180.3699951171875,197.7576446533203,360.5508117675781,433.4383239746094,114.19528198242188
2022-04-05,179.24000549316406,193.07789611816406,352.5450744628906,427.96343994140625,111.61531066894531
2022-04-06,179.66000366210938,190.33851623535156,344.89080810546875,423.68408203125,110.7119140625
2022-04-07,180.33999633789062,189.7202606201172,345.7109375,425.8190002441406,109.87799835205078
2022-04-08,181.47000122070312,188.2079315185547,340.8781433105469,424.6803894042969,108.68791198730469
2022-04-11,182.3699951171875,186.94284057617188,332.8139953613281,417.4216003417969,106.96792602539062
2022-04-12,183.77000427246094,187.5325927734375,331.4079895019531,415.8749694824219,106.82028198242188
2022-04-13,184.64999389648438,191.09947204589844,338.1445617675781,420.63824462890625,107.03742218017578
2022-04-14,184.0399932861328,189.2446746826172,330.4121398925781,415.4005126953125,104.89185333251953
2022-04-18,184.61000061035156,187.9700927734375,330.66595458984375,415.5714111328125,104.3706283569336
2022-04-19,181.82000732421875,191.7177276611328,338.0567321777344,422.27978515625,103.58882904052734
2022-04-20,182.7100067138672,192.45010375976562,333.12628173828125,421.9666442871094,105.67362213134766
2022-04-21,182.05999755859375,188.141357421875,326.23358154296875,415.65673828125,104.89185333251953
2022-04-22,180.2899932861328,183.2713165283203,317.69085693359375,404.25152587890625,104.23162841796875
2022-04-25,177.0500030517578,184.38421630859375,321.77178955078125,406.5951232910156,105.27401733398438
2022-04-26,177.32000732421875,178.57254028320312,309.6265869140625,394.81982421875,106.33383178710938
2022-04-27,175.97999572753906,177.8306427001953,309.2556457519531,395.92999267578125,104.97000122070312
2022-04-28,176.92999267578125,181.15023803710938,320.239013671875,405.930908203125,105.1263656616211
2022-04-29,176.91000366210938,175.9187774658203,305.8287353515625,390.9295349121094,103.76258850097656
2022-05-02,173.6300048828125,177.76405334472656,310.9348449707031,393.2826843261719,101.9639663696289
2022-05-03,174.08999633789062,179.2859649658203,311.2666931152344,395.08544921875,102.6513671875
2022-05-04,175.8000030517578,184.07034301757812,321.7914123535156,407.11700439453125,103.21697998046875
2022-05-05,175.1300048828125,176.60365295410156,305.5846862792969,392.6469421386719,100.3890151977539
2022-05-06,175.4199981689453,173.6645050048828,301.9234619140625,390.3032531738281,98.90974426269531
2022-05-09,172.8800048828125,166.35952758789062,290.110107421875,377.8067932128906,99.77987670898438
2022-05-10,171.4199981689453,166.4071044921875,293.6346130371094,378.67974853515625,100.6848373413086
2022-05-11,172.82000732421875,162.26951599121094,284.9259033203125,372.6639404296875,102.62528228759766
2022-05-12,170.1699981689453,164.17185974121094,284.2522888183594,372.2749328613281,102.433837890625
2022-05-13,168.7899932861328,169.37478637695312,294.78668212890625,381.1752624511719,100.91978454589844
2022-05-16,170.39999389648438,168.5662384033203,291.36956787109375,379.62860107421875,100.81536102294922
2022-05-17,169.3300018310547,173.72157287597656,298.9164733886719,387.4377746582031,99.59717559814453
2022-05-18,169.4199981689453,167.63409423828125,284.2425231933594,371.8194885253906,101.72032165527344
2022-05-19,171.91000366210938,167.90992736816406,282.719482421875,369.54217529296875,101.9639663696289
2022-05-20,172.02999877929688,167.48193359375,281.8408203125,369.7035827636719,103.12126159667969
2022-05-23,172.8300018310547,169.50791931152344,286.527099609375,376.6207275390625,101.42448425292969
2022-05-24,174.1300048828125,166.99684143066406,280.4349365234375,373.7456970214844,103.4258041381836
2022-05-25,173.0800018310547,170.00253295898438,284.3597717285156,377.0476989746094,103.83477783203125
2022-05-26,172.75999450683594,173.79766845703125,292.23846435546875,384.5816345214844,103.3648910522461
2022-05-27,172.85000610351562,178.47743225097656,301.77703857421875,394.0227966308594,103.61724090576172
2022-05-31,171.13999938964844,176.26123046875,300.9764404296875,391.81195068359375,101.42448425292969
2022-06-01,172.22999572753906,175.26248168945312,298.7504577636719,388.64276123046875,101.30854797363281
2022-06-02,174.35000610351562,179.54275512695312,306.9319763183594,396.04388427734375,101.36083984375
2022-06-03,172.5800018310547,177.92576599121094,298.9457702636719,389.5442199707031,101.1429214477539
2022-06-06,171.82000732421875,178.6962127685547,299.94158935546875,390.7301940917969,99.2774887084961
2022-06-07,172.94000244140625,181.57821655273438,302.52880859375,394.4782409667969,100.34963989257812
2022-06-08,172.77999877929688,178.77230834960938,300.3516540527344,390.189453125,99.46051025390625
2022-06-09,172.22999572753906,175.0663299560547,292.30682373046875,380.9095458984375,99.7917709350586
2022-06-10,174.5399932861328,170.31703186035156,281.9969482421875,369.8648681640625,99.17288970947266
2022-06-13,169.92999267578125,162.315673828125,268.8851318359375,355.82177734375,96.06092071533203
2022-06-14,168.57000732421875,161.53366088867188,269.37335205078125,354.74957275390625,94.84929656982422
2022-06-15,170.77000427246094,163.89877319335938,276.10009765625,359.80694580078125,96.61881256103516
2022-06-16,172.69000244140625,156.3074951171875,264.9604187011719,347.89874267578125,97.38590240478516
2022-06-17,171.27000427246094,157.52822875976562,268.18231201171875,348.64874267578125,97.69969940185547
2022-06-21,170.6300048828125,160.35108947753906,274.9483337402344,357.4255065917969,96.04348754882812
2022-06-22,171.30999755859375,160.0458984375,274.5473327636719,356.7774658203125,98.68470764160156
2022-06-23,170.25999450683594,161.9628143310547,278.6361083984375,360.2748107910156,99.49539947509766
2022-06-24,170.08999633789062,166.97914123535156,288.18316650390625,371.72930908203125,98.11812591552734
2022-06-27,169.89999389648438,167.59902954101562,286.0704040527344,370.3094177246094,97.28128814697266
2022-06-28,169.6199951171875,164.45191955566406,277.354736328125,362.7430725097656,97.7345962524414
2022-06-29,169.49000549316406,162.78297424316406,277.6090393066406,362.4476013183594,99.26004791259766
2022-06-30,168.4600067138672,161.5146026611328,274.16583251953125,359.50299072265625,100.13175201416016
2022-07-01,168.32000732421875,163.4696502685547,275.9754638671875,363.3052673339844,101.1597671508789
2022-07-05,164.75,164.8238525390625,280.7000732421875,363.991455078125,101.95457458496094
2022-07-06,162.13999938964844,163.60311889648438,282.4999084472656,365.220703125,100.2426528930664
2022-07-07,162.22999572753906,167.47508239746094,288.54510498046875,370.6907043457031,99.36050415039062
2022-07-08,162.3000030517578,167.45599365234375,288.9070739746094,370.3857727050781,98.25997161865234
2022-07-11,161.42999267578125,164.08950805664062,282.7347717285156,366.15460205078125,99.95442962646484
2022-07-12,160.8300018310547,163.52682495117188,279.9957580566406,362.91455078125,100.54834747314453
2022-07-13,161.60000610351562,163.38381958007812,279.4186706542969,361.0085754394531,101.7012939453125
2022-07-14,159.3300018310547,161.705322265625,280.41644287109375,360.13189697265625,100.87153625488281
2022-07-15,159.00999450683594,165.07180786132812,285.5030212402344,367.01226806640625,101.43925476074219
2022-07-18,159.16000366210938,164.60450744628906,283.0868835449219,363.9819030761719,100.38240814208984
2022-07-19,159.5399932861328,170.4123992919922,291.7926940917969,373.81634521484375,99.84090423583984
2022-07-20,158.0399932861328,173.08267211914062,296.4195556640625,376.1986999511719,100.10291290283203
2022-07-21,160.27000427246094,173.96958923339844,300.6746520996094,380.0296325683594,101.8322982788086
2022-07-22,160.6699981689453,171.19442749023438,295.4022216796875,376.503662109375,103.54424285888672
2022-07-25,160.22999572753906,172.08128356933594,293.7196960449219,376.96112060546875,102.53102111816406
2022-07-26,160.0399932861328,171.0227508544922,287.948486328125,372.50128173828125,102.609619140625
2022-07-27,161.6699981689453,174.91371154785156,300.1170654296875,382.1737365722656,102.03319549560547
2022-07-28,163.63999938964844,177.3170166015625,303.0516052246094,386.9671325683594,102.84549713134766
2022-07-29,164.10000610351562,178.57586669921875,308.5783996582031,392.60870361328125,102.56595611572266
2022-08-01,165.02999877929688,178.50909423828125,308.39251708984375,391.446044921875,105.03612518310547
2022-08-02,164.0500030517578,178.33741760253906,307.4730224609375,388.86358642578125,102.81360626220703
2022-08-03,164.4499969482422,180.9600372314453,315.8463439941406,394.95294189453125,104.43236541748047
2022-08-04,167.1699981689453,180.57858276367188,317.3233947753906,394.6861572265625,104.3973388671875
2022-08-05,165.2899932861328,181.96139526367188,314.7311096191406,394.01898193359375,101.91231536865234
2022-08-08,166.69000244140625,183.8878173828125,313.7138977050781,393.5616455078125,103.55735778808594
2022-08-09,167.1999969482422,181.37965393066406,310.1629638671875,391.998779296875,103.15485382080078
2022-08-10,166.77999877929688,186.55809020996094,318.82000732421875,400.2323913574219,102.48108673095703
2022-08-11,166.33999633789062,187.25428771972656,317.01031494140625,400.2323913574219,100.09233093261719
2022-08-12,167.8699951171875,191.0785369873047,323.1827087402344,407.00787353515625,101.1073226928711
2022-08-15,165.7100067138672,191.75564575195312,325.79443359375,408.68499755859375,101.01982879638672
2022-08-16,165.4199981689453,191.6793670654297,325.03143310546875,409.4855041503906,101.43982696533203
2022-08-17,164.35000610351562,188.4559783935547,321.3240966796875,406.5791015625,100.3810806274414
2022-08-18,163.9199981689453,189.70526123046875,322.09686279296875,407.7607116699219,100.52982330322266
2022-08-19,162.72000122070312,185.63304138183594,315.8169250488281,402.28118896484375,98.91104888916016
2022-08-22,161.63999938964844,181.80880737304688,307.5023498535156,393.9046630859375,98.57854461669922
2022-08-23,162.77000427246094,182.1044464111328,307.2480773925781,392.9516906738281,98.03602600097656
2022-08-24,163.25,183.49681091308594,308.13824462890625,394.20965576171875,97.31852722167969
2022-08-25,163.75,186.3483123779297,313.58673095703125,399.77496337890625,98.67478942871094
2022-08-26,161.75999450683594,180.22569274902344,300.73333740234375,386.24298095703125,99.4185562133789
2022-08-29,161.86000061035156,178.5663299560547,297.76947021484375,383.68896484375,98.5960693359375
2022-08-30,160.50999450683594,176.0676727294922,294.45330810546875,379.4768981933594,98.84104919433594
2022-08-31,159.27000427246094,174.99957275390625,292.7415771484375,376.5895080566406,97.89603424072266
2022-09-01,157.8699951171875,173.0922088623047,292.8687438964844,377.7711486816406,96.10372161865234
2022-09-02,159.25999450683594,171.7475128173828,288.73101806640625,373.7878112792969,96.64739227294922
2022-09-06,158.3300018310547,170.04998779296875,286.6571960449219,372.3774108886719,94.2535629272461
2022-09-07,159.94000244140625,173.75025939941406,292.4481201171875,379.067138671875,95.7442398071289
2022-09-08,158.97999572753906,175.19985961914062,293.9642028808594,381.5448303222656,94.76217651367188
2022-09-09,159.82000732421875,178.71888732910156,300.3909606933594,387.47222900390625,94.97258758544922
2022-09-12,160.6300048828125,180.8837432861328,303.9613037109375,391.63665771484375,94.19218444824219
2022-09-13,158.5399932861328,173.80746459960938,287.2930603027344,374.6073913574219,94.41141510009766
2022-09-14,157.92999267578125,174.48460388183594,289.5722351074219,376.0367736816406,94.73584747314453
2022-09-15,154.97999572753906,173.21621704101562,284.7497253417969,371.76751708984375,94.6744613647461
2022-09-16,155.83999633789062,170.69851684570312,283.0086669921875,368.9312744140625,93.88529968261719
2022-09-19,155.9600067138672,172.15762329101562,285.2124938964844,371.7923278808594,94.10449981689453
2022-09-20,155.07000732421875,169.81158447265625,282.9390563964844,367.5247497558594,93.1662826538086
2022-09-21,155.7899932861328,167.2175750732422,277.87274169921875,361.11370849609375,94.7270736694336
2022-09-22,155.6999969482422,163.4505157470703,274.4527282714844,358.08038330078125,92.30694580078125
2022-09-23,153.00999450683594,159.55955505371094,269.984130859375,352.080810546875,92.68400573730469
2022-09-26,151.22999572753906,157.3748779296875,268.8670654296875,348.5978698730469,90.91275024414062
2022-09-27,151.5399932861328,157.9116973876953,268.9747619628906,347.7079162597656,88.51892852783203
2022-09-28,154.69000244140625,162.90603637695312,274.3253479003906,354.549560546875,91.48271179199219
2022-09-29,154.66000366210938,159.25375366210938,266.417236328125,347.1434020996094,91.0091781616211
2022-09-30,154.6699981689453,158.09385681152344,261.899658203125,341.7753601074219,89.8342056274414
2022-10-03,158.42999267578125,162.28292846679688,268.0438537597656,350.7986145019531,91.26162719726562
2022-10-04,160.6999969482422,168.71519470214844,276.4714050292969,361.6686706542969,91.0067138671875
2022-10-05,159.80999755859375,167.46902465820312,276.3244323730469,360.8266296386719,90.13654327392578
2022-10-06,159.6300048828125,166.5295867919922,274.14898681640625,357.10443115234375,89.63555145263672
2022-10-07,157.8800048828125,161.63107299804688,263.70269775390625,347.1434020996094,88.765380859375
2022-10-10,155.47999572753906,160.72999572753906,261.06671142578125,344.4927978515625,87.38542175292969
2022-10-11,155.16000366210938,160.77792358398438,257.4801330566406,342.3111877441406,87.7721939086914
2022-10-12,155.99000549316406,160.3369903564453,257.3919372558594,341.18212890625,88.2028579711914
2022-10-13,154.91000366210938,164.3056182861328,263.4283447265625,350.1861267089844,87.35905456542969
2022-10-14,152.97999572753906,159.90560913085938,255.51039123535156,342.2059020996094,86.63831329345703
2022-10-17,153.4199981689453,165.00540161132812,263.9477233886719,350.9995422363281,86.21644592285156
2022-10-18,153.75,166.96096801757812,266.0349426269531,355.1236877441406,86.41858673095703
2022-10-19,151.69000244140625,164.12350463867188,265.0648498535156,352.6070861816406,84.84528350830078
2022-10-20,151.4499969482422,162.03369140625,263.7125549316406,349.6503601074219,83.39496612548828
2022-10-21,154.14999389648438,165.55181884765625,269.8960266113281,358.14739990234375,81.89199829101562
2022-10-24,153.64999389648438,166.26119995117188,272.86517333984375,362.5299072265625,81.2151870727539
2022-10-25,154.0,170.79541015625,278.50970458984375,368.3188781738281,83.5795669555664
2022-10-26,154.97999572753906,171.63900756835938,272.3556213378906,365.54400634765625,84.78374481201172
2022-10-27,154.74000549316406,171.6773223876953,267.39715576171875,363.592041015625,85.67146301269531
2022-10-28,153.16000366210938,175.57887268066406,275.5796203613281,372.2420654296875,85.08257293701172
2022-10-31,151.91000366210938,175.74185180664062,272.3752746582031,369.5532531738281,84.47611236572266
2022-11-01,153.4600067138672,175.9814910888672,269.59222412109375,367.93621826171875,85.26557922363281
2022-11-02,152.38999938964844,170.14358520507812,260.3514099121094,358.702392578125,84.89551544189453
2022-11-03,151.80999755859375,169.00282287597656,255.2654266357422,355.0088806152344,84.43732452392578
2022-11-04,156.47000122070312,171.28433227539062,259.37139892578125,360.1184997558594,83.01872253417969
2022-11-07,155.85000610351562,172.06077575683594,262.2230529785156,363.5632629394531,82.1904525756836
2022-11-08,159.4499969482422,172.12786865234375,264.1339416503906,365.52484130859375,83.08924865722656
2022-11-09,158.64999389648438,167.40194702148438,258.0387268066406,357.99432373046875,83.36238861083984
2022-11-10,163.47999572753906,177.70697021484375,277.0789794921875,377.6675720214844,86.56964874267578
2022-11-11,164.55999755859375,179.16404724121094,282.1844482421875,381.32281494140625,86.25244903564453
2022-11-14,164.9199981689453,177.1605682373047,279.7150573730469,378.0790100097656,86.04094696044922
2022-11-15,165.5,179.78717041015625,283.5858154296875,381.3037414550781,87.43314361572266
2022-11-16,165.1199951171875,176.62374877929688,279.7150573730469,378.3948059082031,89.34516143798828
2022-11-17,163.9199981689453,174.9845428466797,279.0976257324219,377.2369689941406,88.40235900878906
2022-11-18,162.7899932861328,176.11569213867188,279.10748291015625,378.94976806640625,87.79438018798828
2022-11-21,161.8800048828125,175.19540405273438,276.2362365722656,377.5718994140625,88.16444396972656
2022-11-22,162.07000732421875,177.06472778320312,280.2148742675781,382.6529235839844,89.41561889648438
2022-11-23,163.0800018310547,177.5248565673828,283.0272216796875,385.0641784667969,90.9752197265625
2022-11-25,163.22000122070312,177.89869689941406,281.1653747558594,384.9780578613281,90.66681671142578
2022-11-28,161.92999267578125,174.31349182128906,277.039794921875,378.83489990234375,90.92237091064453
2022-11-29,162.72999572753906,174.82156372070312,274.9427185058594,378.18426513671875,89.85620880126953
2022-11-30,164.80999755859375,179.61459350585938,287.47613525390625,390.09735107421875,90.51703643798828
2022-12-01,167.83999633789062,179.2216033935547,287.82891845703125,389.810302734375,93.40868377685547
2022-12-02,167.25999450683594,180.26649475097656,286.68243408203125,389.36053466796875,94.5833511352539
2022-12-05,164.38999938964844,175.30087280273438,281.87091064453125,382.3562316894531,93.25853729248047
2022-12-06,164.83999633789062,172.61676025390625,276.0304260253906,376.8446044921875,94.45967864990234
2022-12-07,166.3300018310547,172.10870361328125,274.9035339355469,376.2035827636719,96.68539428710938
2022-12-08,166.47000122070312,173.3549041748047,278.156982421875,379.15069580078125,96.42044830322266
2022-12-09,167.05999755859375,171.22679138183594,276.3832702636719,376.3183898925781,93.912109375
2022-12-12,165.67999267578125,173.2398681640625,279.8522033691406,381.74383544921875,94.21241760253906
2022-12-13,168.50999450683594,174.67481994628906,282.86065673828125,384.633544921875,95.12213134765625
2022-12-14,168.10000610351562,173.52879333496094,280.7635192871094,382.1744079589844,95.52838134765625
2022-12-15,165.35000610351562,169.18548583984375,271.3365478515625,372.8258361816406,95.90113830566406
2022-12-16,166.7899932861328,167.92391967773438,268.74945068359375,368.4241638183594,94.82984924316406
2022-12-19,166.32000732421875,165.6511688232422,264.9725646972656,365.300048828125,93.23623657226562
2022-12-20,169.0800018310547,166.52749633789062,264.7663269042969,365.79998779296875,91.58062744140625
2022-12-21,168.8000030517578,169.39735412597656,268.6070556640625,371.2695007324219,91.81082916259766
2022-12-22,166.75999450683594,167.1824188232422,262.0355224609375,365.97296142578125,91.79308319091797
2022-12-23,167.25999450683594,167.9431915283203,262.6248474121094,368.07818603515625,90.44734191894531
2022-12-27,168.6699981689453,166.8164520263672,258.9118957519531,366.6266174316406,88.65895080566406
2022-12-28,167.91000366210938,164.22589111328125,255.49351501464844,362.0701904296875,88.1366195678711
2022-12-29,168.85000610351562,168.3861846923828,261.7212219238281,368.5876159667969,89.13705444335938
2022-12-30,169.63999938964844,167.91427612304688,261.56402587890625,367.6167297363281,88.14543151855469
2023-01-03,171.05999755859375,166.98977661132812,259.7958984375,366.06903076171875,89.8276138305664
2023-01-04,172.6699981689453,169.06988525390625,261.0335693359375,368.89520263671875,91.05825805664062
2023-01-05,170.52000427246094,167.2594451904297,256.9471740722656,364.6848449707031,91.43896484375
2023-01-06,173.7100067138672,171.0152587890625,264.03936767578125,373.0478515625,93.12112426757812
2023-01-09,174.10000610351562,171.30416870117188,265.7485656738281,372.83636474609375,93.61688995361328
2023-01-10,174.74000549316406,173.83692932128906,267.9979553222656,375.4510803222656,92.06754302978516
2023-01-11,174.6199951171875,176.00372314453125,272.6344299316406,380.1996154785156,93.56379699707031
2023-01-12,176.63999938964844,178.9602813720703,274.1078186035156,381.5838623046875,95.40533447265625
2023-01-13,178.75999450683594,180.13514709472656,275.99383544921875,383.06427001953125,94.51112365722656
2023-01-17,177.58999633789062,179.91371154785156,276.5537414550781,382.3624572753906,93.90025329589844
2023-01-18,177.0800018310547,177.00526428222656,272.9586181640625,376.32574462890625,96.17560577392578
2023-01-19,179.88999938964844,175.31036376953125,270.27691650390625,373.586181640625,95.57354736328125
2023-01-20,179.2899932861328,178.19944763183594,277.6735534667969,380.5457458496094,94.02417755126953
2023-01-23,179.6300048828125,180.4048309326172,283.8423156738281,385.11175537109375,93.58150482177734
2023-01-24,180.27999877929688,180.01962280273438,283.2628173828125,384.69842529296875,94.92725372314453
2023-01-25,181.11000061035156,180.52037048339844,282.6341247558594,384.8426208496094,95.15742492675781
2023-01-26,179.47000122070312,181.58934020996094,288.144775390625,389.0721435546875,94.7147445678711
2023-01-27,179.22000122070312,182.57162475585938,291.01300048828125,389.9660949707031,94.47572326660156
2023-01-30,178.75999450683594,180.02923583984375,285.12908935546875,385.07330322265625,94.13043212890625
2023-01-31,179.41000366210938,184.40139770507812,289.402099609375,390.73516845703125,94.88294219970703
2023-02-01,181.6699981689453,187.3001251220703,295.5905456542969,394.8877868652344,96.02359771728516
2023-02-02,177.89999389648438,190.988525390625,306.19921875,400.6361389160156,96.14785766601562
2023-02-03,173.4600067138672,189.7077178955078,300.7573547363281,396.37774658203125,94.70988464355469
2023-02-06,173.82000732421875,186.9630889892578,298.2132568359375,393.95538330078125,94.0086441040039
2023-02-07,173.97999572753906,188.34983825683594,304.391845703125,399.10772705078125,93.25418090820312
2023-02-08,174.41000366210938,185.5955810546875,298.9794006347656,394.7436218261719,93.69798278808594
2023-02-09,173.02999877929688,182.90870666503906,296.3370361328125,391.3215026855469,92.81036376953125
2023-02-10,173.36000061035156,183.27464294433594,294.39215087890625,392.2347412109375,91.7718505859375
2023-02-13,172.47999572753906,185.47998046875,299.1070861816406,396.8391418457031,92.54408264160156
2023-02-14,172.61000061035156,185.39329528808594,301.3172912597656,396.65655517578125,92.33104705810547
2023-02-15,170.88999938964844,187.27122497558594,303.6256408691406,397.9447021484375,91.47005462646484
2023-02-16,170.75,185.47998046875,297.92840576171875,392.4654235839844,90.17411041259766
2023-02-17,171.25999450683594,185.9904327392578,295.82623291015625,391.4849548339844,90.87532043457031
2023-02-21,170.6199951171875,180.50111389160156,288.82257080078125,383.6314392089844,89.10895538330078
2023-02-22,169.66000366210938,180.99227905273438,289.03863525390625,383.1027526855469,89.9255599975586
2023-02-23,169.57000732421875,182.28269958496094,291.5631103515625,385.1405944824219,90.80432891845703
2023-02-24,168.35000610351562,180.5781707763672,286.6811828613281,381.0263366699219,89.62377166748047
2023-02-27,169.00999450683594,181.21372985839844,288.734130859375,382.3240966796875,89.87229919433594
2023-02-28,169.77999877929688,181.22340393066406,288.36083984375,380.9109802246094,90.28062438964844
2023-03-01,170.75999450683594,181.4545135498047,286.0426940917969,379.4497985839844,89.31071472167969
2023-03-02,170.66000366210938,181.88787841796875,288.4099426269531,382.4009704589844,88.51879119873047
2023-03-03,172.49000549316406,184.42066955566406,294.3725280761719,388.5338134765625,90.66325378417969
2023-03-06,171.6199951171875,181.72415161132812,294.7064514160156,388.802978515625,89.9603042602539
2023-03-07,168.6199951171875,179.61514282226562,291.0917053222656,382.8431091308594,90.51200103759766
2023-03-08,168.5399932861328,179.7018280029297,292.5454406738281,383.4679870605469,90.60096740722656
2023-03-09,170.1999969482422,174.70364379882812,287.476806640625,376.3930969238281,90.82343292236328
2023-03-10,173.8699951171875,169.66700744628906,283.4396057128906,370.96197509765625,93.95558166503906
2023-03-13,177.86000061035156,166.90309143066406,285.54168701171875,370.4331970214844,94.16912078857422
2023-03-14,176.8300018310547,169.99441528320312,292.1033935546875,376.55645751953125,92.6208267211914
2023-03-15,178.2100067138672,167.1920166015625,293.6357421875,374.2013854980469,94.40937042236328
2023-03-16,178.57000732421875,169.47438049316406,301.3761901855469,380.7667541503906,93.67082214355469
2023-03-17,183.77000427246094,164.90000915527344,299.9518127441406,376.3146667480469,95.07674407958984
2023-03-20,183.83999633789062,167.03793334960938,301.01641845703125,379.9331359863281,94.2403335571289
2023-03-21,180.3699951171875,170.11961364746094,305.315673828125,384.9218444824219,93.43059539794922
2023-03-22,183.44000244140625,165.2948455810547,301.1639404296875,378.3602600097656,94.67630767822266
2023-03-23,185.74000549316406,164.56121826171875,304.73516845703125,379.3830871582031,94.67630767822266
2023-03-24,183.64999389648438,166.0497589111328,305.85675048828125,381.87261962890625,95.07674407958984
2023-03-27,181.9499969482422,167.89593505859375,303.7611999511719,382.5866394042969,92.84329223632812
2023-03-28,183.44000244140625,167.65426635742188,302.1477355957031,381.7279052734375,93.01236724853516
2023-03-29,182.52999877929688,169.55845642089844,307.6570739746094,387.27630615234375,92.82550811767578
2023-03-30,184.17999267578125,169.32644653320312,310.5691833496094,389.5439147949219,93.25261688232422
2023-03-31,183.22000122070312,172.43885803222656,315.734130859375,395.0343933105469,94.64962768554688
2023-04-03,184.5399932861328,172.51620483398438,314.9668273925781,396.5396423339844,95.0947494506836
2023-04-04,187.97999572753906,169.4907684326172,313.90435791015625,394.3396301269531,95.56755828857422
2023-04-05,187.8300018310547,167.82827758789062,310.8053283691406,393.30712890625,96.56668090820312
2023-04-06,186.49000549316406,168.07957458496094,312.9007873535156,394.84136962890625,96.81643676757812
2023-04-10,185.11000061035156,169.8773956298828,312.7237243652344,395.2466125488281,95.25533294677734
2023-04-11,186.27999877929688,171.22096252441406,310.7167053222656,395.352783203125,95.45158386230469
2023-04-12,187.19000244140625,169.9644012451172,307.9719543457031,393.7413330078125,95.35345458984375
2023-04-13,189.72000122070312,172.21656799316406,314.00262451171875,398.9712219238281,94.60414123535156
2023-04-14,186.36000061035156,170.6120147705078,313.41241455078125,397.9967041015625,93.73883819580078
2023-04-17,185.52999877929688,172.80616760253906,313.6780090332031,399.4247741699219,92.62371063232422
2023-04-18,186.25,172.0716094970703,313.69769287109375,399.6852722167969,92.95378112792969
2023-04-19,185.36000061035156,172.2938995361328,313.5501403808594,399.61773681640625,92.86458587646484
2023-04-20,186.08999633789062,171.40463256835938,311.159423828125,397.4370422363281,93.65852355957031
2023-04-21,184.25,171.626953125,311.484130859375,397.7457580566406,93.1322021484375
2023-04-24,184.80999755859375,171.51095581054688,310.83477783203125,398.1607666015625,94.03319549560547
2023-04-25,185.75,167.27728271484375,304.9713134765625,391.8404235839844,95.41590118408203
2023-04-26,184.74000549316406,165.66310119628906,306.8208312988281,390.18072509765625,94.3989486694336
2023-04-27,184.75,167.8765869140625,315.16357421875,397.9484558105469,93.4622573852539
2023-04-28,184.8000030517578,169.34580993652344,317.3377990722656,401.3450012207031,94.9698715209961
2023-05-01,183.97000122070312,169.44244384765625,316.9737854003906,400.9397277832031,92.23145294189453
2023-05-02,187.52000427246094,165.9627685546875,314.20928955078125,396.4335021972656,94.52985382080078
2023-05-03,189.11000061035156,166.5717315673828,312.15313720703125,393.7124328613281,95.05750274658203
2023-05-04,190.44000244140625,164.7061767578125,311.0512390136719,390.9237060546875,94.11849975585938
2023-05-05,187.4600067138672,168.62086486816406,317.6624450683594,398.1607666015625,93.80545806884766
2023-05-08,187.69000244140625,168.23422241210938,318.4494934082031,398.2668762207031,92.4908218383789
2023-05-09,189.02000427246094,167.7316131591797,316.4327087402344,396.52032470703125,92.1598892211914
2023-05-10,188.75,168.58218383789062,319.8760070800781,398.3730163574219,93.05424499511719
2023-05-11,187.1300048828125,167.28697204589844,320.91888427734375,397.67828369140625,94.03800964355469
2023-05-12,186.80999755859375,166.94869995117188,319.7677307128906,397.15716552734375,93.25099182128906
2023-05-15,187.2100067138672,168.9881591796875,321.4992980957031,398.5274353027344,92.28512573242188
2023-05-16,184.8699951171875,166.5233917236328,321.8633117675781,395.8641357421875,92.00785827636719
2023-05-17,184.22999572753906,170.23504638671875,325.75927734375,400.6695861816406,91.73959350585938
2023-05-18,181.83999633789062,171.269287109375,331.8096618652344,404.52935791015625,91.05990600585938
2023-05-19,183.63999938964844,170.22540283203125,331.0618591308594,403.9407043457031,90.4159927368164
2023-05-22,183.2100067138672,172.3035430908203,332.1736755371094,404.10467529296875,90.09404754638672
2023-05-23,183.42999267578125,171.49160766601562,327.9629211425781,399.56951904296875,90.35337829589844
2023-05-24,181.9499969482422,169.6744384765625,326.2806091308594,396.6747131347656,89.90621185302734
2023-05-25,180.1999969482422,168.3502197265625,334.219970703125,400.1098937988281,89.6826400756836
2023-05-26,180.9199981689453,170.26406860351562,342.7594299316406,405.2915954589844,90.40705871582031
2023-05-30,182.0399932861328,169.6357879638672,344.3138427734375,405.4459228515625,91.31031036376953
2023-05-31,182.32000732421875,167.96359252929688,342.3560485839844,403.19769287109375,92.10624694824219
2023-06-01,183.75999450683594,169.78076171875,346.31097412109375,407.0284423828125,92.46763610839844
2023-06-02,181.0500030517578,175.9379119873047,348.9082336425781,412.9145812988281,91.45436096191406
2023-06-05,182.13999938964844,173.5794219970703,349.1541748046875,412.123291015625,91.28398895263672
2023-06-06,182.33999633789062,178.1513671875,349.0951843261719,413.020751953125,91.82199096679688
2023-06-07,180.14999389648438,181.48471069335938,343.1726379394531,411.5926513671875,90.45901489257812
2023-06-08,182.52999877929688,180.8061981201172,347.43255615234375,414.0821838378906,91.5171127319336
2023-06-09,182.0399932861328,179.34263610839844,348.7607116699219,414.8251647949219,91.3915786743164
2023-06-12,181.8800048828125,180.08897399902344,354.6536865234375,418.5882873535156,91.66056823730469
2023-06-13,180.5399932861328,182.15347290039062,357.3787536621094,421.34814453125,90.75493621826172
2023-06-14,180.63999938964844,180.19558715820312,359.9761047363281,421.8498229980469,91.48124694824219
2023-06-15,181.91000366210938,181.6785430908203,364.2655029296875,427.07977294921875,92.36003112792969
2023-06-16,181.6300048828125,180.2246551513672,361.97320556640625,425.62506103515625,92.0013427734375
2023-06-20,179.75,179.4395751953125,361.4550476074219,423.4168395996094,92.63800811767578
2023-06-21,179.49000549316406,179.02279663085938,356.529296875,421.2474060058594,92.86216735839844
2023-06-22,177.7100067138672,177.6949005126953,360.73590087890625,422.7679443359375,91.74129486083984
2023-06-23,178.1999969482422,175.01974487304688,357.1597595214844,419.5718078613281,92.65592956542969
2023-06-26,178.50999450683594,175.19418334960938,352.3718566894531,417.8575744628906,92.75456237792969
2023-06-27,177.69000244140625,177.72396850585938,358.4305725097656,422.4386901855469,92.51246643066406
2023-06-28,177.27999877929688,178.5962677001953,359.130126953125,422.65179443359375,92.90701293945312
2023-06-29,177.08999633789062,180.651123046875,358.410888671875,424.3175964355469,91.23018646240234
2023-06-30,178.27000427246094,181.5137481689453,363.9377136230469,429.3247985839844,92.30621337890625
2023-07-03,178.47000122070312,181.882080078125,364.7947998046875,429.8187561035156,91.78292846679688
2023-07-05,177.83999633789062,180.069580078125,364.7848815917969,429.17950439453125,90.91077423095703
2023-07-06,177.30999755859375,177.16180419921875,362.0067138671875,425.8187561035156,89.62503814697266
2023-07-07,178.63999938964844,179.032470703125,360.8048400878906,424.7437744140625,89.08556365966797
2023-07-10,178.77999877929688,182.0953369140625,360.9230651855469,425.8187561035156,89.20240783691406
2023-07-11,179.4499969482422,183.9660186767578,362.7061767578125,428.5306396484375,89.66099548339844
2023-07-12,181.8800048828125,185.97238159179688,367.2871398925781,431.9786071777344,90.65901184082031
2023-07-13,182.00999450683594,187.4747314453125,373.5232238769531,435.4071044921875,91.6120834350586
2023-07-14,181.42999267578125,185.642822265625,373.4444580078125,435.1358947753906,91.07261657714844
2023-07-17,181.55999755859375,187.62982177734375,376.93194580078125,436.6468811035156,91.11758422851562
2023-07-18,183.63999938964844,189.94635009765625,380.0155029296875,439.8913879394531,91.53118133544922
2023-07-19,183.6699981689453,190.75083923339844,379.9267578125,440.86962890625,92.56517028808594
2023-07-20,182.74000549316406,189.08372497558594,371.1687316894531,437.9446716308594,91.44125366210938
2023-07-21,182.17999267578125,188.48275756835938,370.05548095703125,437.9446716308594,91.46825408935547
2023-07-24,181.39999389648438,188.94802856445312,370.6466369628906,439.90106201171875,91.13555908203125
2023-07-25,182.41000366210938,188.9286346435547,373.1587829589844,441.1020202636719,90.9647216796875
2023-07-26,183.3000030517578,190.42127990722656,371.9174499511719,441.16986083984375,91.05463409423828
2023-07-27,180.4199981689453,187.95936584472656,371.0307922363281,438.2448425292969,89.28335571289062
2023-07-28,181.86000061035156,190.3922119140625,377.7890319824219,442.5354309082031,89.74191284179688
2023-07-31,182.35000610351562,192.60211181640625,377.98602294921875,443.37799072265625,89.95768737792969
2023-08-01,180.4600067138672,191.72010803222656,377.1092224121094,442.1092529296875,88.48358154296875
2023-08-02,179.60000610351562,189.11277770996094,368.83392333984375,435.959228515625,87.53687286376953
2023-08-03,179.5399932861328,188.57969665527344,368.2427673339844,434.7097473144531,85.51728057861328
2023-08-04,180.19000244140625,188.20166015625,366.518798828125,432.74371337890625,87.03197479248047
2023-08-07,179.77999877929688,188.32769775390625,369.62200927734375,436.52093505859375,86.17546844482422
2023-08-08,178.63999938964844,187.14517211914062,366.4793701171875,434.6226501464844,87.17623901367188
2023-08-09,177.7899932861328,185.6815948486328,362.4500732421875,431.71710205078125,87.6270523071289
2023-08-10,177.60000610351562,184.8577117919922,363.1199951171875,431.8721008300781,86.18447875976562
2023-08-11,177.60000610351562,185.1194305419922,360.8048400878906,431.6202087402344,85.98613739013672
2023-08-14,177.05999755859375,184.79957580566406,364.8539123535156,434.00274658203125,85.79680633544922
2023-08-15,176.58999633789062,182.35702514648438,360.9822082519531,428.94708251953125,85.27384948730469
2023-08-16,175.57000732421875,180.12774658203125,357.1597595214844,425.7994079589844,84.6066665649414
2023-08-17,175.3000030517578,178.0050506591797,353.2585144042969,422.55487060546875,84.24602508544922
2023-08-18,175.3300018310547,178.97430419921875,352.8152160644531,422.75830078125,84.54357147216797
2023-08-21,175.80999755859375,178.71263122558594,358.49957275390625,425.50885009765625,83.41654205322266
2023-08-22,176.10000610351562,178.17950439453125,357.9873046875,424.3563232421875,84.05670928955078
2023-08-23,177.88999938964844,180.0792694091797,363.63226318359375,429.0826416015625,86.13939666748047
2023-08-24,177.85000610351562,177.58827209472656,355.85931396484375,423.135986328125,85.5713882446289
2023-08-25,177.6199951171875,178.3443145751953,358.6177978515625,426.1190185546875,85.85089874267578
2023-08-28,178.1300048828125,179.9338836669922,361.3171691894531,428.8211975097656,85.94102478027344
2023-08-29,179.8699951171875,182.44427490234375,369.208251953125,435.0197448730469,86.83363342285156
2023-08-30,180.32000732421875,183.1324462890625,371.2672424316406,436.8114318847656,86.74349212646484
2023-08-31,180.02000427246094,182.8125762939453,372.38043212890625,436.1722717285156,87.13114166259766
2023-09-01,180.11000061035156,184.9837188720703,371.98638916015625,436.9858093261719,85.77378845214844
2023-09-05,178.63999938964844,181.08729553222656,372.4593200683594,435.0971984863281,84.57103729248047
2023-09-06,177.8300018310547,180.40879821777344,369.1787109375,432.17230224609375,84.77903747558594
2023-09-07,178.02000427246094,178.66415405273438,366.5384826660156,430.8453674316406,85.01417541503906
2023-09-08,178.0800018310547,178.2667694091797,367.05072021484375,431.4942626953125,85.33970642089844
2023-09-11,178.41000366210938,178.69322204589844,371.3756103515625,434.3320617675781,84.72480773925781
2023-09-12,177.49000549316406,178.51876831054688,367.2576904296875,431.9494934082031,85.21312713623047
2023-09-13,177.0800018310547,177.34596252441406,368.6565246582031,432.4531555175781,85.1950454711914
2023-09-14,177.1699981689453,179.84664916992188,371.67120361328125,436.1819152832031,84.58011627197266
2023-09-15,178.33999633789062,177.96624755859375,365.3070068359375,430.9266357421875,84.06465148925781
2023-09-18,179.38999938964844,176.78378295898438,365.6878356933594,431.17938232421875,84.54393768310547
2023-09-19,179.22000122070312,176.0955810546875,364.9084777832031,430.28521728515625,83.91996002197266
2023-09-20,179.35000610351562,174.33154296875,359.64996337890625,426.3294372558594,84.18222045898438
2023-09-21,178.0500030517578,171.6273193359375,353.0595397949219,419.28289794921875,82.0208969116211
2023-09-22,178.6199951171875,171.23960876464844,353.1088562011719,418.3401184082031,82.68106842041016
2023-09-25,177.6999969482422,172.0052947998047,354.7860412597656,420.09930419921875,80.6463623046875
2023-09-26,176.27999877929688,169.79379272460938,349.4584655761719,413.9275817871094,80.36602020263672
2023-09-27,174.10000610351562,171.381103515625,350.2773132324219,414.09283447265625,79.95003509521484
2023-09-28,173.22999572753906,172.92945861816406,353.20758056640625,416.4934387207031,80.19420623779297
2023-09-29,171.4499969482422,172.11146545410156,353.4640808105469,415.4826354980469,80.20323181152344
2023-10-02,169.64999389648438,169.51138305664062,356.4139709472656,415.31744384765625,78.86063385009766
2023-10-03,169.16000366210938,166.65811157226562,350.1590576171875,409.7579040527344,77.16423034667969
2023-10-04,169.13999938964844,166.73602294921875,354.9241638183594,412.7417907714844,78.25282287597656
2023-10-05,168.8300018310547,166.86260986328125,353.8783874511719,412.5862731933594,77.86275482177734
2023-10-06,169.6999969482422,168.4694061279297,359.8078308105469,417.48480224609375,76.91928100585938
2023-10-09,172.82000732421875,169.4431915283203,361.6428527832031,420.1576232910156,78.72456359863281
2023-10-10,172.52999877929688,171.3616180419922,363.6456604003906,422.3445129394531,78.61569213867188
2023-10-11,173.7899932861328,171.0694580078125,366.2403564453125,424.0745544433594,80.25767517089844
2023-10-12,173.25999450683594,167.20346069335938,364.9676513671875,421.48919677734375,78.08045959472656
2023-10-13,178.8300018310547,165.81089782714844,360.3800354003906,419.3898010253906,79.4775161743164
2023-10-16,177.9600067138672,168.4888458251953,364.4546203613281,423.80242919921875,78.19839477539062
2023-10-17,178.2899932861328,170.3683319091797,363.2608337402344,423.782958984375,77.33658599853516
2023-10-18,180.8699951171875,166.86260986328125,358.49560546875,418.1360168457031,76.65621185302734
2023-10-19,183.08999633789062,164.2041015625,355.1412353515625,414.4621276855469,75.0867919921875
2023-10-20,183.58999633789062,162.0811767578125,349.8432922363281,409.369140625,75.51315307617188
2023-10-23,182.97000122070312,160.70809936523438,350.8989562988281,408.65960693359375,76.42031860351562
2023-10-24,182.9499969482422,162.11041259765625,354.3125305175781,411.74066162109375,77.42729949951172
2023-10-25,183.72000122070312,159.43243408203125,345.6404113769531,405.831298828125,75.70365142822266
2023-10-26,184.00999450683594,159.84140014648438,339.0500793457031,400.9716491699219,76.86486053466797
2023-10-27,186.14999389648438,157.9619903564453,340.6778564453125,399.1541442871094,76.53828430175781
2023-10-30,185.10000610351562,158.83837890625,344.5157165527344,403.92633056640625,76.19356536865234
2023-10-31,184.08999633789062,160.2114715576172,346.1632995605469,406.463134765625,75.82160186767578
2023-11-01,183.50999450683594,161.12686157226562,352.1716613769531,410.79791259765625,77.46556854248047
2023-11-02,184.1199951171875,165.4213409423828,358.5646667480469,418.6706237792969,79.2315444946289
2023-11-03,184.7899932861328,169.92039489746094,362.7774658203125,422.4902648925781,79.76859283447266
2023-11-06,183.35000610351562,167.79747009277344,364.25732421875,423.4622497558594,78.99486541748047
2023-11-07,182.58999633789062,167.20346069335938,367.70050048828125,424.6673889160156,80.1600341796875
2023-11-08,180.77000427246094,165.4213409423828,367.93719482421875,424.97845458984375,81.52545928955078
2023-11-09,181.49000549316406,162.86024475097656,365.1057434082031,421.66412353515625,79.65028381347656
2023-11-10,179.50999450683594,164.6812744140625,373.31414794921875,428.244140625,80.0963363647461
2023-11-13,180.50999450683594,164.73968505859375,372.14996337890625,427.8359069824219,79.91426849365234
2023-11-14,182.1199951171875,173.78640747070312,380.16107177734375,436.1362609863281,81.72572326660156
2023-11-15,181.63999938964844,174.08828735351562,380.4471740722656,437.0595703125,80.57876586914062
2023-11-16,183.69000244140625,171.27398681640625,380.7727355957031,437.59417724609375,81.58008575439453
2023-11-17,183.6699981689453,173.620849609375,380.86151123046875,438.1384582519531,81.9623794555664
2023-11-20,183.3699951171875,174.6336212158203,385.49847412109375,441.51104736328125,82.46307373046875
2023-11-21,185.35000610351562,172.38414001464844,383.2590026855469,440.548828125,82.42665100097656
2023-11-22,184.55999755859375,173.46502685546875,384.82757568359375,442.2496337890625,82.71796417236328
2023-11-24,185.52000427246094,174.6336212158203,384.2850036621094,442.5218811035156,81.74392700195312
2023-11-27,186.77000427246094,174.04933166503906,383.9495849609375,441.7248840332031,83.109375
2023-11-28,189.25999450683594,173.3773956298828,384.95587158203125,442.1622314453125,83.27320861816406
2023-11-29,189.5399932861328,174.29278564453125,384.58099365234375,441.8512268066406,84.32006072998047
2023-11-30,188.75,174.9549560546875,383.6140441894531,443.59100341796875,83.34603881835938
2023-12-01,192.00999450683594,180.06748962402344,384.7092590332031,446.2152099609375,84.9157943725586
2023-12-04,187.86000061035156,181.99562072753906,381.1377868652344,443.87286376953125,84.57791900634766
2023-12-05,187.14999389648438,179.5611114501953,382.0947570800781,443.785400390625,86.39512634277344
2023-12-06,187.83999633789062,179.23974609375,379.8848571777344,441.99700927734375,87.54572296142578
2023-12-07,188.14999389648438,180.53494262695312,385.1925964355469,445.36962890625,87.04346466064453
2023-12-08,185.63999938964844,181.907958984375,386.9093322753906,447.2843017578125,86.33121490478516
2023-12-11,183.58999633789062,182.28778076171875,390.21435546875,449.0240478515625,86.14855194091797
2023-12-12,183.49000549316406,182.10275268554688,393.32208251953125,451.07489013671875,86.40425872802734
2023-12-13,187.6300048828125,188.26698303222656,398.3241271972656,457.29522705078125,88.4314956665039
2023-12-14,188.72999572753906,193.50608825683594,397.9787902832031,458.7629089355469,90.73186492919922
2023-12-15,187.0,191.87982177734375,399.9026184082031,458.0075378417969,90.83262634277344
2023-12-18,187.85000610351562,191.947998046875,402.4214172363281,460.5838623046875,90.10889434814453
2023-12-19,189.1300048828125,195.66795349121094,404.4776916503906,463.38458251953125,90.59442138671875
2023-12-20,188.10000610351562,191.84051513671875,398.46728515625,456.9633483886719,91.2082290649414
2023-12-21,189.42999267578125,195.10496520996094,403.10357666015625,461.2962646484375,90.63108825683594
2023-12-22,190.27000427246094,196.9228973388672,403.7066345214844,462.22332763671875,90.21884155273438
2023-12-26,191.72000122070312,199.48362731933594,406.17803955078125,464.17510986328125,90.47532653808594
2023-12-27,192.58999633789062,200.1873779296875,407.0048522949219,465.01434326171875,92.07852172851562
2023-12-28,191.47000122070312,199.4250030517578,406.8070983886719,465.1899719238281,91.40977478027344
2023-12-29,191.1699981689453,196.17034912109375,405.0464782714844,463.84332275390625,90.58527374267578
2024-01-02,190.72000122070312,195.0072479248047,398.192138671875,461.2474670410156,90.0630874633789
2024-01-03,189.1300048828125,189.80755615234375,393.9787292480469,457.4805603027344,90.43871307373047
2024-01-04,189.32000732421875,189.4361572265625,391.9511413574219,456.0069885253906,89.06452178955078
2024-01-05,189.35000610351562,188.87905883789062,392.4159851074219,456.6315612792969,88.21253204345703
2024-01-08,187.8699951171875,192.28033447265625,400.5264587402344,463.150390625,89.08285522460938
2024-01-09,187.92999267578125,190.56015014648438,401.3176574707031,462.44775390625,88.5148696899414
2024-01-10,187.5,190.6676788330078,404.03765869140625,465.0631103515625,88.10260772705078
2024-01-11,187.8699951171875,189.17225646972656,404.87835693359375,464.8581848144531,88.59730529785156
2024-01-12,189.7100067138672,188.8594970703125,405.0860595703125,465.1802062988281,88.42325592041016
2024-01-16,187.91000366210938,186.52354431152344,405.0464782714844,463.472412109375,86.8658676147461
2024-01-17,185.83999633789062,185.1943359375,402.76171875,460.8961486816406,86.72843933105469
2024-01-18,187.3699951171875,186.2889862060547,408.4786071777344,464.9947814941406,85.92225646972656
2024-01-19,187.92999267578125,188.07760620117188,416.5791931152344,470.7914733886719,86.19708251953125
2024-01-22,187.22000122070312,192.09463500976562,417.1231384277344,471.78692626953125,86.71012878417969
2024-01-23,187.9499969482422,191.53750610351562,418.8540344238281,473.16290283203125,86.02302551269531
2024-01-24,186.39999389648438,189.9639434814453,421.17828369140625,473.6801452636719,85.51917266845703
2024-01-25,187.13999938964844,191.53750610351562,421.6926574707031,476.2564392089844,86.07799530029297
2024-01-26,187.00999450683594,191.5473175048828,419.1803283691406,475.6513671875,85.91310119628906
2024-01-29,188.3300018310547,194.89971923828125,423.4729919433594,479.4182434082031,86.90251159667969
2024-01-30,188.58999633789062,193.2382049560547,420.6540832519531,479.0474548339844,87.69036102294922
2024-01-31,188.4499969482422,188.51742553710938,412.4151306152344,471.230712890625,88.551513671875
2024-02-01,190.41000366210938,191.01950073242188,417.271484375,477.398193359375,90.28852081298828
2024-02-02,188.61000061035156,190.0128173828125,424.3236083984375,482.4239807128906,88.2941665649414
2024-02-05,187.57000732421875,187.5986785888672,423.769775390625,480.6673889160156,86.51119995117188
2024-02-06,188.5500030517578,189.28955078125,422.91912841796875,482.0628967285156,87.35673522949219
2024-02-07,188.5,188.84974670410156,427.27105712890625,486.08349609375,86.93396759033203
2024-02-08,188.3300018310547,191.71343994140625,428.06231689453125,486.29815673828125,86.42848205566406
2024-02-09,187.60000610351562,194.831298828125,432.2757873535156,489.1087341308594,86.25386810302734
2024-02-12,187.11000061035156,198.3694305419922,430.58441162109375,488.89404296875,86.35494232177734
2024-02-13,184.52999877929688,190.2082977294922,423.86859130859375,482.1604309082031,84.875244140625
2024-02-14,184.4199981689453,194.6260528564453,428.4876403808594,486.5421447753906,85.30723571777344
2024-02-15,185.66000366210938,199.81594848632812,429.7635498046875,489.899169921875,85.74838256835938
2024-02-16,186.33999633789062,197.09884643554688,425.8665466308594,487.4595031738281,85.25208282470703
2024-02-20,187.47000122070312,194.3817138671875,422.6520690917969,484.77581787109375,85.32560729980469
2024-02-21,187.47999572753906,193.46298217773438,420.9607238769531,485.2149658203125,84.71902465820312
2024-02-22,187.55999755859375,194.9290313720703,433.2846374511719,495.2567138671875,85.13261413574219
2024-02-23,188.6199951171875,195.36886596679688,432.0087585449219,495.5982360839844,86.27224731445312
2024-02-26,188.1999969482422,196.60037231445312,431.7812194824219,493.7831115722656,86.01490020751953
2024-02-27,188.0,199.3859100341797,432.8197937011719,494.7004699707031,85.4083251953125
2024-02-28,188.33999633789062,197.74392700195312,430.51519775390625,494.0466613769531,85.95057678222656
2024-02-29,189.30999755859375,199.12200927734375,434.2044677734375,495.8226623535156,86.55713653564453
2024-03-01,192.88999938964844,201.23316955566406,440.74224853515625,500.47760009765625,87.09648895263672
2024-03-04,196.00999450683594,201.04745483398438,439.169677734375,499.94091796875,86.74612426757812
2024-03-05,197.19000244140625,199.12200927734375,431.2867126464844,494.94439697265625,87.98155975341797
2024-03-06,198.80999755859375,200.607666015625,433.99676513671875,497.45245361328125,88.4978256225586
2024-03-07,199.94000244140625,202.2789764404297,440.5840148925781,502.39031982421875,88.41486358642578
2024-03-08,201.6300048828125,202.1519012451172,434.2242126464844,499.3748779296875,88.2581558227539
2024-03-11,202.0,200.5489959716797,432.6120910644531,498.9455261230469,88.21205139160156
2024-03-12,199.7899932861328,200.2753143310547,438.8135070800781,504.3128662109375,87.47447204589844
2024-03-13,201.19000244140625,201.05723571777344,435.4407958984375,503.5223693847656,87.0503921508789
2024-03-14,200.35000610351562,197.46047973632812,434.34295654296875,502.5269470214844,85.71356201171875
2024-03-15,199.7100067138672,197.8318634033203,429.1799621582031,499.0762939453125,85.68592834472656
2024-03-18,200.02999877929688,196.69810485839844,433.2732238769531,502.0424499511719,85.42778015136719
2024-03-19,199.8000030517578,197.52886962890625,434.352783203125,504.83233642578125,85.66748046875
2024-03-20,202.17999267578125,201.4384002685547,439.50274658203125,509.5016784667969,85.6397933959961
2024-03-21,201.97000122070312,203.7528533935547,441.5825500488281,511.1854553222656,85.82418060302734
2024-03-22,200.35000610351562,200.94065856933594,442.087646484375,510.21630859375,86.64474487304688
2024-03-25,200.99000549316406,201.4011688232422,440.4832458496094,508.80670166015625,86.21142578125
2024-03-26,201.63999938964844,201.03863525390625,439.05706787109375,507.86688232421875,86.45114135742188
2024-03-27,203.10000610351562,205.4186248779297,440.55255126953125,512.1349487304688,87.30854797363281
2024-03-28,205.72000122070312,206.06532287597656,439.7404479980469,512.0371704101562,87.23478698730469
2024-04-01,207.82000732421875,204.12521362304688,440.6714172363281,511.1462707519531,85.6086196899414
2024-04-02,210.88999938964844,200.37232971191406,436.8683166503906,507.8963623046875,85.13689422607422
2024-04-03,212.74000549316406,201.6853485107422,437.8487854003906,508.4541931152344,85.11837768554688
2024-04-04,211.52000427246094,199.6668243408203,431.1537780761719,502.2480163574219,85.7288818359375
2024-04-05,215.13999938964844,200.33314514160156,436.2344665527344,507.49493408203125,84.53563690185547
2024-04-08,216.47999572753906,201.4305877685547,436.36322021484375,507.77880859375,84.52637481689453
2024-04-09,217.6699981689453,202.22427368164062,437.97760009765625,508.3662109375,85.3126220703125
2024-04-10,215.61000061035156,196.8839874267578,434.1546936035156,503.27581787109375,83.45338439941406
2024-04-11,219.8000030517578,198.21661376953125,441.0873718261719,507.0740661621094,83.07413482666016
2024-04-12,216.88999938964844,194.68911743164062,434.0556335449219,500.0747985839844,83.51813507080078
2024-04-15,220.9499969482422,191.83770751953125,426.9149475097656,493.80987548828125,82.22313690185547
2024-04-16,221.22000122070312,191.13221740722656,426.9546203613281,492.9092102050781,81.67740631103516
2024-04-17,219.58999633789062,189.11367797851562,421.74517822265625,489.9920654296875,82.58386993408203
2024-04-18,220.33999633789062,188.9569091796875,419.3385314941406,488.98382568359375,82.16763305664062
2024-04-19,221.02999877929688,189.2508544921875,410.6628112792969,484.7157287597656,82.4636459350586
2024-04-22,215.57000732421875,191.3673858642578,414.79266357421875,489.1795654296875,82.32489013671875
2024-04-23,215.0399932861328,194.571533203125,420.9825439453125,494.9845275878906,82.3526382446289
2024-04-24,214.63999938964844,193.6994171142578,422.40875244140625,494.74957275390625,81.76986694335938
2024-04-25,215.9199981689453,192.52362060546875,420.3685302734375,492.87005615234375,81.19638061523438
2024-04-26,216.6199951171875,194.36573791503906,426.85552978515625,497.5395202636719,81.62188720703125
2024-04-29,216.17999267578125,195.9335479736328,428.5887451171875,499.301513671875,82.30638885498047
2024-04-30,211.8699951171875,191.95529174804688,420.5072021484375,491.39190673828125,81.6033935546875
2024-05-01,213.7899932861328,192.35704040527344,417.4667053222656,489.79632568359375,82.20487213134766
2024-05-02,213.1300048828125,195.89434814453125,422.7949523925781,494.3775634765625,82.5576171875
2024-05-03,212.9600067138672,197.83445739746094,431.2924499511719,500.5055847167969,83.39301300048828
2024-05-06,215.1999969482422,200.3919219970703,436.0165710449219,505.6741943359375,83.7179183959961
2024-05-07,214.2100067138672,200.84266662597656,436.0859375,506.2322082519531,84.22843933105469
2024-05-08,213.5800018310547,199.6766357421875,435.82843017578125,506.28106689453125,83.7179183959961
2024-05-09,216.9499969482422,201.71473693847656,436.7791442871094,509.19818115234375,84.1263427734375
2024-05-10,218.7100067138672,200.19593811035156,437.8091735839844,509.8541564941406,83.6529541015625
2024-05-13,216.25999450683594,200.61729431152344,438.8193664550781,509.922607421875,83.86642456054688
2024-05-14,218.08999633789062,202.69461059570312,441.6419677734375,512.26220703125,84.33982849121094
2024-05-15,220.88999938964844,205.22265625,448.54498291015625,518.6055297851562,85.49083709716797
2024-05-16,220.02999877929688,203.74305725097656,447.6338195800781,517.53857421875,85.40731048583984
2024-05-17,223.66000366210938,203.89004516601562,447.41595458984375,518.282470703125,84.8318099975586
2024-05-20,224.55999755859375,204.3407745361328,450.5356140136719,518.879638671875,84.58116912841797
2024-05-21,224.22999572753906,204.14480590820312,451.4170837402344,520.15234375,85.0174560546875
2024-05-22,220.11000061035156,202.4202423095703,451.3279113769531,518.6544799804688,85.11956024169922
2024-05-23,215.72000122070312,199.09848022460938,449.29766845703125,514.8661499023438,84.57189178466797
2024-05-24,215.9199981689453,201.30319213867188,453.5464172363281,518.2727661132812,84.822509765625
2024-05-28,218.19000244140625,201.02883911132812,455.2597351074219,518.6348876953125,83.6065444946289
2024-05-29,216.16000366210938,198.05984497070312,452.0509338378906,515.003173828125,82.5947494506836
2024-05-30,216.57000732421875,199.94119262695312,447.2079772949219,511.5868225097656,83.39301300048828
2024-05-31,215.3000030517578,201.6265411376953,446.3760070800781,516.2462768554688,83.95925903320312
2024-06-03,217.22000122070312,200.48992919921875,448.7727355957031,516.6673583984375,85.31725311279297
2024-06-04,215.27000427246094,197.90306091308594,450.0008239746094,517.244873046875,86.31385803222656
2024-06-05,217.82000732421875,200.93081665039062,459.0727233886719,523.392333984375,86.94721984863281
2024-06-06,219.42999267578125,199.49044799804688,458.9142761230469,523.3826293945312,86.81684112548828
2024-06-07,211.60000610351562,197.14857482910156,458.5082092285156,522.7463989257812,85.22411346435547
2024-06-10,213.5399932861328,197.82467651367188,460.3601989746094,524.3614501953125,84.65594482421875
2024-06-11,214.14999389648438,197.14865112304688,463.5195617675781,525.624267578125,85.53147888183594
2024-06-12,214.72000122070312,200.17506408691406,469.5906066894531,529.9413452148438,86.17413330078125
2024-06-13,212.97000122070312,198.42604064941406,472.13592529296875,531.00830078125,87.4408950805664
2024-06-14,215.72999572753906,195.27188110351562,474.5821533203125,531.3314208984375,88.17667388916016
2024-06-17,214.61000061035156,196.912841796875,480.39569091796875,535.5601196289062,87.3011703491211
2024-06-18,215.47000122070312,197.25672912597656,480.54425048828125,536.9208984375,88.10218811035156
2024-06-20,218.16000366210938,196.42152404785156,476.8402404785156,535.4623413085938,87.515380859375
2024-06-21,214.77999877929688,196.86370849609375,475.5626525878906,534.7444458007812,87.515380859375
2024-06-24,215.6300048828125,197.71856689453125,470.1485290527344,533.006103515625,87.86932373046875
2024-06-25,214.55999755859375,197.07003784179688,475.5249328613281,535.0587158203125,88.01834869384766
2024-06-26,212.5800018310547,196.54925537109375,476.50701904296875,535.7266235351562,86.76094818115234
2024-06-27,214.99000549316406,198.54396057128906,477.73699951171875,536.5711059570312,87.10556030273438
2024-06-28,215.00999450683594,199.35951232910156,475.2571105957031,534.4595947265625,85.48490142822266
2024-07-01,215.57000732421875,197.6890869140625,478.0445251464844,535.5595703125,84.00953674316406
2024-07-02,215.55999755859375,198.36708068847656,483.0638427734375,539.1636962890625,84.66358947753906
2024-07-03,217.99000549316406,198.31793212890625,487.0911865234375,541.5698852539062,85.7755126953125
2024-07-05,220.92999267578125,197.37464904785156,492.1700439453125,544.6927490234375,86.4856185913086
2024-07-08,218.19000244140625,198.76011657714844,493.34051513671875,545.3212890625,86.67251586914062
2024-07-09,218.55999755859375,197.8954315185547,493.7670593261719,545.8516845703125,86.2894058227539
2024-07-10,219.36000061035156,199.83116149902344,498.9153137207031,551.2529907226562,86.56036376953125
2024-07-11,223.25,207.01394653320312,487.9739990234375,546.4996948242188,87.40130615234375
2024-07-12,223.11000061035156,209.43113708496094,490.8407897949219,549.94677734375,87.77507019042969
2024-07-15,223.8300018310547,213.41067504882812,492.1600646972656,551.4592895507812,86.76595306396484
2024-07-16,228.2899932861328,220.69174194335938,492.3485412597656,554.7294311523438,87.98995971679688
2024-07-17,227.22999572753906,218.38259887695312,477.895751953125,546.9514770507812,88.00865936279297
2024-07-18,225.77999877929688,214.15744018554688,475.6340637207031,542.7482299804688,87.33589172363281
2024-07-19,221.72999572753906,213.06674194335938,471.418212890625,539.14404296875,86.8219985961914
2024-07-22,221.8000030517578,216.45672607421875,478.44134521484375,544.70263671875,86.5697250366211
2024-07-23,222.5800018310547,218.7559814453125,476.75494384765625,543.8482055664062,86.4482192993164
2024-07-24,221.8000030517578,214.05917358398438,459.65362548828125,531.523193359375,85.51388549804688
2024-07-25,218.3300018310547,216.7318572998047,454.5846862792969,528.7537841796875,86.21465301513672
2024-07-26,220.6300048828125,220.31834411621094,459.2469177246094,534.6757202148438,86.88739776611328
2024-07-29,220.32000732421875,217.8716583251953,460.1694030761719,534.989990234375,87.35460662841797
2024-07-30,222.52000427246094,218.69705200195312,453.85064697265625,532.2794799804688,87.69097137451172
2024-07-31,226.5500030517578,219.964599609375,467.28179931640625,540.9314575195312,88.58796691894531
2024-08-01,225.77000427246094,212.81129455566406,455.9635009765625,533.2713623046875,89.35201263427734
2024-08-02,225.33999633789062,205.28457641601562,445.14129638671875,523.3426513671875,92.13636016845703
2024-08-05,222.47999572753906,198.68150329589844,431.8688659667969,508.10101318359375,92.62384796142578
2024-08-06,220.6999969482422,200.84323120117188,435.99542236328125,512.785400390625,90.55200958251953
2024-08-07,220.5500030517578,198.46534729003906,431.2736511230469,509.3580627441406,89.91451263427734
2024-08-08,224.00999450683594,203.28988647460938,444.4667663574219,521.133056640625,89.36138916015625
2024-08-09,224.55999755859375,202.8673858642578,446.78790283203125,523.4310302734375,90.24261474609375
2024-08-12,228.41000366210938,201.0397491455078,447.7500915527344,523.7061157226562,90.57073974609375
2024-08-13,228.05999755859375,204.35108947753906,458.86004638671875,532.3187866210938,91.1988754272461
2024-08-14,226.1999969482422,203.08355712890625,459.00885009765625,533.998046875,91.77073669433594
2024-08-15,226.91000366210938,208.3502655029297,470.6048583984375,543.1509399414062,91.03012084960938
2024-08-16,231.99000549316406,208.90054321289062,471.2099304199219,544.36865234375,91.34888458251953
2024-08-19,231.61000061035156,211.45529174804688,477.3997497558594,549.5735473632812,91.77073669433594
2024-08-20,232.4600067138672,208.98898315429688,476.3978576660156,548.6799926757812,92.50199890136719
2024-08-21,232.14999389648438,211.7107696533203,478.6198425292969,550.5655517578125,92.55821228027344
2024-08-22,229.3699951171875,209.8438262939453,471.0314025878906,546.2444458007812,91.63948822021484
2024-08-23,232.02000427246094,216.545166015625,476.13995361328125,552.0484619140625,92.23947143554688
2024-08-26,232.75999450683594,216.61392211914062,471.5174255371094,550.732421875,92.00511169433594
2024-08-27,233.38999938964844,214.93370056152344,472.9259948730469,551.4886474609375,91.84574127197266
2024-08-28,231.75,213.4794464111328,467.55950927734375,548.2871704101562,91.73323822021484
2024-08-29,232.9499969482422,215.0024871826172,466.8751220703125,548.3361206054688,91.43324279785156
2024-08-30,231.2899932861328,216.25038146972656,472.4399719238281,553.5706176757812,90.45825958251953
2024-09-03,230.2899932861328,209.6374969482422,458.0962219238281,542.1787109375,91.9377212524414
2024-09-04,230.42999267578125,209.28375244140625,456.9058532714844,541.0689086914062,93.12281036376953
2024-09-05,232.35000610351562,208.2421875,457.33245849609375,539.7529296875,93.64949035644531
2024-09-06,230.6300048828125,204.28231811523438,445.0817565917969,530.6689453125,93.64010620117188
2024-09-09,231.60000610351562,204.8522186279297,450.8052978515625,536.6103515625,94.04452514648438
2024-09-10,232.6199951171875,204.68519592285156,454.9715576171875,538.9476928710938,94.7029037475586
2024-09-11,232.25,205.28457641601562,464.8514709472656,544.4766845703125,94.6276626586914
2024-09-12,236.3300018310547,207.92776489257812,469.41448974609375,549.0629272460938,94.18560791015625
2024-09-13,238.67999267578125,213.0569305419922,471.5174255371094,551.9305419921875,94.43955993652344
2024-09-16,238.66000366210938,213.82334899902344,469.434326171875,552.7457275390625,95.30487060546875
2024-09-17,237.33999633789062,215.592041015625,469.68231201171875,552.9715576171875,94.843994140625
2024-09-18,235.50999450683594,215.63133239746094,467.6487731933594,551.3316040039062,93.66831970214844
2024-09-19,239.1699981689453,220.0726776123047,479.4729309082031,560.7396850585938,93.3579330444336
2024-09-20,242.2100067138672,217.71446228027344,478.5603332519531,559.7704467773438,93.00051879882812
2024-09-23,242.67999267578125,216.9185333251953,479.8288269042969,561.169189453125,92.80303955078125
2024-09-24,246.07000732421875,217.28208923339844,482.1433410644531,562.7748413085938,92.7842025756836
2024-09-25,245.72999572753906,214.6318817138672,482.59039306640625,561.5336303710938,92.01297760009766
2024-09-26,246.97999572753906,215.7755584716797,486.21612548828125,563.760009765625,92.22927856445312
2024-09-27,245.02000427246094,217.2347869873047,483.51422119140625,562.9422607421875,92.7089614868164
2024-09-30,243.05999755859375,217.78692626953125,484.8254089355469,565.1981201171875,92.26690673828125
2024-10-01,245.61000061035156,214.82907104492188,478.0705871582031,560.1348266601562,92.93306732177734
2024-10-02,245.66000366210938,214.53326416015625,478.74609375,560.371337890625,92.14991760253906
2024-10-03,245.49000549316406,213.09378051757812,478.3884582519531,559.3468627929688,91.28179931640625
2024-10-04,245.0,216.0713653564453,484.0804138183594,564.4298095703125,90.1589584350586
2024-10-07,244.1699981689453,214.3755340576172,478.89508056640625,559.3271484375,89.47958374023438
2024-10-08,242.3699951171875,214.52342224121094,486.0472106933594,564.6170043945312,89.63055419921875
2024-10-09,241.0500030517578,214.99667358398438,489.8716125488281,568.5277709960938,89.12100219726562
2024-10-10,242.82000732421875,213.80368041992188,489.3153381347656,567.5328369140625,88.77188873291016
2024-10-11,245.47000122070312,218.1517333984375,490.0802307128906,570.9312744140625,88.41332244873047
2024-10-14,245.07000732421875,219.75880432128906,494.19268798828125,575.6005859375,88.47937774658203
2024-10-15,245.9199981689453,219.93630981445312,487.5869445800781,571.1282958984375,89.55506896972656
2024-10-16,247.14999389648438,223.5547637939453,487.6465148925781,573.6107788085938,89.93251037597656
2024-10-17,248.6300048828125,222.94345092773438,487.9842529296875,573.659912109375,88.5076904296875
2024-10-18,251.27000427246094,222.48004150390625,491.182861328125,575.8665771484375,88.57374572753906
2024-10-21,251.22000122070312,218.97991943359375,492.1265563964844,574.9208374023438,87.02628326416016
2024-10-22,253.92999267578125,218.1517333984375,492.6629333496094,574.6155395507812,87.11119842529297
2024-10-23,250.8699951171875,216.1601104736328,485.1134948730469,569.3650512695312,86.87528991699219
2024-10-24,252.8000030517578,216.6333465576172,489.04718017578125,570.596435546875,87.43202209472656
2024-10-25,253.32000732421875,215.8150177001953,492.0272216796875,570.3994140625,86.94136810302734
2024-10-28,253.3300018310547,219.3348846435547,492.106689453125,572.1627197265625,86.70545959472656
2024-10-29,256.0899963378906,218.62498474121094,496.8350524902344,573.088623046875,86.83753967285156
2024-10-30,257.5,218.3291778564453,493.0801696777344,571.3549194335938,87.09231567382812
2024-10-31,253.50999450683594,214.7008819580078,480.6334533691406,560.1546020507812,87.23385620117188
2024-11-01,252.47000122070312,215.9037322998047,484.1896667480469,562.5187377929688,86.00402069091797
2024-11-04,252.8300018310547,216.99815368652344,482.7791442871094,561.3070068359375,87.33893585205078
2024-11-05,253.39999389648438,221.07998657226562,488.9378662109375,568.0943603515625,87.80284881591797
2024-11-06,245.6999969482422,233.88751220703125,502.218994140625,582.2203369140625,85.39808654785156
2024-11-07,249.64999389648438,233.059326171875,510.1260986328125,586.7221069335938,86.46794891357422
2024-11-08,247.9600067138672,234.77487182617188,510.72210693359375,589.2636108398438,87.56615447998047
2024-11-11,242.13999938964844,238.3045654296875,510.4241027832031,589.8250732421875,87.14014434814453
2024-11-12,240.0500030517578,234.1241455078125,509.5002746582031,587.9928588867188,85.83360290527344
2024-11-13,237.6300048828125,231.80715942382812,508.84466552734375,588.278564453125,85.0193862915039
2024-11-14,237.00999450683594,228.68167114257812,505.3083190917969,584.4959106445312,85.51171112060547
2024-11-15,236.58999633789062,225.27027893066406,493.2689208984375,577.00927734375,85.28448486328125
2024-11-18,241.08999633789062,225.71397399902344,496.6959533691406,579.3734741210938,85.43595886230469
2024-11-19,243.25,227.3900909423828,500.11309814453125,581.4913330078125,85.8714828491211
2024-11-20,244.6199951171875,227.6858673095703,499.8250427246094,581.6883544921875,85.5969009399414
2024-11-21,246.66000366210938,231.1465606689453,501.62298583984375,584.81103515625,85.53064727783203
2024-11-22,249.83999633789062,235.41575622558594,502.4276428222656,586.6235961914062,85.5779800415039
2024-11-25,242.47999572753906,238.99473571777344,503.2222900390625,588.613525390625,87.79338073730469
2024-11-26,242.9499969482422,237.23974609375,505.9242248535156,591.6869506835938,87.45256042480469
2024-11-27,243.49000549316406,237.56512451171875,501.94085693359375,589.89404296875,88.05850219726562
2024-11-29,245.58999633789062,238.47216796875,506.3513488769531,593.5585327148438,88.9673843383789
2024-12-02,243.44000244140625,238.3538818359375,511.8644104003906,594.6224975585938,89.18115234375
2024-12-03,243.92999267578125,236.6580352783203,513.4338989257812,594.8982543945312,88.41162109375
2024-12-04,244.6699981689453,237.50595092773438,519.781494140625,598.59228515625,89.36163330078125
2024-12-05,242.86000061035156,234.73541259765625,518.341064453125,597.6072387695312,89.54216766357422
2024-12-06,242.9499969482422,235.57347106933594,522.9801025390625,598.7401123046875,89.67516326904297
2024-12-09,245.36000061035156,234.3903350830078,518.9073486328125,595.65673828125,88.8486328125
2024-12-10,248.58999633789062,233.3748321533203,517.13916015625,593.8048095703125,88.43061065673828
2024-12-11,250.9600067138672,234.42979431152344,526.3971557617188,598.3953857421875,87.59457397460938
2024-12-12,247.27999877929688,231.3831787109375,522.9998779296875,595.3119506835938,86.53050231933594
2024-12-13,244.2899932861328,229.7958221435547,527.0031127929688,595.1937866210938,85.64696502685547
2024-12-16,244.8800048828125,231.1465606689453,534.59228515625,597.7352905273438,85.90348815917969
2024-12-17,243.94000244140625,228.50033569335938,532.2380981445312,595.2725219726562,86.11247253417969
2024-12-18,239.25999450683594,218.38409423828125,513.0365600585938,577.5313720703125,85.03572082519531
2024-12-19,239.60000610351562,217.41500854492188,510.75189208984375,577.35400390625,83.74816131591797
2024-12-20,242.10000610351562,219.45208740234375,515.2120971679688,584.2886352539062,84.22502899169922
2024-12-23,240.9600067138672,218.94776916503906,520.2315673828125,587.7875366210938,83.45249938964844
2024-12-24,241.44000244140625,220.90574645996094,527.2858276367188,594.32080078125,83.8053970336914
2024-12-26,243.07000732421875,223.17027282714844,526.9276733398438,594.3604125976562,83.7576904296875
2024-12-27,241.39999389648438,219.9168701171875,519.9231567382812,588.1038208007812,83.07099914550781
2024-12-30,240.6300048828125,218.2258758544922,513.0082397460938,581.3926391601562,83.7386245727539
2024-12-31,242.1300048828125,218.5027618408203,508.6502990722656,579.2774047851562,83.29035186767578
