Date,GLD,IWM,QQQ,SPY,TLT
2008-01-03,0.008331903896944106,-0.011104678860362135,0.004156882383078218,-0.0004832658629814807,-0.0013778062860484686
2008-01-04,-0.005155283230996526,-0.03059920708846884,-0.04484715654969297,-0.024811722168849273,0.00021225458839815734
2008-01-07,-0.004237800612756689,0.002216817734500723,-0.00476270775537883,-0.0008492092899903871,0.0043391695387075095
2008-01-08,0.023434499283740494,-0.03135129847033932,-0.026292922232357224,-0.016280507809458604,-0.0011624120363290956
2008-01-09,-0.0026538494212900304,0.01008874680107091,0.021088945783063376,0.01045543834298523,0.0019013880750128748
2008-01-10,0.019451378931132805,0.013620946100881577,0.0014602108150205582,0.006532743672134629,-0.013601137541561746
2008-01-11,0.003732423352843317,-0.020857535663252207,-0.01978235933933479,-0.008101097854838729,0.007779764263598832
2008-01-14,0.010779343871355922,0.008226120901543366,0.017278613759511296,0.008030586754533513,0.0037081954891297715
2008-01-15,-0.017462315658241516,-0.018532548747957973,-0.02796248466354285,-0.02225896237867583,0.011148866374530055
2008-01-16,-0.014769298791920495,0.0010069649252309803,-0.010799249804139793,-0.008650065811817178,-0.007242946837651484
2008-01-17,-0.002309434649609837,-0.02459251527142439,-0.013995234017906939,-0.026257876594853874,0.01287433924042554
2008-01-18,0.010579654551845074,-0.009769928083291031,-0.0013224624206189342,-0.01032026482506103,-0.006887589860647094
2008-01-22,0.008542679841935765,-0.007166523078980194,-0.02613795301113896,-0.010199228380581583,0.010625943578943038
2008-01-23,-0.003180722699554567,0.0335915364823225,-0.0038550690253408176,0.023737157467365603,-0.0022824260521486814
2008-01-24,0.02461215908630366,-0.0007243647576565684,0.020243718022226045,0.0084060404570885,-0.02024781867475368
2008-01-25,0.0024393095003429448,-0.007275859874972135,-0.020698364479521274,-0.014550905340652254,0.016709376325961214
2008-01-28,0.015929992715972913,0.020955860172788072,0.007699419113918325,0.01640119854897658,-0.0037583634533465303
2008-01-29,-0.0065609690697016314,0.0025710646242881386,0.00180322120734218,0.0049417717944862365,-0.006822981211578473
2008-01-30,0.009933994004387969,-0.012633137656941584,-0.000901303987943359,-0.007385002666985506,-0.00655218126381576
2008-01-31,-0.007195016714744232,0.024544687223087808,0.01698356122237296,0.018070156207566922,0.0070786712904426325
2008-02-01,-0.022684270626732738,0.02326804828821661,0.010141479304514098,0.015960292597619944,0.00599348715090672
2008-02-04,-0.0028019071765902166,-0.01135745925657534,-0.014138230814359564,-0.012689807148307444,-0.010344369967389687
2008-02-05,-0.01606549067103019,-0.025964523742571043,-0.028888815137062106,-0.02713897291682215,0.0076094723850908775
2008-02-06,0.014380553122886813,-0.01338431501966374,-0.019889656510311843,-0.008084437948401288,-0.003057805125795928
2008-02-07,0.010067216443898174,0.01566936277936666,0.006982860830473804,0.006591918333275775,-0.021781931924142173
2008-02-08,0.012717910269796405,-0.0062957183786877735,0.011302222210798846,-0.006441538359312886,0.011376942910594507
2008-02-11,0.0036198342355131343,0.00043042741588200705,0.010721785365667699,0.005096721914553096,0.004153639306481402
2008-02-12,-0.022141942540969888,0.007860086249590361,-0.005688496384575662,0.009228604984003385,-0.005968768144411035
2008-02-13,0.0012306384919769915,0.022380873302157083,0.021671588936205237,0.010171071245639799,-0.010641385802985993
2008-02-14,0.0030141986624117353,-0.023377599751741973,-0.018254488611760374,-0.008838442613349528,-0.014805991960745415
2008-02-15,-0.006261873940772848,-0.00442704290072177,-0.0034171003244449125,-0.0002217580964096103,0.007647847680092978
2008-02-19,0.026892565797985494,0.012233093719082655,-0.001827320212922633,0.002807877090879587,-0.010173214628437354
2008-02-20,0.01796386403346683,0.0005655171313769718,0.00456205493456579,0.002947084729294659,0.006902776039501469
2008-02-21,0.000107267267463442,-0.01925980143478125,-0.009604165864279663,-0.008348757194546974,0.010535948908455344
2008-02-22,0.0015002080621885686,0.0,0.003669527556091032,0.006138865479963689,-0.005742621584267916
2008-02-25,-0.00698441065741686,0.01925980143478116,0.005023991693769964,0.012530454946546444,-0.010267963506175724
2008-02-26,0.010405041437242168,0.009282660994610123,0.003864408277351078,0.007471978260279699,0.00032938076714123004
2008-02-27,0.011353506294170987,-0.00041959052488583224,0.004979944869246742,-0.0010124640409109112,0.000878177574898868
2008-02-28,0.012685593460616694,-0.015242316752305687,-0.003845777025862214,-0.009815248145250848,0.017608701322121237
2008-02-29,0.001977441901755274,-0.02098022169637624,-0.02687610645914997,-0.02253539078110782,0.01518488413137629
2008-03-03,0.010960688456801523,-0.009631208685149401,-0.00654076190093969,-0.00239440249997478,-0.0025814090803331583
2008-03-04,-0.02141228858001734,-0.005882023410130445,0.005608805577647033,-0.00382785090790976,-0.009765352207535731
2008-03-05,0.02633641998211893,0.009540867067601664,0.00488187677143528,0.006296376640938207,-0.012042685963385187
2008-03-06,-0.012563250536444711,-0.03387583433021667,-0.022277719791253266,-0.020914643431781635,0.005333488333013152
2008-03-07,-0.004257794167007869,-0.0031794192826182003,-0.0023739611927731997,-0.010354170493625104,0.0013027952503152332
2008-03-10,-0.0022920784400025053,-0.022382663250517888,-0.01944166766163413,-0.013271150195681928,0.014637098871359893
2008-03-11,0.0012508613827964979,0.04249480548804025,0.03734494954566512,0.03530684798188535,-0.008584742647510269
2008-03-12,0.010570090873189882,-0.011657274332934968,-0.00280550239434015,-0.009395159598478246,0.01910726007959414
2008-03-13,0.013616736750610736,0.019796522631356225,0.007697197979900742,0.0022050788113498363,-0.007854594656651639
2008-03-14,0.0037554244103494877,-0.02552566095225549,-0.018525833783808333,-0.015617069230349055,0.012286391568141031
2008-03-17,0.004649281579360488,-0.016463723493203037,-0.01839314522491844,-0.010158319672601864,0.0076539434419158675
2008-03-18,-0.027292522389296952,0.044932482491210256,0.04363404677292731,0.04070295691000851,-0.003872100501676833
2008-03-19,-0.03651349029438361,-0.025298789275646587,-0.025004190567340545,-0.025081625834247973,0.016432819751597022
2008-03-20,-0.03422030732304092,0.016887755387668787,0.02023057430459122,0.018353818195120955,0.0024729751548687898
2008-03-24,0.002110936951383417,0.03815257555421507,0.033995276297383775,0.01979025285713122,-0.01953529216063261
2008-03-25,0.0287719333343951,0.0032804103083651243,0.005591678914372961,0.0009646900918453625,0.004187978754570849
2008-03-26,0.011472807533615594,-0.008293643857848764,-0.0029039171944093343,-0.012311557538344276,-0.004187978754570783
2008-03-27,-0.0036313610705569657,-0.009233009357280145,-0.02239669611453032,-0.0031580308329059547,-0.0070552885736895644
2008-03-28,-0.01705017954859946,-0.01180840411893088,-0.005046007651629958,-0.009610397037234928,0.009674719039477425
2008-03-31,-0.01612842667290047,0.0014654396504969718,0.005274836781563939,0.0034916403505083444,0.003552440086463516
2008-04-01,-0.04005728712133439,0.03595455091829777,0.04188301638381317,0.034555381602118206,-0.016409395253601848
2008-04-02,0.027367813453476903,0.0023978933239518015,-0.0021961032504463833,0.0006584547174406244,0.0021273526884294644
2008-04-03,0.0016789027418238158,0.0030962633024400705,0.0021961032504463148,0.00248436382214963,0.002228295857410696
2008-04-04,0.009239246884171022,-0.0002810079951783015,0.005904969981975055,-0.0010950953144870093,0.009074998667987631
2008-04-07,0.010142278299860375,-0.0016879139593492134,-0.002183352868719743,0.0005111988824374056,-0.005266106769392007
2008-04-08,-0.009034875363145666,-0.0009858136862940469,-0.007677984580233066,-0.0010227367131680463,-0.0034910671660043553
2008-04-09,0.02124480304789454,-0.016479788014537085,-0.011294217544332364,-0.007262354750138458,0.010331088988779215
2008-04-10,-0.005650392946536727,0.010544064694391227,0.014153087647563525,0.001397926784793617,-0.003361304821876967
2008-04-11,-0.005134589224534746,-0.02599053538525821,-0.02805794370789684,-0.01959963882142907,0.006711824252557402
2008-04-14,-0.002083246601698784,-0.003059494650762387,-0.004527018011033316,-0.0033798497834893835,-0.005870369954942547
2008-04-15,0.00601854460933773,0.006400094847401906,0.0013603788921798532,0.0023298864023427947,-0.012484711742948983
2008-04-16,0.017412357713036033,0.03182139161099754,0.02748436852205912,0.026732993883114172,-0.009842415059249002
2008-04-17,-0.007641420238254219,-0.003940481207650925,-0.0022064715422512116,0.0014603907669217108,-0.0017214532810109228
2008-04-18,-0.021182086961172856,0.010519627703255506,0.03131420984778444,0.010380373192536485,-0.000861874192299939
2008-04-21,-0.004091372334785702,0.00013958203290661493,0.007039775981130956,0.0005051013312392771,0.003979694425705224
2008-04-22,0.00022154490937352197,-0.018444743387409552,-0.014992747061904087,-0.004412535285183661,0.0034301614217781442
2008-04-23,-0.011699898740300238,0.0025545584365191006,0.010945356956454278,-0.0015964505795726467,-0.0033224485565644915
2008-04-24,-0.02267156697176417,0.009592702049652561,0.008925208170501296,0.004347521326266309,-0.008517211160806656
2008-04-25,0.0005730462988536478,0.009361946072680219,-0.002542102278405473,0.00921155329470224,-0.005863824515671864
2008-04-28,0.004801172923441089,0.006653871992542384,0.0019068543534688108,0.00021460374783848347,0.003045292222148156
2008-04-29,-0.021672374264867317,-0.008882134495441759,0.0075921930384173966,-0.003946388447553918,0.0037932513782499627
2008-04-30,0.009741512403569545,-0.004749902797236524,-0.00822709471137954,-0.005913471794164887,0.007112826365007373
2008-05-01,-0.031179315068104025,0.017080099399840742,0.031073092809410445,0.02047472722432505,6.471966032812371e-05
2008-05-02,0.007000134989940103,-0.0011021781780856884,0.001436263412380731,0.0027595898042345954,-0.01269034483987761
2008-05-05,0.01978402048340779,-0.0038669487708780453,-0.00287495671821889,-0.004816486451625905,0.0
2008-05-06,0.004164270020763222,0.008130821606212191,0.006150183511205778,0.008625605787704872,-0.007230559407937181
2008-05-07,-0.00939406818992347,-0.018003750999569267,-0.018356951789825795,-0.01797166966980755,0.0042790548280481075
2008-05-08,0.0164108408392243,0.0020940845400201327,0.007465960349912763,-0.002583372446774702,0.00893740582417127
2008-05-09,0.0020611516430740643,-0.0029326616393268268,-0.00393297974810559,-0.001870089421704132,0.003682565277160227
2008-05-12,-0.004930923527425635,0.021719927650063843,0.018088596045472697,0.011168661423206374,-0.001515141092453479
2008-05-13,-0.018564154190549235,0.005731337488230416,0.0026447498711202203,0.00014212284532417248,-0.010995461846492654
2008-05-14,-0.0022275927551882613,-0.0012245045931247795,-0.0022374651850374503,0.002062619353701665,0.00043756547317326733
2008-05-15,0.020906720638068043,0.0020412449529355007,0.01736009613725628,0.012424936614654143,0.009041298091238228
2008-05-16,0.023851198696715047,0.00542376131829195,0.0008005097977267736,0.0009114816943781152,-0.004129210146081649
2008-05-19,0.003249494920499919,0.00027053921633561764,-0.007225088277949566,0.0027302120220194775,0.001305900322387332
2008-05-20,0.016751205697980824,-0.00365714768717277,-0.007682838786601651,-0.00814203788283489,0.005205564124259887
2008-05-21,0.01159367196948849,-0.014348801323923993,-0.02237105021263543,-0.01705953518375453,0.00021640193790781938
2008-05-22,-0.010713950899921191,0.0071316073290665334,0.003522273183400447,0.0001431111352367857,-0.011858536096040536
2008-05-23,0.002744088114413663,-0.013206860512126292,-0.0031075731022831643,-0.013494476797008737,0.00436878778831365
2008-05-27,-0.02071066556256065,0.015254582448702307,0.017481048505293823,0.007383376481225065,-0.006779753174892819
2008-05-28,-0.0024650009199021954,0.004626601680699841,0.004069789185439404,0.004605089564815026,-0.008926227096007844
2008-05-29,-0.029948121785563844,0.010130230728950085,0.008894107518042437,0.00501262897036566,-0.007221261585675216
2008-05-30,0.010807127681703298,0.003488406745053046,0.006419331987293667,0.0024968101339821924,0.006556313709356794
2008-06-02,0.005814988710672287,-0.009148548344417914,-0.012272288872695939,-0.01038500037531031,0.00385071436617521
2008-06-03,-0.01235433070599784,-0.0020297537585124287,-0.0054809279132896765,-0.005848217003433827,0.0071723554844701646
2008-06-04,-0.00265079080081508,0.006211143931560696,0.012741463961951199,-0.0005077826710237386,-0.008946010895915697
2008-06-05,-0.002310856942839816,0.025249746156773684,0.015751607859707924,0.0198001977787565,-0.006008348934812451
2008-06-06,0.029744095652049107,-0.030377824503677413,-0.030530866774191673,-0.03241335067406463,0.012862717760550337
2008-06-09,-0.01208712510114185,-0.0032519950353716185,-0.005316730532988926,0.002418339337807101,0.0
2008-06-10,-0.028122111368949234,-0.0073554712489598195,-0.0047270744782163514,-0.004989701226442193,-0.006521564253389559
2008-06-11,0.01703690270554308,-0.01751663951406985,-0.02439919955562603,-0.014821942117014361,-0.0023316746452751004
2008-06-12,-0.016452673393949773,0.0020847902275177525,0.0010550278204727345,0.003800595122031906,-0.010055087429531725
2008-06-13,0.0026833517416247226,0.017889312934453942,0.019835801178735374,0.012564630359141477,-0.0021349902309558545
2008-06-16,0.013654462065851207,0.0062540654183534826,0.008850135297965847,0.000587291554269161,0.00022529413455780588
2008-06-17,0.0027544819530526043,-0.0008130704336319259,-0.005341764741547791,-0.004856283782743955,0.002022398786278933
2008-06-18,0.011736006478369521,-0.008035387339268084,-0.010771377361133526,-0.009784448693470253,0.00838612928792882
2008-06-19,0.0015846001285877345,0.008306638401558507,0.015498451839349841,0.0012657012213054938,-0.0059194811036787625
2008-06-20,0.0059762121136616485,-0.01599378505906639,-0.027374233105471563,-0.01636495147457842,0.005806571109010959
2008-06-23,-0.02113235514821951,-0.00941460284722545,-0.007833119882859759,-0.000988729083291346,0.002113815640621745
2008-06-24,0.004353866732505198,-0.016692081541935168,-0.005113716079284021,-0.0019794308001790384,0.006645352972152865
2008-06-25,-0.0005718228977623296,0.011252537113936591,0.01610529165453426,0.004714775379677193,0.00044079819903959145
2008-06-26,0.03584052048031919,-0.02607101307694822,-0.04119850939439972,-0.02753606192868284,0.006706686215004916
2008-06-27,0.009446474043668393,0.0010042731720469999,0.0,-0.005473970425314148,0.01165910242952355
2008-06-30,-0.0007655678590445136,-0.009799929780442019,-0.010571018307874394,0.0035220244873656868,0.00021645679170567938
2008-07-01,0.013691424355889053,0.0007240385986009925,0.014069295468596543,0.003121139357372874,-0.0023725481808083396
2008-07-02,0.0054888422989871725,-0.028779070025633135,-0.02430470728365823,-0.017285285847812255,0.0052157880047059655
2008-07-03,-0.011985249940131814,-0.0053962602358973285,-0.0017907419638408838,0.0010300025260986864,-0.0021701491783913656
2008-07-07,-0.009056684715605397,-0.012706890979707196,0.006031352349048662,-0.01026563492804405,0.004551483477584608
2008-07-08,-0.004063960105008701,0.035590230662913926,0.023551140945714,0.01760140174456257,0.0064664810032546965
2008-07-09,0.007019105232723836,-0.02710132342953699,-0.026897532028415116,-0.019443050189045383,0.004394139349694776
2008-07-10,0.021943255113523116,0.009763606336192174,0.01177374879469822,0.004078563620667414,-0.00010711398687023786
2008-07-11,0.017277496523462485,0.005515398875754848,-0.016028802499301303,-0.011720225423086825,-0.014327707430870102
2008-07-14,0.007850566004166892,-0.016638376384202055,-0.007432936941073086,-0.009085196170092888,0.008750339840651348
2008-07-15,0.0027071497619921858,-0.0042412564732137595,0.00022608140576746202,-0.014197231206312342,-0.000322724923412052
2008-07-16,-0.01815270161590802,0.036075070488631865,0.024559866288969015,0.024250696132820142,-0.018241433098688767
2008-07-17,-0.0023322518409360084,0.001462893413424325,0.006595349947619578,0.009953819259269334,-0.005163000964087699
2008-07-18,-0.0005308461499447085,0.006992956388410451,-0.02327489281397328,0.006210502266306958,-0.0037525288971379553
2008-07-21,0.010037641179610729,0.012121537932336054,0.004251207360909108,0.0005554552269897533,0.0038628988239920283
2008-07-22,-0.021894861075694584,0.024790690444532484,0.0,0.011280677202396063,-0.004968863313641405
2008-07-23,-0.027121391164392418,0.006415529242364182,0.013090026365686158,0.005398005040559568,-0.0019944505903615834
2008-07-24,0.008356311735007812,-0.025627971639647303,-0.01510112844188445,-0.020972114587697526,0.009711696433474918
2008-07-25,0.0039340079361909145,0.008097160554305073,0.012894243379309993,-0.00023873841990382566,-0.010044658224999668
2008-07-28,0.0004361674288188628,-0.017123857858192166,-0.018954520229257213,-0.014772225858081958,0.010044658224999668
2008-07-29,-0.01250572486127245,0.02417332265549405,0.02049971443159041,0.02112748548014421,-0.004071430279580556
2008-07-30,-0.01188176475168946,0.006022612311833612,0.005060029921274618,0.01766067589927679,0.000992255265598601
2008-07-31,0.006236158213952812,-0.00405778466456206,-0.002416862413243793,-0.013314679038175396,0.009866041580645654
2008-08-01,-0.0056777456383802685,0.0012612184000947233,-0.012840397302362529,-0.005296635362373131,0.002209464409385099
2008-08-04,-0.016093986590938986,-0.009285835990975336,-0.010077170980630308,-0.0093174505741534,-0.0022967111839989293
2008-08-05,-0.023649334804024327,0.016957838483891916,0.03320320957816281,0.0266052875236614,-0.007473661738568773
2008-08-06,0.006484477963029264,0.004990284883696588,0.015126022616681715,0.004430625923553133,-0.004090540843888707
2008-08-07,-0.006368377516337615,-0.015045918170726145,-0.007750096663722403,-0.01500381718177123,0.01615208311304179
2008-08-08,-0.01947042583576133,0.02604729470598435,0.022438753695882222,0.01841093347854858,0.0027213983473649275
2008-08-11,-0.039870019743063895,0.023651411127653607,0.009046207754315668,0.010304637117130562,-0.00961127708931521
2008-08-12,-0.007547213471977264,-0.007508006531394126,0.0010459993426729993,-0.010459339728174043,0.009284173074733358
2008-08-13,0.012833356691477001,0.00362692430165249,-0.002093743043195691,-0.006048453530285414,-0.0034848888441438002
2008-08-14,-0.027470488029696195,0.009607781778509182,0.01146432601584467,0.007516226405255149,0.00641720862388343
2008-08-15,-0.021914512705522013,-0.0026590184351125354,-0.0018669765517858022,0.004851519655898724,0.008635587501492688
2008-08-18,0.014959120554555644,-0.013000638650281785,-0.011695857158601464,-0.01376862098093693,0.003968200599599641
2008-08-19,0.020474209118556685,-0.016731402448092854,-0.012472744999900457,-0.010964230635739832,-0.003860545714641559
2008-08-20,-0.0046109216405604905,0.0013706476647351855,0.0017006285611799719,0.004635522071506335,0.0027901652407523628
2008-08-21,0.027594821694200418,-0.01157366676408029,-0.004683186514867152,0.0017226632739737308,-0.001824128893028733
2008-08-22,-0.014934800596812396,0.020845500348053318,0.013141539406833939,0.014372183172673018,-0.000644035134238834
2008-08-25,-0.00185175688863645,-0.02223204731173551,-0.021281844057821082,-0.02049430241821694,0.009942393095587743
2008-08-26,0.00370009111066845,0.0015253380411718715,-0.0012918115530977515,0.002909117448518128,0.0008508107782625275
2008-08-27,0.0015990808530273566,0.011845537793782907,0.0064409199398180374,0.009686526566700463,0.0016985022603752634
2008-08-28,0.010028207926600663,0.02006261997637849,0.008098572014271709,0.01205470759624519,0.00010593334724457363
2008-08-29,-0.005735584976745511,-0.008625779862554467,-0.02123840877869464,-0.010811737867577756,-0.004465779842859439
2008-09-02,-0.031200121903938532,-0.0002714748300639132,-0.01243589763420674,-0.006230850777785838,0.009261480038393092
2008-09-03,-0.003921790917827457,0.004054653295980522,-0.009484813503696727,-0.0008597232577040964,0.004229573319411707
2008-09-04,-0.006358108955715176,-0.03192703962866451,-0.03289330263586153,-0.030568891034560567,0.007987709330646327
2008-09-05,0.007498337947551977,-0.0025098058014692494,-0.004821639540458485,0.00313940697821655,-0.0005231774921310833
2008-09-08,-0.001520562172927079,0.011657724562619992,-0.0018432292798999494,0.020445378248011445,0.00417957177596073
2008-09-09,-0.03051415078362391,-0.023311088026903508,-0.021440616988519002,-0.030136781390929564,0.009860246054981382
2008-09-10,-0.03012631332599945,0.009277936486253498,0.008211358419156656,0.004049334499068722,-0.006215449244340469
2008-09-11,-0.015478915514254269,0.006276342495524429,0.018518727305064556,0.014364246717987285,-0.0005200336531565427
2008-09-12,0.0332399725473417,0.004577859970857787,-0.003906473745576098,0.004610493673409769,-0.01297612512199084
2008-09-15,0.026257069784174,-0.045880623942045805,-0.03157805649157365,-0.04875375750381057,0.031925982525461
2008-09-16,-0.009977363631870767,0.028428272136338813,0.007811230941287543,0.016598477773659828,-0.0002041826743194768
2008-09-17,0.10697398423801134,-0.04611738572255414,-0.05326787273267509,-0.04600528941377601,0.004987858141735006
2008-09-18,-0.03162032125475302,0.057322354076316945,0.03326333552593834,0.02923953835849644,-0.01472902525276631
2008-09-19,0.03768665186313431,0.04360309499518693,0.03216603657472532,0.038945792207036964,-0.03224960408482792
2008-09-22,0.036542052510024896,-0.041516406602304795,-0.04823043402837965,-0.02289958151709987,-0.00010750413483882353
2008-09-23,-0.009690223547907538,-0.013432461720710729,-0.007611932114767431,-0.02301443578601812,-0.0038386885951188407
2008-09-24,-0.018397372242872228,-0.01278583371348244,0.006877600750801573,0.0032005994443371245,0.004371887897126491
2008-09-25,-0.0030030300021146434,0.0051340362761729255,0.015786332681388505,0.015518077454608276,-0.0020241777542419617
2008-09-26,0.0021954188195928825,0.004683173691181123,-0.010171805355224287,0.0004969177572293137,0.007221826526757569
2008-09-29,0.033258843431934,-0.0822988226653165,-0.08268318589483366,-0.08160267670712636,0.02868511208804778
2008-09-30,-0.051545995679539464,0.04435148543885288,0.028413389389561956,0.04055616002478611,-0.024672308745587828
2008-10-01,0.010523968985084205,-0.014516668556291438,-0.010593402877345443,0.0006029734093335062,0.01250235662008766
2008-10-02,-0.04326282883476272,-0.05269236674534233,-0.04652002656911298,-0.03694812133866966,0.0080077672191809
2008-10-03,0.003152979931026516,-0.013937093895666464,-0.015631727141601933,-0.013592107419090345,0.008764605407406735
2008-10-06,0.02025601097029596,-0.04869434812886618,-0.037166271127464755,-0.05227676729348964,0.01800926086704634
2008-10-07,0.03486214825706517,-0.06789304451897799,-0.06549536512857489,-0.04581949886948524,-0.0030295560685887706
2008-10-08,0.02433762761966628,-0.024307747081559816,-0.00799506515210852,-0.025515693578684016,-0.014466121286681509
2008-10-09,0.005353608121824253,-0.08564324213213027,-0.027227463452725226,-0.07239702016978936,-0.008450668051800569
2008-10-10,-0.07721024022746184,0.0480371997852022,-0.006365570367807161,-0.02455473611389459,-0.007062345512164011
2008-10-13,-0.014890455669864109,0.08284004889592923,0.11479847584029382,0.13557706373687858,-0.012900837846901622
2008-10-14,0.0025580023828085247,-0.028482044641756334,-0.04423143086215479,-0.014910669123936146,-0.0064609129298338905
2008-10-15,0.01341329574561084,-0.09402872058182528,-0.09382368050592843,-0.10363733651859429,0.009517000913114571
2008-10-16,-0.04945653185086193,0.06340939972345977,0.052827900885887236,0.04081289226664968,-0.005170247425103232
2008-10-17,-0.0265830583677772,-0.028516857979636972,0.0012395750718209434,-0.005989679043934297,-0.006901373670167673
2008-10-20,0.016569654325264915,0.04659841259491027,0.027482288325348436,0.058343651625538895,0.00795840736310308
2008-10-21,-0.03197064160356307,-0.02799855006713806,-0.053197477072155656,-0.030310052798972732,0.005271080090558113
2008-10-22,-0.058497788057396756,-0.051906844918044134,-0.028025162362411236,-0.05599328918146642,0.02008677242838631
2008-10-23,-0.014892064399146903,-0.030158871934059514,-0.00392815703241945,0.01151767830861121,0.007391551825808918
2008-10-24,0.021840397056156174,-0.037858256375539134,-0.03266985950592022,-0.052045775797923216,-0.01069453884666485
2008-10-27,-0.00041552434178707896,-0.05021199066839791,-0.028180294214227384,-0.03614606003134399,0.0007230671369598755
2008-10-28,0.022060230034850928,0.07698580810845454,0.1048024557205108,0.11051736978905183,-0.01467352356750542
2008-10-29,0.0028418597266937724,0.005147052850922374,-0.0025139486265378123,-0.007279394677029388,-0.005044423769071214
2008-10-30,-0.01758617913369578,0.054542529259842425,0.032809723158249586,0.03400870217875393,-0.009102255366345378
2008-10-31,-0.019021785472914204,0.04412199786675765,0.0015218042884329005,0.005488511231873958,-0.013056535419421249
2008-11-03,-0.0033698132493902304,0.0013018681663574314,-0.0021308383481008363,0.0028875732059701594,0.002700076729109521
2008-11-04,0.05978044962665676,0.011453591672301177,0.027942304660976136,0.033417687538109926,0.018594467516763163
2008-11-05,-0.03615176785243687,-0.053771123731662956,-0.05355667962482005,-0.04293631538153632,0.011788397833895578
2008-11-06,-0.007998964370514715,-0.039538936741967116,-0.04573183180800376,-0.0570053690654333,-0.007246599108306172
2008-11-07,0.003869529108754129,0.020557862376692163,0.02040594598051505,0.032484474706841404,-0.006555326722921745
2008-11-10,0.014786712701221597,-0.023384678747774727,-0.013557664490197104,-0.013191527648769824,0.004868340736960652
2008-11-11,-0.021012909760209354,-0.02187572956879628,-0.022014976678993665,-0.03136221095789576,0.002951343658882744
2008-11-12,-0.02886512275228242,-0.06005616773951504,-0.0472796958309427,-0.04499846686978441,0.0064009824777969135
2008-11-13,0.030252064319223424,0.07909628176407273,0.05916864683407425,0.06047371075329275,-0.02424276075078625
2008-11-14,0.015813344157826127,-0.07734197657740377,-0.04980809506018271,-0.05119477743035536,0.019629398923232066
2008-11-17,-0.008907239506966189,-0.008582312260915341,-0.021273591084096474,-0.013365871143648235,0.004403980101349294
2008-11-18,-0.0019288981747573384,-0.0048734045233456685,-0.0010583906538002789,0.0186618858509651,0.012785933563126357
2008-11-19,-0.003453757562079425,-0.08501494248357602,-0.053636029870018725,-0.06622497994755668,0.025291387532684773
2008-11-20,0.016334105788500954,-0.07087753380143172,-0.04960929040470855,-0.07713213449484681,0.05037195679436414
2008-11-21,0.07094243298627406,0.053316205052008826,0.042510666083638626,0.052538407343150004,-0.014565668296083212
2008-11-24,0.025790177023884007,0.06800856180419981,0.059322294570861044,0.06699597636817899,-0.015767071408901562
2008-11-25,-0.0004945100106059737,0.01641646707232692,-0.004604268503268049,0.0073813621463683175,0.02899082467094185
2008-11-26,-0.006077606219572271,0.058200271887676236,0.041035005604810056,0.037912946512438886,0.0013419150340429288
2008-11-28,-0.0008712390504950196,0.00997774178116509,-0.007867121040116899,0.012510282293237853,0.012275870217895536
2008-12-01,-0.059776655395983355,-0.11920993228177336,-0.0781841658975201,-0.09274953834474872,0.03758078801511388
2008-12-02,0.01703836022130856,0.05125736762449794,0.03287332437267515,0.03776274614720721,0.003831518055708158
2008-12-03,-0.01005685556947555,0.029846767732864966,0.027991489912252233,0.023756727754351614,0.002819795284794032
2008-12-04,-0.008966308801461867,-0.033697760630285546,-0.028710361538038603,-0.02340456099818665,0.019511828658108788
2008-12-05,-0.01306515556901043,0.04526025636175294,0.03982913885388422,0.03036648780149039,-0.016340008418628083
2008-12-08,0.022293921957316113,0.04330106524946877,0.038636097921564826,0.0343187482569424,-0.002174721982910017
2008-12-09,0.0017046471557575096,-0.031440587409341365,-0.002329907030943097,-0.016621303645036414,0.019582510851642403
2008-12-10,0.043830671865911774,0.02330619343683289,-0.003338284768130572,0.00679257493905386,-0.002403970669525097
2008-12-11,0.0112220818260269,-0.05200988877271078,-0.027797917341420276,-0.024376347180016432,0.00195834887376115
2008-12-12,0.001981866542690083,0.033835481603627704,0.02007873466263076,0.011869211407269726,0.0
2008-12-15,0.021908972020150932,-0.03273333158440425,-0.01767538204766861,-0.014032274887533638,0.011327437676409957
2008-12-16,0.022268376612201064,0.06298160588274192,0.046893797443140116,0.04599196134443598,0.02442406517283275
2008-12-17,0.011419292069736266,0.009062264948890108,-0.012181308014364386,-0.009734478628681617,0.026772843502257834
2008-12-18,-0.01842931699135299,-0.006376460178472678,-0.01771093188791355,-0.018859602777999914,0.020765162122795913
2008-12-19,-0.014895236270839864,0.004940385489299011,0.008171383537630526,-0.004310498653733165,0.001064683242678136
2008-12-22,0.009994686720185789,-0.01949086767285885,-0.022008883998128295,-0.012896091894653783,-0.007718774364059426
2008-12-23,-0.009994686720185745,-0.01464278432133546,-0.005148501805221188,-0.010392070435515075,-0.0013189790835490972
2008-12-24,0.009994686720185789,0.003633178928926545,0.0027488124830260833,0.005786733356293265,-0.0021492378471321184
2008-12-26,0.025317801128255938,0.014190826154024666,-0.0003432075670243156,0.005753021847877353,0.003302880335327876
2008-12-29,0.008723521599817628,-0.015471720515774522,-0.008272671165942165,-0.0028722839870662696,-0.001199899229160346
2008-12-30,-0.005224940168183113,0.027387425289487306,0.020555505137524948,0.023425751079681235,0.00947893659711656
2008-12-31,0.007191715531704658,0.023008193917351472,0.008441765813172042,0.014173553480113885,-0.0211402909579183
2009-01-02,-0.003357378391118624,0.019707660552831487,0.04246146649890556,0.029696555560110693,-0.025457226993494644
2009-01-05,-0.020503324199848343,0.0035777417162157128,-0.0003224420664527271,-0.0011839425994990371,-0.026122486228762606
2009-01-06,0.00766460793819893,0.016723970269554654,0.009944080760436722,0.006655375617010857,-0.010108001917629521
2009-01-07,-0.028355453375407055,-0.029906056292422708,-0.02881870308468171,-0.03041413076713295,0.003913048836159172
2009-01-08,0.020454024408850847,0.004813702537704578,0.010457439588003782,0.0040720575503353324,-0.0007999162078641212
2009-01-09,-0.006414096397031772,-0.03771720315461453,-0.022686765196001466,-0.021651690207110618,0.0015095852915172074
2009-01-12,-0.03838212237276427,-0.030161229994092355,-0.018460206179655096,-0.024313876181004505,0.010325627096564241
2009-01-13,0.001484720857258964,0.013188253553152283,0.00033904774103485927,0.001838474963611488,0.0010525853696991294
2009-01-14,-0.013568345959084955,-0.04495115322507385,-0.030951686383436268,-0.03195939087672875,0.01635478587697012
2009-01-15,0.007491587953086663,0.01600776384316095,0.01628299019619124,0.000355584163853345,0.0016372372226847094
2009-01-16,0.028450719887202026,0.011032477498668276,0.010936659211795024,0.007788646684790941,-0.015539666969648562
2009-01-20,0.021647650395541167,-0.07017695529839554,-0.050900344359836,-0.05422955610812771,-0.00017479600206351596
2009-01-21,-0.0043872142605711085,0.04864773323033074,0.04168053940971034,0.042285116912221116,-0.03209823280993263
2009-01-22,0.005096914923472842,-0.029447157611151322,-0.01346949458424326,-0.0155877897250464,-0.01943366815666478
2009-01-23,0.04564361014124338,0.004968706653334681,0.004855976503811824,0.0043411913668286,-0.007862705218850581
2009-01-26,0.004732915968779248,0.011200600515825655,0.007240300883779925,0.006834645514030387,-0.008767392058101486
2009-01-27,-0.006428711177525445,0.010856497190019885,0.007188255525222671,0.010106617287804326,0.023241158488236716
2009-01-28,-0.01092160013595116,0.04038097609919016,0.03452646435610824,0.03327434869161508,-0.02530361628957022
2009-01-29,0.023514556791130875,-0.039940207133919985,-0.02569823320784659,-0.033037870738851505,-0.023266760328657286
2009-01-30,0.02002165860988255,-0.020472588184518678,-0.017735550313603805,-0.020552271954166482,-0.003176146513274274
2009-02-02,-0.027423326085868636,0.00806098700705935,0.011971995242108353,-0.0030231649440242768,0.018434820670610346
2009-02-03,-0.004173432511596273,0.007110784803708046,0.01551983939217324,0.013949058354134685,-0.024104516927059623
2009-02-04,0.007993277328123664,-0.007333736574589973,0.0013383011305107607,-0.004907468999421569,-0.0035057104115562006
2009-02-05,0.010485343419634507,0.011533060834281196,0.02182615928285959,0.01477020807473196,0.0008773970653452224
2009-02-06,-0.005898480307817772,0.03488571848287855,0.02583306032195336,0.02809907515347657,-0.003123812318283577
2009-02-09,-0.014277086659724235,-0.004481785968746482,0.0041355353093084,0.0013783535444132865,0.003221742393231848
2009-02-10,0.021173696446258473,-0.047304742613289555,-0.0375206293165919,-0.04689152998374235,0.02149786591752389
2009-02-11,0.022795527677897713,0.0038049419299686703,-0.0046250403870826,0.005878119778158359,0.012887294417832675
2009-02-12,0.009489958611898299,0.008453857642876008,0.01217707407241282,0.0007178997924065919,-0.009460370039944205
2009-02-13,-0.00667668981583939,-0.010466346496390277,-0.004590090977816096,-0.010816264444188376,-0.02697372187996798
2009-02-17,0.030853446205778977,-0.04043033004410323,-0.040575661208346395,-0.043716417758209954,0.03067446887365242
2009-02-18,0.015180232335787214,-0.01432125963901724,0.0006843351325617801,-0.0024012396755737136,-0.008559693889001163
2009-02-19,-0.011833302053734346,-0.014049684908051916,-0.015509434387295877,-0.010813527641306678,-0.01714708031849413
2009-02-20,0.02097515976334867,-0.013520115774742844,0.0027745558292532734,-0.00976867748431727,0.009669305021027776
2009-02-23,-0.000715999545035443,-0.039161998735394325,-0.03561081685049615,-0.036434509234616594,0.009195430074606326
2009-02-24,-0.031177833375502513,0.03624097052883865,0.03248880378826009,0.03720895402062033,-0.0010487751369371305
2009-02-25,-0.01681966189582418,-0.020939242267508,-0.006623648939475902,-0.007903730097827336,-0.011616979501962044
2009-02-26,-0.0009666932467289369,-0.018847294097869078,-0.028380954069894555,-0.016394711917328084,-0.010581580935890981
2009-02-27,-0.004631386566918853,-0.006872604774553423,-0.009399552344562186,-0.022602304938490095,-0.00577355105752531
2009-03-02,-0.01852305052084567,-0.05810614570438139,-0.03286302724784962,-0.04608888005827523,0.016419820888009307
2009-03-03,-0.009835956887444822,-0.019131216708963856,-0.000750652484655701,-0.007535326265690158,-0.006703023397616248
2009-03-04,-0.011730046343054587,0.020483962966982173,0.026322111289624434,0.0234143949702294,-0.004591983747940985
2009-03-05,0.033155872403161146,-0.05472798857425621,-0.030462966906808078,-0.04170546697923773,0.027430495781660243
2009-03-06,0.003255950930954496,0.005126779839541618,-0.007953401095488732,0.001742636440285258,-0.006692033689633628
2009-03-09,-0.01881277418024431,-0.023280368565428394,-0.021522358337742416,-0.01182198809311301,-0.005867129417113117
2009-03-10,-0.02719657652831088,0.06310130228970444,0.059938726340039196,0.05790023284982768,-0.019385672655886494
2009-03-11,0.01217879089301902,0.0013647110115088288,0.015250890273303811,0.006490690122265321,0.010761170802340951
2009-03-12,0.02085254413435487,0.060303915997113,0.03261535354625043,0.03861748481204944,0.004756800995451186
2009-03-13,0.002193033510109556,0.010468408803782695,0.0024384425201505015,0.007784143422390306,-0.0050482506459648595
2009-03-16,-0.005491501809613432,-0.018198448895463012,-0.016842261619594078,-0.0030273466338033147,-0.015894788884696965
2009-03-17,-0.008405293010376257,0.04526135162427767,0.03716376610112696,0.030124405065030887,-0.005455032942908026
2009-03-18,0.03331270158240966,0.03402476393336049,0.012535943626830305,0.02213734908271805,0.03718766670290391
2009-03-19,0.013444527853073575,-0.010568908430144453,-0.000673881069664902,-0.012463110317304413,0.001244627691701196
2009-03-20,-0.008087754602137932,-0.035143862472856724,-0.015337318532977571,-0.021524191783506185,-0.005565599377738785
2009-03-23,-0.016265716740780103,0.08161937048865577,0.05727252870024878,0.0693661767796059,-0.008698119508987984
2009-03-24,-0.012347912889209464,-0.03960418194230201,-0.01861879689594934,-0.01989918096845381,0.009468681968628993
2009-03-25,0.011261327198225552,0.027762933504472304,0.004605558217423674,0.010490327309874661,-0.013553033119467003
2009-03-26,-0.0005437774128025601,0.037887716170583445,0.030383426347629,0.020176068729780384,0.011531133289896594
2009-03-27,-0.013580296815494405,-0.03415090954528609,-0.018962806067351942,-0.018213832938642517,0.007391557749712491
2009-03-30,-0.00785966365924459,-0.02909694163504799,-0.024968242235622187,-0.03516579799800035,0.0038180210417616293
2009-03-31,0.00332847770745487,0.009317866201847384,0.00861206940847519,0.009222864286464402,0.007120238048435544
2009-04-01,0.008273170679264967,0.017211717539110133,0.014732670643216364,0.019181216470091803,0.009085765818386122
2009-04-02,-0.02480242474253235,0.048812275756524914,0.03166745218526754,0.02881839042949984,-0.012297183486349911
2009-04-03,-0.013719889999443402,0.015681924426405452,0.018406558778857298,0.009899449724865145,-0.020674658854330924
2009-04-06,-0.02684414097964916,-0.017241651248859884,-0.0024758576080481033,-0.007864116845593025,-0.004284337182042539
2009-04-07,0.017092460393572564,-0.03609530278135744,-0.02669365120350046,-0.023601747665139068,0.002534313351215341
2009-04-08,-0.0014998243891666274,0.01832417382382998,0.01672777335196598,0.010720499915810719,0.008817449697921744
2009-04-09,-0.003469851444995191,0.056906086960402114,0.030515540346126167,0.03897355688631377,-0.012621758937587635
2009-04-13,0.01802677831754674,0.0004290102149281188,-0.0015189344570297927,0.0002334018242058994,0.009142028444075627
2009-04-14,-0.00582021051641387,-0.029359692323643,-0.012236611625195558,-0.017394310357187175,0.005214765176091134
2009-04-15,0.0014867876173518325,0.015113740358358028,-0.0027739888559131314,0.010613256854760668,-0.0017350346825791684
2009-04-16,-0.019503271995841835,0.028502642353275966,0.02559586951845411,0.014556398813530203,-0.007942964850885801
2009-04-17,-0.006899358971822021,0.008835168747178298,0.0021035154275493746,0.006682497723534583,-0.011049338779263052
2009-04-20,0.020097043306539473,-0.05267242474658746,-0.03264964425620257,-0.04281888687510137,0.015028435636844773
2009-04-21,-0.0006902618757463332,0.03407092746813863,0.013861135899513781,0.01934826647683096,-0.009928403387639626
2009-04-22,0.0056234482639747705,-0.0002137255015314226,0.003054512767631434,-0.006131657351009113,-0.006083199261149825
2009-04-23,0.016120292274093014,-0.0023500041671403044,0.009712011754909055,0.009769682723582782,-9.903300388856085e-05
2009-04-24,0.010307038892938492,0.01843919446758843,0.017365392580943387,0.014998237802901592,-0.01009152233570263
2009-04-27,-0.007944976286971623,-0.010767741415842311,0.0011867123480948337,-0.009507286702040593,0.004266967837329182
2009-04-28,-0.014256884624757573,0.001484652733771573,-0.007439356374548821,-0.0031503945574460606,-0.016471767339405932
2009-04-29,0.0065879591407686485,0.037237592282932996,0.013645800863407177,0.02104605758437469,-0.008897054457965651
2009-04-30,-0.012073098777590854,-0.009231545358052576,0.009967783324266394,0.00034310404065330906,-0.003967700528413147
2009-05-01,-0.0036735170067088633,0.006163855591102693,0.002622311963998555,0.005361472992158793,-0.0069062722732117525
2009-05-04,0.019250010410794313,0.03581194708541784,0.019591355657605777,0.03345469244142237,0.0032895228123252015
2009-05-05,-0.004409520299832408,-0.004953409313527398,-0.0008562007517863161,-0.0034169603881998856,-0.0012330142785888904
2009-05-06,0.01451176722419934,0.002776533012192022,0.0002852720597945367,0.017185972372147196,-0.0023663716296318527
2009-05-07,-0.0011174263342352655,-0.023850979946719853,-0.023686736200748702,-0.013989329111903209,-0.024715505469685744
2009-05-08,0.006019424017208001,0.0340974079682058,0.0005849313925093516,0.023064275226881037,0.0024252526861994893
2009-05-11,-0.0032281533701712588,-0.014812097601207613,0.003498765464388412,-0.018890603561871486,0.014118941201715706
2009-05-12,0.011198016123960024,-0.014227249373456693,-0.01230211276052603,-0.002963663275480673,0.003629121983666412
2009-05-13,0.004290665079152016,-0.046894865820304374,-0.027186426118738925,-0.02549587367515306,0.01080645938528489
2009-05-14,-0.0006588794462207963,0.013862837014875517,0.011143206064068283,0.00853401804760747,0.003881875767541802
2009-05-15,0.005696195347549881,-0.0037617639387798737,-0.0005992552556822341,-0.008195787590644184,-0.0003058147831436201
2009-05-18,-0.013083606100380167,0.032952160848059804,0.02573748440829538,0.028010909228149493,-0.015625685000537695
2009-05-19,0.006618141022648309,0.00040459806354581525,0.004661845804361112,-0.0012061052701957406,-0.0052976017557641725
2009-05-20,0.014082443543520349,-0.009358978847547966,-0.0034944417275390672,-0.00671648819315896,0.010464736324820327
2009-05-21,0.017195463853182144,-0.012961379313877228,-0.018548800569185432,-0.014467455577125518,-0.025471390345762793
2009-05-22,0.0031915245362349074,-0.01040843986725819,-0.0032745837522252233,-0.0021317982882029483,-0.011163931504892186
2009-05-26,-0.004150922697323314,0.04660572545621995,0.0365912690406647,0.025289393900642207,-0.015189716692823978
2009-05-27,-0.00331184736774341,-0.01956308058605178,-0.006922508969999733,-0.018014354032687346,-0.017852809837400615
2009-05-28,0.00841819599030902,0.0012210887535796483,0.011511391855522649,0.013843770778749077,0.014372933060259163
2009-05-29,0.020584628713310075,0.02033729073189681,0.01222772530384444,0.01755297834147206,0.025490134012260426
2009-06-01,-0.004897561923661561,0.03832322903492105,0.028147655650174293,0.023919789109467522,-0.03001053414245609
2009-06-02,0.006559420055802069,0.01239158812462063,0.001372399109441074,0.0008438832398670904,0.005365057741653022
2009-06-03,-0.02044414554689964,-0.006653356500171882,-0.0030230052637898954,-0.012732646038962975,0.009347518020112265
2009-06-04,0.01909415571894292,0.014203469776438774,0.011222758048593306,0.009353050376354517,-0.020879230844292107
2009-06-05,-0.02653629688685098,0.00037590088546984353,0.0010876508065854316,0.00021176453698442568,-0.0076504381616671275
2009-06-08,-0.0016019817445124753,-0.011912385624605878,-0.0029951376412429374,-0.00413324028795869,-0.00256350780697388
2009-06-09,0.0028817381951294313,0.004554441454277288,0.0076067223041479505,0.005084752915799005,-0.00011248135612629264
2009-06-10,0.00031966305250262516,-0.003984285187871143,-0.0035242778246152634,-0.002539527633228526,-0.01586143743196757
2009-06-11,-0.0017061601941360273,0.0003805912357720466,0.0,0.0044391873781681026,0.01105159026225025
2009-06-12,-0.016463478535408964,0.003035623960690762,-0.00462814403511365,0.0027388773282903626,0.008931562384106029
2009-06-15,-0.011676890623094857,-0.027272257313032563,-0.02067539654976811,-0.02319524985131067,0.008962297692003678
2009-06-16,0.009069633678898644,-0.01688694656407631,-0.009797904703597295,-0.013655934889493123,0.01725552155462865
2009-06-17,0.0045582689271499,0.005332630022705544,0.009518871756564597,-0.0009821135017632151,-0.005645565256553963
2009-06-18,-0.008045247432850396,0.004520096986897784,-0.0019519077540448191,0.007291816555481917,-0.015251468065304773
2009-06-19,0.003160603275712481,0.006059856186751533,0.010676265176392512,0.0036781876859418514,0.01361612141677719
2009-06-22,-0.01490929384566157,-0.03611495755400061,-0.03032285909453045,-0.03044519454727394,0.009659526579883964
2009-06-23,0.004188226725490046,-0.008115538456749862,-0.0022829829228111233,0.0007834639373066715,0.011706043075358852
2009-06-24,0.0058123626209368685,0.010738992291281294,0.0167162765222326,0.00858125273056144,-0.010087072782667017
2009-06-25,0.00936011008805884,0.02841117976380071,0.019477836713242307,0.021515205140091646,0.018166621715650113
2009-06-26,-0.00021664835655369304,0.0035199448709280164,0.0022022216695922864,-0.0026100844043524456,0.0016929196051426276
2009-06-29,-0.002712528083375162,0.0,0.002196959946856076,0.009321088054708597,0.0014791208857073727
2009-06-30,-0.009387696981969475,-0.002931973042490904,-0.0019218868294835364,-0.008124000202918782,-0.0016901531277604695
2009-07-01,0.013183162944147444,0.015346897319341777,0.0005494357114320746,0.004124767226137859,-0.0019857516132622925
2009-07-02,-0.012415748613801528,-0.03502294390297961,-0.02222303353748066,-0.027673314988147846,0.002335765550876617
2009-07-06,-0.005384309013824143,-0.00885529935647199,-0.005352051863734378,-0.00011163959456225181,-0.0019108718425993906
2009-07-07,-0.0005510889148283001,-0.021866382049745524,-0.02516541016634288,-0.01956586779730981,0.006671745966745213
2009-07-08,-0.01600214694695305,-0.006841895172296092,0.005199086638731742,-0.0006820600905528329,0.018301209996134323
2009-07-09,0.0026849271616822263,-0.00416924128647805,0.0017271659778953035,0.0019301509861768974,-0.011989339277258015
2009-07-10,0.000781726470917072,0.004793458429474961,0.004304814257695838,-0.0023845713056972343,0.00918732266832964
2009-07-13,0.006786482027611023,0.023829668772278257,0.019004861481595962,0.024038373673600635,-0.005627051978181308
2009-07-14,0.00685080156975785,0.005870192978480211,0.0036463156974087373,0.005644080508668072,-0.01675568788175766
2009-07-15,0.01562446798435957,0.03782287035547316,0.033042809874387076,0.02882696493658994,-0.026054189597366908
2009-07-16,-0.0028226541932032975,0.012360063922842605,0.011847539261281704,-0.0016098841789925283,0.010740916235762909
2009-07-17,-0.0005437774128025601,-0.0038463068757902856,0.005338722201385065,0.010894896897493697,-0.01555189528824576
2009-07-20,0.014578288320425086,0.01225628292679297,0.009538945178063361,0.010567689242954205,0.0052474647044726905
2009-07-21,-0.0016093724740910249,-0.0017146972230957487,0.00683293189073009,0.004614744501851128,0.019755726954432073
2009-07-22,0.003323208166328789,0.0077866930285386575,0.008346662041432468,-0.0002091873680387115,-0.009020672501349629
2009-07-23,-0.0019282309216242279,0.031104139904161967,0.02183776247473419,0.021842253238324477,-0.01850587816712084
2009-07-24,0.0016071308030831514,0.00512149807428444,-0.007653148413323491,0.004087731723036182,0.004822631996389579
2009-07-27,0.003206452276499924,0.0050955752229550075,0.007653148413323594,0.002952779001978525,-0.011548232028355032
2009-07-28,-0.0172213757394612,0.0005441764035020257,-0.006885372692736777,-0.004688196851436883,0.00881031192081755
2009-07-29,-0.009928658008449049,-0.005092621927923298,0.006631007771442098,-0.0024545585116352133,0.005467286396744522
2009-07-30,0.004594754818541675,0.01735416631694002,0.005829637032313429,0.010390674255239941,0.014077411955546256
2009-07-31,0.018706235205377633,-0.0041307132254721985,-0.0030370716789300243,0.0014184012917925703,0.019274812600573243
2009-08-03,0.005555021966375179,0.0173050245279511,0.014844473257277113,0.01636174297780958,-0.01527039373527797
2009-08-04,0.00859191226069412,0.010031266338227091,0.0,0.002585089407318015,-0.007983581039568094
2009-08-05,0.001055615791092795,-0.01003126633822718,-0.007771640050209386,-0.0028839765000859907,-0.015060661662880608
2009-08-06,-0.0019009437320754224,-0.014070719252228997,-0.00884877388790863,-0.005191972088970762,0.0034030403701708666
2009-08-07,-0.009025795077514111,0.023751291415127447,0.012616509760461966,0.013028960149692376,-0.008363592090105017
2009-08-10,-0.008785139997340487,0.0017504060422083578,-0.007045696299435711,-0.002077023319949279,0.012409752247965006
2009-08-11,-0.0015076396214322287,-0.016217897730591235,-0.008623344918583948,-0.012555309204900165,0.011504383266621227
2009-08-12,0.0017227961034532154,0.01499311078246302,0.01541860907226065,0.010671989714520786,-0.010739328602678237
2009-08-13,0.008249945329395655,0.008194605667741856,0.005502317002787376,0.007609791275161207,0.01407785468339816
2009-08-14,-0.007712133511340266,-0.020702452066137033,-0.011540353882897945,-0.0077091565046791865,0.0038641347450365784
2009-08-17,-0.015059050463639348,-0.028591687472209748,-0.02944740734971013,-0.024913253987033097,0.014675197442237322
2009-08-18,0.0049000691797493594,0.013229020346502392,0.014192043394041851,0.007903069976422799,-0.0058240829490575265
2009-08-19,0.0050923911990607956,0.01216651869726172,0.006893151284451694,0.008741516231118997,0.008248844402594574
2009-08-20,-0.002813877859599588,0.010789874637077368,0.011636589031754985,0.010251352499388446,0.008179942240973017
2009-08-21,0.014845419974691357,0.02278578741291726,0.01324216528016709,0.019416188456058497,-0.02079060076153927
2009-08-24,-0.014087067763647543,-0.00034409255780609466,-0.000993324133128323,-9.747061759946609e-05,0.017966119586587642
2009-08-25,0.0045381579971108974,0.00429132122314876,0.0029773442659854583,0.0019408383490426913,0.005640622285501634
2009-08-26,0.00032334981476544154,0.002224644872771246,-0.0017347784237959326,9.708250163234812e-05,0.00457227099894213
2009-08-27,0.004301560763973328,-0.0015397686237482583,0.002477785927284655,0.0022268230977438353,-0.003947622872173652
2009-08-28,0.007270429612602234,-0.006353506233760112,0.0009897461374365273,-0.0001936431115825022,0.004569486150400266
2009-08-31,-0.005019514036492951,-0.014750548332786871,-0.01019059341786468,-0.008939039142693797,0.0009314648290082538
2009-09-01,0.005339040892428647,-0.022632165070146516,-0.018913368559621085,-0.022304228785607772,-0.00242220973030044
2009-09-02,0.024095025081346855,-0.00501932492434316,-0.0007647617284849698,-0.0037996659781035264,0.01446958210987599
2009-09-03,0.013116600475876481,0.01108109405938857,0.006602829966132165,0.008280729028450859,-0.006175277268308035
2009-09-04,0.000717982446260517,0.013944222130368753,0.02128542089695546,0.013911419380414814,-0.017181295831846903
2009-09-08,-0.0010258358982360054,0.010982590611716884,0.009370671587778987,0.008585613024711088,-0.00706256499815706
2009-09-09,-0.003598774849809519,0.01701794706250208,0.008554861074134026,0.007645108543203065,-0.0011644073417142885
2009-09-10,0.006366128093033135,0.012365855934878685,0.009446683921085617,0.010166793649293095,0.01825970899383463
2009-09-11,0.010993614941952026,0.00033625492441170704,0.0009636709958574001,-0.0001906821342942153,0.005494837237719255
2009-09-14,-0.008335920016645862,0.010547085566835184,0.0038460576754366076,0.004855512051867997,-0.009977227936520595
2009-09-15,0.009550031319132289,0.008126435040833498,0.0031146322901793922,0.004170863595964701,-0.005130847252530933
2009-09-16,0.010160563341840068,0.020437477893006588,0.014483955394930997,0.015021196679470328,0.0017829674043849345
2009-09-17,-0.0057215445842040275,-0.0021061203108926002,-0.00023574649516686804,-0.001491997030319076,0.012497378963182947
2009-09-18,-0.0067673425030896645,0.00404614202983499,0.001674131141180733,0.0006373596755982513,-0.008939927190727623
2009-09-21,-0.003146706758441258,-0.002749804820473271,0.0030593979612101047,-0.002533247452054159,0.0022944026958628505
2009-09-22,0.013230487054918885,0.006876242503265097,0.0018767642087660573,0.005807355778227927,0.0020816858235065032
2009-09-23,-0.008463489692784069,-0.009558584434312498,-0.004700188513402631,-0.008347133160233784,0.0030106184510637498
2009-09-24,-0.013036122562252067,-0.020225992994622494,-0.00899216331741614,-0.011080207341745913,0.0028982966669334775
2009-09-25,-0.00565411984977392,-0.006165187223136241,-0.00883385461234229,-0.005346698255397228,0.012633661706560573
2009-09-28,0.000515362556847874,0.023620079909173322,0.016883033101727705,0.01774524850975619,0.008738496904439685
2009-09-29,0.0039078335092760045,-0.0044168749846884734,-0.004489695333874559,-0.003014893473222099,-0.0009113040631655899
2009-09-30,0.014469359610812447,-0.012373423031381238,0.0007102955093472796,-0.00387531049823467,-0.0009116375519419076
2009-10-01,-0.00975914114205605,-0.03033589661415138,-0.03003282138983683,-0.025125777598195388,0.013602116555432208
2009-10-02,0.00489151440733444,-0.0075581129299906605,-0.002930411479063268,-0.0046725431957247605,-0.006943802334202721
2009-10-05,0.014632653538604653,0.017772134588588628,0.008039819163893274,0.014817528249853239,0.00010123159554270626
2009-10-06,0.02434557750386831,0.018460351244416248,0.017558866102200844,0.014222665122110626,-0.009946695235029808
2009-10-07,0.0007818787663110404,0.0003323673492584257,0.002856872617602512,0.002745107181647052,0.011662117951697743
2009-10-08,0.012427332550376955,0.009100609070967203,0.004270584202469763,0.0076262936837498295,-0.0105418063007068
2009-10-09,-0.007749003016846714,0.01162728893701556,0.005665509947245608,0.0060787455975176334,-0.02319059348834482
2009-10-12,0.006976784520624898,0.00016265667855103452,0.0021173897926828663,0.0039077588457642086,0.0015627478845781219
2009-10-13,0.006736668520876528,-0.004241510851903889,0.00023422031129696647,-0.002044726742017931,0.0051919720485084355
2009-10-14,-0.0007676245830555696,0.01894682133135383,0.013529557962611741,0.017068787448970568,-0.014921384235176763
2009-10-15,-0.01275132896577922,-0.0006419704532763374,-0.0023194608919103084,0.003653100839314702,-0.004635799079201556
2009-10-16,0.0031061924936279916,-0.010001791915447993,-0.006523813439139725,-0.007502288034156447,0.008099641212513432
2009-10-19,0.010124989184004255,0.008234149463899004,0.010000888675459878,0.008231123270575862,0.007826833723791444
2009-10-20,-0.0078016786951705126,-0.013924698552753922,0.00023197253060903283,-0.005296972629455718,0.005389979976085634
2009-10-21,0.0031858098477671078,-0.013625547540111327,-0.0018532119319150137,-0.009013723987296208,-0.006013938368901126
2009-10-22,0.001637195631687369,0.013788520521702449,0.003933064732294677,0.010111779633637035,-0.004900700100791935
2009-10-23,-0.004146385704315989,-0.021088182842187605,-0.00416505983412052,-0.01149868799890108,-0.0075548429218872185
2009-10-26,-0.015875641589657388,-0.009031517204245708,-0.003251038538170566,-0.010884832065718589,-0.013038658269887952
2009-10-27,-9.819975733603636e-05,-0.012340770306764932,-0.015235271806597736,-0.004593332826879951,0.013565380918784481
2009-10-28,-0.011057424410540882,-0.03390743986844257,-0.022692700923303104,-0.01906832525234089,0.004725945042806809
2009-10-29,0.019271061704086094,0.018825983689778034,0.016770992916566637,0.021226962136595445,-0.010956233917022338
2009-10-30,-0.0015593382085453942,-0.027663210338841036,-0.027214369633763277,-0.029401388950216007,0.014407288691035372
2009-11-02,0.01375455816989644,-0.0019544880435545266,0.004141638107606939,0.007312180030482171,-0.004429406708569943
2009-11-03,0.023859334198798456,0.015005742446827341,0.0031554070326244607,0.003158041094794996,-0.01004555270814818
2009-11-04,0.005993644061587079,-0.014471974950739385,0.0016955803938734075,0.002576861716146442,-0.009181312135963631
2009-11-05,-0.001121030724287651,0.031326354388195136,0.024379671496640415,0.018227601441190355,0.0
2009-11-06,0.004197543036965226,0.0006889092732753024,0.005885564583706572,0.0026177816546144777,0.0009656381248877518
2009-11-09,0.0070494877462507185,0.019437627169426847,0.02113686056297691,0.022520199581748078,0.001178125361305729
2009-11-10,0.001846864931193741,-0.006267450883935926,0.0025248408643018397,0.00018221162134181155,-0.0018218240922642796
2009-11-11,0.011101532395072736,0.006942879117592077,0.0063981848177012395,0.005097309758737035,0.004172095524332332
2009-11-12,-0.012763585468758788,-0.018564722124337196,-0.005710879934061889,-0.010219703802524972,-0.0018153904029322087
2009-11-13,0.014040137041637483,0.009580452411109736,0.008213819357193128,0.005395975664018192,0.004588295843982275
2009-11-16,0.01707589425776357,0.02605019600589122,0.010173199815677537,0.014400648564980306,0.011643629954706781
2009-11-17,0.0030411827518562703,0.0,0.003143814921912548,0.0011685855543136817,0.0053535516351076815
2009-11-18,0.0024975374482029953,-0.0019929146290426285,-0.005620992560092286,-0.0006290050712414589,-0.0058800110141101905
2009-11-19,0.0004453622970806544,-0.02524948541007784,-0.015680106335977047,-0.01311698954637456,0.0017878961874358368
2009-11-20,0.005682836942088943,-0.0011941147651980913,-0.005052337406559026,-0.003557686796967517,-0.0002093488000049947
2009-11-23,0.011882360058537005,0.017259328896689692,0.015985743730784884,0.012622322541904,-0.0012624073575627694
2009-11-24,0.0038424851504036766,-0.004539652256289878,-0.0034034911071091313,0.0015328301263302089,0.006296415380629303
2009-11-25,0.016339238275087858,-0.00016862681669432814,0.004309633366528653,0.00350767775435633,0.004591737137081266
2009-11-27,-0.013467099128963782,-0.02993963827447337,-0.015281429530300476,-0.016384176368873106,0.003741567116217694
2009-11-30,0.005028201653515722,0.0088178853405361,0.001148913244067891,0.0033711783734530014,0.0023827901141858965
2009-12-01,0.014934599861011129,0.01537436270641153,0.01027705186106668,0.01229438723205471,-0.011202397508956456
2009-12-02,0.015218446148337,0.01179684165439171,0.0013622682026803927,-0.00044937112916916305,0.0008400963944092867
2009-12-03,-0.004035681973678308,-0.012305325746876894,-0.004092885492364772,-0.007850964924901846,-0.010440253662904303
2009-12-04,-0.04259621807472385,0.024461148064744042,0.005227008678743803,0.005691425976923288,-0.010655861369762428
2009-12-07,-0.005642255891681633,0.001488333962033927,-0.004771204110953866,-0.0015325537895623973,0.0012849933168248466
2009-12-08,-0.019281180066479105,-0.007797872307505951,-0.006167686357451042,-0.011159152054329703,0.0014962412467464247
2009-12-09,-0.0009919349177228208,-0.0031693234622056513,0.010031814536462695,0.00373335393083024,-0.004604043330752962
2009-12-10,-0.00018042626976952085,-0.004018132864071317,0.0049785678209147526,0.005619814105104243,-0.011550827062248777
2009-12-11,-0.013627902417121703,0.009350730122733679,-0.003844801591736454,0.004238835850830133,-0.00010867166201688408
2009-12-14,0.008380429619065604,0.015010243057718916,0.009472022478129763,0.006817092918087727,0.0011932224829482943
2009-12-15,-0.000272159491016775,-0.0027872359923357373,-0.005627220886393349,-0.004659219783102346,-0.004456822463630192
2009-12-16,0.012443778983734818,0.006382776369887554,0.0013530589851382783,0.0015252647065952427,-0.0011985555273210217
2009-12-17,-0.03883007474829872,-0.011154825113436549,-0.01224715906543735,-0.012088471995580708,0.016336075281902666
2009-12-18,0.014887700748231638,0.009195415139940865,0.016166849701878976,0.005641570887262436,-0.004301767825387054
2009-12-21,-0.018527626386022195,0.013152594054369502,0.011183299552732643,0.010111499524652014,-0.01794251472281272
2009-12-22,-0.007319841214939189,0.009312974230764463,0.005987101676505471,0.003586419012264782,-0.0056109081050030735
2009-12-23,0.0035728214071417724,0.012803218703792944,0.007269371793311645,0.0019668572095644706,0.0002198261530799586
2009-12-24,0.016844635663340383,0.0037951444031546267,0.009176428991343433,0.0047230137667298965,-0.010423464432923081
2009-12-28,0.0017519015886225233,-0.001579847567078688,0.005206248350756401,0.0021314023774959005,-0.002789927643080631
2009-12-29,-0.009999174226535323,-0.0004740363215882045,-0.004119113548708689,-0.0014200686673429086,0.006574268486897767
2009-12-30,-0.005037332589067185,-0.0006325482992316846,0.0030367352040569086,-0.00035582954062392177,0.0065538687089921905
2009-12-31,0.0035474015655265327,-0.011940175072893617,-0.009138491429369532,-0.009644531175283634,-0.004772632988761455
2010-01-04,0.022938737681147854,0.024364519655114467,0.014538705627538069,0.01681730630942176,-0.0008900188776694033
2010-01-05,-0.0009112174071558337,-0.0034446282362654208,0.0,0.0026437502811215,0.006437258436291527
2010-01-06,0.016364952672508887,-0.0009416762435008028,-0.0060504323132788826,0.000703958356598704,-0.013476821656305694
2010-01-07,-0.006207031449163178,0.007351644693441548,0.0006502181151104393,0.004212306444897638,0.0016811907795025046
2010-01-08,0.00495075538137829,0.005439061287927046,0.008197163401806623,0.0033223596621628692,-0.00044820862646632046
2010-01-11,0.013201473675458084,-0.004037695552619271,-0.004090229879575124,0.0013955274437862002,-0.00550332257346746
2010-01-12,-0.02113448995131151,-0.01095283903877283,-0.012590145342836383,-0.009369919328626335,0.016972555506876243
2010-01-13,0.009458279378539308,0.012818620869489573,0.012374151750406263,0.008410714541047346,-0.011693242931122524
2010-01-14,0.004383402504944763,0.0037206388126213145,0.0008625591390606674,0.002700835636344966,0.013905168398637056
2010-01-15,-0.010498532177150062,-0.014653321695288933,-0.011708467483817576,-0.01128754833322136,0.006167435362693328
2010-01-19,0.005935767413319545,0.018206298511884135,0.01601051508625285,0.012418377244762923,-0.0028586604902509356
2010-01-20,-0.023406622544498178,-0.014601118323061005,-0.014484794824136818,-0.01022111459832183,0.010078638076115826
2010-01-21,-0.01451645533950801,-0.016565553454446515,-0.009408257830741468,-0.019416286115050817,0.004568410287095636
2010-01-22,-0.0018644973871885428,-0.01814003366194366,-0.029673531369386098,-0.022544105542957757,-0.001738375972552957
2010-01-25,0.002888473341000015,0.0011329725681690408,0.0033915105902080508,0.005114730114486227,-0.0045751861983557435
2010-01-26,0.0007439937221865503,-0.009919207968285795,0.0009021534511266789,-0.004199474658601051,0.00032788619434825846
2010-01-27,-0.009622184538243794,0.010566516151424607,0.007860667763322534,0.0047457974793234615,-0.0005461617619977881
2010-01-28,-0.0004694185510533905,-0.017289707646666427,-0.02606394127812394,-0.011538177479560475,-0.0005466588403581226
2010-01-29,-0.004895549849721357,-0.01108463621782488,-0.01760531625796428,-0.010928313002702285,0.008704122171704387
2010-02-01,0.022305058135940522,0.01174295969793687,0.010924051820689368,0.015431354735043434,-0.009118336270289436
2010-02-02,0.007173093057516182,0.010955474543071338,0.0089746637775882,0.012030510313632054,0.0028481515408323647
2010-02-03,-0.003948040904900219,-0.006690048359646167,0.005483493677459218,-0.00499537456641277,-0.011664228333517723
2010-02-04,-0.0406494619043355,-0.033969247816690175,-0.0293624944452866,-0.03135189628767384,0.01570372546805578
2010-02-05,0.0029657764294868027,0.0038886040979018654,0.00841070588196787,0.002064794013512726,0.002176735165983312
2010-02-08,-0.006132631197052165,-0.0100045457530909,-0.007238122055379227,-0.0072460368712641285,0.0013034950818655974
2010-02-09,0.01308209362845793,0.013709158945257876,0.010258696127328291,0.012482347672869274,-0.01003894380546961
2010-02-10,-0.002754962144308314,0.002350550716437819,-0.002090108180348451,-0.001960773028609251,-0.009588270388778356
2010-02-11,0.018940443772260875,0.015805866662635087,0.014996481462871176,0.010412116812508454,-0.005439603814613761
2010-02-12,-0.0008404197035730865,0.007236831861335826,0.002058327619928788,-0.0008324399918280014,0.004110321793303317
2010-02-16,0.023817259740401706,0.016739084212127525,0.012716181989722844,0.015612523141377555,0.0018829903557485452
2010-02-17,-0.00338103069775341,0.006745716887695079,0.005624798880931989,0.004727059394041883,-0.011463613343925271
2010-02-18,0.006659727627096444,0.008130610830209602,0.006262894475681625,0.0058778029281521225,-0.004038475856942802
2010-02-19,-0.004648011335301192,0.0012693629196348628,-0.00044628893000051695,0.0020714213371434993,0.005381490759736533
2010-02-22,-0.003660675124824127,0.003008763560654854,-0.0020101309138620925,0.00018004825671255517,-0.0041466279528896074
2010-02-23,-0.010877691236587123,-0.011768521319915223,-0.013048225457861676,-0.01221882574588756,0.015484039665655308
2010-02-24,-0.0049245049976189585,0.008442680911732833,0.010138841023288282,0.009155790118082593,0.0024290604857567853
2010-02-25,0.008809784398268496,0.0003170768475275479,-0.00022417250867045192,-0.0013545654694428321,0.005607432823415066
2010-02-26,0.010287614912394953,-0.004131523298153801,0.003580743673909612,0.0006320589288220961,0.005141390673921328
2010-03-01,0.0,0.022982514946038184,0.014417791435021931,0.010331398866503753,-0.0004395753731903177
2010-03-02,0.01442525680569016,0.007596535684195561,0.0030781334210899414,0.0027667325106291865,-0.00131355306721859
2010-03-03,0.0054794713974865225,0.005697808021518577,0.0010972955844766293,0.0008906944943459088,-0.002524344899859651
2010-03-04,-0.007192294113451878,0.0026071351245438566,0.0032839132944820324,0.003022910273587894,0.005261124167283598
2010-03-05,-0.0001805113929827648,0.02016594830848882,0.014969238731349175,0.014192393761225578,-0.01320637629157841
2010-03-08,-0.008428164684993255,0.0017993910883801134,0.0019363348125513693,0.00017505855317201746,-0.005219660826510347
2010-03-09,-0.0014571590358533955,0.003589664281892366,0.005572177609182588,0.0016613074868569503,0.00022301126547247935
2010-03-10,-0.011458028889065516,0.008474600697906379,0.008088052913459107,0.004445895691903031,-0.0025643455758711207
2010-03-11,0.0011977451434267712,0.0029561478671084954,0.0038092602158785885,0.004165885303939558,0.003676849431074745
2010-03-12,-0.006003264758673447,-0.00044282344217496224,0.00021133973060733676,8.684353099976374e-05,0.006207930945125315
2010-03-15,0.0037908941588112085,-0.0034022128728252916,-0.002536985198943113,0.00025960485258157563,-0.0013271779260699004
2010-03-16,0.018651124814839434,0.008557091580704322,0.006329973955898784,0.007934665395321576,0.007937236946504066
2010-03-17,-0.007364051605517102,0.005859171942081116,0.0027311464945400776,0.005909910125098102,0.004272532031852909
2010-03-18,0.006820378596121279,-0.0030716870710019613,0.0033507092744211576,-0.0005124831893904779,-0.003285312311682997
2010-03-19,-0.018846021182444456,-0.012530358223022058,-0.006067175058486624,-0.005074531201890261,0.0009869714835802847
2010-03-22,-0.004906724488664302,0.013994150632295688,0.009014043787919954,0.0053317611031178935,0.0010944982885024352
2010-03-23,0.005276077362753657,0.01264659261576485,0.006862677982699173,0.007008728542324295,-0.00471739384161409
2010-03-24,-0.018824492289792633,-0.01147665594055882,-0.004778416114366536,-0.004866848554007084,-0.018424030071146884
2010-03-25,0.004505317583276473,-0.006318442898795639,-0.0014584904675996695,-0.0016270977017156906,-0.006406316869343766
2010-03-26,0.016808656864527635,-0.00044218356528002837,0.0010422047204249113,-0.0006006051042312215,0.002814627313837643
2010-03-29,0.0014723814641710547,0.005441853278978326,0.0047802191386731125,0.006327538251504025,-0.003829419959207063
2010-03-30,-0.007198247903797274,0.003075059038562651,0.0033119675788067238,0.0006816171978616327,0.003155110894839414
2010-03-31,0.009035611315005328,-0.008664420082026805,-0.0047641935915406775,-0.0034126549745247003,0.006839187557721728
2010-04-01,0.011952199156018703,0.009249025636038206,0.0,0.006814391087348429,-0.0024481401863677265
2010-04-05,0.005697480924987118,0.018532505741234256,0.009300244641798367,0.008116170429231226,-0.01677912516855637
2010-04-06,0.0012617106108131124,0.005864637616398073,0.0028757871493309863,0.002355059588057275,0.0016000711907981121
2010-04-07,0.013063885742510774,-0.00314255896414764,-0.002464634063870305,-0.005728824112623641,0.012702606303728655
2010-04-08,0.001421370609229975,-0.001001973557128557,0.0022596296803853635,0.003458012002777084,0.0004505538209510582
2010-04-09,0.008749871191504223,0.005996500436475964,0.005932154806240861,0.006545634726899572,0.0023624703156236485
2010-04-12,-0.00555922233998455,0.004119738095573896,0.0008154550359069881,0.0015884212314873755,0.0052683942117988025
2010-04-13,-0.0028356216460236707,0.002265177040255105,0.005082339066936749,0.0007513479617268722,0.0032370325730449196
2010-04-14,0.003012551773767293,0.021133452807533957,0.011891523545770347,0.011284894539530469,-0.007045051519743851
2010-04-15,0.005470304321850955,0.00304198519603291,0.004398209326030951,0.0008253601269996185,0.001121507700268857
2010-04-16,-0.021433553562709227,-0.013482933878796368,-0.01204146988590313,-0.01604054795941623,0.007259935082114955
2010-04-19,-0.0008093560236553409,-0.00491001560300603,-0.0006058921020887996,0.0037627747775570877,-0.002451472272353327
2010-04-20,0.0027851197891251185,0.013549113078019991,0.005038036627931028,0.00889122665199602,0.0035640245098572474
2010-04-21,0.007597109309406448,0.006912698410906481,0.005612616703864218,-0.0018210813441467293,0.008192181353655298
2010-04-22,-0.004193637495525288,0.010552889089812969,0.005581029508867935,0.002978987725479528,-0.002981565278068819
2010-04-23,0.011998598472109824,0.010578065401770538,0.0041652740394216015,0.00650638996327622,-0.0035444710741345063
2010-04-26,-0.0038948658306392175,-0.003784391221358769,-0.0021796670089340143,-0.003783661687137683,0.0011086027368909274
2010-04-27,0.016536547783718297,-0.023150197305815776,-0.021454692078942864,-0.023934527705626187,0.013980251707229783
2010-04-28,-0.002795491486585349,0.0016616209563214005,0.0006083002744131159,0.00756753261410674,-0.008562818091917255
2010-04-29,-0.00026246799903482677,0.020946631507905433,0.017269368264002896,0.012321470163624879,0.0041804448277374725
2010-04-30,0.00940611214659533,-0.029700842667099082,-0.019906291092294644,-0.017107217593548604,0.01146279352521536
2010-05-03,0.003202242039102839,0.02222166593590752,0.013915974613983303,0.012878577203172963,-0.0013085249294216368
2010-05-04,-0.007458842798920333,-0.03189839572304592,-0.03050323008366394,-0.023795705999854064,0.017835792302346942
2010-05-05,0.0019133210932084476,-0.014764926141061938,-0.005174891002939657,-0.005974594382206713,0.005875519999238515
2010-05-06,0.029114151638993547,-0.03819119419142181,-0.033987498780265725,-0.033777367833247474,0.030419803953261347
2010-05-07,-0.0018584329204847005,-0.029249803351305406,-0.025224321444898397,-0.014986876225345525,-0.012580023105251381
2010-05-10,-0.005936219595425441,0.054630102730812424,0.050665288120847925,0.04309843313155978,-0.020933856684625624
2010-05-11,0.025942805079309364,0.006641813888235186,-0.0010470417071795706,-0.002844814278742497,-0.002567724040501623
2010-05-12,0.006114187831152085,0.030191939384922102,0.018683924513342436,0.013888889662814253,-0.007632942674954589
2010-05-13,-0.006943357126726535,-0.00968066950469047,-0.015963764743175814,-0.012508776128727514,0.006562347354990138
2010-05-14,-0.0015771788582184835,-0.01950439595538488,-0.019413884975069826,-0.018270578190367457,0.017220789958472614
2010-05-17,-0.008426213640485862,0.0018674075762120943,0.0031913248049485784,0.0005265386297010386,-0.003696216970187789
2010-05-18,0.001088526414774818,-0.01941519990166867,-0.013902321772170538,-0.013695955654545783,0.01522367071462226
2010-05-19,-0.024226160830335432,-0.011921631145636128,-0.008000755319432224,-0.005709836057097321,0.0033283677451669443
2010-05-20,-0.006796610129532807,-0.051963576765444934,-0.03783282746257134,-0.03849098182433969,0.020860675686259118
2010-05-21,-0.005366542125113491,0.014707387220822222,0.010988195026053861,0.014493827066517412,0.0010158478221929705
2010-05-24,0.013962091277818433,-0.013460726775691174,-0.004022156698698971,-0.012914128179275994,-0.0034594169709269854
2010-05-25,0.004440692858806834,-0.00015528692496504204,0.0008953098114143428,0.0010203768949481435,0.004881606142297262
2010-05-26,0.009413635235164157,0.0024894216905893985,-0.01124925338314669,-0.0060466498957421465,-0.0028447625081344727
2010-05-27,0.0018552983674487234,0.0419961105722874,0.03708682306154162,0.032949374881763534,-0.02294965335006407
2010-05-28,0.0015994852276123958,-0.012897671526934704,-0.005903545802237088,-0.01262921543990515,0.004569872557782425
2010-06-01,0.00862693406619541,-0.03080945767093845,-0.009253240214736561,-0.01696653669093663,0.007004083563704601
2010-06-02,-0.0010847752867185415,0.028088585302292333,0.023407396816722468,0.025706112163484014,-0.00954370952624666
2010-06-03,-0.01531114045936818,0.012782997237726612,0.009468272281275857,0.0034379477302705986,-0.007323894844229976
2010-06-04,0.01037330279219341,-0.05151340955822761,-0.034869736908665,-0.03576863287973371,0.026526632544077628
2010-06-07,0.019113058305128095,-0.026141045595884458,-0.018353141941577503,-0.012529225100209639,0.007640784932330737
2010-06-08,-0.004041391686318541,-0.00048469897566355346,-0.001808937506588105,0.010655051500823602,-0.004985347559850143
2010-06-09,-0.003643011529050801,0.0006460603156244785,-0.008407927468127074,-0.005360316672010155,-0.001122493277744222
2010-06-10,-0.01327616331865957,0.033971578877330745,0.028126178077534005,0.028812305747242754,-0.018029139171793003
2010-06-11,0.008703719694756393,0.013487562089765084,0.0094959491828699,0.0048437284489314175,0.012603058954366368
2010-06-14,-0.003422261685440584,0.006293621176284414,-0.00022003465224920785,-0.0015507489337003243,-0.005145755022493882
2010-06-15,0.011555051138783462,0.024785994466975037,0.026465708193505817,0.02248263166929619,-0.004136531628623881
2010-06-16,-0.005469896230116363,-0.004638051873832696,0.0040599995812873714,-0.00035722771059683224,0.005682893068425354
2010-06-17,0.01296306533767651,0.0011991101218490675,0.0031924286315927882,0.0016064304039823416,0.008105977190715975
2010-06-18,0.00760025145353973,0.000598378854712514,0.0008302960035401511,0.0010835645899972268,-0.0016354168678015784
2010-06-21,-0.020064832581080997,-0.01038282668381654,-0.008546938287531733,-0.0028681138969143135,-0.002871166740222011
2010-06-22,0.008766162443343445,-0.02078637109940564,-0.007755072390331351,-0.016653409905095513,0.011838024885045631
2010-06-23,-0.004125418496021565,-0.0027836994735424853,-0.004117486902109834,-0.0031076094491592427,0.0067743477863066144
2010-06-24,0.002889629284295153,-0.01608038053298315,-0.015318229506096086,-0.01670980241342443,-0.005962548187190207
2010-06-25,0.011964406044451084,0.017009117220221946,0.00019926280547778562,0.004180574274451309,0.004047037846581476
2010-06-28,-0.01369720662981477,-0.0057414774712957976,-0.0035407248436177597,-0.0031570368592273414,0.009344299857036638
2010-06-29,0.0014853964638133306,-0.03854833671067892,-0.03933578620902443,-0.031361458024368974,0.010843483167613324
2010-06-30,0.0033752134718408188,-0.011549572314700482,-0.015334758180090405,-0.009545279602902712,0.006705951807181242
2010-07-01,-0.03887888592484208,-0.007225176321436065,-0.0028139992125060355,-0.004466710737421016,0.0015761141320758357
2010-07-02,0.012312786265651068,-0.010989256407237875,-0.002821528767429805,-0.005464313350595983,-0.008004480730834086
2010-07-06,-0.0168514262328477,-0.013124923781401393,0.0030566646168907973,0.006534045429455598,0.008200327288720588
2010-07-07,0.010416771036920415,0.03429685700388131,0.03142538188103339,0.03101068401092824,-0.011778781148221364
2010-07-08,-0.004426705679849722,0.014299946949639361,0.005444738227737623,0.009846496545542302,-0.006393751115973275
2010-07-09,0.009763642764658647,0.015370224064263971,0.009457511100401966,0.007437818329241753,-0.005727524350961064
2010-07-12,-0.008655160400420137,-0.01134497100541205,0.0029093013261457675,0.0006476202097746488,-0.00040300430857561004
2010-07-13,0.008655160400420107,0.031166044007800535,0.01287774641240302,0.014976003448303467,-0.008607624842357208
2010-07-14,-0.0005070359076372465,-0.0035889594234355766,0.00506099714895022,-9.109033994161951e-05,0.010017549487858513
2010-07-15,-0.0005918885128414277,-0.0092657710570444,0.0008777021538658157,0.0002736137178697682,0.009918725335132796
2010-07-16,-0.013282487126809137,-0.03712742047711958,-0.028020641560964545,-0.027921088470924588,0.004872916490494641
2010-07-19,-0.008089500274875386,0.00424813101719289,0.008533802380925003,0.005889450071413098,-0.006169886217086909
2010-07-20,0.007918090681685528,0.01665500604118075,0.012003099412037201,0.011030594052662598,0.0014961631418669023
2010-07-21,-0.0068817738410447155,-0.018123767731829495,-0.013793667949034041,-0.01308330334157947,0.01680189142630395
2010-07-22,0.00868040464199568,0.03497894164268236,0.024998904337803073,0.022076505420604506,-0.011632384622277498
2010-07-23,-0.0066109215447102,0.024300350660599542,0.006315624311354867,0.008641314119065218,-0.010665940824588603
2010-07-26,-0.0049220747193229565,0.022520438949461954,0.008216338930735298,0.010361575807788903,-0.0017052469224539796
2010-07-27,-0.01755268849818397,-0.003617734107593528,-0.00043076988293039363,-8.917749756778242e-05,-0.009684277891122283
2010-07-28,0.002375791006871298,-0.01628977910657016,-0.008002660335543551,-0.006475236340252903,0.0032383844323978575
2010-07-29,0.004472337326195603,-0.002612925735298116,-0.007410623917621858,-0.004884549231010776,-0.00030381159595287106
2010-07-30,0.01044484170982206,0.0006152157852951204,0.002185290607153186,-0.00018123958327581974,0.015445195811448676
2010-08-02,0.0004328706471263803,0.01722970989639804,0.018599278853662644,0.022329597790770095,-0.014137135228934571
2010-08-03,0.0038871637993980568,-0.008043946327932396,-0.004294849221849576,-0.0048001173113757,0.00575520978561345
2010-08-04,0.006273952596501684,0.01046010555857222,0.010063525023145045,0.006660842816551938,-0.007681077252637141
2010-08-05,0.0022250940386060744,-0.011832778808181127,-0.0023463825428276784,-0.0010629115213076838,0.004655739822152121
2010-08-06,0.007324732365886041,-0.005969131506002928,-0.0014957948559381489,-0.004084319972353422,0.010848173298177681
2010-08-09,-0.003740820686149912,0.010992413280758244,0.006819715398299045,0.005324407432775757,-0.003703785151400508
2010-08-10,0.002806975212677366,-0.019007526038352134,-0.00874621380082871,-0.0054135541036819616,0.002103866693363078
2010-08-11,-0.003318223315611171,-0.04009980832353751,-0.02758972886487379,-0.02778958529911784,0.013318775710366807
2010-08-12,0.012113149233667235,-0.0050064450767707,-0.007960992452473893,-0.006148563160053038,-0.0024709390148763355
2010-08-13,-0.000252610670289372,-0.011396470070072754,-0.007130093050268952,-0.0029498957623256424,0.012393944783219214
2010-08-16,0.008303024914577904,0.007991137978869108,0.0017871731351625617,-0.0004619584990622377,0.024718981123448037
2010-08-17,0.0001670005247416709,0.017072811571050825,0.012643120239934155,0.012210330677002008,-0.005739100985445801
2010-08-18,0.003917171473901901,0.003029500789535178,0.003959369610288381,0.0018234309803701102,0.00268267862622473
2010-08-19,0.0014130601122222405,-0.027766178000901708,-0.015263862150298261,-0.01755006816897847,0.015473422493139521
2010-08-20,-0.0034947461752424026,0.0009818689133654702,0.0013362547463228601,-0.0032499105420224616,-0.0011309813943317058
2010-08-23,-0.00158500505680003,-0.013666737737245858,-0.009843113800876565,-0.003820014524953332,0.00018882752670387588
2010-08-24,0.004830540187787872,-0.011504596827368386,-0.018836427881139723,-0.014954692780454474,0.015901524708458088
2010-08-25,0.00827408323664724,0.014980356794474594,0.009576104945362107,0.0038781255081842734,-0.0032534867791169106
2010-08-26,-0.0033014352071624076,-0.007461931048011471,-0.012099161904345986,-0.006724566354192254,0.009358889530106154
2010-08-27,0.00041329960092031443,0.025796037877748382,0.012099161904346024,0.015370870110942863,-0.028724035101348955
2010-08-30,-0.0008267069892494204,-0.02214108306493541,-0.010493135201343734,-0.01461093094035344,0.01899297430137888
2010-08-31,0.00963008506090663,-0.0019922689358542723,-0.0034456691096904414,0.0,0.011021381166690401
2010-09-01,-0.003199735123742887,0.03798681437308534,0.029474464037399777,0.029473237533109018,-0.020893039757399392
2010-09-02,0.004918433276591497,0.0109772969719558,0.01110882084091629,0.009268807257033966,-0.010622203708480065
2010-09-03,-0.0035224308588275117,0.017722028205221913,0.016434742800288015,0.01288846530045477,-0.012472172105560916
2010-09-07,0.006869477016185955,-0.01914692709224292,-0.0067600642836668084,-0.011336583829903131,0.020259897063779737
2010-09-08,8.151368239033065e-05,0.005845695986867753,0.01196302625636358,0.006998184207258668,-0.007978786002465866
2010-09-09,-0.00941589256292237,0.0006301197669937214,0.0038839919990878258,0.004608772332843146,-0.01993768829318451
2010-09-10,0.0013975570337529687,0.0031434726944165195,0.0036547167316957696,0.0050358154517684,-0.004583240557914933
2010-09-13,-0.0009040527231121419,0.024034089082627063,0.013852142961065543,0.011061634496831112,0.004874785280988847
2010-09-14,0.019541363578779912,-0.004299007236382805,0.004224007685579081,-0.0006211131434155417,0.009582238996131712
2010-09-15,-0.0006452186217994567,0.005676783841072738,0.006302836054255458,0.0038098645387229257,-0.014945085446836006
2010-09-16,0.0055517285681441755,-0.0064463630153738455,0.0039705143355393,-0.0002656533108002685,-0.00992542831469362
2010-09-17,-0.0007223690048194798,0.004149012949296567,0.003381455425497131,0.00037358823461325347,0.004040753496340195
2010-09-20,0.0026462613270077863,0.027378227273688337,0.017352215397268132,0.015174651984806255,0.005785787747826613
2010-09-21,0.009088067711881243,-0.005836177340816687,-0.00020456437454241595,-0.0020159190744837435,0.01379122450332443
2010-09-22,0.0015066400907301708,-0.011927587387080999,-0.0026666423863674674,-0.0049252276714459855,0.008930606024913954
2010-09-23,0.0007921275940184022,-0.012179159705335188,-0.00041061595430946736,-0.008144652611861758,0.0028635182672943622
2010-09-24,0.003083123365456964,0.03200431583327694,0.02013696267127587,0.020412665806405886,-0.01353195994005652
2010-09-27,0.00023676081451782575,-0.002540603651570994,-0.00545160673357533,-0.004801893955488706,0.017242361870878225
2010-09-28,0.00887775210309078,0.009828537474682044,-0.0004049715094929029,0.0034946272477129822,0.006814731394312516
2010-09-29,0.0007818489523424245,0.002811325568685793,-0.0016220585091076352,-0.001746006028103719,-0.004159819249110832
2010-09-30,-0.0003126185129611772,-0.0025151121222211723,-0.0044734315850419775,-0.002974249546978208,-0.0006628718086689953
2010-10-01,0.0077875946216159906,0.005319249464314641,-0.0012234270719904238,0.00419685251633268,-0.004843926908687811
2010-10-04,-0.0034968907693697037,-0.013650298116698267,-0.010872683675803577,-0.007532195107988723,0.0025776340053424406
2010-10-05,0.019503402251400258,0.027988160355813852,0.02404817908501178,0.019932219645527976,-0.006025599236553679
2010-10-06,0.0062404468569036255,-0.003346201685294085,-0.008696599803172386,-8.60554787068699e-05,0.012487652932569938
2010-10-07,-0.010984948981022643,-0.0029191331610914383,0.0036495360593058516,-0.0012077176596900997,-0.008371239830342804
2010-10-08,0.009846345633438466,0.01263683282758324,0.0068578274699913075,0.005593154157733517,-0.004403679278193372
2010-10-11,0.004773561868528394,0.0008657808535437503,0.0004019665061021402,0.0009436117484446382,0.0001911816106484043
2010-10-12,-0.002497534484728762,0.0025927865047336005,0.006808215897988871,0.0030815525603531185,-0.009929971883112633
2010-10-13,0.015863209004852077,0.015132041390534166,0.008148425055519527,0.007746679115968557,-0.001550896111353574
2010-10-14,0.005059103545827353,-0.0007084305393691491,-0.00198130068817409,-0.003908769797184927,-0.015057558606244784
2010-10-15,-0.007972380291158545,-0.0034085543265488668,0.020999674707168986,0.00204160496124579,-0.012291036525408172
2010-10-18,0.004478333523156747,0.00835865372842077,-0.0036965261743465623,0.0049158344547615826,0.008046498127310524
2010-10-19,-0.03154691181467764,-0.019661653892512503,-0.009400962027204043,-0.013191462503300187,0.006015962291859806
2010-10-20,0.009256897200788577,0.010163893672945602,0.007254211538640185,0.009719133752470665,0.0021618591254693523
2010-10-21,-0.014187944908196784,-0.004853845910950316,0.0019513568670681922,0.002202903253796237,-0.01194392852112311
2010-10-22,0.0020061311504169905,0.006419281337781668,0.006800719463797868,0.0018607139493857002,0.006729039544770078
2010-10-25,0.008596340971850403,0.005954985094413123,0.0048301433926740715,0.0029533208068032598,0.0028567067574776167
2010-10-26,0.0002292345407023127,-0.000707293463367755,0.002693960458879614,0.00016823262963893977,-0.015562719492455792
2010-10-27,-0.01044556780572793,-0.002549085779680287,0.0030703808615811564,-0.00286813010258917,-0.008829163324332938
2010-10-28,0.01319240759250659,-0.006117156484943148,0.0021055773780226795,0.00016911079223318518,0.0027166426676475948
2010-10-29,0.010460109173882851,0.003134552273306839,-0.0022973881444722857,0.0007595872219625257,0.009303459431346237
2010-11-01,-0.005292194751345636,-0.006850981979833335,0.0007662713761037732,0.0003377945281235687,-0.004314462901518597
2010-11-02,0.00431154796969714,0.0205547131306882,0.010666929389672335,0.007898996315511246,0.013058670042841204
2010-11-03,-0.006968127295408858,0.003920795594082341,0.0045370436642971496,0.00400980748336011,-0.020611946955208255
2010-11-04,0.03333635562596672,0.024982217247203366,0.012184890228436801,0.01907483175116111,0.007754313698543531
2010-11-05,0.00256970222394171,0.005573043821490867,0.0,0.0037554328239107477,-0.017302059557826238
2010-11-08,0.010213058409749015,-0.0008135131786564456,0.0013034567950378898,-0.001876485515193006,0.0044809403517725045
2010-11-09,-0.01602260183973123,-0.013384127022316353,-0.005410979855598379,-0.0072095591602097135,-0.02229557570175028
2010-11-10,0.012095658550698336,0.01107541263558118,0.005038957143080632,0.0040209222147841546,0.0013506895089047276
2010-11-11,0.0030556455565671583,-0.003951460339955173,-0.006349327397949155,-0.003773961902589823,-0.0005201176265363168
2010-11-12,-0.029263198316056956,-0.016795423335257218,-0.016432474708215596,-0.01190908766588332,-0.005412465451695408
2010-11-15,-0.009545029587657348,0.0001388273168678648,-0.003815841229165956,-0.0014150872134078153,-0.021095199866194552
2010-11-16,-0.011010377007280064,-0.019624742318835996,-0.01657736888472805,-0.01570237400122217,0.024533525756565408
2010-11-17,-0.004514997714772795,0.002686130664274206,0.0029111417598089817,0.0005075971297760745,-0.005527798022885423
2010-11-18,0.013030179764404218,0.019295601752926526,0.015956913514463964,0.014611098412402771,0.004071686137457514
2010-11-19,0.0008324236217627286,0.0033180097271436853,0.0007629512332652117,0.0027470656595067456,0.006125507789964411
2010-11-22,0.009635717541740217,0.0048193625988323845,0.008350809433595846,-0.0008312936407579974,0.004237072855919817
2010-11-23,0.006943235453942185,-0.009523436635957618,-0.016003295707411727,-0.014583098053857125,0.004935955532159775
2010-11-24,-0.001712729779152155,0.022217280952396425,0.01996456447712851,0.014666091707559382,-0.0180113547065803
2010-11-26,-0.008006268905469849,-0.006941204181404226,-0.006610859146134284,-0.011715598463030387,0.013797361440681388
2010-11-29,0.003000481613543358,0.0015011301093307056,-0.0007583642859644206,0.0030257838904598137,0.00851331290334281
2010-11-30,0.014204706278409088,-0.007940719388667913,-0.012211197234804683,-0.005638876300404323,0.005195946300897747
2010-12-01,-0.00029537138827830117,0.022157849975571395,0.02089720035980873,0.02104447741284878,-0.022480409500544495
2010-12-02,-0.0013305341112288544,0.01003291025815118,0.01010097371338385,0.012727935488881556,-0.0026108040398528927
2010-12-03,0.021005714938510268,0.007162139935677287,0.002601907039932124,0.002688703886919211,-0.007872330024693293
2010-12-06,0.007504135483824827,0.00619186203837173,-0.00037120585449258335,-0.0010584275035828644,0.014022409487556202
2010-12-07,-0.01894037683401103,0.005762194320338454,0.0005572423895308664,0.0005705325955562085,-0.02163856185863223
2010-12-08,-0.012606652684668887,-0.0006528457562322009,0.003705181529232335,0.0036565536839744403,-0.009711369730711796
2010-12-09,0.004293772187225958,0.003391500883094052,0.0009240536608606542,0.0038860424834181034,0.004921337643131103
2010-12-10,0.00029550591176138747,0.012423744366843247,0.006628450774806257,0.00580089461721419,-0.006101083997636916
2010-12-13,0.004715247621070945,-0.005157526606745944,-0.0034925745466434805,0.000642417902969173,0.0037500530026869264
2010-12-14,0.0009549986110493081,-0.0005174681501054666,0.001839536281900213,0.0008829629090058894,-0.014652781929715242
2010-12-15,-0.010927425511095372,-0.0031091630718315245,-0.004421695643374012,-0.004582898233925867,-0.013108891303567884
2010-12-16,-0.0066291956887806385,0.00917019392452477,0.007724964305601239,0.005785048264401421,0.006904064848755012
2010-12-17,0.002910336725632516,0.003080825447257302,0.0008811325257108478,0.0010706555337356388,0.01807345813986125
2010-12-20,0.006758064192099476,0.003965816151459709,0.0007334586394772319,0.0024106950252962387,-0.00107310178728832
2010-12-21,0.001553132048372285,0.011044903997184313,0.006030079570387095,0.006320188605709623,0.006954229829220702
2010-12-22,-0.001997295201813413,-0.0002910646845871202,-0.00018225168199414332,0.0031054543246547654,-0.007169665670050674
2010-12-23,-0.0028919925235061706,-0.0012696759692738425,-0.0025543817521166065,-0.0014320517116229057,-0.0020417326505925196
2010-12-27,0.002669836944532674,0.0030439727854523115,0.00054821201021584,0.0003980508106377287,0.008891339018519616
2010-12-28,0.0161625389018061,-0.002790122684595236,-0.0018276947821657564,0.0014314822034312198,-0.01977872765654967
2010-12-29,0.003564587333997068,0.0021567896267075354,0.0021927379713522362,0.0007148150025384185,0.016778020417047408
2010-12-30,-0.004950202442879679,-0.001902290490928145,-0.0023758822682479466,-0.0015891810645872668,-0.0007518671429082638
2010-12-31,0.012257650782176114,-0.006624413491227535,-0.0036654753315736865,0.00023866907955497662,0.011004495080725943
2011-01-03,-0.005203836674790001,0.01723295422078556,0.015487186414616841,0.01028461398193492,-0.007572830050531637
2011-01-04,-0.023832475368098148,-0.014934902535217665,-0.0007234308319179712,-0.0005510469599558412,0.0011761230107158011
2011-01-05,-0.0028240572403502554,0.011662748723833943,0.008467847192387367,0.005184206904729709,-0.022272762862210728
2011-01-06,-0.004026801058528414,-0.004674216032984225,0.0032242261440397864,-0.0019602859233904283,0.004364215464808748
2011-01-07,-0.0018697884851869347,-0.005714539639922779,-0.0008947144869385764,-0.001964999053810596,0.0053191569406350475
2011-01-10,0.004034322186689475,0.005714539639922842,0.003751363025613681,-0.001258921927528565,0.0054000719249279044
2011-01-11,0.005873031403827585,0.004044271471477983,0.001425850727207799,0.0035373367112373644,-0.005616483361598128
2011-01-12,0.004068526754664966,0.008539638411329618,0.0070971478453628195,0.008984151340091772,-0.007828139421612153
2011-01-13,-0.010463555902437563,-0.00037552689581645817,0.0003538768366420864,-0.0016343548775998127,0.00891067295287097
2011-01-14,-0.01019728850011685,0.007477594925250354,0.007395459469075855,0.007218425324312591,-0.006403224970415835
2011-01-18,0.005561341914815331,0.0007452046324370167,0.0028032075521510786,0.0017003059028157246,-0.00469316197323596
2011-01-19,0.0021711298182139015,-0.026018227252322355,-0.011437053081413961,-0.009853937850255014,0.007194780817548993
2011-01-20,-0.01902521743105847,-0.010496711559902007,-0.007103372963951541,-0.0013265826487496668,-0.013889871504562577
2011-01-21,-0.0012965579493562846,-0.006714163456613485,-0.007692839112862989,0.0022617892718763697,0.00789788494086934
2011-01-24,-0.005126436648875738,0.007357032350973149,0.013733967573475264,0.005670278236954146,0.00043730440519020047
2011-01-25,-0.001996426218916223,0.0015422955612996044,0.0014165113643258263,0.0005423094560477632,0.009456288284605952
2011-01-26,0.008114547464887574,0.015796658191056436,0.0052924923707378495,0.0038634066002250053,-0.015262202004797531
2011-01-27,-0.02493473818294468,0.0029027991141859512,0.006139848194285846,0.002464816068169279,0.004493808223649656
2011-01-28,0.018202729323755898,-0.024752957936350344,-0.025685443661694878,-0.01761721524422272,0.00523603461272751
2011-01-31,-0.0031520585138855306,0.006951870530101194,0.004833081503154344,0.007488108301511726,-0.00764422380701455
2011-02-01,0.00713554983027548,0.022829297001972698,0.018576280276409233,0.015882178982945222,-0.004963214952403088
2011-02-02,-0.002679474165923171,-0.003769197509615254,-0.0015788068756240566,-0.0019141428768585027,0.00022115963123021265
2011-02-03,0.013325916144528013,0.0035182103990166994,0.0017545842239562546,0.002219757924558368,-0.008324881615513341
2011-02-04,-0.004093034478557125,0.0017545330121058334,0.005592175803638995,0.0028255049078807046,-0.010194055329550176
2011-02-07,0.0001518114527852543,0.009842166291719821,0.00469435279464354,0.006232980777135424,0.00516637076076824
2011-02-08,0.011026520280860727,0.007042336809503056,0.006569810985150099,0.0045358954870336745,-0.009228267151053448
2011-02-09,-0.0005258409922787546,-0.004442097352617972,-0.001724855544871809,-0.002265225153096736,0.008666800966914426
2011-02-10,-0.0016546424472632221,0.003949324855058259,0.001552316413775608,0.0003779819742928173,-0.011610622084105985
2011-02-11,-0.003997431521033765,0.010780388609571692,0.007212872911963516,0.005952616588974421,0.014298005595454555
2011-02-14,0.004749808107153751,0.005104617266585682,0.002392553159878189,0.0024007446718932214,0.0006704112575370602
2011-02-15,0.007642808665807496,-0.0057138289145548795,-0.001366089881809049,-0.00315273731347353,0.004458195526166558
2011-02-16,0.0009699324016305088,0.00801464940300134,0.006474586041746332,0.00629578963379525,-0.0032300586699737966
2011-02-17,0.006985145327737571,0.006990444834600632,-0.0003396818208401141,0.0029837491070806147,0.0015603294777537147
2011-02-18,0.002736258909305569,0.0010804896024989414,-0.002211119040781884,0.0020835251782210956,-0.003123486183167081
2011-02-22,0.006477679138460114,-0.026010517183402044,-0.029373278953923092,-0.020274146781396902,0.014862640498966954
2011-02-23,0.008911682609680623,-0.017389523264122946,-0.008275436537236416,-0.006162968516074185,0.003626472029282492
2011-02-24,-0.007518549348772146,0.006370059971105468,0.005290076655817469,-0.0006872855644220313,0.006342569734974671
2011-02-25,0.006572791889415744,0.02289263730871831,0.013798245611131214,0.010636231956538098,0.005868527970938136
2011-02-28,0.002036059244667372,0.0010946821312963367,0.002079209169765247,0.006176972425054423,0.001300443708113382
2011-03-01,0.017069773077460833,-0.020259803790696806,-0.01622905320709925,-0.0168132043815927,0.0028937355220585164
2011-03-02,-0.0007858590263391696,0.004209015050732228,0.005263856263857446,0.0021363768083375026,-0.01549216205845053
2011-03-03,-0.013165197646376121,0.022472364861099377,0.019583204605039452,0.017077749953766392,-0.009833463260077176
2011-03-04,0.009083177750322635,-0.0043573468583146535,-0.005161436956627586,-0.007520399596490702,0.008292810003551115
2011-03-07,0.002651630947559652,-0.016511034945661675,-0.013546930369285124,-0.007882230172711622,-0.0064071895074575705
2011-03-08,-0.00257991119154468,0.01614755667851784,0.004013483929926614,0.008711986206135777,-0.006114321300728081
2011-03-09,0.000358740549755809,-0.004012709985830067,-0.00681521916528874,-0.0014340312081727894,0.009654851319169218
2011-03-10,-0.011833598965568962,-0.02604258248658716,-0.015728798409882293,-0.01867924576956745,0.01664688580520037
2011-03-11,0.0032609684267887263,0.002622527826429349,0.006215230123679327,0.0069020355279446905,-0.0056638965615550835
2011-03-14,0.004619608225729074,-0.0053773626201575565,-0.003547060371894774,-0.0060557470040014365,-0.00043725893908884195
2011-03-15,-0.018827992605934686,-0.008942980917949888,-0.014314237222738698,-0.01152320116944251,0.01486046881722853
2011-03-16,-0.0002201664404463368,-0.010045385678591725,-0.024444685353304095,-0.018686502221674662,0.011240703204488469
2011-03-17,0.005343855984731355,0.002170758816612594,0.009191652378695611,0.01314797635653487,-0.007694473307919697
2011-03-18,0.010169288734282928,0.013174059334529193,-0.0022565047182942703,0.0036307561297673143,0.002677791135285861
2011-03-21,0.005549394715688909,0.022892472694446473,0.01909985276308473,0.015379060481490748,-0.00590207781117102
2011-03-22,-0.0006470134817238508,-0.005302972598934122,-0.0018030500082689565,-0.0034745516520911786,0.003331625398395054
2011-03-23,0.009234421102419529,0.0030862439420914814,0.005579833694445959,0.00285769951913155,-0.0012885152907157614
2011-03-24,-0.008012599220911064,0.0068819302411559785,0.017614352057395942,0.009517534766121797,-0.007546305384723684
2011-03-25,0.0002872255603370287,0.008672895106466252,0.002466388122785024,0.0030515546505635715,-0.0024935460951104873
2011-03-28,-0.005183605936138139,-0.002191768667686507,-0.005468676957689848,-0.002440164730387881,0.0014105434490544358
2011-03-29,-0.0023847279396549065,0.009341922441268878,0.009682017593503582,0.006695913881815338,-0.007722960215803484
2011-03-30,0.003322680368145147,0.012838752115774942,0.004719377344359567,0.006878167777676047,0.007939366587235848
2011-03-31,0.008544930078369888,0.003451255367927415,0.0013936949092893652,-0.0013572499257228827,-0.0020601379323896404
2011-04-01,-0.0047302006629672795,0.0043865757113530504,0.000521955718797722,0.004214655693720052,0.0048497498271987335
2011-04-04,0.004587159742600465,0.0022444993207377858,-0.0033117456315164117,0.0008260497221448028,0.0010841195842232847
2011-04-05,0.01568024406451237,0.005414121918543116,-0.002623009683636992,-0.00015016043907255662,-0.00401693265291315
2011-04-06,0.0023204441860725563,0.0022278321107892267,0.0024481236643577363,0.0031474551198926917,-0.015127500716644914
2011-04-07,0.0009125601693485474,-0.005990895408148854,-0.0006987116001903546,-0.0025472465338666787,-0.001989690871584046
2011-04-08,0.008037287998853247,-0.010541916614717936,-0.00472966889338354,-0.0034562788778704306,-0.005326303135822513
2011-04-11,-0.007125452862238653,-0.008970727276650738,-0.0033417575401183046,-0.003015295411493313,0.0008896469703775756
2011-04-12,-0.0072471647308646366,-0.013182899280555287,-0.006894697709308024,-0.007502157903375551,0.010724823479853367
2011-04-13,0.00204573660814561,0.001338171142072553,0.008478894940682349,-7.568421136545124e-05,0.006248936132612296
2011-04-14,0.013370425768477334,0.004609434131347742,-0.0017603486553275536,0.0007603584093151028,-0.0007650558713830452
2011-04-15,0.008585564685085078,0.010593492335853247,-0.0017636829367266263,0.0036417693479852014,0.013470523657671025
2011-04-18,0.006048472882944081,-0.016662848718070354,-0.0070856942538711784,-0.011271952269559885,0.002264001720248267
2011-04-19,0.0,0.00024360116136515597,0.0062026849457615905,0.005727672420212686,0.0042975973330206885
2011-04-20,0.003898423967414405,0.020243923633887568,0.02236303300222093,0.01354020185625551,-0.0064540250749378575
2011-04-21,0.001636922263399478,0.007368503732296341,0.007915707803073192,0.005095518110064096,-0.0008622835389098148
2011-04-25,0.0008854577994363184,-0.0013036204550486334,0.0025677075894058395,-0.0010466902443068231,0.003771766141296161
2011-04-26,-0.0033417949897760106,0.009910777022284238,0.005626269095407411,0.008568240108307467,0.009636035668280044
2011-04-27,0.019081653785337462,0.005969376098735902,0.0067777383481660005,0.006507626864278886,-0.010281573911828584
2011-04-28,0.004146955091005261,0.004540868502861757,-0.0015209688751253272,0.0032375268603868955,0.007614430320883767
2011-04-29,0.01687711902897774,0.00359505922948894,-0.0008463264187409352,0.0023485216313722827,0.0030934331801081094
2011-05-02,-0.012946818420868185,-0.01176029923700179,-0.0018635152831937866,-0.001540137171499287,0.0016033350640670611
2011-05-03,-0.003529916511002363,-0.012730388179547842,-0.004759317318153462,-0.0036040022498165032,0.0056436758922885424
2011-05-04,-0.014448752090855678,-0.01301415248291737,-0.0015347888857222198,-0.006652395711962734,0.004449778021899242
2011-05-05,-0.029260291794056918,-0.004576556256926849,-0.0054757451143249685,-0.009090100368300711,0.009469879043135409
2011-05-06,0.01267462896066856,0.00529781487994582,0.0032549662912735432,0.004406329544597856,-0.004407805778994137
2011-05-09,0.014213726890232377,0.011581559886898183,0.0037555677087735355,0.003867049182781798,-0.0010526233267503262
2011-05-10,0.0035220099792790545,0.015197584138098229,0.008483248519082448,0.008500210557587744,-0.007184590615202671
2011-05-11,-0.009237945533017843,-0.018645855369351153,-0.0072914048298726546,-0.010580575338762487,0.005709743017513856
2011-05-12,0.0003411664040718726,0.008775728369786967,0.005938664988084194,0.004749678962011056,-0.006346980250933594
2011-05-13,-0.006570357296572971,-0.014031075956785067,-0.011912436753742133,-0.00772948447973768,0.008979887687604193
2011-05-16,-0.0017870091740066025,-0.014716266827273512,-0.017443273175689136,-0.006361247926798516,0.005558558828027658
2011-05-17,-0.0043431154594507256,-0.0031649089575482986,0.002783857940702207,-0.00015046303573618643,0.010197847465677746
2011-05-18,0.005924110292412172,0.015243164673040698,0.008304252097252857,0.008896383541734405,-0.013340563483317108
2011-05-19,0.0003432638177482088,0.0021593582797438133,0.0029248168614031886,0.002378704521562472,-0.00041953137788234516
2011-05-20,0.012553972615642393,-0.00733509292837239,-0.0075877334847446265,-0.00797658552924047,0.0005244618882743685
2011-05-23,0.0023025631834914487,-0.018145601797513292,-0.014822502490004913,-0.011668805593694546,0.004814580756931591
2011-05-24,0.005127833323306366,-0.004804571682738009,-0.006168013055775617,-0.000833182933196448,0.003750917488258794
2011-05-25,-6.726457516765322e-05,0.012516841731637087,0.0038816131769369194,0.0033293997094197172,-0.004691148813703949
2011-05-26,-0.0024258812883911256,0.013084676291820078,0.006143962863761933,0.004596550105185079,0.00853186435560699
2011-05-27,0.009935606280794308,0.006837336629427342,0.0050622770340251,0.0038274995108482654,-0.0004133041707217817
2011-05-31,-0.00040086563861292825,0.01412596489185012,0.01606405356871586,0.01035706081970032,0.0022775231557233475
2011-06-01,0.0018027330517969423,-0.03270729571876065,-0.022002144805456626,-0.022717178357322843,0.013424049379816318
2011-06-02,-0.0027387456222016378,-0.00036531743434333017,0.0020998925625726112,-0.0010619338944202776,-0.019232542448376556
2011-06-03,0.004804501553227066,-0.014727845565337053,-0.01514623908730782,-0.009994366501691125,0.005725146175006608
2011-06-06,0.0017292622165884623,-0.016580746878849067,-0.008196786551222836,-0.010637554983254846,-0.007606268330796157
2011-06-07,-0.0003987873752467306,0.0023852417169545398,-0.0017907679812903888,-0.0006198914530207161,0.004591035946106826
2011-06-08,-0.004063560992703724,-0.011223943090267858,-0.007195705784033865,-0.004196378222156166,0.007779025421992667
2011-06-09,0.004993851388959323,0.005312094816079448,0.0018036103721230938,0.007602148441691682,-0.004037023840332593
2011-06-10,-0.008805874461023683,-0.01615049271658129,-0.015436578436567447,-0.01400781546085879,0.007647445204045019
2011-06-13,-0.00989874533208827,-0.0028244456782435465,0.0,0.0007831953508816215,-0.005057798621964162
2011-06-14,0.006072032480570563,0.02124309174040879,0.012729784575623876,0.012606453729235249,-0.015220848289969655
2011-06-15,0.003022245884073787,-0.018034343107874447,-0.01915608490004898,-0.017945928633445025,0.01801064011223438
2011-06-16,-0.0010063666073081164,0.0023045138657051666,-0.003875439816958688,0.0022024603606547234,0.004529590978777468
2011-06-17,0.006490278771680714,0.0002553910907243612,-0.003136851465899032,0.0029795379328806043,-0.004734892907686726
2011-06-20,0.0006000356050579211,0.00916173926191885,0.005191858752589571,0.005102901046787093,0.0012373013006221072
2011-06-21,0.004853865999923359,0.021427758863610993,0.02122706512708528,0.013610869727588916,-0.004442737604552928
2011-06-22,0.0015245138749051255,-0.007715719243356913,-0.007268888552271366,-0.0060434469232227015,0.0006209464105752369
2011-06-23,-0.01770673421621351,0.0038650103589177322,0.009258328610087385,-0.0028800474439454075,0.00762692097215491
2011-06-24,-0.014121089335867159,-0.005115637500344516,-0.017499814985661503,-0.0116809196359272,-0.004218178594102957
2011-06-27,-0.003630257057320092,0.007725917621072109,0.01587223608418729,0.008871178158800527,-0.013809124585413913
2011-06-28,0.0034935800405475424,0.015397167191238053,0.014732641355246875,0.012968720620979191,-0.008082678639126975
2011-06-29,0.006407132466265777,0.004755944324802409,0.0040933837867943405,0.008527759975629313,-0.0066625530983074645
2011-06-30,-0.008049656026433037,0.007272441309450732,0.013233857866610145,0.00951678938783754,-0.001591698643092518
2011-07-01,-0.0073558050101630275,0.015460085499518184,0.014961699509312216,0.014668065317507658,-0.0016013478889723366
2011-07-05,0.018458359922485637,0.002406520688007877,0.004995229683430839,-0.0008214648347580377,0.0022404783390490355
2011-07-06,0.008632944574224394,0.004037171398677145,0.0032596480597410532,0.00119466180221485,0.005102252809174979
2011-07-07,0.0016103488438778855,0.014938595428171305,0.013607775116193698,0.010321831555085722,-0.0029737143582722024
2011-07-08,0.007348103376555757,-0.006089608659986474,-0.002706972465706284,-0.007117368179035146,0.014044088905415551
2011-07-11,0.008878910398621733,-0.021490489182617502,-0.018292473881471105,-0.018245725661014924,0.014882586475337066
2011-07-12,0.007754066530314864,-0.00565709476620972,-0.007620571865408419,-0.004328322778751774,0.0034029311822701236
2011-07-13,0.008927726045871467,0.00889217807474702,0.004163866209929261,0.003342659388294366,0.0027766488097565414
2011-07-14,0.002591642671108347,-0.016038781408732015,-0.011667608828417652,-0.006926377707828868,-0.014373711413474944
2011-07-15,0.004261669024496625,0.006663894910811073,0.013224665132507904,0.0057882635000836465,0.0016651323589143212
2011-07-18,0.008788653016896502,-0.016191194120197847,-0.005373013386723537,-0.00823504820015804,-0.00971659801784122
2011-07-19,-0.012274058243285656,0.022330997309581685,0.022511210423735165,0.016101380414858667,0.020575520166719645
2011-07-20,0.008755048684885084,-0.0016821317440253443,-0.004256944059573401,-0.0006030307802896955,-0.011899349336515238
2011-07-21,-0.007656478889253896,0.00909552649163623,0.006633311191193579,0.01377573745081191,-0.007732166573870785
2011-07-22,0.008297158381419902,0.001309453052349756,0.010287530812996765,0.0006690876479712848,0.0075245674006780335
2011-07-25,0.007784134589571454,-0.011848501381977208,-0.002015457026485691,-0.005588522233472351,-0.0109928178247442
2011-07-26,0.0027292577237113358,-0.007613290510321128,0.002518887063034113,-0.003743132835967279,0.0068184301538572745
2011-07-27,-0.003683023077966326,-0.03029840544255267,-0.026165362851497585,-0.020688007306032184,0.00010519108493840264
2011-07-28,0.0008267138480823339,-0.0016269593681884577,0.001719878649175643,-0.0029142127225510054,0.003755938866096918
2011-07-29,0.006146757162875088,-0.0012531580933682301,-0.003270646245615706,-0.006857589497936108,0.019594294572541675
2011-08-01,-0.0036074345335545903,-0.00654265802717604,-0.004666108950266848,-0.00426179233121081,0.010042232593153812
2011-08-02,0.023807683707060965,-0.031675575818806055,-0.02561522988193578,-0.025879837947864377,0.02958459669563463
2011-08-03,-0.00018574519969141986,0.006623652034318623,0.00955074012063475,0.0054042799254978265,0.0019682334427197044
2011-08-04,-0.0052774225526159586,-0.06221182160379216,-0.04758531120078957,-0.047973983281078915,0.03496210670829252
2011-08-05,0.006886100677144776,-0.017648048091590193,-0.006296212390899356,-0.0014979752429303969,-0.029277880127977992
2011-08-08,0.032660154649896335,-0.09108516808794387,-0.062076817606024876,-0.06734061104539275,0.03107927332996095
2011-08-09,0.00887627137888437,0.06451919528613789,0.04710396629865426,0.0454504328027691,0.003026919768881675
2011-08-10,0.03479474038575463,-0.05018750102490348,-0.04178080317517765,-0.04518324374881974,0.029319191831072844
2011-08-11,-0.022182601344645846,0.048746870719078905,0.043099841095205225,0.04390567227344207,-0.05176504466168471
2011-08-12,-0.004578540379765363,0.0061807797555313735,0.008812119333384123,0.0067106132774484096,0.01960861927991843
2011-08-15,0.010709069242453939,0.027836089348020447,0.014639553861377106,0.020944183303730227,-0.010187088469067648
2011-08-16,0.0122643855311679,-0.018565918748837312,-0.008498009825509724,-0.008576236902452471,0.0164192648137526
2011-08-17,0.002870760456120654,0.000284163551426277,-0.005955030892863162,0.0006690289418712342,0.0173575351853495
2011-08-18,0.01874311163551858,-0.05859524215765412,-0.050330959540976,-0.04407575232735275,0.02033065661882337
2011-08-19,0.012469732629723616,-0.017764506159286233,-0.018221372061441216,-0.016464952408129056,0.008035878981418625
2011-08-22,0.02545811201523618,-0.0035294485260868353,0.0035910890869491605,0.0007982121104831678,-0.002521337001094445
2011-08-23,-0.03820924283947076,0.04714207644104802,0.040399825446274094,0.03238038002444347,-0.013889479072719488
2011-08-24,-0.03447040239609572,0.014702726276063791,0.007811749264076768,0.013986456479372751,-0.028842941627812223
2011-08-25,0.004127831942992827,-0.024873299554781774,-0.016457045619310294,-0.01536143801418672,0.010762299841205598
2011-08-26,0.029216271136055655,0.023571729288121148,0.02477295559947864,0.014429473994280004,0.009819238871765824
2011-08-29,-0.02037867554084576,0.04623055780968545,0.027475334828188716,0.028331024150018928,-0.013923037512675828
2011-08-30,0.029521431261488856,0.005786071743291122,0.0065705007802541755,0.0026331942888547224,0.015948775261567082
2011-08-31,-0.007735058209084623,-0.0020625398169896764,0.0016359410926048209,0.004428014441456306,-0.015574967419038589
2011-09-01,0.0008436339994106385,-0.021706806884972656,-0.009122625145167124,-0.010528077386094369,0.02097678299718139
2011-09-02,0.029743880060709684,-0.037697040310708245,-0.023740367953757495,-0.025881918925421053,0.03196923755519078
2011-09-06,-0.0018572769704758563,-0.0027789219838173125,0.00018809747993853257,-0.007324006268334491,0.010345707346909174
2011-09-07,-0.032337903821831236,0.037094329324440865,0.025017475573361304,0.027816861182785754,-0.01927309432906515
2011-09-08,0.026360554098634244,-0.01851901888317879,-0.004585772976806683,-0.0104459482734578,0.008927386982155913
2011-09-09,-0.006123991593192474,-0.02991836028587178,-0.022497997387155647,-0.02655925554323667,0.010609630579709092
2011-09-12,-0.022554605449326134,0.008556315495828016,0.012705810312647276,0.0064490188872890816,0.0010543013859496415
2011-09-13,0.010529052886616642,0.01602778034787171,0.013279217844558338,0.009129546297191768,-0.014333618364692359
2011-09-14,-0.007477120273184911,0.017765653074348374,0.014190024712471307,0.013749239112442482,0.00843035502398456
2011-09-15,-0.015984031396099732,0.013960587631406177,0.014703271254177233,0.017109936210011695,-0.015406541895735395
2011-09-16,0.00930295164559379,0.0015393657468126018,0.009124372825904798,0.005901131772936267,0.007243365617482037
2011-09-19,-0.015572543748898304,-0.018059140287187445,0.0003534295444816089,-0.010007108044651903,0.018886237679265644
2011-09-20,0.014151321817653911,-0.01564019280645331,-0.004425990313403207,-0.0011642611207133887,0.004188109823104536
2011-09-21,-0.012537030407863034,-0.03772363493618237,-0.017541214823274937,-0.029901155474154385,0.03254808277368779
2011-09-22,-0.026501628577849823,-0.028329767982907206,-0.03304286186560154,-0.03285867454097623,0.0368973493038498
2011-09-23,-0.0562714947767603,0.010183675507313097,0.010582399088679712,0.0060074218343999,-0.01877454686376469
2011-09-26,-0.013989774992148278,0.0187064875029959,0.011567067295201475,0.02350216168109245,-0.0161861845558392
2011-09-27,0.019170336530176878,0.021317390255292133,0.010351542650562708,0.01112121134064772,-0.015426901918834104
2011-09-28,-0.0278383359714093,-0.03910295865987423,-0.014925411087456427,-0.020629452045418068,-0.00034158594675537277
2011-09-29,0.009429196621174493,0.01718284422280089,-0.011991767127929178,0.007872045253356568,0.006897570761433561
2011-09-30,0.0022802177134303657,-0.031082583610866316,-0.026136721026371233,-0.025306880980949662,0.02480845130772959
2011-10-03,0.01818123629201861,-0.05284965311408063,-0.026055507197997513,-0.028870252254188492,0.02714832311546871
2011-10-04,-0.02084198016777855,0.06044095672926888,0.02032346766715247,0.021686286065153174,-0.012762124377043955
2011-10-05,0.011479200723122179,0.013643507845816404,0.025351723752752135,0.01834559239260405,-0.007224306183547973
2011-10-06,0.006438520382399495,0.021985574797965587,0.01667312847730437,0.017929437768018794,-0.0186301311522418
2011-10-07,-0.008196078194995479,-0.024729651060875678,-0.0066360576130813816,-0.0067180366050220465,-0.007414893112460203
2011-10-10,0.025369706940620972,0.04288385291434682,0.034000292643369665,0.03289829599096947,-0.014224662310726067
2011-10-11,-0.007191831911733941,0.006850893571246253,0.006769721170787145,0.001003060288664879,-0.003351355116924813
2011-10-12,0.00713052198207639,0.014135304313501039,0.004959603776910764,0.00873379779737729,-0.014653416267867187
2011-10-13,-0.00589749505275014,-0.0008599555204433039,0.009145159010530469,-0.00198949368182548,0.009908811445891933
2011-10-14,0.006754651748949264,0.019588646186779066,0.018387662285946977,0.016949396542730324,-0.014636194677438118
2011-10-17,-0.004784984318897891,-0.030832862450022848,-0.015590109726641389,-0.019275731452714977,0.017140566209849342
2011-10-18,-0.004807990522259361,0.02618383160286276,0.012318850597111616,0.019357051004434165,-0.006231105716676837
2011-10-19,-0.012247215797121397,-0.019681498998887194,-0.019502713267078607,-0.011899303860705014,-0.0003473299364656849
2011-10-20,-0.013222651084731378,0.002733017899238354,-0.004935693911955313,0.004366169054239012,-0.007145203253508844
2011-10-21,0.01103102964708361,0.021457309154886542,0.012468653828603678,0.0188090885539637,-0.010639270927449726
2011-10-24,0.009359274408804371,0.031687485949505594,0.020554879103779962,0.012186568938469167,0.0016786517935306138
2011-10-25,0.02798622413330745,-0.028459069720014232,-0.019857427159452348,-0.019635401547857284,0.02509693788596636
2011-10-26,0.010871290055837372,0.017089616332312183,-0.0012212945721795582,0.010107602959403487,-0.017624569285026037
2011-10-27,0.012761764976101417,0.05141735872431718,0.02721476433903443,0.03424153053799096,-0.034484761439531275
2011-10-28,0.00041272557597136334,-0.0051164314121818835,0.001528053947160949,-0.00023303690721416143,0.010461553069601592
2011-10-31,-0.013532963163571735,-0.026927518260156463,-0.016939301633982693,-0.024400797661849324,0.03888982840814915
2011-11-01,0.00023905679353779965,-0.03604305110519967,-0.026402387154012573,-0.028284986701285736,0.03292625925601095
2011-11-02,0.009986961282971352,0.02435466815149047,0.008468403787618687,0.016180109224406145,-0.012552177507546013
2011-11-03,0.015611583405325672,0.024575955867909227,0.02051912432748218,0.018063098961303897,-0.013828168245873454
2011-11-04,-0.005079236179332056,-0.004947794308054625,-0.00517675770884325,-0.006117552588660246,0.0012015427202940118
2011-11-07,0.023885642975553973,-0.0020119864695928857,0.0070685320913790066,0.00619650187491881,0.006333433582984935
2011-11-08,-0.008321169193389317,0.014533716775543121,0.01144433491822558,0.012749159841683358,-0.012878656675785196
2011-11-09,-0.008449074737466438,-0.04882961026412544,-0.03578946770703057,-0.03760801114665101,0.0205273445153697
2011-11-10,-0.0054194819068881525,0.007340266760887034,-0.0005282860674956123,0.009374749029592786,-0.015012382668325431
2011-11-11,0.016343494900231577,0.026014472316302866,0.01866948058219338,0.018647373376123894,-0.006120568129852914
2011-11-14,-0.004378447815266984,-0.014489994602650587,-0.006242366586340697,-0.009519521233437264,0.015954949101550504
2011-11-15,0.0009233822403350991,0.012605836949799684,0.011070817206756187,0.004929608391094278,-0.0013623458753760243
2011-11-16,-0.01072881883307553,-0.016295866569747523,-0.016652415270766108,-0.01599000569775916,0.009076236140173107
2011-11-17,-0.026049069788272285,-0.014340678919873763,-0.02371812748421486,-0.01600412366328143,0.007991245143122336
2011-11-18,0.0031070114130365514,-0.0002781711031943398,-0.0077316819869193915,-0.0010651276912889253,-0.00025191505542520177
2011-11-21,-0.024886493203201684,-0.02418580764982305,-0.01931885766120751,-0.01920259791783556,0.005931879990845272
2011-11-22,0.011009493958958352,-0.008432629414971806,0.0033070458980530215,-0.003935921671963746,0.011101191715969056
2011-11-23,-0.002907833444255293,-0.03193842094219013,-0.02281930530682235,-0.02231261159311119,0.009754355163527784
2011-11-25,-0.00871350577932607,-0.012826537396245489,-0.007723172948693775,-0.0018893761125395917,-0.014627809728798853
2011-11-28,0.019574669781168473,0.04648608310874879,0.03420378826676708,0.028555474861957045,-0.0004967158945503431
2011-11-29,0.0014992056580314238,-0.0018646190153010975,-0.006233085540604938,0.0028362062614350264,-0.008232527931117149
2011-11-30,0.019287858882640098,0.05678346699812651,0.036295640836140744,0.040325401483583816,-0.01573957318351023
2011-12-01,-0.0029432561018175956,-0.007213991836790927,0.006892239995659193,-0.00016021727919819927,-0.005030448995046308
2011-12-02,0.0011194724078150643,0.004089323816629337,-0.0028216886595985994,-0.000880591329481065,0.013920175292197605
2011-12-05,-0.014830905352806206,0.01699836989616516,0.010890482774500729,0.010833362971455042,-0.0020249055057298235
2011-12-06,0.005126600507155191,0.0009349459410802302,-0.0027990566517973442,0.0003167691196221393,-0.009590075228353749
2011-12-07,0.007227955332883408,-0.002005796552810054,0.0,0.003715626194614553,0.0035752444309745763
2011-12-08,-0.020395472758271072,-0.0315588003664671,-0.016961585820422686,-0.0221806403199879,0.01241307869137174
2011-12-09,0.002527218277842403,0.029681783450326512,0.015910115501842067,0.016800465745845865,-0.02077483785751823
2011-12-12,-0.026859852864766727,-0.014458733588444314,-0.011287550520799794,-0.01470514686015482,0.011077205623449818
2011-12-13,-0.022095571965698058,-0.021044501279556017,-0.01105806266432496,-0.009382774459331264,0.009277876181074327
2011-12-14,-0.03572036229643507,-0.012589251807348984,-0.015725415455857872,-0.010703002986974066,0.018714141560494453
2011-12-15,-0.0036694724115009882,0.009247558446245344,-0.0027363703539436137,0.0036075518913790657,-0.0037147856415991236
2011-12-16,0.018858628346003374,0.00778024128495136,0.005134934129255469,0.0014817069817533728,0.011594383346918221
2011-12-19,-0.0023218367153054562,-0.017450170185762982,-0.009891795548485039,-0.010749289091831826,0.012591524101632352
2011-12-20,0.013532357682449965,0.03935067721487987,0.029208267994397456,0.02981132314144695,-0.025262015708092913
2011-12-21,0.0011460365099759205,0.004053608625875595,-0.01440651873416414,0.0019348146695728832,-0.014007031519473597
2011-12-22,-0.007152076380172022,0.00634841968692601,0.008489266660085844,0.008819683327653033,0.004189346084824905
2011-12-23,0.0017288576765001683,0.0037628607051274905,0.008595842085858597,0.008900792939700827,-0.011182797925018466
2011-12-27,-0.008996872529867412,0.00294683523334214,0.0037231961510379575,0.0007912496029541931,0.004739304303348114
2011-12-28,-0.025365842262780703,-0.018356547407951958,-0.011624937183834972,-0.013210696523554784,0.018319774387935965
2011-12-29,-0.0045791131052559195,0.010030012496049573,0.007169933912424926,0.010281133206704719,0.0018216518572493699
2011-12-30,0.010915393959510784,-0.005409486298614929,-0.0028621317092887358,-0.004927962254569266,0.0032219852127914218
2012-01-03,0.025528278105768725,0.016407245958034597,0.018984104979307984,0.01581040091111177,-0.015124114259273173
2012-01-04,0.005053962921992179,-0.0054840088335798235,0.004208757781754371,0.0015672711914645403,-0.011961015061341345
2012-01-05,0.006804643552456634,0.005617062655525331,0.008192066447004992,0.0026591867639179346,-0.0017807677568534358
2012-01-06,-0.003682789348313295,-0.0025367359688722195,0.003465498623980903,-0.002580707901463165,0.007863317344945999
2012-01-09,-0.004462850601680474,0.005068159093250238,-0.003291997988735321,0.002424377510253532,-0.0017700538674649134
2012-01-10,0.01358147038393252,0.014527180156484425,0.00726257534393284,0.008633269577557903,-0.0016894039393704262
2012-01-11,0.006471693519725533,0.003925570859610733,0.002065592640202726,0.0005417812210673638,0.012931833499206074
2012-01-12,0.004436855940286991,0.0029995875973188846,0.003946877140138996,0.002396753754835122,-0.0014196548364789781
2012-01-13,-0.00700797748665459,-0.005353467348431038,-0.0036031125366188218,-0.005187142509750217,0.009893204554181724
2012-01-17,0.007755890232572322,-0.00039305414578890416,0.009068471401862416,0.003873297980365221,0.004622624475759388
2012-01-18,0.006830241286203655,0.017654509749490045,0.013198082256358842,0.010995546805347233,-0.012178213393983863
2012-01-19,-0.0023542844291586738,0.006156403640811274,0.006200250219979066,0.005262673042180576,-0.013849794298684126
2012-01-20,0.005258486434611419,0.0006392825517059841,-0.0015047942665658153,0.0037204454355000438,-0.011389499720550601
2012-01-23,0.006702951032527608,-0.0012783830829142197,0.0003347225841275167,-0.002580212747294642,-0.006346495905432056
2012-01-24,-0.007073309078255219,0.005741601741539015,-0.0018413514867555811,-0.001140232688205363,0.0018054152825966651
2012-01-25,0.026856674653672707,0.00848802373871205,0.012488609366228542,0.008332554642976393,-0.002407303338134097
2012-01-26,0.00509459639654765,-0.0011361604564189228,-0.003481266975924916,-0.005142892267106583,0.01316930938141282
2012-01-27,0.01011189273071679,0.00679686906347736,0.0029845316365285698,-0.00045495894356224645,0.00313798874027182
2012-01-30,-0.005578663971878356,-0.007807614799701645,0.0008275176125398548,-0.0034196609562298806,0.011702633118243327
2012-01-31,0.007588812095342065,-0.0010120021599110873,0.0013225342911887211,-0.000380627337638987,0.011485606828837603
2012-02-01,0.00147549236555642,0.021285499612510157,0.008062798834936142,0.008719015122053347,-0.01152044720839161
2012-02-02,0.008749097178977205,0.005682424741533079,0.0031089246566297483,0.001583906716426493,-0.0004203343129483486
2012-02-03,-0.020137109848909707,0.021569276823572143,0.01362991338398313,0.01392138703451366,-0.021723216904694396
2012-02-06,-0.002747786955391367,-0.0032605044489598628,-0.0008063097243290408,-0.0006690538454421965,0.009902025236654274
2012-02-07,0.014961121796296195,-0.0006050193094520499,0.002094763255787904,0.002525706824855331,-0.012478678803536009
2012-02-08,-0.0070964044645123875,0.00217631393004598,0.005297193985340845,0.002963233139292278,0.0007735783054137059
2012-02-09,-0.002852704427427749,-0.004963633951676318,0.0071789690390562325,0.0012565937252101299,-0.007504559811690217
2012-02-10,-0.005251264443437007,-0.01380881650945904,-0.007018594707779593,-0.007415035467555961,0.01290425239091684
2012-02-13,0.0022112372609914763,0.012837363053794579,0.009241576710427283,0.0074150354675558815,0.00128151382607836
2012-02-14,-0.002330930151636942,-0.004504189941459492,0.00253438796220727,-0.0012565937252102337,0.005278716644133938
2012-02-15,0.0059064426447289235,-0.008333173112335161,-0.006985098699102607,-0.004670913355326259,-0.0017854078640825773
2012-02-16,-0.0006545512723762022,0.018651420407105934,0.013607933042430905,0.011012465041474887,-0.008028502061307648
2012-02-17,-0.0038765152743636634,-0.0001204868607746692,-0.0031484291199753997,0.0026421324104161227,-0.00025724024441913516
2012-02-21,0.02169306958114338,-0.00678761294328864,0.002833639028793727,0.00044008310813712243,-0.01112749887558146
2012-02-22,0.011164193939316386,-0.007935622774243697,-0.004569434774982322,-0.0032294847956659627,0.01249928838780758
2012-02-23,0.0004624917963242474,0.01484372257830701,0.006611164975905811,0.00440087839244885,0.0
2012-02-24,-0.0045764514047417675,-0.0019342283724792424,0.003445295752226239,0.002193589895028763,0.00648930826544466
2012-02-27,-0.003082017911286478,-0.001695552253411499,0.0014061504424376827,0.0016780058210537979,0.00881208964569223
2012-02-28,0.01037124237129815,-0.002669571759056955,0.010097326421984302,0.002912603085276216,-0.003295995412648348
2012-02-29,-0.054486874448655936,-0.01506289637852042,-0.004492347330153585,-0.003933526181549197,-0.006112572633613917
2012-03-01,0.014022637552039158,0.005169125070219913,0.007886875318836174,0.005168057617415693,-0.009458203367109449
2012-03-02,-0.0016218911795983044,-0.01508799782509939,-0.0007701192020349931,-0.003054047378140562,0.009347268755249495
2012-03-05,-0.00415677252468325,0.0011206751451133586,-0.01038222294337713,-0.004086340814434808,-0.007970264882278345
2012-03-06,-0.017969096432021343,-0.020116257559637227,-0.009861481810043473,-0.014733615304715213,0.012059286679444533
2012-03-07,0.00569981581334447,0.009354179191266713,0.007678228494639708,0.006951668507175652,-0.006140058023610375
2012-03-08,0.010033186704286951,0.012875998578785835,0.010713675463155284,0.009900197540939584,-0.010057866241254989
2012-03-09,0.0066333602174327025,0.013447902277019506,0.004161176643795681,0.0038601758246827192,0.0019853226502630585
2012-03-12,-0.007904687473264298,-0.0019625870766358687,0.00046105040871414273,7.235154561209275e-05,-0.0001722005753910714
2012-03-13,-0.01692317740609355,0.019696569114787885,0.01843067685563073,0.017865348194320937,-0.017750925048554928
2012-03-14,-0.01696375000167828,-0.008220680892355886,0.003464898650099227,-0.0010716134542363394,-0.02551778046626974
2012-03-15,0.009418404028557977,0.008341332090943843,0.002853395210754826,0.00577264573461169,0.0015292448322815455
2012-03-16,0.0013648567003107786,-0.0008434175170596276,-0.0007062649795535441,0.0013836764689596135,0.001977362477439103
2012-03-19,0.0017962362702596962,0.008398471811055633,0.00704100954588729,0.0039126407349289165,-0.012008318394244953
2012-03-20,-0.009076224493998303,-0.009000823762541271,0.0017892124465199491,-0.0029150044866095297,0.0039890620597298285
2012-03-21,0.0004994807381019333,-0.00024155475851422446,0.00014945863891374688,-0.0016389795728293857,0.011244266024754191
2012-03-22,-0.004002753243231974,-0.009693255774224177,-0.00208803446124677,-0.007229607151230445,0.003215039641216396
2012-03-23,0.012208133046479623,0.00973502252563514,-0.000597419665950257,0.003227413161077315,0.009407291806027805
2012-03-26,0.017611569127534244,0.020589654014450863,0.017327532639384212,0.013937986423732562,-0.005136753142120432
2012-03-27,-0.0070809013076213,-0.007015404372568734,0.0014666235703493463,-0.0031121220451625635,0.00716659451156965
2012-03-28,-0.010654517949322703,-0.005863334323815533,-0.00396590709832389,-0.00497086795634762,-0.0014118538216428538
2012-03-29,-0.0014250489249673808,-0.0028846438309483597,-0.0038344296998915105,-0.0017103386151407559,0.0074754067410212986
2012-03-30,0.005194794327439433,-0.003254770994237741,-0.0019222331298558832,0.004127619566890183,-0.017055211833383703
2012-04-02,0.0050452782243641,0.012242136051616555,0.0103090587815942,0.007288154999985633,0.005524849955100992
2012-04-03,-0.01889597488595619,-0.006703357667033942,-0.0002929177372484026,-0.004097378154485699,-0.01748071225138448
2012-04-04,-0.016903541070223595,-0.01610083391870427,-0.01372407533918906,-0.009960327714071255,0.013652842053501637
2012-04-05,0.006972586754221729,-0.004402784113244031,0.006221057067521774,-0.0005003796771641789,0.007199515706169043
2012-04-09,0.006673391569320288,-0.01656243578083968,-0.00755948340367185,-0.011295063091294926,0.023112382626681114
2012-04-10,0.01079681583610527,-0.02383556352732363,-0.016199560360562658,-0.01692723129571699,0.011272795601068308
2012-04-11,-0.0001862294945727839,0.014067512843277398,0.0048274129556734454,0.00806194875282414,-0.012052153954733205
2012-04-12,0.010068896893171232,0.014244427029333595,0.011372147404889161,0.012980557310244297,-0.0041659657036501666
2012-04-13,-0.011435703837606927,-0.013237974191101738,-0.015292464831442726,-0.011959186883034212,0.01604710193377131
2012-04-16,-0.0024275594635374416,0.0016331406877745079,-0.011243088471835073,-0.0006566934674729966,-0.0014560228381394803
2012-04-17,-0.0013096363661056385,0.014331229705411465,0.020117266712095756,0.014703582340699113,-0.0006004749789749711
2012-04-18,-0.005883121540853622,-0.007576394262089164,-0.0025491235777929913,-0.0033851198776152325,0.0029123390041046414
2012-04-19,0.0007529342193186616,-0.0057512653323000896,-0.011323248405383792,-0.006441485728824683,0.0009401435403436232
2012-04-20,0.0006897239210806605,0.005751265332300025,-0.002736770536823711,0.0016685876790619315,0.00017080576522374047
2012-04-23,-0.0029502294460589935,-0.013935520302749043,-0.00917746218497433,-0.008444291226193439,0.00723410367024722
2012-04-24,0.0014448331190362385,0.007557069474165506,-0.005392149087429272,0.003793926122547431,-0.007062852735835153
2012-04-25,0.002006723784330158,0.015438822531116515,0.026224892978696856,0.013599162554115422,-0.00513831336955697
2012-04-26,0.00879471559167779,0.009834784648047757,0.005851680530730425,0.006944489276931824,0.005991284812782889
2012-04-27,0.0021711872276646304,0.007799133087135122,0.005966637468770579,0.001639563764198973,0.0008528127394476557
2012-04-30,0.0030934874938505622,-0.011107349307515174,-0.007163888166098349,-0.003710884310563661,0.0002560523875960569
2012-05-01,-0.0034653347638567127,0.0009811822252688595,0.001645890619142077,0.0062009965908936295,-0.005200166906704932
2012-05-02,-0.00453550513766278,0.00269411408999285,0.002837469919295688,-0.0029890876104597414,0.0070183919658702645
2012-05-03,-0.010138997417698532,-0.014163775668694081,-0.010643936118729868,-0.007654546541156175,-0.00025587079222336574
2012-05-04,0.0031403115630244814,-0.019160300910903358,-0.025182488530304793,-0.016289569993372353,0.007817763002365365
2012-05-07,-0.0024485925648660245,0.002651926030789626,0.0009272012197362393,0.0007294337915574545,0.0001690094139076408
2012-05-08,-0.01955122460022864,-0.000631094289969983,-0.0037133742655781517,-0.004019732726263336,0.005317623402150875
2012-05-09,-0.009856096620851877,-0.0056939867937965145,-0.003104478383188342,-0.0059494996349933405,0.0006739407195666154
2012-05-10,0.001940260901209398,0.003799474884362943,-0.0020230848426812612,0.0020609890197638117,-0.0029486591503323184
2012-05-11,-0.007848817296009933,-0.00253165090561274,-0.00015581219214009492,-0.0030192431782324588,0.0082341370846563
2012-05-14,-0.01462845943520308,-0.013396670680221316,-0.009392831550220946,-0.011122618884118207,0.013878359860049474
2012-05-15,-0.010562401311462568,-0.0018006261533138367,-0.003308252345246906,-0.005758617488466209,0.004035409518368651
2012-05-16,-0.001871650064246415,-0.007232119391157869,-0.006808743761457298,-0.0038316892842414794,0.0028725755553801477
2012-05-17,0.022101053281684286,-0.022944487622235957,-0.021357552427923344,-0.014942266988005767,0.017548108402270942
2012-05-18,0.011387791619555667,-0.00946126625662277,-0.013069943885257897,-0.008595557479263646,0.00024262186279397452
2012-05-21,0.0006467713402268693,0.023290794020250437,0.027572144378671816,0.01704225220538305,-0.0020950546947239523
2012-05-22,-0.016757749444190322,-0.006034862530557692,-0.0011204698194458341,0.0017412995312805276,-0.011198001708363657
2012-05-23,-0.0030293517963689474,0.0064273982158359,0.00192015532553297,0.0005292475585528312,0.006911713692702708
2012-05-24,-0.0013859452168922916,0.0020900241601287672,-0.006575255744941314,0.0019639150264215226,-0.0038157241092336407
2012-05-25,0.008352766698997548,-0.0006528249935869263,-0.0012883491727846022,-0.0032495695043565954,0.00373499751234893
2012-05-29,-0.010931873240010203,0.014388883447646704,0.012647376875877782,0.012038821758114746,-0.0030844298195529707
2012-05-30,0.005875957660694494,-0.019362590300625235,-0.008466969422332753,-0.014616207275313263,0.025045278843680994
2012-05-31,-0.001910905902789609,-0.001313450681184803,-0.004341195325551335,-0.0022036655575918018,0.011508598318843002
2012-06-01,0.03804809984180762,-0.030549266092770616,-0.026947137857541922,-0.025499005413535725,0.023462815514323488
2012-06-04,-0.0011434641458968186,-0.00230578856330694,0.007585620154161409,-0.0004684780477491861,-0.007933037102002502
2012-06-05,-0.0011448702562414747,0.012816412277144923,0.004098891977504381,0.007544039188019588,-0.013466328683949303
2012-06-06,0.0004454100462342761,0.024365667454697225,0.022647169917042714,0.022219602736157456,-0.020186948597355765
2012-06-07,-0.017388437571983575,-0.006562693998847624,-0.004006370180984329,0.0006062535357545954,0.001518021860246328
2012-06-08,0.0014875385514176553,0.013472456300723358,0.009589074595654671,0.007919714642695315,-0.0002396693175403642
2012-06-11,0.004063373582424457,-0.02233398888363476,-0.017003791062834787,-0.012778437240870797,0.0045419013632082
2012-06-12,0.007055420696368892,0.012541564138929552,0.012060935246730254,0.011425517628119594,-0.009184734550586552
2012-06-13,0.004209384361180728,-0.01161196721583891,-0.006897412467211348,-0.006415602024420451,0.009820801109144007
2012-06-14,0.004001687892130676,0.011350428289468854,0.0036953091278206594,0.010544739377445165,-0.0012718341567493898
2012-06-15,0.0005703370916346761,0.013296275314862546,0.012347704977282738,0.010175219765833231,0.005553355606908971
2012-06-18,0.0005700119926437334,0.001164877887491494,0.009322890355482963,0.0019366689002884784,0.005364932218152456
2012-06-19,-0.004887432513551658,0.017184423395321856,0.010327161774695224,0.009625983260409244,-0.013148470412079569
2012-06-20,-0.007600729101789924,-0.0015265155309419718,0.0007779097020068554,-0.0016223930282687538,0.004931140616031499
2012-06-21,-0.025651569647767526,-0.024622788808299927,-0.02520202197025918,-0.022694574576161166,0.005301585432191826
2012-06-22,0.004070084458850245,0.01129057378378171,0.010472670428973641,0.007671890268414524,-0.013427505496343476
2012-06-25,0.00731070579506714,-0.01573832393220383,-0.01944587707409929,-0.01616470969685197,0.01445261894435652
2012-06-26,-0.007441769628189937,0.003905811502375109,0.006257537102553427,0.005013662099593024,-0.003949384244019539
2012-06-27,0.001375064652515789,0.01614156747640027,0.006059732667308545,0.008975737798677384,0.0015815385148187438
2012-06-28,-0.011715276484427288,-0.0016804320354461594,-0.01119075722426567,-0.0028572985292771667,0.0024472673411359003
2012-06-29,0.027039260378949704,0.028688264941889384,0.031024583087097903,0.024621035919563827,-0.013092614310362453
2012-07-02,-0.000644618456697509,0.011497199473856102,0.0029570399500855136,0.0030076474470324397,0.010264250303029557
2012-07-03,0.01516593043631744,0.012962916990453892,0.00835656702660885,0.006571620778435763,-0.007714437511004092
2012-07-05,-0.011368929003809548,-0.001104713541318799,0.0006161306010919144,-0.004522541442350905,0.005096244138213609
2012-07-06,-0.012734817475435407,-0.011236863398224035,-0.012553063989022778,-0.009549057310819451,0.009250961552386111
2012-07-09,0.0021445114458555955,-0.0038569701025914483,-0.0018733196780345981,-0.0012554714150084204,0.00877626541988362
2012-07-10,-0.012345429133629288,-0.01115632504005423,-0.009892530605844769,-0.008758200473676819,0.0020268513044633335
2012-07-11,0.0055057594568082525,-0.003409512974727301,-0.005538599439017532,0.00014929638157830928,0.0012441057914763835
2012-07-12,-0.002618033780691079,-0.0034209449415293774,-0.009406400173570667,-0.004856838567532418,0.007051178132336449
2012-07-13,0.010106714486149358,0.012361347418971361,0.015102712250129257,0.01663853379682367,-0.002627967919210931
2012-07-16,0.0004540770166103946,-0.0040193763366666874,-0.002843930286360211,-0.0023600203862727347,0.004634366389855021
2012-07-17,-0.004810237265713993,0.003517736344866167,0.005207855842648149,0.006843552329598039,-0.007891120892895565
2012-07-18,-0.002740430809986751,0.006127075529140082,0.013446011055152531,0.007379759305333715,0.0005433153602843729
2012-07-19,0.002153848840418498,-0.0033715082834572404,0.01096574154814586,0.0026166195392545756,-0.0025651100029053294
2012-07-20,0.001888899980288932,-0.012840184065183934,-0.013297990821328076,-0.009190159157168415,0.01214490783449978
2012-07-23,-0.0041734615256850535,-0.016092291199769165,-0.012216272240496977,-0.010163621843487436,0.005597430390018915
2012-07-24,0.00319690690338272,-0.013219132842478542,-0.007910127502414667,-0.008624057815107134,0.007844359290815728
2012-07-25,0.013907490755906015,0.0022154987455754904,-0.006693556928550768,0.00022414289185089355,0.002575538966958169
2012-07-26,0.007041420048145291,0.00855433074518597,0.01318455669566273,0.016362861268129584,-0.009197879768680459
2012-07-27,0.00489956132478139,0.023470591188620334,0.023394542878278163,0.018265339296494022,-0.01904242436326361
2012-07-30,-0.0006984831553893457,-0.0034094809424577406,-0.0007711503340974533,0.0,0.007445102210885004
2012-07-31,-0.005988723225470398,-0.008894248442018084,-0.0003085737369038506,-0.007019228419474229,0.0020062039177063877
2012-08-01,-0.00866421414888581,-0.016601842757602268,-0.0029366078130748175,-0.0008718065753226588,-0.005011234010574512
2012-08-02,-0.006531497290067034,-0.0036401390168983375,-0.0035658670307313132,-0.006928659648001989,0.005652519788378912
2012-08-03,0.009170809124329653,0.023554475014111398,0.018772733812656282,0.019639349372721576,-0.016269682587318365
2012-08-06,0.004810013989643127,0.007729888969533774,0.00759312850116691,0.0019358460698644623,0.00039217677401787605
2012-08-07,-0.00012799457656319368,0.00904748781812707,0.008286068266964475,0.005000713594221261,-0.012949088769752684
2012-08-08,0.0012789166070782496,-0.001502356338668591,-0.00045037701722220697,0.0012108310583368387,-0.005338539527421
2012-08-09,0.0032539650598126992,0.004749644128508292,0.0029978541823423304,0.0008535431350418829,-0.0007201029331355707
2012-08-10,0.0012094547976165897,-0.003497428280222673,0.0005987249616879399,0.0016344908706169455,0.005025309639410527
2012-08-13,-0.007599660994752833,-0.0016278994774909725,0.0023900408778982146,-0.0004968781334265721,-0.0016723865587030273
2012-08-14,-0.005528431293767677,-0.002384032545254495,0.0004473694107103932,0.00014219654232080944,-0.013639423438000451
2012-08-15,0.003217920039555506,0.00875553225965019,0.0025323626323742743,0.0011352661915446365,-0.01415620231945396
2012-08-16,0.005957880902347246,0.010406012590810285,0.011830862877854072,0.007351217210192917,-0.008557234674344388
2012-08-17,0.0010214739315963608,0.007000280999042128,0.004400664402169145,0.0013378817536305056,0.004863818888597385
2012-08-20,0.0034396702075541645,-0.002204651225528369,0.001462720555854549,7.03616897358336e-05,0.002053571500063638
2012-08-21,0.009934007742546973,-0.0006139414360519784,-0.00395369328312099,-0.00302894010012357,0.004422259637803407
2012-08-22,0.010708631507447481,-0.004797904001032644,0.004099891632393653,0.0004229369450967562,0.016369853291525956
2012-08-23,0.008373997600348033,-0.007053991391036876,-0.008217357151479239,-0.008212915742752484,0.004171053989447318
2012-08-24,0.00049405195165326,0.0027285682964849275,0.006169261100178325,0.0060245145113626665,-0.0009609332505513407
2012-08-27,-0.0037732430064034606,0.002967844771030928,0.0016094996080665233,0.00021213793447980925,0.0058317943600437756
2012-08-28,0.0017337390057776023,0.0045591128474599995,0.0,-0.0009897692516121477,0.0023869678012191672
2012-08-29,-0.006517126164973718,0.00306825293072076,0.0,0.0007776313171325144,-0.004380469236221773
2012-08-30,-0.0004359382542126009,-0.009976324545784562,-0.01013851708381771,-0.007233674873240119,0.005174073803299681
2012-08-31,0.02278842769888954,0.0040768768363139895,0.006623810480077656,0.004757914602668995,0.014034861448189157
2012-09-04,0.0015819565772519967,0.012129834950536595,-0.0010277061357828767,-0.0009215627005371891,-0.0010045708556122082
2012-09-05,-0.00103408368603259,0.00024335812913098693,-0.0010285741245392595,-0.0008515492006923934,-0.00472332464406701
2012-09-06,0.0035237086061065126,0.01821910549831641,0.021956315200475047,0.020093244349590172,-0.01679197049290207
2012-09-07,0.021301036576637185,0.007385464915906172,-0.0014390436235918334,0.003888104965796908,-0.004664782511908392
2012-09-10,-0.0068508245778626286,-0.004520594537696125,-0.012901917352221163,-0.005697834177902687,0.0024154498525212355
2012-09-11,0.0036397345213229062,0.0021442605020146363,-0.0016057709173657045,0.002783392129596543,-0.006292808821193607
2012-09-12,0.0001191368766436192,0.0051018408065584405,0.0029179241078030396,0.003329983519559873,-0.012543018344663495
2012-09-13,0.019987101882923578,0.013052422156877814,0.013460216080332576,0.015121506968611014,-0.003941950183894885
2012-09-14,0.002856260822614609,0.009302137935548124,0.008874008189347358,0.004424098992736652,-0.02693727185866153
2012-09-17,-0.008182448737126974,-0.004640519152605834,0.0004269243382580759,-0.0034012420270285097,0.011931918299903704
2012-09-18,0.007716671888582333,-0.0032610637982547364,0.000854645865851082,-0.0008185318052642376,0.004999264726106788
2012-09-19,0.00011648676464511073,-0.0017514019968820577,0.0018478693339016253,0.0005463119216665837,0.006544214119833493
2012-09-20,-0.0015734059198807039,-0.00445091320595774,-0.0009941973450582485,6.746837521399381e-05,0.0024738865306429074
2012-09-21,0.00285359936146375,0.0036326842456103747,0.0002848631497105242,-0.00041800785272115126,0.0011525278872420934
2012-09-24,-0.0053060014063377545,-0.003269735334992035,-0.005862081153326939,-0.0015095012223247885,0.0077854214296190225
2012-09-25,-0.0016382823469836482,-0.014475510586696941,-0.014151894751222154,-0.010699115877449435,0.009829072323379663
2012-09-26,-0.0056374963370224036,-0.006354598050592386,-0.008177438337936728,-0.005637075206242803,0.010693290651169859
2012-09-27,0.014789097981363655,0.010767084150488961,0.013688790252685028,0.009377903580485222,-0.007142780108533572
2012-09-28,-0.0026145147730523375,-0.007165414851207368,-0.008277898831156049,-0.004643063667608334,0.0005634461961517787
2012-10-01,0.0023243307866659033,0.003350228835358696,-0.0014598021223945418,0.002635931432554499,0.0037040356005064055
2012-10-02,-0.0011033258934751609,0.0019089227923462183,0.002917040104997234,0.0010387368168187825,-0.0013675497107378688
2012-10-03,0.0017996437460312752,-0.002864752424662087,0.006387184722975426,0.004074678010167137,0.0003221470852968156
2012-10-04,0.006936025341043228,0.006791586264796042,0.0034662615412707747,0.007142283918931235,-0.012549080058533979
2012-10-05,-0.00571878926447531,-0.0011882168819860916,-0.005349375968436303,6.86890510481717e-05,-0.013038861194372838
2012-10-08,-0.0033074685239183545,-0.0063210327524344445,-0.009174889158505459,-0.003427095257563601,0.008384224891292546
2012-10-09,-0.006180042594964688,-0.011794745114485214,-0.016076341964553115,-0.009936775747803989,-0.001802406516741198
2012-10-10,-0.0008776828487819255,-0.0015751168682985458,-0.005067176896504602,-0.006400873301339156,0.007027106626942878
2012-10-11,0.002805770961490514,0.0036310977654823605,-0.003143340272481821,0.0005586940082296202,0.006898093208296325
2012-10-12,-0.0073818938973548055,-0.008127664481884796,-0.000450039641111782,-0.003283977374018679,0.0025027817430881305
2012-10-15,-0.010106119739498041,0.006556227034063942,0.0073219650472952265,0.008293484156716477,-0.0022607406385394286
2012-10-16,0.006335646333619325,0.0073540395437898835,0.01404419098473453,0.010082498523892107,-0.013921356745508866
2012-10-17,0.0007080193841468657,0.008968697392510196,-0.0005871700008206402,0.004524434549377822,-0.009307243468750774
2012-10-18,-0.00443354865538353,-0.005491081713814929,-0.011672205883541679,-0.00260273082521144,-0.00614134515386554
2012-10-19,-0.010841136052605957,-0.020437270202329664,-0.024217238082097293,-0.016804480578534984,0.01347864923470269
2012-10-22,0.003646697239812837,-0.0002445807613010772,0.005163375740595667,0.00013919288417988619,-0.006427582187924659
2012-10-23,-0.012912759766492157,-0.005022593507537268,-0.009588353428647368,-0.01397341770163306,0.014200692646579385
2012-10-24,-0.003451467757776219,-0.002706130403882434,-0.0035235295367113902,-0.0028325586320871185,-0.009910208271638325
2012-10-25,0.007011656174181994,0.004056174492921816,0.0,0.0029030589509668483,-0.0051172803737058025
2012-10-26,-0.0005423202272228979,-0.004795523695800653,0.0029116414829836487,-0.0005655715859322979,0.014620228649352973
2012-10-31,0.005409372308871991,0.006021317885457244,-0.00613995687166169,0.0,0.005853632808742273
2012-11-01,-0.004565910521291634,0.01047975233341868,0.014065380921482244,0.010416192176240522,-0.008221006724501084
2012-11-02,-0.02111619567115675,-0.01588515150696981,-0.010683858540105878,-0.008931713055617673,-0.000735871093678539
2012-11-05,0.003866988340753932,0.006629245919059337,0.006576622890034605,0.002046718112159365,0.005627799171254153
2012-11-06,0.018633181558340834,0.0074359529815521234,0.0018278176569093006,0.007794697242878448,-0.00947941409822249
2012-11-07,0.0011418760009174647,-0.024589806612388874,-0.0238677969152677,-0.022924453398729568,0.0179832782516437
2012-11-08,0.008969205970755553,-0.01416468846860111,-0.015864629100776306,-0.012096930790489265,0.014729982487517187
2012-11-09,-0.0010124664362506366,0.002143762708736416,0.004265838922334839,0.0008688815328328871,0.00111191386809164
2012-11-12,-0.002207239069899678,-0.002901924351285813,-0.000157679950039153,0.000795672868581252,0.0016653822869843078
2012-11-13,-0.0020923088878503668,-0.005701187433445629,-0.006962172254961346,-0.0034774320478413354,0.0033224671032358074
2012-11-14,0.0002393087940783899,-0.018725686151155038,-0.011819111260494859,-0.013590668826375024,0.0009471781432339261
2012-11-15,-0.0063019928595901085,-0.0051923734701044754,-0.0033800285882858994,-0.0016933751441843277,-0.0019741422783990463
2012-11-16,-0.0012651232479694255,0.008294245774695085,0.004343587666737812,0.004925330532694096,-0.0008702613848443026
2012-11-19,0.011925176433462218,0.020946223925859445,0.02347772493604746,0.020036560463367097,-0.00563474570581621
2012-11-20,-0.002863425779210265,0.0017682056056902663,0.0003138909376531285,0.0004310625252977372,-0.010077046371299664
2012-11-21,0.0010150660402493473,0.0052851326945001975,0.002035717512242983,0.0018665755550191857,-0.0005633928636219322
2012-11-23,0.012160205973813025,0.009865132840474671,0.015058971639685384,0.01353288225416654,-0.0009656474178742534
2012-11-26,-0.0010618685408751542,0.003226205055214249,0.0043049546674159425,-0.0021247874022996644,0.0047389014697454875
2012-11-27,-0.004258514528236021,-0.0012396950114663906,-0.0033811994023915234,-0.005117670370412086,0.003918976346282353
2012-11-28,-0.012885721450133563,0.008398047675907874,0.008583753263229086,0.008020316902646407,-0.0014373605630968918
2012-11-29,0.0037754494975707773,0.011373297739943802,0.005934849915426862,0.004654694239618379,0.00015932196531495593
2012-11-30,-0.006782066259329654,-0.0019472482893560952,-0.0016704789220399205,0.00021098614977217576,-0.002720718348378503
2012-12-03,0.0004816775885995999,-0.0010974967297179496,-0.0019775461255847463,-0.004936369858373022,0.0009233257013296923
2012-12-04,-0.010346525202362707,0.0012191441156834343,-0.0006093435867431508,-0.0014147034951640645,0.0057589475847927415
2012-12-05,-0.0018262807650325558,-0.0012191441156835265,-0.011184989809312562,0.0017679648517975194,-0.00047894594396432103
2012-12-06,0.002312732382919267,0.0015848866916844248,0.006450338365580816,0.00338668275925417,0.002151884155714771
2012-12-07,0.004004152985563731,0.0007296402293120104,-0.005988419974792436,0.003024303994583382,-0.009278686926994306
2012-12-10,0.0038675379164635304,0.004371341186385043,0.0029220062843519127,0.0004211361488367235,0.0044100395982230745
2012-12-11,-0.0009051692074031703,0.010485083371663288,0.012968559032635846,0.006785157715854566,-0.007630186467591046
2012-12-12,0.0007242193101501478,-0.005650747780625061,-0.002124482187214424,0.0004879266427938694,-0.011677900374570022
2012-12-13,-0.008481356697994205,-0.006410376732529006,-0.00793071485949981,-0.006150740995539785,0.0007340561310525509
2012-12-14,-0.0014611280186981382,-0.0006073516994452699,-0.00953815888761276,-0.0037227325970116904,0.0074709915451286295
2012-12-17,0.0018869503829595713,0.01398611421949618,0.01320645153393222,0.011683107717160463,-0.015080909779504171
2012-12-18,-0.014455725078867119,0.013557438657330731,0.0151397451150601,0.011068060773279768,-0.010236973122740859
2012-12-19,-0.002409114946575244,0.002225692411580928,-0.0043668761524719305,-0.007456986535322741,0.0033139585716551903
2012-12-20,-0.012196073797178996,0.004979948733907428,0.0,0.005735863899016466,0.00016480368104283694
2012-12-21,0.00374933956743618,-0.004148000275540999,-0.010572859392272841,-0.00911889763473382,0.010856636082624287
2012-12-24,0.0018070937392538678,-0.004881882415228946,-0.0019956196305284824,-0.0030860648200733112,-0.0018012739041916622
2012-12-26,0.0009956669468964311,-0.007187795454050506,-0.00879842058058498,-0.004224069813180472,0.0035909095234458255
2012-12-27,0.002360719739151777,-0.000721095826961685,-0.0015515138524096418,-0.0013412705193987658,0.0033498307681328384
2012-12-28,-0.003854592163680614,-0.007124128925174813,-0.009674463917881767,-0.01086694245699781,0.00569302118981993
2012-12-31,0.009176719889400711,0.02145782457842673,0.020946064059894028,0.01685378388873354,-0.01742499712644411
2013-01-02,0.0070727801089134085,0.02898717505777484,0.031287975729214615,0.025306979039241003,-0.01345913530331872
2013-01-03,-0.012146779740190669,-0.002306626004517376,-0.005221971169153712,-0.0022618149566263315,-0.013641646820184485
2013-01-04,-0.0047257550222331544,0.007363278455620158,-0.003296315740565178,0.004382016908543068,0.003892358328991351
2013-01-07,-0.006315147639550098,-0.003790064126141421,0.00030001578852150926,-0.0027364522208546847,0.00042193249208272095
2013-01-08,0.007062780803268713,-0.0006910747737213721,-0.0019520973311050024,-0.0028816325906082197,0.006564365089690537
2013-01-09,-0.0004360197219949153,0.004824620749259701,0.0037508779411955856,0.0025388524808210946,-0.0009233071652582738
2013-01-10,0.009241174883853428,0.00228893796627914,0.005973054071033252,0.007918238182059547,-0.002775047518718971
2013-01-11,-0.005695893235337639,-0.0014870063638132785,0.0013384587615457666,-6.776938438460933e-05,0.008884230086426022
2013-01-14,0.002975797243476377,0.0005722668858766476,-0.0044701237659448,-0.0006805474333804049,-0.002756843545957153
2013-01-15,0.006294400919113552,0.004339280636288229,-0.004940185465246317,0.0006805474333803833,0.00459082909156631
2013-01-16,0.0005534660222785934,-0.002967071384310322,0.004043656080040092,-0.00013613742662088246,0.002079958618339357
2013-01-17,0.004294560017826217,0.009213101344246811,0.004771975611372892,0.006439851343714385,-0.010023126731655653
2013-01-18,-0.0015930021974330576,0.002826704584832081,-0.0022340840220361076,0.002227032716099343,0.0076930455974568625
2013-01-22,0.003550021116017711,0.007199991930800185,0.001638989283436623,0.0053789686052567376,0.0019145261558237631
2013-01-23,-0.002814438031338391,-0.0023566892928583577,0.006084492752550276,0.0016074377518595089,-0.0014976294274906318
2013-01-24,-0.01102810374616787,0.003253180879271214,-0.013854912087057802,0.0002682842032390698,-0.003504189074861829
2013-01-25,-0.004781604983568098,0.007253322254411208,0.005087625464778995,0.005606275015349777,-0.013798772845554572
2013-01-28,-0.002243414817202356,0.0006669375498943343,0.0022360977031275495,-0.0011991154636113957,-0.003649579384666824
2013-01-29,0.004357652623316265,0.000555458458983702,0.0001489208941301163,0.003923816737156653,-0.005542833893121983
2013-01-30,0.007426217176999296,-0.012065906647268929,-0.0020867228784406788,-0.003923816737156612,-0.0017114134230553889
2013-01-31,-0.006122691411324907,0.006832820385551434,-0.0022406944438265056,-0.002468174556087865,0.004870581389134986
2013-02-01,0.0015496671610711066,0.008780392472242238,0.01174494938942447,0.010234823668821641,-0.013069596740942437
2013-02-04,0.0034008569302853,-0.012135117996821198,-0.017594374050318506,-0.011304139127216936,0.012728050102938725
2013-02-05,-0.0002469026145644602,0.008921079463858492,0.014633935085471018,0.010046514363382332,-0.008927325177176525
2013-02-06,0.0026514131006226955,0.00420927092789315,-0.0032666502447018337,0.0007283012903776117,0.008157882687870372
2013-02-07,-0.003392675486914591,-0.003321635024427128,0.0008920611425346511,-0.0013235545839193868,-0.002226435096197425
2013-02-08,-0.0016696396112383367,0.007073163765029985,0.01019981503976168,0.005548618210312679,0.003849851145609906
2013-02-11,-0.011641494508639208,-0.0011017427923568073,0.0002947039703070649,-0.0001975659976331359,-0.0007685992381086768
2013-02-12,0.001189038868357003,0.004399706815438566,-0.004125737392393242,0.0016460090930328962,-0.002481525929933908
2013-02-13,-0.005267437597442791,0.004163034811625962,0.0035376826233246093,0.0008542421841305607,-0.008170465641231634
2013-02-14,-0.0044108258534539865,0.002511057519545501,-0.0002946268322029622,0.0009203445048118153,0.009026860025286819
2013-02-15,-0.016491485732013745,0.0003273350546172282,-0.002947848942365191,-0.0011832313563393047,-0.0029139900166034803
2013-02-19,-0.00276442800912232,0.008790452778994822,0.007206445052876198,0.007467164697007715,-0.0049912309346057246
2013-02-20,-0.02536237476562978,-0.018759428395049654,-0.015506497868195442,-0.012541742636310381,0.0030148567177384123
2013-02-21,0.007761616845874272,-0.009735708762421715,-0.010773661901838483,-0.006097265691339849,0.005831644900355828
2013-02-22,0.0022906918469714913,0.011935131784502315,0.010029168127312686,0.009725201182004997,0.0006838508789936564
2013-02-25,0.008916105586720739,-0.022328332250013305,-0.012439231531263063,-0.019211129555748656,0.019462227560254293
2013-02-26,0.012107340694240326,0.0039245989427457,0.0037629920772812428,0.0068221705664881635,-0.005799211295219347
2013-02-27,-0.010618162447447536,0.010462927396325478,0.01016473643486011,0.012520381167089754,-0.0029547262248136186
2013-02-28,-0.010209194156268543,0.0018806889120976185,-0.0020844279107268184,-0.0019770564818489644,0.001858448730653754
2013-03-01,-0.003666829371253608,0.004521098658217277,0.004164204222926757,0.0032922767526570294,0.005430914270846324
2013-03-04,-0.0009188120822602375,0.0026369681086763465,0.0044425106348095385,0.005311207037849273,-0.005312508769926865
2013-03-05,0.0005251531495988175,0.011564789766015887,0.014667780806486336,0.008918763360477616,-0.002878796296962038
2013-03-06,0.005562599618897849,0.002599733589856214,-0.0024785715561390373,0.001361007123716505,-0.009114591385808774
2013-03-07,-0.0035302945226979147,0.004749377360688184,0.0026239892373947664,0.0018100913661455434,-0.007731489390809437
2013-03-08,0.0001310037451856418,0.009217407790727522,0.0011640659881016644,0.0042548270544531825,-0.010489243842280033
2013-03-11,0.0018318537547607815,-0.00032019111318360105,0.0029039418797561214,0.003788638727361443,0.0009578775644496467
2013-03-12,0.00781302833234655,-0.0020298419837072586,-0.0036313862394546106,-0.002245359529024202,0.0072004216389594256
2013-03-13,-0.0034432307449765156,0.003736215891872035,-0.0013103131998440016,0.0014115106722831046,-0.0010377324340594403
2013-03-14,0.00013007752936968284,0.009965087240047443,0.0033450343115187446,0.0053103529831170304,-0.0030334277116961746
2013-03-15,0.0020801316122226374,-0.0005275240440560309,-0.00278339406427073,-0.001321054690380806,0.0046759836455488825
2013-03-18,0.008921158533619225,-0.00550338629310825,-0.0021924314894961926,-0.005534082518823404,0.007573211960888239
2013-03-19,0.00449494709912103,-0.004254020850306888,-0.001902679820549087,-0.0023260905193298303,0.006750282926003251
2013-03-20,-0.004559370369457158,0.009229222450487962,0.0070099485991739815,0.006961124393820201,-0.011218618868279734
2013-03-21,0.005647950939598429,-0.008802947249889243,-0.011416931705726777,-0.008579638908523344,0.009598977644566752
2013-03-22,-0.004490045653721258,0.0030848566304686044,0.009668504349755443,0.008001509624110052,0.0007676181407802647
2013-03-25,-0.001994901077106218,0.0005746273235021932,-0.0036507380386600684,-0.004186020691694322,-0.0009379811456185535
2013-03-26,-0.00335530229094277,0.0031881197291716537,0.005399165394631594,0.007970001904835995,0.0011933215460540553
2013-03-27,0.004127968876901494,0.0006362912475974673,0.0013094098492145673,0.0,0.008484845942671468
2013-03-28,-0.005874608865923951,0.0012717514206862142,0.0024673071373144235,0.0030690014888673993,-0.00508206047909942
2013-04-01,0.001423403605869597,-0.01354041706372675,-0.006837575190500285,-0.003965185090357232,0.007503622961667992
2013-04-02,-0.014588376987558337,-0.0062452886762291255,0.007852254032300218,0.004922133882077109,-0.004062877123276959
2013-04-03,-0.011215297746718735,-0.01578617262836053,-0.009167030262580759,-0.01019051624297442,0.008949577061176786
2013-04-04,-0.0029234122040560696,0.008522771719093748,0.0002920323711269173,0.004049757109094799,0.011865513889941826
2013-04-05,0.016628587367166922,-0.001960507552988096,-0.00836453472233821,-0.0045010711965959216,0.01998327265286858
2013-04-08,-0.004262680775851177,0.00825118050600893,0.005291007894366657,0.006744397585673926,-0.007682720055278654
2013-04-09,0.007725031383893976,-0.0029236782856863794,0.006720215831543125,0.0034509382289994086,-0.002465185489368573
2013-04-10,-0.017034818641169572,0.017947123350387343,0.01932269359453163,0.012174998165215637,-0.01383025207699904
2013-04-11,0.0019880924290127428,0.0013834961087722867,-0.0004281306588656168,0.0032716076494513522,0.0019162317038414198
2013-04-12,-0.048144932178246586,-0.004049753870519332,-0.0007143836208717588,-0.002453121125267277,0.014789005407763886
2013-04-15,-0.09190507457983844,-0.038426673365517486,-0.019929123702511185,-0.02344638517998662,0.008655697315036834
2013-04-16,0.011283338744214735,0.01716430891127609,0.013186458011784589,0.014654477406069536,-0.008245620959478586
2013-04-17,0.000526909831982771,-0.017496832039720876,-0.019771286798810326,-0.014718878941939557,0.006618324684373365
2013-04-18,0.010704956398210237,-0.005566317285011323,-0.013897582285997882,-0.006273411271428989,0.0024402168541574018
2013-04-19,0.008674096350888906,0.011432609536689342,0.013603741227953742,0.008655835399933955,-0.0021142630587991412
2013-04-22,0.01777851793528908,0.0028646333576907153,0.010227914583463745,0.0044281064883330045,0.0007323458954475703
2013-04-23,-0.007424075282657943,0.01572278445984576,0.009549125604725884,0.010256606467160019,-0.0035044857724374533
2013-04-24,0.01082655613705574,0.005186663730028314,-0.0004321954353743274,0.0006332987298300428,0.002527905345438631
2013-04-25,0.023286836308933283,0.0065527802738460155,0.00531563568644611,0.004045598741830101,-0.004325532623528041
2013-04-26,-0.0050966430061307215,-0.005368119147921754,-0.0031572563743450265,-0.0017680523875905267,0.009118043144601155
2013-04-29,0.009816111845741552,0.007185986529968069,0.009157413820726067,0.006676209009966123,-0.0036532887847383505
2013-04-30,0.003297447184859199,0.005648589412093713,0.007237126820670823,0.002382992197847599,0.0005695214109965917
2013-05-01,-0.011695241331580094,-0.024527998819105022,-0.0046769470372115055,-0.00880593278590899,0.010220575303584
2013-05-02,0.00572377326421984,0.01577575715469259,0.01256477613059931,0.009244474392527565,-0.0012919116347490155
2013-05-03,0.0011971282175668827,0.01574169262305983,0.011715885942585299,0.010089749906314602,-0.02385878045687687
2013-05-06,0.0004221612830436374,0.006416324790641938,0.003874598957079575,0.002537602861957772,-0.002483874987133257
2013-05-07,-0.012529729074763163,0.00814568465111937,-0.0005526964387829874,0.005055383647459208,-0.003903577876094698
2013-05-08,0.01470823959319662,0.0029076586260819394,0.004824804260735229,0.004540573144520026,0.001579846852133476
2013-05-09,-0.011649859087374476,-0.0034282873049366913,-0.0013756572579662848,-0.002820064513668163,-0.0025790937595198088
2013-05-10,-0.008630212541188757,0.007567820151307584,0.006041181602227361,0.0032486653818334064,-0.01080448484885333
2013-05-13,-0.008416504259274501,-0.0007229585511496716,0.0012313158632799315,0.0007948710115024494,-0.007693299818359312
2013-05-14,-0.0044888226191427795,0.01273361086522732,0.005182893258533963,0.01028072682467421,-0.0109212206781573
2013-05-15,-0.023345595911785897,0.0020390249275396353,0.0020375576834625307,0.0053721584688367395,0.006669148952556171
2013-05-16,-0.004019122278807547,-0.002549178105668128,-0.0010869731132443895,-0.004706294099589211,0.010343856285689911
2013-05-17,-0.022779601469059194,0.011167695255528756,0.009601975480620304,0.009630386399467237,-0.012732726803378367
2013-05-20,0.030431648851024378,0.001613942920741706,-0.0014811354127442968,-5.97275557359665e-05,-0.0011965323922418327
2013-05-21,-0.01671673431161512,0.00020144616587598836,0.0010777291218744174,0.0014368029681504706,0.007837474635531382
2013-05-22,-0.007099209752431566,-0.014720237364615802,-0.008790051645301285,-0.007445649934426777,-0.014961750913018764
2013-05-23,0.020034420891585903,0.001226555110080036,-0.002312672157835914,-0.0028966206023896884,0.004727000649079977
2013-05-24,-0.0063346049211476085,-0.000204459692470394,-0.000544677754475752,-0.0008469245703885212,0.0013705092110979768
2013-05-28,-0.0020204984510566455,0.012891749643509805,0.00651755334601295,0.005970904202354925,-0.025669032071430318
2013-05-29,0.009988129408433648,-0.009322114928281743,-0.004748030131308067,-0.006515150663291409,0.011180426166978914
2013-05-30,0.013773982178960965,0.006696474951463759,0.005289400141510797,0.0036853408614261098,-0.0024345231721136997
2013-05-31,-0.02054612833699834,-0.011083536329077437,-0.009240721896304734,-0.014456323592468434,-0.0034018434961487014
2013-06-03,0.019155238706458418,0.009463818378977931,0.0017736161907608036,0.005491634473796674,0.00528488627089804
2013-06-04,-0.00942083088363743,-0.010691813060172785,-0.005191878638661822,-0.004818404967714006,-0.009278214336292372
2013-06-05,0.002142261538931351,-0.012879553033879597,-0.013099278779461612,-0.014100077355828982,0.013711072040796243
2013-06-06,0.007425099325577856,0.010522005026382682,0.00484574627706879,0.009012120160992591,-0.0006067032033426201
2013-06-07,-0.024092192496149724,0.007667205061605368,0.013581606143348164,0.012640507267755402,-0.018040801030545252
2013-06-10,0.004939787449919778,0.006091425108117273,0.00040824243064150267,0.0,-0.004783314445216201
2013-06-11,-0.0051648936635613095,-0.010889057467459632,-0.009992580666526538,-0.01036928171173781,0.011828383740566797
2013-06-12,0.007476670343020137,-0.009975003433424397,-0.01162313156311379,-0.008311405523435574,-0.01440725919015946
2013-06-13,-0.0038060756896859606,0.017518149883853903,0.012586083110059177,0.015094178582338417,0.015546905460623248
2013-06-14,0.005145905283357988,-0.00774796180982256,-0.006619226035851946,-0.006292321201791538,-0.002369017654304047
2013-06-17,-0.00492162373629442,0.006528602661222364,0.009638325974556876,0.007691927000178673,-0.005285130019219713
2013-06-18,-0.012335615865617823,0.011725739927383003,0.00818797398865118,0.00787421888330767,0.0005297145420267333
2013-06-19,-0.011723707191219441,-0.01233579390537858,-0.011207073927356336,-0.013913095607861897,-0.010382459570502597
2013-06-20,-0.05501208351122277,-0.026808463333190497,-0.024064261985270993,-0.025090029238528856,-0.016548121378785845
2013-06-21,0.011663149049636777,0.002921145242120953,-0.005324029733266705,0.003205307523982019,-0.0171045899618442
2013-06-24,-0.0089967891886606,-0.013215547485917519,-0.009989307506682235,-0.012716836680657873,0.004142768279589825
2013-06-25,-0.0037186710729782786,0.0095621672804548,0.00728749156042721,0.009568587340580737,-0.008951239958952806
2013-06-26,-0.04294353680246575,0.004695212503439655,0.008929475945703912,0.009852230909185009,0.006467837981260975
2013-06-27,-0.019981847694739895,0.01539068573724081,0.004223801074455557,0.0058527545262432226,0.010170652761687176
2013-06-28,0.026974604047993497,-0.005756889604016415,0.0014043941200491087,-0.004106413479639189,0.00681439442180104
2013-07-01,0.016816885336969126,0.016157833896694562,0.006154546144250456,0.005842806916949967,0.0020129194646581216
2013-07-02,-0.008955978266061641,-0.0007136921784437792,0.0004186113459012262,-0.000930515098233139,-0.0006342292363056066
2013-07-03,0.005731107587480113,0.002037169937913457,0.004033846114546739,0.00043455937983356965,-0.0029952978610691583
2013-07-05,-0.022192441073447894,0.0140442956074698,0.007606890107236353,0.010730960782990007,-0.034682108107149646
2013-07-08,0.01195305315168202,0.0040049479519475364,0.0009639334731234071,0.005688584747276773,0.00964616954861358
2013-07-09,0.009245063039676966,0.009250888077264888,0.006038339575177919,0.007171155505506525,0.0010251222063284604
2013-07-10,0.0027320810310944702,0.002768320806494351,0.005730143286451637,0.00036351913969847515,-0.007851912693901687
2013-07-11,0.026837949821575214,0.011680783953511197,0.019666516680757088,0.013528966103371785,0.01166132896262128
2013-07-12,-0.0008857802448473976,0.0020476322797990643,0.0043919151466682545,0.000417828760144841,-0.0008343587497574243
2013-07-15,0.0004027469930758848,0.008726613117469077,0.00225520356360786,0.0038137478798208457,0.005277361913202334
2013-07-16,0.005701216593606186,-0.0050331355891072545,-0.001326298024884763,-0.0037538624710975184,0.0034110475476837846
2013-07-17,-0.01265074444459673,0.0038741630480244194,0.0025174222400164347,0.0025639096759325227,0.0018389068909988274
2013-07-18,0.005579624197672816,0.006646987427230405,-0.0025174222400165527,0.005462544814515307,-0.012571610761462805
2013-07-19,0.008831130466871416,0.0015351726868798041,-0.010402583324227775,0.0017747423986628423,0.015690170492961415
2013-07-22,0.029377940831470724,0.0021066134123727724,0.002944689797276595,0.0019486079290643426,0.0014639672788238985
2013-07-23,0.006729945073879884,-0.0006696015433326451,-0.007378731039394055,-0.0021260747859720495,-0.00421528959096675
2013-07-24,-0.017341725231021614,-0.00836357781626842,0.003226736768026126,-0.003671984287157674,-0.012752939767386232
2013-07-25,0.009291457084115504,0.009129266672273614,0.006289067112927835,0.0024296179746779297,-0.00037235263597575996
2013-07-26,0.000854539664784338,-0.004025862202196257,0.005320820685391256,0.0010649798811588598,0.0061220242792040394
2013-07-29,-0.002410089085684926,-0.007035875055461294,-0.0018591248247635645,-0.003079670877311793,-0.007331748683831111
2013-07-30,-0.0027281369156585316,0.0008699002864635086,0.0053030417530972925,0.0,-0.00037304270968479354
2013-07-31,-0.0012495787031893267,0.0017381403780296913,0.001849300989832202,0.0007115441829629672,0.003627542360277283
2013-08-01,-0.010606207573640596,0.013510412277160232,0.01011135770824189,0.011492524105014367,-0.019456413021504793
2013-08-02,-0.001976519588739746,0.0008565097977992918,0.0056021251835970285,0.0016975739988777112,0.010949557488129216
2013-08-05,-0.005236889446047351,0.003417019029267675,0.0006488691467873787,-0.001463915936703064,-0.007727090228663877
2013-08-06,-0.01385848062127863,-0.010095933367067825,-0.005989915840314731,-0.0056982999065598935,0.002928485736290322
2013-08-07,0.0014509135479650783,-0.007109644810397976,-0.0018302008977869935,-0.0032458282433886977,0.007424457086419365
2013-08-08,0.02159359677218957,0.004137460254478008,0.004959821639898969,0.003658020832244522,0.0027109104930279153
2013-08-09,0.0,-0.0010565085411279,-0.004044523819407686,-0.002889705018678379,0.0015864527113367422
2013-08-12,0.017735565654740437,0.005272446662767877,0.0023504456979293225,-0.0011822431364577784,-0.006829183205554595
2013-08-13,-0.0108227552615397,-0.0013395704203908608,0.005592984436773267,0.0029523775035769145,-0.0145615306811722
2013-08-14,0.009815472951498759,-0.003932876242376938,-0.0037683044958645184,-0.005142585061591286,0.0015231055142186454
2013-08-15,0.020638289899497057,-0.018725096578410157,-0.01706997758016374,-0.014084548156744939,-0.013597175443628652
2013-08-16,0.006735556363018295,-0.004219941975783483,-0.00039748291248713473,-0.0033111756519124615,-0.0034763098311840625
2013-08-19,-0.004308614943246926,-0.01018147713934592,-0.0017237297320462552,-0.006412553077997932,-0.008744173062845202
2013-08-20,0.003327556996308892,0.014303484958217367,0.004369927988601924,0.004903747630324807,0.0076797576298158815
2013-08-21,-0.002873052164441264,-0.006090991532111555,-0.003441189427980893,-0.00617896932028796,-0.011003865884949424
2013-08-22,0.005587376516652108,0.013993269263300606,0.009763885448614142,0.009073722151701498,0.010132099147491514
2013-08-23,0.015614200939507474,0.0025230095321270222,0.006673886274553108,0.0033665789740708082,0.010797392402634996
2013-08-26,0.004068828031624427,9.717974123526745e-05,0.0005220868226436568,-0.003727851127935946,0.004973026475413988
2013-08-27,0.00955189530149838,-0.023733878255734146,-0.02067943608914543,-0.01621535027502136,0.012516038528861689
2013-08-28,-0.00029249824790502016,0.0019831287840387348,0.0038521199693095126,0.003545051412904682,-0.008137257500124685
2013-08-29,-0.006163432755339088,0.009954352974863917,0.007001956477345657,0.00158469696676579,0.007948677182226254
2013-08-30,-0.009242551987358015,-0.015715875147016334,-0.006471625892379409,-0.003172256164083436,-0.0011319251235540114
2013-09-03,0.013282390492898161,0.006751835963907175,0.005680991457393523,0.0045114163434832886,-0.014203985698511593
2013-09-04,-0.012985238492024438,0.00876789234868759,0.01061599407747618,0.008238954288069372,-0.0022100821816496887
2013-09-05,-0.01843720597917757,0.0015680104836136982,0.001692753995433876,0.0012663006784360842,-0.014041657423332523
2013-09-06,0.014642627040753583,0.0027381818916555204,0.0011706704440152098,0.00048185936157949964,0.004961401360605461
2013-09-09,-0.0017905715189216484,0.015025325642612409,0.011630961827170846,0.00953059747481097,0.00048514053985545803
2013-09-10,-0.016337634945460925,0.009765262610611856,0.00487072856685545,0.007370096939417363,-0.00700768232058856
2013-09-11,-0.0003037393323617421,0.00047632341531201233,-0.0019200483619309062,0.003133233477410425,0.008848553960360578
2013-09-12,-0.03107779008702503,-0.007360105549939037,-0.0006405468764393604,-0.002659787750239061,-0.0013562781077927745
2013-09-13,0.0011742263444235006,0.005453706230522063,0.0006405468764394721,0.0022466216138590216,0.0038700773087528843
2013-09-16,-0.010776072852725437,0.0021918621177555043,-0.00269360212854928,0.005770849631977216,-0.00668455699876145
2013-09-17,0.0003953591857079829,0.009852549686357319,0.006657265129844032,0.004452778623733928,0.0082290034207433
2013-09-18,0.042635327513365635,0.009475917090021902,0.011923218938561415,0.011507482029681979,0.012266462412765577
2013-09-19,-0.001971448259468817,-0.0010277406928979088,0.002392402766076455,-0.0016771756320146489,-0.005922294108306308
2013-09-20,-0.029188479494947676,-0.00365204384658702,-0.0034376361096070886,-0.007016406838535077,0.005255569813925961
2013-09-23,-0.0032092394127312043,9.380895068156309e-05,-0.0020275847359490923,-0.004638077975041298,0.007312167647275538
2013-09-24,0.000862040000545821,0.003314743000886776,0.0,-0.002356796002965187,0.010728449482999983
2013-09-25,0.008812610259893472,-0.0018765983736282997,-0.0034308319949199317,-0.002894294904813591,0.0020574697261926075
2013-09-26,-0.007794819989308921,0.005526113982950341,0.007734892728341774,0.003837924153553742,-0.007031150807295357
2013-09-27,0.009191529856392782,-0.004493334718398611,-0.0012642232109460873,-0.004607190503048196,0.002443107000204915
2013-09-30,-0.006144359705342492,0.0002812681091192462,-0.002405494704476406,-0.005342413287148055,-0.0015026044711436257
2013-10-01,-0.028407152018487033,0.011563857827781701,0.010090690286973323,0.007884722837741586,-0.003039081139003979
2013-10-02,0.01963107970630708,-0.004088128147351057,-0.0003763968400619533,-0.0009451353196775212,0.0015116141168484158
2013-10-03,0.0009440116150262174,-0.010293831453266221,-0.011744815149010797,-0.009263676354663828,-0.0016055974361920654
2013-10-04,-0.005123983685186541,0.006656312599533169,0.008601094067195057,0.0075482896523059,-0.0007568370720064589
2013-10-07,0.008734372074589061,-0.011748775499356667,-0.008346932682352783,-0.00868232469617896,0.0040594425797156495
2013-10-08,-0.0018820415130879548,-0.016299278815690675,-0.01949292287624067,-0.011714835435747124,0.00028290735687881366
2013-10-09,-0.01017720830751646,-0.0040445194117862465,-0.0031129963982311354,0.0007248088847311738,-0.008038810634895421
2013-10-10,-0.014697956002940963,0.023835731313540297,0.02095351960484928,0.02132850510175963,0.001612656459229157
2013-10-11,-0.013529579748560205,0.014405081298533686,0.007856117551225004,0.00642287358509113,-0.00028432596313102213
2013-10-14,0.0018742894021133204,0.005002524887589107,0.0070433366059806475,0.003985913219495909,-0.008092542716439735
2013-10-15,0.007300498898775199,-0.009843381269321357,-0.0038927750586169674,-0.007280375357704521,-0.0006694435669259652
2013-10-16,-0.001536801678475267,0.012334836172595069,0.011259758017673182,0.013869267507587029,0.012453246151178907
2013-10-17,0.030923704639582567,0.008718611350065129,0.005706461277225172,0.006660489925703172,0.00902844864804965
2013-10-18,-0.0044834283018233756,0.011357015672442202,0.01607496155526412,0.0067318909502717735,0.0021515721179877828
2013-10-21,0.0010243461627259776,-0.001989571796466346,0.0021891062472326776,5.756789056910934e-05,-0.0031816006167085915
2013-10-22,0.018414947525612457,0.0026216815088978395,0.001456405166270113,0.005774802396107835,0.011090951561590085
2013-10-23,-0.0050381372278342695,-0.003346196362533824,-0.0060833595333179636,-0.004800431425699102,0.0038854892228037743
2013-10-24,0.009358446213496314,0.005330483392234361,0.004383261907364924,0.0033167040357121413,-0.0038854892228038086
2013-10-25,0.00430184114069166,0.0009007293400992428,0.007142650700079973,0.004557219954444887,0.003700488167947937
2013-10-28,0.0007661546853194367,-0.000450142200976288,0.00024134758592193626,0.001589860571483661,-0.0034227633555826116
2013-10-29,-0.006069186843828599,0.0028778494069361996,0.0016869912437735889,0.005320017956290686,0.0012966462620877044
2013-10-30,-0.001310854659270559,-0.013744785674509312,-0.0009635011924042217,-0.004979547674422049,-0.006032770172007035
2013-10-31,-0.014455899603027917,-0.005843928200840109,-0.0022922212009825887,-0.0028401577582335817,0.002138670511713725
2013-11-01,-0.006203647298539357,-0.004313917801340624,0.00024126046324371726,0.0023861716175323892,-0.010883568631005716
2013-11-04,-0.0011034001173000462,0.011431963504631928,0.0014481735230531697,0.0035128004579960495,0.0009415224563521509
2013-11-05,-0.0019733992654948685,-0.0034615188596251395,0.0010846538527018456,-0.003172184673312186,-0.012020485267706925
2013-11-06,0.00504414218537563,-0.004298056646995605,-0.0002407517729708259,0.005092918030439438,0.00047657323738946555
2013-11-07,-0.008209655231932443,-0.017006036686502107,-0.018974007699707588,-0.012723867743837809,0.008434353096911327
2013-11-08,-0.015013896979636615,0.018013665556618243,0.013416466826661822,0.013400550049685796,-0.02435998002636082
2013-11-11,-0.003304423963436345,0.0013722934509764835,-0.001576675359653628,0.0001693380617472631,-0.003778327844512835
2013-11-12,-0.011529892263514105,0.0008225549017590097,0.0015766753596536422,-0.0020317164981398786,0.004648004159813759
2013-11-13,0.00326132807082609,0.009546109292344243,0.01204222751177428,0.007991981052962723,0.0036649740236653367
2013-11-14,0.011492504258155503,-0.0009960239766961026,0.0031074080094768137,0.004976720913408002,0.006141952391376267
2013-11-15,0.00040229335990021333,0.003796910513288198,0.0019074472570060747,0.004341833431576112,0.0020070963388935125
2013-11-18,-0.01148785517697459,-0.007062942446917288,-0.009814480316603945,-0.003504774243475114,0.0059980406345108445
2013-11-19,0.0004067148534695573,-0.006197872092612444,-0.002891014090943918,-0.0021761296112599447,-0.00762203659121801
2013-11-20,-0.023286477860624745,-0.0003657122557273734,-0.0024155624077681864,-0.0031330364812745047,-0.017170782160687622
2013-11-21,-0.0014996278848543561,0.017858005431788167,0.010106201548833165,0.008036034496014127,0.0016531345210401003
2013-11-22,-0.00016679957021943872,0.004929862422915453,0.005371933645563209,0.004989820348422374,0.009281293447632675
2013-11-25,0.004492901489940914,0.001250400870789006,0.0023786062010625396,-0.0009955779322097429,0.0028832295399383403
2013-11-26,-0.005327125906487885,0.007384452029736144,0.005212504828250699,0.00027619711265484823,0.0037350589407759266
2013-11-27,-0.0030090344685490583,0.0055685269015008304,0.006947523724784229,0.0024327418658278955,-0.0017221007350025537
2013-11-29,0.01032652317938159,0.0005287222392987656,0.005966782788522568,-0.0006629924044503852,0.00028761413959078576
2013-12-02,-0.026189134272709247,-0.01009407836201722,-0.0029207374241463223,-0.0026002391480927827,-0.007808654918621152
2013-12-03,0.003226607638787976,-0.004817249385480175,-0.000818618155527383,-0.004329741674395402,0.003670674450933856
2013-12-04,0.016812770063131668,-0.002686221739290932,0.0009355089205495619,-0.00011108316577485876,-0.009592126254301486
2013-12-05,-0.013934549467759712,0.0007171119194206541,-0.0012871436004515625,-0.004405158128549942,-0.002826639393429127
2013-12-06,0.00211104147267288,0.007764620352186312,0.0072351395781629245,0.011115237659860513,0.004772540861834102
2013-12-09,0.009820854927032762,-0.0002665876958239875,0.004061753475512488,0.0025384904132171363,0.002329270099480988
2013-12-10,0.01738884972238615,-0.009112157727016386,-0.0006948533082746078,-0.003589206951012866,0.007147507352703579
2013-12-11,-0.00791168691971828,-0.01655913449531532,-0.012947157315707655,-0.011294865822718067,-0.00772962577812872
2013-12-12,-0.021493611686152832,0.0021872837530940363,-0.002586225742028638,-0.003306385597367813,-0.0037897231405573076
2013-12-13,0.009172415436119621,0.003272184590608882,-0.0012955756825376939,-0.00011230492978623143,0.004855668655869379
2013-12-16,0.0025934275495750453,0.01181750174343171,0.005523871974095841,0.00621245572142818,-0.0036881809119106417
2013-12-17,-0.008727091540916273,-0.0014359454276772065,-0.0019943576071687653,-0.0031851679787155713,0.0044638144246986
2013-12-18,-0.008803924689540665,0.013646859062490512,0.011559461011152062,0.01692822393140551,-0.005047801700921193
2013-12-19,-0.024008388970939976,-0.007469363330793231,-0.0027898930552454774,-0.0011564294125626263,-0.0009731732334747153
2013-12-20,0.009707154887455789,0.01672826842856421,0.010131933625636812,0.005799775895154551,0.015271755177784724
2013-12-23,-0.0031964326223482427,0.01127619621556326,0.010464756214642584,0.005328273443789568,-0.005675497833869947
2013-12-24,0.004575471214311559,0.0038264353869436407,0.0004579269920786332,0.002189197471572377,-0.008039096834217637
2013-12-26,0.005497345915552918,8.629803364354316e-05,0.003310765826898686,0.005071259542323841,-0.0038614429957965547
2013-12-27,0.003249852187408676,-0.000607575636613468,-0.0025108831029416554,-5.451474011146359e-05,-0.002844125102798307
2013-12-30,-0.014881383746899304,-0.0006081776822970734,-0.001486129866925608,-0.00016274672482660246,0.006852261079288785
2013-12-31,0.006306472892281937,0.002343450192508175,0.00650132039528048,0.004720802731017762,-0.006361119923775168
2014-01-02,0.016060461656273138,-0.010894814733711972,-0.007875807503134567,-0.009629490299104471,0.0030383546407467387
2014-01-03,0.01087288650299346,0.005070106216687909,-0.007244886106394927,-0.00016388155128849337,0.0
2014-01-06,0.001758860402907068,-0.008142209218934812,-0.0036997705917975353,-0.0029019723429939068,0.004199683015437936
2014-01-07,-0.005706631012357315,0.008316606954774498,0.009225238757782138,0.006122949680377125,0.0025317883272418526
2014-01-08,-0.005908660231014066,0.0013066647467374324,0.002177982965698739,0.00021766407332142384,-0.002726592489767321
2014-01-09,0.002874262992047153,0.000261003881146135,-0.0033272919343949525,0.0006535242270245227,0.005832404341277961
2014-01-10,0.015080740254614516,0.005468649012468991,0.0032129113070529917,0.002719209746271799,0.011850385518111777
2014-01-13,0.006299710080651556,-0.013772017579347939,-0.014887023891405183,-0.013394326217090783,0.004967507568292179
2014-01-14,-0.009381142826874576,0.012212518302686402,0.018888148884905934,0.010838736814048244,-0.004585169822018795
2014-01-15,-0.0019202320624570302,0.007428671502403441,0.008180856427937607,0.005375477872691609,-0.0010523900973533498
2014-01-16,0.001085798819833523,0.0012039163970017145,0.0001131861536940101,-0.0013003504981544127,0.006685953619925434
2014-01-17,0.009471650934748868,-0.003530406245182351,-0.00567352846305352,-0.004238747717766433,0.004179805092594696
2014-01-21,-0.01022328125188354,0.005934282201579176,0.00759516552369448,0.002936398955598994,0.0007584835052542618
2014-01-22,-0.0042697080909429135,0.005046474571985941,0.0025941040935167792,0.0006512847444156884,-0.0024660456496011594
2014-01-23,0.02157937863834963,-0.006762906109774359,-0.003384963995957405,-0.008226998494311603,0.014050093272343104
2014-01-24,0.004097023071523926,-0.025842169308379688,-0.01986173547330629,-0.02156674101754894,0.006441090333539241
2014-01-27,-0.010935375825426051,-0.014739849317109905,-0.009730747085319014,-0.0049311676364721495,-0.007002675929305993
2014-01-28,-8.269303790833496e-05,0.010500076036938671,-0.0005826021377798109,0.0059366485652344505,0.0024331449074383015
2014-01-29,0.012488900176089597,-0.014533774879094203,-0.010774093307468249,-0.00965133829657892,0.008191477552691546
2014-01-30,-0.022292903069312663,0.014799223810885696,0.018317099916696097,0.010544495072016866,-0.0028785570378278666
2014-01-31,0.0026682222466366365,-0.007461165914946269,-0.0026626692553070206,-0.005875500799680368,0.006671918960805048
2014-02-03,0.010190249127034517,-0.031794778368375555,-0.023218335588211104,-0.022762681485607852,0.012110945857443094
2014-02-04,-0.002723800407789108,0.0075185647187226284,0.0073284216359084196,0.0069805048983759286,-0.010667058892387428
2014-02-05,0.0024764999719102173,-0.007518564718722732,-0.002593982677992767,-0.0012552187971942253,-0.009288746572124425
2014-02-06,-0.00041234529928657837,0.007883957479647128,0.01267149357763352,0.013100811496102678,-0.004302223401847249
2014-02-07,0.007641467858454635,0.01125976495730876,0.017681205661813724,0.012319865264673501,0.0008436166104633749
2014-02-10,0.006120219937763649,0.0026150924786076456,0.005711113747329069,0.0018347242313542119,0.002805445992934171
2014-02-11,0.011646867732522596,0.008876233468854472,0.011324540784224953,0.010884475281406946,-0.005806787742015065
2014-02-12,0.0005627211416357906,0.003919464183311734,0.0019131251547244855,0.0004945361575578704,-0.0051791946194934815
2014-02-13,0.008482745858973658,0.012634582768755946,0.007390678939994256,0.005149306081182497,0.005649235292223118
2014-02-14,0.01314144676964577,0.0014037605932317964,0.00200605954439293,0.0055039547273361454,0.0005627457976428154
2014-02-18,0.001964251246385302,0.010378925815578696,0.004887623350854289,0.0011946845595213382,0.0022490090575290013
2014-02-19,-0.00890931024990728,-0.010291202374586661,-0.006893682895247187,-0.006643567232533184,-0.004220950365583657
2014-02-20,0.01047791408716357,0.010725138173610961,0.00467499690527191,0.005883598841807644,-0.002447870827123975
2014-02-21,-0.00015672578637373395,0.0031173405821254157,-0.001333671825775993,-0.0011412912877846427,0.005263882467649394
2014-02-24,0.010991291396995246,0.007322391431973073,0.005323676108524921,0.005531485306095066,-0.0025347487214778973
2014-02-25,0.0017041151320099485,0.001029523916830097,-0.0011066246845416678,-0.0003788898128072433,0.008889092467002944
2014-02-26,-0.008549765062402548,0.0061546036772099485,-0.0008862942040391155,5.4324124292656296e-05,0.005295401214401717
2014-02-27,0.0007022460492867505,0.00543836583439496,0.0064669641617478325,0.0052336860542546776,0.0054522054442473905
2014-02-28,-0.00453440072014137,-0.00399130681737501,-0.0011064116038642735,0.002526258880139719,0.0005533048811051765
2014-03-03,0.02070556372289368,-0.005375102465194061,-0.007443965201329639,-0.007057038044158485,0.0066530245221269576
2014-03-04,-0.012434038231916314,0.024840852712520404,0.01263303657653755,0.013957964189209587,-0.015156230625203186
2014-03-05,0.0016306772285005259,-0.0005845433714873522,0.0027489466460004085,0.0009058391200750692,0.002140060147996175
2014-03-06,0.009881951730484863,-0.00016696867661704804,-0.0008790399351912181,0.0022874963335995434,-0.009898648468054183
2014-03-07,-0.008331467261762834,-0.000333797300012226,-0.004957591735072608,0.0004247100909891774,-0.0063073799956872845
2014-03-10,0.00030987952174799755,-0.0033474075987126183,0.0008828519724400884,-0.0005309406952300424,0.0014156330435313887
2014-03-11,0.0056372651087014634,-0.010448492404559794,-0.004313048694633881,-0.0049550792477620125,0.00263705932003514
2014-03-12,0.01452509239828917,0.0030447254021452224,0.0037612650441911006,0.00026702434147045053,0.006935713695590892
2014-03-13,0.00340957412514151,-0.011636186210496509,-0.01423515528106232,-0.01127636486435035,0.013361106448219154
2014-03-14,0.006709152953836264,0.004177118374788299,-0.006855838749737304,-0.002812161388770187,0.00018355323253167846
2014-03-17,-0.01102985181906253,0.004414342433563065,0.00875813415696862,0.00900303190652077,-0.007491676209627407
2014-03-18,-0.0077786123459218795,0.014463830345379496,0.012001791551833688,0.007112712275980117,0.0036143592837116685
2014-03-19,-0.01955919383977943,-0.006533080061436221,-0.005427892011080898,-0.005343109140014809,-0.0078006179792514925
2014-03-20,-0.0017971931407437896,0.0013432649995724754,0.0027729796496925954,0.005822680387567489,-0.0017727739574876268
2014-03-21,0.004759503433198317,-0.004626256760350345,-0.01210620642025241,-0.0038858975338792547,0.010775411056132557
2014-03-24,-0.017985962184133498,-0.011446834416931416,-0.00880252762739648,-0.004144347713771488,0.007088974171105606
2014-03-25,0.0018211601163198826,-0.00023966204416865191,0.0032817030118987385,0.004734182583121975,-0.003767766968749009
2014-03-26,-0.0079422224405048,-0.019342472092969746,-0.012963340676464253,-0.007217847459541998,0.007796297813568689
2014-03-27,-0.006560082119566911,-0.0025318482226150785,-0.005624111594240683,-0.0021110397370599876,0.0050131878085831584
2014-03-28,-0.00024080899198659537,-0.0009619066580426312,0.001955042916121162,0.004918141023532698,-0.005652826201966792
2014-03-31,-0.007656055088048172,0.017777536347017932,0.007096684774413279,0.008161216154880484,-0.0024711267769281365
2014-04-01,-0.0017813868735330133,0.013065706964178862,0.01741333159102386,0.006608759451450341,-0.008583540405799383
2014-04-02,0.0075088182006584885,0.0044862753005702185,0.0025750987588189452,0.0033407577017852937,-0.0057629463114100485
2014-04-03,-0.0032227028320670663,-0.010186987998463471,-0.00797030872548151,-0.0013240278164800522,0.004372346369730499
2014-04-04,0.013227188238038482,-0.02339428291004661,-0.02695724212952004,-0.011892934440501072,0.0066597572621029996
2014-04-07,-0.0052698622747470985,-0.014694046909339776,-0.009539500764159109,-0.011112975146799818,0.0059756997380185336
2014-04-08,0.009402401345718429,0.006978148321043435,0.009191805610703638,0.004114692784223083,0.002379278591861162
2014-04-09,0.0018224588899723945,0.014331999085310734,0.01699594249633447,0.01069340992505201,-0.004948884313236002
2014-04-10,0.005447472804123671,-0.028961612830219734,-0.031461933426350154,-0.02122975940142184,0.009237459808583311
2014-04-11,-0.0006300845312460606,-0.013941180584950136,-0.01170172525088685,-0.009049151381313748,0.008069618626339032
2014-04-14,0.007221933997910394,0.0028039244943137316,0.007816279075851536,0.00784729827385385,-0.002622046393882406
2014-04-15,-0.018631632703176887,0.0038760962500756176,0.003297890431222788,0.0068639510804494675,0.00622827259509575
2014-04-16,0.00039838308299643756,0.010827493239587878,0.013198518270673816,0.010423159564781008,0.0012588956493257255
2014-04-17,-0.006312705550471783,0.00497118534184207,0.00023217591706871352,0.0013961389049483102,-0.011024793939027715
2014-04-21,-0.004096572985582176,0.004682557218812182,0.0073969779987565825,0.0034809457407849295,-0.0008182658336617602
2014-04-22,-0.0037093751967073626,0.010260370318788601,0.007914381436185483,0.00453391383539741,0.0033598989485551923
2014-04-23,-0.000161562923454372,-0.0063015575495785825,-0.008835691807418715,-0.0023444346293473926,0.005693695901839687
2014-04-24,0.006443284399615783,-0.002549274983982162,0.009520748687914832,0.0020251301702326058,0.0018904019749895026
2014-04-25,0.0069603285441200615,-0.017760942113685087,-0.01611230357094225,-0.00823227016169578,0.0014381318735401144
2014-04-28,-0.004394582256213849,-0.005840870614317243,0.003243257495814164,0.00316198376747027,-0.00486239861079073
2014-04-29,-0.00016013969152065024,0.0025199630508776537,0.007948110760629557,0.004644388456293008,-0.001354841089433088
2014-04-30,-0.00513891756378345,0.006630823192962154,0.0026351066941148814,0.002978572949435433,0.0041492446061663895
2014-05-01,-0.0033868120568972798,-0.00035752455976544495,0.0029707026201825867,0.00010597671018204093,0.01067122990383663
2014-05-02,0.010126217716067469,0.0008038532277821755,-0.0018267052474348108,-0.001434510312344734,0.006140856509329012
2014-05-05,0.00923282321005491,-0.0012506204733009779,0.0052437719542339075,0.001912454466535501,-0.0060517936903420125
2014-05-06,-0.0019032349869848157,-0.016399833466262278,-0.013046807058545865,-0.008741990044188352,0.0040086866697588595
2014-05-07,-0.014471611157944956,0.0006358856409349958,-0.0028840857745932305,0.005871786124195973,-0.003562742671829094
2014-05-08,0.0,-0.010129429540230085,-0.000924291943207747,-0.001065099443329743,-0.004291850873723828
2014-05-09,-0.0005638997673951992,0.009130218675904859,0.0036934974211621924,0.0014909011678979028,-0.003230925356075243
2014-05-12,0.006745961691050962,0.022466934622555796,0.016339861845684884,0.009688991708718099,-0.004053557648758553
2014-05-13,-0.0027250474989195758,-0.009823490933672328,0.0006800971832211185,0.0008949967863884087,0.008627994760572886
2014-05-14,0.009664218850403477,-0.01637672147710964,-0.005223621377633931,-0.0047488582758726475,0.010769053852133744
2014-05-15,-0.008300797439581266,-0.006773573547696062,-0.007887144668324828,-0.008819059130733253,0.007936217369025543
2014-05-16,-0.002166299613193375,0.006317673760413891,0.006519737632111286,0.0034626152505836073,-0.0028143011924728002
2014-05-19,0.000642378619059264,0.010711572855693989,0.006930856312747374,0.003662566408750295,-0.007425772105439282
2014-05-20,0.0008825820644809731,-0.015377302440843694,-0.0036295319580945903,-0.006324684564229399,0.00221561924423268
2014-05-21,-0.002408890273186768,0.005121629372431845,0.009499850701281842,0.008388946712704246,-0.0061275841029935045
2014-05-22,0.0022484453545559245,0.010345865900264949,0.004380421674432594,0.002429200361608749,-0.0014262163762526108
2014-05-23,-0.0012841805482511725,0.010865413712242223,0.007257834501271095,0.004000488201267051,0.005338181235013419
2014-05-27,-0.02159528357280623,0.014276426298367475,0.012384274103199056,0.006127643680178226,0.005839540918779722
2014-05-28,-0.005348719092920464,-0.005208125911823001,-0.0030815585213227015,-0.0007311702678566513,0.012274170374819822
2014-05-29,-0.0021474734237060316,0.0033575935303954123,0.006372855401040407,0.005159553393153038,-0.005329323023225368
2014-05-30,-0.0042259012255481555,-0.004508751771383339,0.00010930994855924782,0.001610346711974075,-0.00043868266104307637
2014-06-02,-0.006080086737565226,-0.005419643883482909,-0.000985961012830717,0.0011413272783036023,-0.007461817556964815
2014-06-03,0.002586503374912596,-0.0024080495914179994,-0.00043810968290721505,-0.0005185972650496578,-0.012381253245594838
2014-06-04,-0.002085332494818545,0.003921268230412478,0.003721390516339479,0.002020353726646295,-0.00026893611259744553
2014-06-05,0.007486945414296175,0.02077543989940006,0.008378880165635021,0.006501243976499105,0.0004483429722446059
2014-06-06,-0.00041449870757462217,0.009537988657566962,0.005725944757698566,0.0047710456104819495,0.0
2014-06-09,0.0003316000625026315,0.008763885280645934,-0.0007545860648285725,0.001023431184536115,-0.0014347482781736465
2014-06-10,0.006114693163497651,-0.0019696125349140596,0.0017238294090657692,0.00010222831998468173,-0.0036864314041872436
2014-06-11,0.00016477983735385757,-0.00489735936741081,-0.00021567618639255036,-0.003482978762511636,0.0017999891101081805
2014-06-12,0.010079951867740265,-0.006134479615475827,-0.009083862733509595,-0.007104713047196472,0.008861582847305885
2014-06-13,0.0026058621978226784,0.0017316735810611176,0.0029289089793466485,0.0030438128404885654,-0.0005346889859725957
2014-06-16,-0.004401351318836742,0.004833146095951384,0.0008663910740290668,0.0008237340741258555,0.002494138012155788
2014-06-17,-0.0011442534259886873,0.0070348433228398346,0.0005409213548062405,0.0027753549199733816,-0.007948184273481072
2014-06-18,0.0031843210782079717,0.0067312491408031555,0.005608808377664658,0.007313235376475906,0.0076812126543851405
2014-06-19,0.03421674499309155,0.0008489748160976544,-0.0006454908659444386,0.0011204249896169284,-0.01289428240758222
2014-06-20,-0.0034722449435065487,0.003303333959328754,0.0011753686833071428,0.0020282156143688317,0.007541325258808605
2014-06-23,0.0027629658487138523,-0.0019468790132718338,0.00021546625480171845,-0.0003064294203041622,-0.003135310290938617
2014-06-24,0.0010243461627259776,-0.010733531763631246,-0.0009700538892467825,-0.006042651022342066,0.010088099593014125
2014-06-25,7.870619989025702e-05,0.008443119498445908,0.006344268425369009,0.004510232799714273,0.0025727951673034104
2014-06-26,-0.002049460796069654,-0.0016998051458904447,0.0005357559600342644,-0.0007162748697609323,0.004772302195173584
2014-06-27,-0.0005525055816399519,0.006697845541485102,0.00438308127272896,0.0019423593363356321,-0.001500323283023414
2014-06-30,0.010836302664764272,0.003964008252589404,0.0017054179058982933,-0.0005109861902651122,0.0024698846405661274
2014-07-01,-0.002658923525334879,0.010132866765342483,0.010908069152225175,0.006670967542048606,-0.008407612982220704
2014-07-02,0.0,-0.003863496356509773,0.0016837090839576267,0.0010147334963777025,-0.010745345067805466
2014-07-03,-0.004237574298798854,0.0060272198707017905,0.006289194531445174,0.004906003641880193,-0.0036074369204018492
2014-07-07,-0.0011016368953835223,-0.017256809438014713,-0.0030343161600738257,-0.0034877058991110606,0.007292626191072203
2014-07-08,0.00039358536836548694,-0.012216906718600647,-0.012126965374949292,-0.006450644334294054,0.01114865712504299
2014-07-09,0.006041340057119357,0.0012885934084149095,0.007398919836677382,0.004474351762058518,0.0007980853040380617
2014-07-10,0.005460634339476959,-0.01070185729702934,-0.003164377901905653,-0.00396471925714778,0.0002654553777701863
2014-07-11,0.001865424919652749,-0.0013023127282920722,0.006423434446217128,0.0013744946895538808,0.006359621188711522
2014-07-14,-0.024048290991992773,0.005112710766763385,0.005965089653741235,0.005022615861254065,-0.004323324603469016
2014-07-15,-0.0095105807084893,-0.009902291480237529,-0.0034489279759254213,-0.0018743964641938185,-0.002036296585242404
2014-07-16,0.003527077335086919,-0.0027099947211231255,0.003970867672869708,0.0036945571958076355,0.005303010308326724
2014-07-17,0.01682174981323043,-0.015526123647923867,-0.013332926969568391,-0.011431001304863506,0.012524297453639968
2014-07-18,-0.007582368755593338,0.015438469365364034,0.015728334866513646,0.010167386277753102,-0.003224987371767666
2014-07-21,0.0016635571611118736,-0.004035124218382051,-0.0012490017074807465,-0.0018737288530845722,0.0049642805220700605
2014-07-22,-0.004760390518762728,0.008402733001235367,0.0063342286604290855,0.004348790326267796,0.0020835827500441874
2014-07-23,-0.0009547670752033489,0.0012195753764956696,0.006396737577236292,0.002217601155483877,-0.0013013339284812125
2014-07-24,-0.010161340911870228,-0.0020045953100771377,-0.0011322389796045312,5.036840188426134e-05,-0.007495672766545884
2014-07-25,0.01151369915042729,-0.009113173117541869,-0.003920136175168985,-0.004692237947244005,0.011740442339135227
2014-07-28,-0.0016708368622554031,-0.005030060508541233,0.00031009364533691444,0.00040418718189937764,-0.0013842477371319648
2014-07-29,-0.003030585975810523,0.002738496534422054,-0.0017581824422046196,-0.004306611610924895,0.0036293689641147863
2014-07-30,-0.0029596079595894664,0.003962721864085283,0.003925891817454238,0.00015239405002831857,-0.013985563566118046
2014-07-31,-0.011602760367427354,-0.02311416512126834,-0.020417175336382796,-0.019945877048261684,-0.0029780652055529833
2014-08-01,0.007991307629640355,-0.004597522149950412,-0.003690060547923383,-0.003060466043369817,0.007711059491997366
2014-08-04,-0.0031404736308630744,0.008815762374752973,0.006842380381290461,0.007195091667613988,-0.0026219983515219864
2014-08-05,-0.0009682492234866406,-0.00251105088390511,-0.007688365103328062,-0.009743727935340663,0.0032333579215624796
2014-08-06,0.014426758317503117,0.003137710555963946,-0.0007399752671213567,0.00031289457945759386,0.0006101692180961671
2014-08-07,0.004050052304525599,-0.004844899896861221,-0.0031790433936361214,-0.005429834094548237,0.009285746872913062
2014-08-08,7.926565064659302e-05,0.009666439869731445,0.007191067226260738,0.011502713501492502,-0.002161918354951747
2014-08-11,-0.0018243380474585883,0.00948500338745144,0.005883923809594542,0.0028937963710331674,-8.615225903131378e-05
2014-08-12,0.00023813280255596478,-0.006905581055978248,-0.0004190966266851273,-0.0013943422950039618,-0.006514503723734646
2014-08-13,0.0016654041582138744,0.007787717714045037,0.010529087496064874,0.006746296697405487,0.006514503723734554
2014-08-14,0.0008712575320018362,0.0014974896336268386,0.005171959394016153,0.004710417603045493,0.008018303734262293
2014-08-15,-0.00659277338198299,-0.0019383824745633097,0.004836756143597172,-0.00020436891495716441,0.01084820547969556
2014-08-18,-0.004152731310402707,0.014446641279851418,0.007671077637728576,0.008344594393380013,-0.009989782480226748
2014-08-19,-0.002243221418003945,0.0034709809566703773,0.0055878693977913846,0.0052053311475704625,-0.0030935446095370894
2014-08-20,-0.0036962603887065737,-0.004253576208667597,0.0,0.00266789758747314,-0.0016364783371272738
2014-08-21,-0.010845949910482008,0.002172433693621485,0.002024051866393534,0.0029114999293952592,0.0055877989363446205
2014-08-22,0.0025196517444803458,8.722419923527981e-05,0.001515354910625987,-0.001554913528956229,0.0055567488606298706
2014-08-25,-0.003659619235666915,0.004675934543382001,0.0035276783621792174,0.00505777442121694,0.0037449537800385035
2014-08-26,0.0049575510486128994,0.009030386972818986,0.0010054949317317354,0.0006488436351390427,-0.0032328871737500047
2014-08-27,-0.00024323006176227963,-0.0024858971832704703,0.00020097772084262663,-0.0003992670888470447,0.008485568368401622
2014-08-28,0.005498965061752994,-0.005163170879171299,-0.0011058357213522287,-0.0005496700449171064,0.005225059639478633
2014-08-29,-0.0011296651673684001,0.005592031296323131,0.003714960600280345,0.0028442991941175074,0.0006719518029027293
2014-09-02,-0.01800381866494826,0.0054757281887056084,0.0029020345982769392,-0.0004984410407122453,-0.017401083662207353
2014-09-03,0.004101728422874365,-0.006333785334272438,-0.005913322920841326,-0.0005486833496192291,0.005552967341450491
2014-09-04,-0.005500142384415236,-0.003871617756607469,-0.000904956268971515,-0.0014472908169419717,-0.012257524702044055
2014-09-05,0.004763039303479569,0.0031844586379928454,0.005018065513038341,0.004485052526955602,-0.0018994493902204724
2014-09-08,-0.010956031965065586,0.0015452162641814609,0.0019003434623869565,-0.002588925947161714,0.00043256858974917195
2014-09-09,0.0011589354452107377,-0.011910133154061173,-0.008327776528186769,-0.006351465777388054,-0.0007777886507681371
2014-09-10,-0.005059527219948347,0.0058867594531997695,0.008227646742574146,0.003755819891479408,-0.006329828751946333
2014-09-11,-0.006590779328069263,0.006452354506042016,-0.0007994818337046596,0.0011489123133249987,-0.003311340562748906
2014-09-12,-0.009165537985610185,-0.010690400178887543,-0.005113841087136659,-0.005858200413726804,-0.010528381782461259
2014-09-15,0.002193926623932413,-0.010981950136219432,-0.009696871956776392,-0.0007538766625446492,0.001498640638746243
2014-09-16,0.0016002230258534479,0.002800510054040306,0.008691426267335413,0.007510535459484807,-0.0040592651359710056
2014-09-17,-0.01091520673738707,0.002618383993205272,0.0015080409691154001,0.0013456672601613077,-0.0025678426660938384
2014-09-18,0.0020397581785849142,0.00608259642736502,0.007507110819845563,0.005315978561781731,0.003186471227294588
2014-09-19,-0.005875628567548555,-0.012728882608171644,-0.0006196943239326081,-0.0009012361273380325,0.01264521863658148
2014-09-22,-0.0020517906581858703,-0.014138486932311099,-0.00934574096194991,-0.007753504224810667,0.001220949283835641
2014-09-23,0.006397974562940498,-0.009387913850994778,-0.0027293075029077274,-0.005740896788416982,0.006168943360713445
2014-09-24,-0.004687802480188137,0.009012148560307314,0.010673749441175258,0.007797785532768026,-0.0055593891407888524
2014-09-25,0.002900499681904287,-0.01701598572933517,-0.021258335345036006,-0.016266939725244598,0.011776074449194915
2014-09-26,-0.002815116684031948,0.008949175452271672,0.010584585903860742,0.007913703756765925,-0.0014643694187032607
2014-09-29,-0.00025630125106070766,-0.0008101441892909575,-0.001316994215525116,-0.0018207462013420824,0.007985300088218324
2014-09-30,-0.007031410399421769,-0.015246476125648997,0.0014179382443358429,-0.0026355935375759077,-0.005660506002067762
2014-10-01,0.004807267982801864,-0.014276276116513973,-0.016122751111845857,-0.013644566474388284,0.019205808551553714
2014-10-02,-0.00025693786276910794,0.009509298633683726,0.0,0.00015437949171368315,-0.00875018130284
2014-10-03,-0.018414155642527203,0.007506355791844528,0.009827166665280801,0.010948892178894335,0.00425690286874062
2014-10-06,0.012313702004798997,-0.008609655858640115,-0.002141410707316619,-0.0011711263826084224,0.0005946883367846278
2014-10-07,0.002840071033501484,-0.01660278602983664,-0.014290921115305758,-0.015556313321205965,0.013410489590057624
2014-10-08,0.009494153355036908,0.018991868174511334,0.01928045965661894,0.017337905875949394,0.000251687326172707
2014-10-09,0.0014461162700842916,-0.027351073238881272,-0.01628199894742611,-0.02003204179446718,-0.004364803530566137
2014-10-10,-0.00042514180520484993,-0.012240752644854606,-0.02530184633153284,-0.01148050159397789,0.009877673453032447
2014-10-13,0.007877727689301057,-0.004017850988929075,-0.015795807593952934,-0.016563458461012568,0.006061907649872856
2014-10-14,0.0005904407146892826,0.011627137704892335,0.0001078897754014258,0.0015460620422657679,0.006519960882214319
2014-10-15,0.0033673029177564103,0.009993253833028364,-0.006474720121643477,-0.006788751249856846,0.007865205699242902
2014-10-16,0.0019310980168237603,0.011194204623181268,-0.006298893619787277,-0.0008584398755199304,-0.006385914039947518
2014-10-17,-0.0019310980168237627,-0.0029729942728261103,0.01309614011853907,0.011741742227945216,-0.005600829000928515
2014-10-20,0.006784273141083318,0.011654769319014054,0.01483563672644609,0.009662998718067842,0.0036275555344123856
2014-10-21,0.00183465643646135,0.016327562767913556,0.025934803490579247,0.019616943794413578,-0.008014600628622274
2014-10-22,-0.0056818361839991085,-0.01439811740721491,-0.0051748536674185485,-0.00713632140754386,0.001077575017804135
2014-10-23,-0.006894837025991361,0.017559565395342328,0.014933981003260313,0.011557599690444509,-0.008906549862803058
2014-10-24,-0.0014353713145334821,0.001712288516331214,0.008145136085829306,0.007665724996952621,0.00100279313367868
2014-10-27,-0.0024533739338829107,-0.0005407708398148494,0.0007094781721683108,-0.0013755667886200713,0.0018360479473008753
2014-10-28,0.000338761149914085,0.028068517460924293,0.014985190115595173,0.01140524830895175,-0.006273194254381658
2014-10-29,-0.01441323656422149,-0.002367890114594984,-0.0037003833800505316,-0.0015133728632461484,0.0022632711097237954
2014-10-30,-0.010535513585850021,0.008480474607105876,0.0021015942738181153,0.006390060070367542,0.0008366518655002876
2014-10-31,-0.022208494160597073,0.014604786287459913,0.013702953801635404,0.011370704703642726,-0.0025960676195397095
2014-11-03,-0.004537191400506066,-0.0017173122958226024,0.0029541397981255467,0.0005450050650917364,0.0
2014-11-04,0.0006239666286797927,-0.004651268804450368,-0.0033485649548318,-0.0034749814904191487,0.0031054659427830495
2014-11-05,-0.021891782615057327,0.0018115296658214768,9.878496146478396e-05,0.006296193941896116,-0.0014255819798410924
2014-11-06,0.0008193776453400158,0.004299855047428455,0.0031513155560006422,0.003995238374271275,-0.006483425572667642
2014-11-07,0.027733471313511962,0.0015432479871473092,-0.0008852249152711095,0.0009350790762193966,0.011422411338169227
2014-11-10,-0.022468851359662735,0.004957470549647648,0.0035370232970153128,0.003142183053522415,-0.009228575867716908
2014-11-11,0.014202502378614763,0.0006819215525306189,0.0031334348611778574,0.0009801427287867773,0.0006743270025584848
2014-11-12,-0.004831367663167211,0.004505291441780589,0.0017584802232079003,-0.0010782460954822791,-0.0008426313411047733
2014-11-13,0.0015234861605119636,-0.008517480542684357,0.004284968210324859,0.0011272913641846274,0.00235768509355897
2014-11-14,0.024764713533656276,-0.00179841426377095,0.003105097342349278,0.0002448284082668245,0.004865707392638851
2014-11-17,-0.0036758151058755954,-0.008347194825748359,-0.0030074674296303497,0.0006362192351993745,-0.0025142616022209535
2014-11-18,0.008729867518400021,0.005772918312183055,0.007454451246225234,0.005757271213925492,0.0027650637162579665
2014-11-19,-0.011979356533504938,-0.010710862817115216,-0.004543837053397801,-0.0016064287940642918,-0.006378894844779791
2014-11-20,0.010326514276663132,0.011140356707380242,0.004446852024272601,0.0017524869607978399,0.005206590118810798
2014-11-21,0.004603689167085155,0.0012017997239392255,0.0019278270821038055,0.00533655614686336,0.0060134984335662766
2014-11-24,-0.0024294916878058385,0.011852254507360094,0.007767793163900242,0.0028020647616018527,0.0008319780050475776
2014-11-25,0.0023428067947762364,0.0007627278084028835,0.0015270359529563986,-0.0007237780386436897,0.008284829339205211
2014-11-26,-0.0019085074799196843,0.0032980495802660743,0.006465057662690753,0.0025557613510913475,0.0027190150332625273
2014-11-28,-0.026841959934437463,-0.014970048996667987,0.004632968577804902,-0.0021216635174259434,0.007868559002043241
2014-12-01,0.03909721071410293,-0.015719626625087857,-0.011383964581951525,-0.006973847583098292,-0.005851006431847512
2014-12-02,-0.012428974377113709,0.011941739286255472,0.003999114104804196,0.006443039874610267,-0.009759094681585943
2014-12-03,0.010282221622139046,0.009588490703507086,0.0018042149160701784,0.003855519115681886,0.003898068503625471
2014-12-04,-0.0038758463696522295,-0.004782790861208556,-0.0004744861968994603,-0.0011067721331479933,0.008326968162832777
2014-12-05,-0.012591864202654362,0.007505310320540202,9.471005667651998e-05,0.0016357154419681466,-0.005845867484804461
2014-12-08,0.011728543111015293,-0.012569044684662876,-0.007142889209612635,-0.006704911455618932,0.012148106079210729
2014-12-09,0.020601691573211994,0.016639313227112297,0.0031496373982547957,-0.0006779100877466308,0.005126601539539137
2014-12-10,-0.0019479434950336577,-0.021469315643161364,-0.01584519693051732,-0.016161398040832803,0.007278447272488727
2014-12-11,-0.0022915065517861103,0.003969507716337964,0.004731600144506308,0.005057247140572563,0.00410143980852761
2014-12-12,-0.002381955801053023,-0.012217000262181841,-0.010946110379938902,-0.016293672373648482,0.013471306025819458
2014-12-15,-0.026058456631024355,-0.010164101802018344,-0.010377762847559974,-0.006893123210732819,-0.002061224132074127
2014-12-16,0.004883567458748182,-0.0014100043566713358,-0.01617174093316726,-0.008051970978337422,0.012301021808942453
2014-12-17,-0.005933184879209219,0.03039998262354923,0.018040009793347658,0.019415308436971812,-0.009053130524432651
2014-12-18,0.007671599736508545,0.014776363289000751,0.023781588271170117,0.02442782300086717,-0.01795381868538499
2014-12-19,-0.0033055430745708814,0.002273212325594207,0.00439059357268111,0.0042460913497839176,0.013356558518431533
2014-12-22,-0.019532501975925175,0.006789386578334401,0.0024890885725685806,0.004589117387975279,0.0013493688824435125
2014-12-23,0.0016866692377105724,0.001252305594459533,-0.003544359671266521,0.001348598534377784,-0.02003409780165517
2014-12-24,0.00026605277109273347,0.0028847399945708843,0.0008631975553880401,9.640420290883095e-05,0.0054281287985768
2014-12-26,0.018102473257655193,0.00649196174591756,0.0070698805727659715,0.0032195977821740194,0.003704605173561408
2014-12-29,-0.010153292143778678,0.004222324918252364,-0.00019020462043144442,0.001342502795085064,0.007447517365691191
2014-12-30,0.013370224180731385,-0.005883014543755057,-0.006687602409024709,-0.0053805050068965075,0.0027090614790956412
2014-12-31,-0.014162271200273567,-0.00600084756964627,-0.010309962688425397,-0.009972415818246434,0.0019073408773372723
2015-01-02,0.0043925221460414865,-0.005784903319884551,-0.003007165255099562,-0.0005354673462018649,0.011056679004814253
2015-01-05,0.014964618775983719,-0.013459228672266278,-0.014777199966439124,-0.018224846047948856,0.015587032729369111
2015-01-06,0.01133448217141997,-0.01745190681686189,-0.013499196172853003,-0.009463415379871873,0.017856356243137007
2015-01-07,-0.005908836993974842,0.012239724672673036,0.012808756108597476,0.012384215670800265,-0.0019767204162647748
2015-01-08,-0.004217399700950183,0.016819360188934002,0.01895875846089676,0.017589138377930323,-0.01333145941699881
2015-01-09,0.011320872784880804,-0.009649277335222438,-0.006604321711584527,-0.00804569357112007,0.010892834103722816
2015-01-12,0.011025431201653892,-0.0033224511273166123,-0.010481901060886313,-0.007864378046558465,0.005706064591579042
2015-01-13,-0.003379471739693634,0.0007675726758522144,-0.0002953317168270668,-0.0028167742295437696,0.0
2015-01-14,-0.0016093040146014643,-0.004015918614314637,-0.005531336657289425,-0.006055607434218384,0.007557220918973377
2015-01-15,0.024864209830664365,-0.017010271849817547,-0.013060201911467537,-0.009202630429853515,0.015613842724569837
2015-01-16,0.01297967953352017,0.016153532321728867,0.0116724917300889,0.013029056875589922,-0.012831299346815025
2015-01-20,0.013618890362551296,-0.004207385043952053,0.007903772013642715,0.0021303349994094903,0.013201156976435396
2015-01-21,0.00024156831944978564,-0.003189009473482449,0.005104008162201232,0.005035153591763946,-0.011626017722185801
2015-01-22,0.008017360134577187,0.020167992968746152,0.018334846256199373,0.014761657147055369,-0.003604534816224332
2015-01-23,-0.008017360134577146,-0.0006770040674481391,0.0022082093782797834,-0.005497857659374135,0.013821540159235984
2015-01-26,-0.010031679362329541,0.00960515470250333,-0.0011513520989996152,0.0023389601180590857,-0.003046451355036402
2015-01-27,0.011399158685807192,-0.00479108214263598,-0.0262688504354076,-0.013278358951053025,0.001561587268020498
2015-01-28,-0.007909034514030033,-0.01699384511832497,-0.0051392387107674084,-0.012907405694888484,0.01621626941458383
2015-01-29,-0.02178803552843412,0.013702573906166311,0.00956559450499529,0.009201404155508207,-0.006602733347196138
2015-01-30,0.022031068542067805,-0.02222296772189396,-0.007783491778576997,-0.012654425459252832,0.0175826148092525
2015-02-02,-0.008378450604819716,0.00911965850013199,0.008666416669540683,0.01230767609456021,-0.0037829434418742915
2015-02-03,-0.011254031870982083,0.01774163449149908,0.009563696966793848,0.014357778015047862,-0.02139394084049186
2015-02-04,0.004368788786280421,-0.0037088481914804867,-0.0008743563451031331,-0.0038150648037943366,0.0017080799930947162
2015-02-05,0.0017257602352123193,0.01283828715336791,0.008614805375801754,0.01004464841469027,-0.011040098522027477
2015-02-06,-0.026204564931172653,-0.0010844844346525285,-0.006090434375519643,-0.0027694662791801945,-0.017860292544219704
2015-02-09,0.004457337052542182,-0.007961027744258543,-0.0032046593324281426,-0.004485701789073046,-0.0016048838362052735
2015-02-10,-0.005891255467082124,0.006374120092210371,0.015443744627696824,0.010596725342903006,-0.007985692082739079
2015-02-11,-0.01188773038576783,-0.0014222509926583517,0.0036332155957132075,0.0005801142492974294,0.0018486783524722056
2015-02-12,0.0023036284035265445,0.011321112715695017,0.011576424395299793,0.009570979202820044,-0.0033147355233242603
2015-02-13,0.005439474740014081,0.005941986813778333,0.008548439668125121,0.004107845319756309,-0.010321664197050114
2015-02-17,-0.016838734326833547,0.003122116683589366,0.0009346374626201551,0.001571838899943547,-0.015169779769821418
2015-02-18,0.0028404943034609498,0.0010656686854358104,0.0014008229261118714,9.514650513859027e-05,0.005922201756266821
2015-02-19,-0.003444070035884628,8.20219094265727e-05,0.0049338814990257515,-0.0007139945682127401,-0.006635759297895655
2015-02-20,-0.005708895866845205,0.0027000755448873945,0.006663598092459071,0.005982395791829167,0.002928523471699414
2015-02-23,0.0013003471683988895,0.0009801520901934716,0.001013874087796219,-0.00014188615438951417,0.011394016435658455
2015-02-24,-0.0014738237281034486,0.001305616290049265,0.0007368427090313508,0.002836681211632914,0.013040416353019951
2015-02-25,0.003810143280624359,0.0011403179478487243,-0.0024893865253643004,-0.0008501076772521408,0.004309077558980613
2015-02-26,0.003192846928133665,0.003658006430071995,0.005064525364323554,-0.0011818907994868317,-0.013762367633269764
2015-02-27,0.000775127851616969,-0.005450991330968646,-0.0044181881822189534,-0.0034121489205812964,0.00837295458506194
2015-03-02,-0.004140821554351363,0.007234095223408982,0.008999826072722084,0.006293793043548249,-0.018802695946162733
2015-03-03,-0.0018169945131893267,-0.005929689568288562,-0.0046734196484638285,-0.004112889480579413,-0.0036322624302710543
2015-03-04,-0.0031225683060647487,-0.003100755159157059,-0.0038652109339651786,-0.004224180856151847,0.00031648594508022033
2015-03-05,-0.0009560698660537595,0.00293769873908465,0.0017503767816317154,0.0010936259319871062,-0.0012660582627695778
2015-03-06,-0.027684033513420175,-0.012710840774272598,-0.011386237743388776,-0.014164539032151143,-0.022340324261921434
2015-03-09,0.0009828943243309087,0.0043645059454955875,0.002881736266774102,0.004135811615572723,0.009189502399230113
2015-03-10,-0.004924161015297649,-0.011570498052429712,-0.018741158562513887,-0.016354775364787286,0.013071690701695638
2015-03-11,-0.006031419233618076,0.006132667870446164,-0.005786633199018862,-0.0023443296379555053,0.007258735022701626
2015-03-12,-0.0002709060307489861,0.01646973392180907,0.006543062087077459,0.012633855656039724,-0.0007079527617337824
2015-03-13,0.0014440077763354022,-0.003582243889042364,-0.004357281087515431,-0.0061511818883076665,-0.0030727374203274875
2015-03-16,-0.0006315097549614711,0.005855151374910737,0.012827930467009176,0.01327212003595725,0.009581767278705435
2015-03-17,-0.005429372519536195,0.0026723745330027924,0.0015920697541719577,-0.002977155564294969,0.008250873864776884
2015-03-18,0.019409393965783985,0.007973761799516216,0.009777144516789812,0.011950194179926904,0.01911799788772192
2015-03-19,-0.0007122036244302048,0.0019232028081602685,0.0014814032698063535,-0.004572009995410631,-0.005108610259928211
2015-03-20,0.011334565478751316,0.008769356334381856,0.006452193869060489,0.008788192690359844,0.005261063934298504
2015-03-23,0.006319701703631724,-0.0008733921397829175,-0.0019368466754778471,-0.0019506237622676672,-0.0012173155059656108
2015-03-24,0.002446901321801825,-0.0002384576130490582,-0.0036071371798649062,-0.00563465340282949,0.009622011749954506
2015-03-25,0.001395583828601838,-0.02417653657153289,-0.023150821384703157,-0.014762421362872176,-0.008480842234360608
2015-03-26,0.006515812793653495,-0.0012253736241512956,-0.0034193398973268157,-0.0023839475261163458,-0.015712034393466016
2015-03-27,-0.0036436736475295383,0.006356151088919631,0.003987729289680176,0.0022864117535497473,0.012360393383953259
2015-03-30,-0.011450652385538355,0.013474932330024326,0.011401783461316267,0.012126302305088,-0.004971594829512694
2015-03-31,-0.000791489742224147,-0.0032108710636566387,-0.01064362419738753,-0.00877774780436578,0.002144152489001359
2015-04-01,0.016924374949796855,0.00040184371235847026,-0.0052217185546987715,-0.003542676327049719,0.013049977795647691
2015-04-02,-0.002772001936393702,0.001846897421106892,0.0006657683275461056,0.0035909722240569488,-0.010652354482915193
2015-04-06,0.012156925637931892,0.004402449392497719,0.008147993245440546,0.006710605052179316,-0.0055997251616229
2015-04-07,-0.004982843844589143,-0.006410276781558692,-0.0016999762584221363,-0.0026497865903168283,0.008349018407209188
2015-04-08,-0.005527256360212914,0.008564800458768701,0.007908097008593643,0.0033712147483723302,0.00030595561323581684
2015-04-09,-0.006952344453191623,-0.0035929641097691145,0.006263267898436876,0.004413830581096204,-0.01304939564709756
2015-04-10,0.011273125412459931,0.0047876625289750875,0.004091987582565563,0.00544239205977632,0.0014670854269231602
2015-04-13,-0.007182773547924921,0.0006366173171188386,-0.0025091291976125254,-0.004533121490642058,0.0013876389776676435
2015-04-14,-0.006098084431298223,-0.00023856166650855043,-0.0028884088240547405,0.0019110776349128315,0.007062356130805811
2015-04-15,0.008613598755223903,0.006978108075371459,0.0062324662118612055,0.004476934418302643,-0.0008410731931610993
2015-04-16,-0.0034713349747602833,-0.0005536401808781285,-0.001391934515926456,-0.00028483622892045557,-0.004989256864610134
2015-04-17,0.004942989742755055,-0.016340672483490883,-0.01572364620506095,-0.011570274657440947,0.011400156691194794
2015-04-20,-0.007641555546604684,0.009756735655860821,0.014887400895246677,0.00909515129635161,-0.008864342936248005
2015-04-21,0.005736617532052148,-0.0010350336995152913,0.0042658284656707296,-0.0011918586588300214,-0.004538223491193748
2015-04-22,-0.013524881601083907,0.0015128051560940688,0.005445271982095662,0.004902163295070021,-0.015384112530728309
2015-04-23,0.007265135996097461,0.004523967017512271,0.0037662757018208284,0.0025127513512754342,0.004297012555773719
2015-04-24,-0.014141033700353254,-0.003331687796504562,0.013479297351699143,0.0023179609873460595,0.006217760994461978
2015-04-27,0.01996737439576267,-0.011105312265496709,-0.002536214469084649,-0.004166606652215784,0.0
2015-04-28,0.008633395454348151,0.005528063898158021,-0.001997326680280696,0.003173864998956055,-0.013887044639555457
2015-04-29,-0.007073870774361553,-0.010925263248498674,-0.0062902666769421136,-0.0041227100638922915,-0.01233095699063595
2015-04-30,-0.01781862923365432,-0.02139035070977974,-0.0158540907357701,-0.010071095951471652,0.0017483501665012677
2015-05-01,-0.003442946542885586,0.006497941730974571,0.013107181191346969,0.010782879251333312,-0.01355360813825138
2015-05-04,0.0089796944769085,0.003601048212938724,0.001648975339146629,0.002843289587585856,-0.009479720749565226
2015-05-05,0.0028006293425995657,-0.012826179853942231,-0.016429973090697082,-0.011517961177497097,-0.0013855411680401646
2015-05-06,-0.0005245000462393765,0.003469278242880969,-0.006910962052764157,-0.004125369810156342,-0.017268400339790227
2015-05-07,-0.008253646349355704,0.0037860674552695327,0.005979980288606658,0.0039820063534659585,0.013347530975704796
2015-05-08,0.0048375401365222245,0.007447814316977899,0.012405240520098738,0.013079770662179425,0.002697800261097498
2015-05-11,-0.003868158154194018,0.000570612280724492,-0.0038718095186895465,-0.00478406004666663,-0.02462570228790791
2015-05-12,0.008507714570103646,-0.0017945016178752909,-0.0045357691206741905,-0.0029955815944784385,0.0025904358590821196
2015-05-13,0.017745568671579635,0.0,0.0020392411045756795,0.0001904267280554623,-0.008042890310182583
2015-05-14,0.005390825055101934,0.01055744072629076,0.014523191379653586,0.01037388056783013,0.0026875580103602114
2015-05-15,0.0029823930374759115,-0.0011319403154219662,0.0,0.0010827484151322562,0.019852305889217107
2015-05-18,-8.510645761585739e-05,0.011258923573111293,0.004370999485257882,0.0031020842785178713,-0.01692022511908247
2015-05-19,-0.013967043221181913,-0.0013604586320180442,-0.0010910728142779634,-0.00032841000528149194,-0.008905972873655656
2015-05-20,0.0016381642703537944,0.0018399600271904947,0.0006366163287779943,-0.0007045778867621163,0.0016864413336839259
2015-05-21,-0.0033654032062089196,-0.0011197099718277509,0.005167958150533882,0.002908566251524463,0.013889346427616469
2015-05-22,-0.0007782781051664031,-0.004330220183103628,-0.0009950875483099137,-0.0023914665327576,0.0004152310750182654
2015-05-26,-0.014727247977664972,-0.009609472816713493,-0.011563092638480954,-0.010809804215381377,0.016964727286809738
2015-05-27,-0.00017563013383993815,0.012177953796171048,0.01598858317535073,0.009447019654521606,0.0022839940594935153
2015-05-28,0.0011407772346871212,-0.0008822815612534195,-0.002255808183375898,-0.0011290378605166172,-0.0024467884688112633
2015-05-29,0.0007014013330434771,-0.006035322896726961,-0.00597891115120592,-0.006232424113882854,0.0022024370766553897
2015-06-01,-0.0008767951003625541,0.003142851183339191,0.0033563845463872918,0.00203461335190701,-0.010805706552149075
2015-06-02,0.0040269605877943865,0.0019294789487851564,-0.003174763430968644,-0.0009930305716357676,-0.01404973268588717
2015-06-03,-0.0071898573672245485,0.009908791692836568,0.002993792938211489,0.0026457494364828947,-0.01620650828438798
2015-06-04,-0.0070646979352704175,-0.010069592374740805,-0.0076380322160963104,-0.008482293581019096,0.012935214108167479
2015-06-05,-0.005331436918291504,0.007202707525608177,-0.002375801809514868,-0.001714772036216034,-0.0122540775524256
2015-06-08,0.0029358308942225293,-0.0046358799640943875,-0.010207196330580058,-0.006168508462537605,-0.0011060638620329602
2015-06-09,0.002218377951124773,-0.003048749431178042,-0.0016653745773260802,-0.00014382780212697434,-0.007948608279710823
2015-06-10,0.008473122987024092,0.012378680761034702,0.013609669244090393,0.011921891393344326,-0.008790942841414344
2015-06-11,-0.00458066904691928,0.0025367186826216657,0.0014600701544187264,0.0032184447545761715,0.02081744602294885
2015-06-12,-0.0002649015739743867,-0.003013079379667511,-0.008241828084941887,-0.007684578979963307,0.0
2015-06-15,0.004406069740065375,-0.003181316985857475,-0.004977793529536334,-0.004294389638490526,0.0016092193230059523
2015-06-16,-0.0036115754437751487,0.007064948424307233,0.0054375141568474275,0.005436678640250625,0.007841123207496453
2015-06-17,0.004666106837939518,-0.0015040243145231238,0.0027531366509657503,0.0016157445595095337,-0.0077564673855175965
2015-06-18,0.012829091016651683,0.0132991751310262,0.01446893570591484,0.010345603163249829,-0.004921316257723799
2015-06-19,-0.0017357836863243674,-0.00046896581671479476,-0.0049563088938420615,-0.004449141653604625,0.012762034883912166
2015-06-22,-0.012939534822473103,0.006858927514758407,0.007343961258309343,0.005110233810135448,-0.020617590846254898
2015-06-23,-0.006621663748214055,0.0020948650356873476,0.0008126846573364319,0.0007077057249709754,-0.006019234617555553
2015-06-24,-0.002661018577875129,-0.008484826733730908,-0.005157943145428334,-0.007289598572918054,0.008587371382345771
2015-06-25,-0.0013331015376761225,-0.0005470909106961817,-0.0019984106411432517,-0.0030447293150090934,-0.003511642871243003
2015-06-26,0.0010666233650124298,-0.0027415379730843293,-0.006658657176067087,-0.00019051697480584835,-0.011304198114020007
2015-06-29,0.004520702131842665,-0.025579229832377925,-0.02389368370625107,-0.02119358266397208,0.026124019915544732
2015-06-30,-0.006210070886037382,0.004656046021935465,0.003554967804369421,0.0020914436676189867,-0.006956879653206452
2015-07-01,-0.003476708463396305,0.002959101371739631,0.007907392824420812,0.00798318082563392,-0.013589861398848197
2015-07-02,-0.0019665798355693646,-0.007413141070147906,0.00027784553434300786,-0.0009159313926197675,0.003280895639293682
2015-07-06,0.002680686287387427,-0.00032331454375706515,-0.0023187372775454766,-0.0028501464988177675,0.018365113614702215
2015-07-07,-0.011668702760757443,0.0011305789353039408,0.002504153926360221,0.006269260750401182,0.009351340131731858
2015-07-08,0.0029749330386005784,-0.015373991901025142,-0.01756580329646143,-0.016919826706681945,0.008599355935500602
2015-07-09,0.002427551438613741,0.0036002822275903994,-0.000565748307025885,0.0018074683088091495,-0.01989918910323984
2015-07-10,0.001166679551747385,0.01379004604775175,0.015163356778049957,0.012512662663095265,-0.015984977376946923
2015-07-13,-0.004494793701909413,0.011215205481628661,0.01740417315726917,0.010976839847833875,-0.0031070257006953557
2015-07-14,-0.00225499581251802,0.00556099280184139,0.00655171547104468,0.004328842392374407,0.003279263091529499
2015-07-15,-0.005251204440368454,-0.0053217106916222615,0.0010875797229529186,-0.0003324763333536558,0.010541056727447064
2015-07-16,-0.0036377042236319986,0.005955208969995628,0.014034225136183683,0.007992557555184542,0.006881651630090628
2015-07-17,-0.010164462693893107,-0.0043637055798383464,0.014632414556676767,0.0008473761035282323,0.005151567166900362
2015-07-20,-0.02752685674211234,-0.005421729377503314,0.003427669946564491,0.0005174496316238313,-0.00422066355303054
2015-07-21,-0.003126872326802464,-0.00472828836685541,-0.0006144734120536907,-0.003959157143264004,0.005398874186745464
2015-07-22,-0.005424190670740339,0.003688169527127356,-0.011389269791198154,-0.0017962302076030827,0.0062070346339388105
2015-07-23,-0.00449483097628429,-0.01110592290210268,-0.0037363828595862424,-0.005645517138792285,0.012380661632299856
2015-07-24,0.009729155735813993,-0.016235298800203787,-0.009852091923903808,-0.010426260549695816,0.002474604973737853
2015-07-27,-0.004661992801277996,-0.008341782903764864,-0.008315457066355824,-0.005834345518176137,0.005340534186012137
2015-07-28,0.0015246432799856059,0.008506397204126078,0.00858497980972026,0.012208130530484345,-0.007319509928926159
2015-07-29,0.0014272948765040416,0.002792296351490655,0.003772661026254341,0.006855422445555359,-0.0037213263521374117
2015-07-30,-0.00859441451463339,0.002866360468648969,0.004739979698877988,0.00023758550026674167,0.007675619887479458
2015-07-31,0.006309807471318708,0.005463622797878814,-0.001160806064689254,-0.0015194997796181603,0.0073725106522158175
2015-08-03,-0.007941503115089978,-0.004973227915763347,-0.0031312789699867965,-0.0033785049525992747,0.0104712929556426
2015-08-04,0.002015250319480653,-0.002373177689968392,-0.0018834105259721977,-0.0019561313520043357,-0.007963685033357598
2015-08-05,-0.003649612745895922,0.0022912354734856196,0.007691165441893337,0.0032899593558892754,-0.007534181680110902
2015-08-06,0.004416281036678492,-0.013578685940994229,-0.01616580661169211,-0.0082215594452434,0.008839173466453507
2015-08-07,0.0024875838994236877,-0.00673428930123508,-0.0012684896028693604,-0.001921426103627404,0.013032621823065067
2015-08-10,0.010172637809864738,0.011446111361673865,0.011357932069714556,0.012520485473726382,-0.012462594591948765
2015-08-11,0.005094839843947383,-0.008613953856115016,-0.012900129077063666,-0.009064153455408595,0.015754658615763806
2015-08-12,0.013924787857253812,-0.0019147230365294985,0.0034442538939230506,0.0011973883145006009,-0.005466301035074668
2015-08-13,-0.008294156742538458,-0.0033394228251452003,-0.0016300060895211967,-0.0012451985156886449,-0.003229041031361587
2015-08-14,-9.36047567321894e-05,0.0064181719900284545,0.001539627670691781,0.003635334771635399,0.0023422654456546456
2015-08-17,0.0026170571520377807,0.010496408929462284,0.008290728058330409,0.0055714661787736805,0.004507556343712863
2015-08-18,-0.00018667516172391786,-0.00800695193401303,-0.0051286134784870934,-0.002900796248465091,-0.007901730741603342
2015-08-19,0.013354574963244535,-0.010413604967320736,-0.006606605418691525,-0.00793719517184785,0.009827314871466155
2015-08-20,0.017261484729986225,-0.02561660241583562,-0.028085308887422868,-0.021101734850368228,0.010048446908108999
2015-08-21,0.006228253314387141,-0.011753438044152891,-0.044689326331072865,-0.03056531569514472,0.0030105696304269965
2015-08-24,-0.005413696203742859,-0.039815870555933344,-0.039236658085407876,-0.043019276112527094,-0.0003162179429921983
2015-08-25,-0.012472236890549283,-0.0077190087598437915,-0.0037649446127570917,-0.011837494099277866,-0.01619517921614279
2015-08-26,-0.013743752566773907,0.025117097572608868,0.04913482812854965,0.037675406016383334,-0.019492844849725428
2015-08-27,0.0005571512452685862,0.017712095896759098,0.025017167417540283,0.024434312324793987,0.0005742653384165228
2015-08-28,0.00896363798539372,0.009821453888930498,-0.00018958465089508188,4.988034200318476e-05,0.0029462842107203053
2015-08-31,0.0011033722012558356,-0.003639438495724501,-0.012480680225110981,-0.008112040086613906,-0.007711424130154687
2015-09-01,0.00348589711093372,-0.029063629271939322,-0.03175158822774457,-0.030302093491376362,0.0071792307281319315
2015-09-02,-0.005325457471451406,0.017802930029836548,0.02781347342368244,0.018803127800724524,-0.008641489328677702
2015-09-03,-0.00720696468758582,-0.0015812828146113892,-0.004920880066964584,0.0007162591260575232,0.004864654529621059
2015-09-04,-0.0032508130940551347,-0.007590731142593979,-0.011967599480499089,-0.015252516700341286,0.009089612872160617
2015-09-08,0.0002790454421465056,0.02260073470087399,0.027800693178857656,0.024820729979927837,-0.01486340603071612
2015-09-09,-0.013012113659039884,-0.011586738924034506,-0.011297611855186329,-0.013462364724182423,0.004786924032719919
2015-09-10,0.002352831601258748,0.004546174179386741,0.010821738465596071,0.0054271077167523584,-0.006774676812403879
2015-09-11,-0.002070138975493721,0.004699238558508134,0.005509117123193556,0.004534112486556896,0.006279751495063565
2015-09-14,0.0005650019663848919,-0.0046120980018034535,-0.003035853568118415,-0.00371766284479445,0.0015642739451728169
2015-09-15,-0.003017159470430642,0.011188951689187498,0.011712390485410595,0.012421916866579745,-0.019350264574272445
2015-09-16,0.013226552172031262,0.008588188954338386,0.005618746214188958,0.008629416125289112,-0.003780556672913805
2015-09-17,0.01019855026531129,0.0034145952971751142,0.00037331411342962254,-0.002250366985826016,0.012131186121714942
2015-09-18,0.007352256373074212,-0.013902152187204924,-0.014324819353754672,-0.016476803697201423,0.015267951505755786
2015-09-21,-0.006246004616141289,-0.001816490654155551,0.0031273117952921193,0.0051546424896637,-0.016432363179256892
2015-09-22,-0.006841722923155944,-0.015266028528980857,-0.015063871089288779,-0.01306499785020285,0.013807723078981595
2015-09-23,0.00398130520726097,-0.002993456552128582,0.0007683492338245491,-0.0016000662957241856,-8.167927610609025e-05
2015-09-24,0.02075879629651289,-0.001676500162517522,-0.003654234652241847,-0.0036221652143738274,0.006792350506090461
2015-09-25,-0.006173422414314381,-0.013248877491765815,-0.008513762093183183,-0.0002589739219848106,-0.008683057554944912
2015-09-28,-0.012739020432957309,-0.028401700127896896,-0.028882093741870916,-0.025417643123465984,0.016968351511896913
2015-09-29,-0.004066501065043471,-0.007135229163835464,-0.005214011308932648,0.000584642017320752,0.002827414776274915
2015-09-30,-0.010426483637297347,0.015411319471775825,0.022761341953257744,0.018486757051908127,-0.003474826076952965
2015-10-01,-0.0012172598628681067,-0.0017414783554042983,0.004510119295068237,0.002605529487987157,0.004258159018601451
2015-10-02,0.020953802922526705,0.014751809146089659,0.017359874465231996,0.014827245675253153,0.006039190729857252
2015-10-05,-0.0020205850578978056,0.023582979610627344,0.014223573496594066,0.017638459609056176,-0.013660931495542754
2015-10-06,0.009971303227116472,-0.00691009889027943,-0.004750274461533596,-0.003431942763453331,0.004304634004568595
2015-10-07,-0.001457494008134859,0.017535727124272548,0.005981666321633796,0.008157201766036482,-0.003328064488323222
2015-10-08,-0.005117883296347929,0.008956978506475304,0.003968405398806097,0.008986564176559781,-0.008410753794934394
2015-10-09,0.015726912391542485,0.0019891797839860816,0.004515998943383539,0.0005959547331785198,0.002621212239544502
2015-10-12,0.0039607110144831365,-0.0014697570231162656,0.002437500840429173,0.0009430115349168591,0.0075762574871264645
2015-10-13,0.004929015278091239,-0.013765546654503392,-0.006482128922457005,-0.006321784772148025,0.0017031088691492474
2015-10-14,0.017282274992371418,-0.009874281064633308,-0.0016035838272965093,-0.004805712958964171,0.008712728839126186
2015-10-15,-0.004579458875531695,0.023639827719136763,0.01629258784627698,0.015237737132990191,-0.004911743072933364
2015-10-16,-0.007086601152338509,-0.0012987608238289592,0.004170630341487982,0.004536325985248713,0.00032319301284765067
2015-10-19,-0.004186912999915291,0.00190398579512228,0.0057182326178697234,0.0004917851011628928,-0.0027481064616404305
2015-10-20,0.006318212020552837,-0.0013844603226470758,-0.005163318513749758,-0.0012791803299987484,-0.00616779081497059
2015-10-21,-0.008910332230671142,-0.015357847193898705,-0.006119603396501162,-0.006222700816129328,0.00988362908155636
2015-10-22,-0.00035807819279052113,0.008755110662457339,0.02016348650775788,0.016752581057290872,0.0016906913144507318
2015-10-23,-0.0017026075113336088,0.00980173122034771,0.02759858248081143,0.010901778208088742,-0.008566438656168771
2015-10-26,-0.0006279971024889811,-0.006842263578705701,0.0006205076663462657,-0.0024606518262532814,0.006633800400348366
2015-10-27,0.002241047948969033,-0.011011127108703224,0.002035896328307658,-0.0019340380505291778,0.00249651493133259
2015-10-28,-0.008091400160860905,0.028756231861414305,0.008278188890416606,0.011310100148870461,-0.004029744369758977
2015-10-29,-0.009614564390769178,-0.01073005299310011,-0.001579780129277796,-0.0005743021290414801,-0.016037060302902455
2015-10-30,-0.0038352540915993893,-0.004584731607506995,-0.004489995436660819,-0.004318943691661703,0.007521351162384684
2015-11-02,-0.006517134598801595,0.020594417495448072,0.011231277949557004,0.01176133361464505,-0.004605885623314317
2015-11-03,-0.014937356022442439,0.005167737205038921,0.003484066387678791,0.0028952205880901456,-0.008234150837434735
2015-11-04,-0.009485885776108033,-0.0005072185863982309,8.670310587122463e-05,-0.0030378687274990757,0.0011564198401271106
2015-11-05,-0.0031189650547963797,0.0007605103769089135,-0.002698470776265433,-0.0009986762384424403,-0.0026454991188312586
2015-11-06,-0.014685120688170974,0.007070856719031046,0.0006971625166790776,-0.0005235103274929968,-0.014764568376500772
2015-11-09,0.0028777291011320622,-0.011812370141914413,-0.010685067044021411,-0.00937530581941408,-0.005646214356676118
2015-11-10,-0.002109514817878502,0.002966014859696809,-0.0025569648095655905,0.0023041031130787005,0.002953681667713312
2015-11-11,-0.00336521129587392,-0.008754174169406449,-0.0012367583076130402,-0.003939485001251453,-0.002109198013887688
2015-11-12,0.00019257167853245404,-0.019307689145504455,-0.009769877577992001,-0.014057718733056857,0.004801730702850643
2015-11-13,-0.002796404320479703,-0.007250044033552647,-0.019831379664503032,-0.011292317360456057,0.005697610278547531
2015-11-16,0.001447402465342363,0.008554602810604496,0.014282406831772168,0.015092210248134745,-0.000919078849928535
2015-11-17,-0.013297966180688193,-0.003831871550320429,0.0006279315921846569,-0.000729472173917793,0.0016710135391644109
2015-11-18,0.0008790738346113607,0.01678537595702167,0.019012716505655766,0.015741506558303482,0.0020859602372288893
2015-11-19,0.010971489880734318,-0.004213482690719917,0.0007035694422256894,-0.0008628325956153532,0.006642612997957649
2015-11-20,-0.004548773723664315,0.006441626483421633,0.006749107832075629,0.003637507930515035,-0.0030672372720853924
2015-11-23,-0.008083747042833161,0.004953188168978039,-0.002887001951191417,-0.0011470436317335148,0.0030672372720854436
2015-11-24,0.006627707399357638,0.007299216825104776,-0.0008762195098414392,0.0013382483204819541,-8.239604363541787e-05
2015-11-25,-0.004673848365801943,0.007749905337238369,0.0008762195098413684,-0.00014309726173986046,0.0023143453359974375
2015-11-27,-0.011879763588946619,0.003769235138996862,0.0014008168919282125,0.001145847190717616,-0.0009911589044789989
2015-11-30,0.006595467871597316,-0.004356600346346697,-0.002540463358537494,-0.004160229061234807,0.003960828858923169
2015-12-01,0.0035259646298247574,0.006611078871355806,0.009948613264967385,0.009490481732568024,0.013416675476507498
2015-12-02,-0.015667624313787498,-0.010818225957641042,-0.006184258422316158,-0.010257332330177253,0.0003252392386678145
2015-12-03,0.010570606410359536,-0.017007107179903138,-0.01709597900354974,-0.014101941227131263,-0.027559555002861634
2015-12-04,0.021966035488281806,0.010069361644772555,0.02310674867819093,0.019315126453276505,0.008746439766058678
2015-12-07,-0.013063212596420425,-0.015141983139616693,-0.0045265446509909065,-0.006077019407027159,0.009656364356976883
2015-12-08,0.0016544033114080684,-0.005532081854805098,8.721345584980337e-05,-0.006741883645364955,0.0004923930168448396
2015-12-09,-0.0019466324270582696,-0.011244454336870774,-0.015295527585316996,-0.007810319999747989,-0.0010677365361232314
2015-12-10,-0.0008772000837340084,0.0033254527394125173,0.00450760107943493,0.0025775573469996762,0.0013135945945672647
2015-12-11,0.0054458711721541595,-0.02253025910242805,-0.023285153434778764,-0.019571310417834466,0.01563609217561722
2015-12-14,-0.012884508990749449,-0.007174683149424809,0.0075535913153569,0.005040234249349823,-0.013012339886961797
2015-12-15,-0.0026560861191144095,0.014297482766974673,0.0060730655610849935,0.010442850717069322,-0.005911973326877802
2015-12-16,0.012043063036934096,0.015145034552775195,0.014759791127008936,0.014525727899752136,-0.0021429656487345554
2015-12-17,-0.022141125877213518,-0.01071867064202625,-0.014670857209466315,-0.015355160080561144,0.011242098514505553
2015-12-18,0.015207174746719882,-0.015399086827055306,-0.01936872271572883,-0.017975681072899676,0.005533091185480696
2015-12-21,0.010819352064225785,0.007506708153922741,0.01104693080181871,0.008215419520619667,-0.00024349251286987932
2015-12-22,-0.0052488544876924,0.009128442314828513,0.006551882802333595,0.009033036806688278,-0.007249864309760943
2015-12-23,-0.002928003794366426,0.012536737295451532,0.007398090396247183,0.01230719645904785,-0.007550428376102597
2015-12-24,0.007206940922791017,0.0018882711284446084,-0.00017782447285318625,-0.0016515963599294168,0.005712734408985406
2015-12-28,-0.007597994957113434,-0.004639509881726064,-0.000532934282899732,-0.0022878222689904923,0.002950351440498791
2015-12-29,-0.0006846940847352253,0.010734051664939136,0.015606791832419321,0.01061545464293151,-0.016752796642138256
2015-12-30,-0.007661355596264362,-0.010119937557776956,-0.009052302299811483,-0.007112983606002046,-0.0009993127946081202
2015-12-31,0.0003943308023186173,-0.01252987134462937,-0.012526295115406722,-0.010053751658828618,0.004488481833758051
2016-01-04,0.013995827340626326,-0.023448338333963453,-0.021323493928340778,-0.014078024625022898,0.007189066617604077
2016-01-05,0.00281458831856644,0.0021792481085205445,-0.0017364551895317347,0.0016899403200621667,-0.004042517316010071
2016-01-06,0.014337487598989632,-0.015355260240210633,-0.009652133693379802,-0.012694687284538929,0.013385442584918406
2016-01-07,0.014040676150811138,-0.027074169852674707,-0.031814597891634176,-0.024283742751069447,0.001793306634821015
2016-01-08,-0.0044375394222030354,-0.017373160161700967,-0.008234184475066077,-0.011037209122753914,0.0044682304128299604
2016-01-11,-0.008934594646018349,-0.00434277415723725,0.003071819708428967,0.0009895610284789552,-0.011003906747294479
2016-01-12,-0.0050729832368576954,0.0029937850729324154,0.011531028132773862,0.008035766610794455,0.01432182119418831
2016-01-13,0.004882048039545079,-0.03263571162527002,-0.03509817604247769,-0.025256536212672324,0.009808973428107551
2016-01-14,-0.016367021706295802,0.01375205405265192,0.02107214170278224,0.016282989310132112,-0.009405034597626418
2016-01-15,0.01023674024483427,-0.016345598177774485,-0.03152888584579891,-0.021699872634088166,0.015466764588779677
2016-01-19,-0.0009612465570264486,-0.013575873914674156,0.0021792886416838954,0.0013304324056556379,-0.0031058238539354885
2016-01-20,0.013279386437522704,0.004142442344209224,-0.0030720384499578605,-0.01289781127601816,0.010474078588963787
2016-01-21,0.00113814976565955,-0.002321834842008354,0.000991660079088,0.005586687207083789,-0.006811097020937258
2016-01-22,-0.004655791285644273,0.024162851593649677,0.028542970400222422,0.020307246247760664,-0.0038225046416005136
2016-01-25,0.010233193541102439,-0.02244596467633201,-0.014951752408448283,-0.015231892292665623,0.005410275595657414
2016-01-26,0.011341913483231932,0.01977899260620748,0.008958837831100797,0.013550882489160254,0.00047630961566197123
2016-01-27,0.0037212948296183107,-0.013844430260352123,-0.025230597442053335,-0.010943256616036881,-0.00023820604617185755
2016-01-28,-0.0107362419293496,-0.00020044978000872832,0.014019493199359627,0.005196178464969689,0.0014270346660258343
2016-01-29,0.0038408969118528882,0.032275119853894675,0.020666953552059133,0.024084758161785777,0.008440893140231222
2016-02-01,0.010232704202856196,-0.004575287151185661,0.0026857558594158564,-0.0003613093417505726,-0.003066288369213499
2016-02-02,0.00037006835108891606,-0.021798929291729413,-0.021883156557744667,-0.018186908744098475,0.01838207210359479
2016-02-03,0.010674654427775114,0.001295630546875708,-0.004808755356577987,0.005977291921275145,-0.008327796024803448
2016-02-04,0.012009967818587527,0.0038765053818563175,-9.812213130753264e-05,0.001567150299342099,0.004834027194367023
2016-02-05,0.015703135766193033,-0.027762897062060792,-0.0353442459830588,-0.019234023962604117,0.001165479613626121
2016-02-08,0.013354185862515874,-0.016557932915767244,-0.01540584943255232,-0.013552638516811377,0.021291817291004517
2016-02-09,-0.002198672852432284,-0.0067638026222723285,-0.0031096184004718824,5.3984267094630955e-05,0.0010639171411638494
2016-02-10,0.007717958411726099,0.0005219965261346175,0.003834041486390051,-0.000863126432148957,0.008773967105934711
2016-02-11,0.03940213823727399,-0.010911709135434757,-0.001448946545575402,-0.013093415592268159,0.006978917720744763
2016-02-12,-0.00589671453081662,0.018811377903070553,0.015110606040353263,0.02040712428528374,-0.016740873688425764
2016-02-16,-0.030800736245396157,0.023431479061011867,0.02229590602345509,0.016737510054512746,-0.010626262530117248
2016-02-17,0.006167287420776475,0.015554168383030314,0.02239519234949044,0.016203169716788427,-0.006168140754215186
2016-02-18,0.024041860433202913,-0.004791002544007553,-0.011480264185582793,-0.0041048778712138075,0.012221356702612946
2016-02-19,-0.006020275750380445,0.004989975469083982,0.0029561790850190354,-0.0004682666032755041,0.0008398786764707
2016-02-22,-0.01793504091705753,0.01108831847416588,0.01610499551087302,0.01437524131986815,-0.0005339903233336527
2016-02-23,0.014868593832169054,-0.00919836477171079,-0.016596816375282798,-0.012710165297056656,0.004039127579178525
2016-02-24,0.003321549590506587,0.009591720409387956,0.009503633576855738,0.0045655535188511235,-0.0019798206040009475
2016-02-25,0.002632341860518043,0.00911104189245711,0.009800695598800124,0.01203870509608316,0.003575856867540193
2016-02-26,-0.006892743647260338,0.006319049382424476,-0.001255921326904192,-0.002303794110613869,-0.009690979321020959
2016-02-29,0.012980023419282503,-0.004467581331326489,-0.009032501883778313,-0.007873657750228674,0.004360692818387472
2016-03-01,-0.007360151335800538,0.021284540230442836,0.03159308057678191,0.02323503266336821,-0.01776550363102416
2016-03-02,0.007697256644730053,0.010238812943260458,0.0003782389761087801,0.00448235584399648,0.0041184198352822166
2016-03-03,0.017125877155555313,0.01041550996729274,-0.001891850593037043,0.003912248584193396,0.003638206422674152
2016-03-04,-0.0015750194994792542,0.00549205715733401,0.00037873418142775664,0.003247777331249463,-0.00643351549513797
2016-03-07,0.004965240864288737,0.010803202628708118,-0.006170126558969306,0.0007982270983838801,-0.0003111764410674329
2016-03-08,-0.0046334482677505085,-0.02444943586834585,-0.008318692316604438,-0.010978103774530549,0.010985087173464697
2016-03-09,-0.00832782948151173,0.005068914078175103,0.00641262755489079,0.004927683728880319,-0.006096682248901354
2016-03-10,0.015928644015462578,-0.00817939403890544,-0.0015275503334991442,0.0008019777552244001,-0.004110839522974092
2016-03-11,-0.01735128256694606,0.02120290141868917,0.01733365248425375,0.01600815802114729,-0.010155425062040457
2016-03-14,-0.012980634673388813,-0.0025912805419898285,0.001689124782604109,-0.001282815111516297,0.003135474179095046
2016-03-15,0.0007632306454701139,-0.015689397029361778,-0.00037525987994336564,-0.0016309933933982145,0.0009388456126818031
2016-03-16,0.02205075556149502,0.00703460942356282,0.008870233385241401,0.005770721379994244,0.0029671314913364247
2016-03-17,-0.0038218648773646413,0.015212152383542359,-0.0005579886560986248,0.006324003649553249,0.004123789341051714
2016-03-18,-0.002750755714748547,0.008980959100926215,0.0015657889811231656,0.003921553680868421,0.0020944914782897875
2016-03-21,-0.007036416699314462,-0.0023746510279631485,0.003904007383929913,0.0014180146251294016,-0.007700746081752717
2016-03-22,0.0029378329691904675,-0.0011892446774183195,0.003056794014174979,-0.0005373863780160446,-0.00023416355869508386
2016-03-23,-0.02289008865862743,-0.01865925087280073,-0.008265633198867424,-0.006621533384737847,0.011261050709220864
2016-03-24,-0.00240404319751751,0.002989331343674996,0.00028002794666651083,-0.000443362870055556,0.00038564161900547675
2016-03-28,0.0023182652611009025,0.0012119687601973852,-0.0013996264886708767,0.0005906368020822131,0.0013120120753493472
2016-03-29,0.01835540705340136,0.027386198469437163,0.015930650928405073,0.009207733043076857,0.010430618530350889
2016-03-30,-0.014076410310244578,9.081984461456722e-05,0.004858404332576761,0.004378367346391137,-0.010584747570570752
2016-03-31,0.004600850924385841,0.0028062441434783727,-0.0014641741405307727,-0.0024298655735964575,0.007068600624059273
2016-04-01,-0.006053640735366039,0.004419423179909786,0.010566416725560898,0.006788886672998911,0.002605199817476644
2016-04-04,-0.006692995408569699,-0.008404533015833212,-0.0038128451720349536,-0.0032434275040887518,0.0006121197610886208
2016-04-05,0.012916668207256437,-0.011408893503339596,-0.009688366989489937,-0.01003779902518653,0.010876845997338003
2016-04-06,-0.0061381369358647206,0.011227031280840469,0.01630618379167182,0.010861595450143887,-0.007289348897106326
2016-04-07,0.014179801562102948,-0.013616631252693743,-0.014470852575126487,-0.012037541101409964,0.012269361240395033
2016-04-08,-0.0015187338768047718,0.003948707858635211,-0.0007339234076680284,0.002693116311296803,-0.006343082951195519
2016-04-11,0.013419630057020864,-0.003121128052914877,-0.0036765135582712436,-0.002350055137192797,-0.0012885903560842953
2016-04-12,0.00016664672071527165,0.010699350961164693,0.0083444022133162,0.009269501920804484,-0.006926568447153469
2016-04-13,-0.010719526565990727,0.021328240374656533,0.012703216031474092,0.010050252351050382,0.003507088299703075
2016-04-14,-0.014075152256168354,-0.0012473564345479144,9.02540985301509e-05,4.78770737280291e-05,-0.004805704885896591
2016-04-15,0.006892743647260424,0.0024930819035436265,-0.0025276117631031626,-0.001106235593473004,0.008528598918421709
2016-04-18,-0.0015276274565966695,0.0075305994958730525,0.0053186620743689225,0.007002442997367786,-0.004331622515825163
2016-04-19,0.015506833308651099,0.0007939235018878838,-0.006132337936927841,0.003149026381364365,-0.003126934293629427
2016-04-20,-0.005114248016109923,0.0014979665409930354,0.0008136758625587593,0.0009523682712101331,-0.011061904677875834
2016-04-21,0.003775305036917395,-0.0050317588978029985,9.047433839054395e-05,-0.005392757341969997,-0.005965695455943923
2016-04-22,-0.012894694659209222,0.009863349475927582,-0.015207767644643745,0.0,-0.002567206614881796
2016-04-25,0.0028799271415296556,-0.00712348062100564,0.0,-0.001724043031998709,-0.004137565368706247
2016-04-26,0.003967367637514969,0.009749231854606128,-0.004875086149243798,0.0014848774461520547,-0.00454778408512459
2016-04-27,0.002860302869919961,0.0034901602115634113,-0.008054559878520256,0.0020558982703007887,0.009930777644786155
2016-04-28,0.018724801093336303,-0.011475769372101083,-0.012157515624476867,-0.00911693592929336,0.004115475656614433
2016-04-29,0.019270626438691787,-0.009027510289491093,-0.005283195018628831,-0.0054134784208349,0.0025539609731410257
2016-05-02,-0.0033213499131697927,0.008851410011372848,0.009414630566494088,0.007916798155648006,-0.010118838659794738
2016-05-03,-0.0022745646099545844,-0.016526484967432177,-0.00931986857238784,-0.008741561886154737,0.012516174856614952
2016-05-04,-0.006118222826125519,-0.008276454070768454,-0.006452369760373353,-0.005593427944907289,0.005470902988852525
2016-05-05,-0.0011462207767798868,-0.0039825065865918136,-0.00028560848037082257,-0.00019511133881143042,0.006663159796100982
2016-05-06,0.009052054554673597,0.005877772709907717,0.005318160863096174,0.0036523007406434253,-0.004284208524757672
2016-05-09,-0.02075289801818274,0.002880945986115768,0.0028373127577666626,0.0008261787996832749,0.0031381808967956924
2016-05-10,0.002731465708414251,0.01001887140413658,0.013602110330886059,0.012356836013798951,7.66759806553343e-05
2016-05-11,0.009378919930915114,-0.01244919283284665,-0.009078780830005196,-0.009398622383094895,0.0056382555179110075
2016-05-12,-0.007892173973086844,-0.005331498481671296,-0.004428633460039163,0.00029044139707802406,-0.004568903870604355
2016-05-13,0.004529141979827091,-0.006635960621747202,-0.0036900388032046153,-0.008752334679444638,0.00964718028538973
2016-05-16,0.0007392219670169126,0.012598288897194247,0.012434069709815138,0.009816854069518904,-0.008656166350936013
2016-05-17,0.003442329123242772,-0.015978778474541794,-0.012623628259533453,-0.009377566233469194,0.001676918304306864
2016-05-18,-0.017497993073654197,0.005203010866284701,0.0035959458727890486,0.0002931301649611062,-0.014338022725163399
2016-05-19,-0.0019168712488535215,-0.008043993900063448,-0.005209073108586596,-0.0034711421259121145,0.004315899887983457
2016-05-20,-0.001335701516612647,0.016655838314981346,0.010955213443528365,0.006297842940637894,0.0007680544819365657
2016-05-23,-0.002844207499474105,-0.0011742526829059234,-0.0013160225371812917,-0.001363908572527011,0.002225844170834248
2016-05-24,-0.017493154439807392,0.02039432311783618,0.019834076636449517,0.0128790571504662,-0.004456347153808037
2016-05-25,-0.002731772964595234,0.005826970382235201,0.007165814176227868,0.006760238951393022,-0.0037805341032960157
2016-05-26,-0.003425260387699169,-0.001145266083378217,0.0029251383193427223,0.0002867549648004795,0.0051651342411937005
2016-05-27,-0.008268772914245718,0.009909334600581526,0.005189171775765819,0.004289867511398368,-0.0014620258035478403
2016-05-31,0.003798302317157037,0.003484459303810979,0.0019048765949047919,-0.0019042887542722758,0.0023850993548916377
2016-06-01,-0.0010344407576528966,0.006759653420568974,9.072031267381503e-05,0.0020471496030652118,0.004048491343063411
2016-06-02,-0.002331543491761781,0.007657458103547408,0.002082227998061962,0.0030391945485390187,0.00718177459865063
2016-06-03,0.027373264388307245,-0.0060176682207268,-0.00471386343972737,-0.002991663978835252,0.014135336710146676
2016-06-06,0.0003364248669020046,0.010720989768801413,0.0036279054565518066,0.005075473762375197,-0.007458557083714276
2016-06-07,-0.0008412423733233627,0.0028962398401441033,-0.0025380769442976195,0.0015600761278169192,0.0024169843909658648
2016-06-08,0.014703707887444253,0.0073733566990626725,0.0017228523624157066,0.003254570807452548,0.005341945387513213
2016-06-09,0.005541081570940133,-0.006438332282759302,-0.0016319260949827787,-0.0013665655938201935,0.00643217521418302
2016-06-10,0.004033075700703472,-0.013690580030920598,-0.01140887358726235,-0.009522598115212912,0.004834273865550268
2016-06-13,0.007365624068488461,-0.010914674528636056,-0.008388394884044971,-0.007741961562913907,0.0044416174115803255
2016-06-14,0.0010594292626908233,-0.002878498395766412,0.0,-0.0019688693561848167,-0.0007387662939452868
2016-06-15,0.0073849284570991006,0.0006984438868564084,-0.0028737683497658136,-0.0013949424299190864,0.0038366042355511614
2016-06-16,-0.01056665171524312,-8.715597254665824e-05,0.0029665041291317626,0.002980250431889515,0.004848058968246719
2016-06-17,0.01274729826898987,-0.0042867315424519655,-0.011790647713788955,-0.0037310384819235426,-0.006248377919830289
2016-06-20,-0.005988024654369792,0.010812880191227576,0.006271890814043301,0.006419313217632378,-0.010749763368828769
2016-06-21,-0.01942288299292089,-0.0019100941763802038,0.003167731545646778,0.002834440142569743,-0.004632057743357796
2016-06-22,0.000496444028716167,-0.003918037256448316,-0.0024214438886558964,-0.0016324817543675104,0.0016461766762856688
2016-06-23,-0.0065557755937431204,0.018924754528525784,0.01416608014718245,0.012938505074627165,-0.011504371367196866
2016-06-24,0.047873912303474195,-0.03874818305378458,-0.042060319134562374,-0.036570169731707465,0.026493286915364695
2016-06-27,0.0053823171279899626,-0.033386164162943543,-0.020047771698175097,-0.018071673291914822,0.02465982052526034
2016-06-28,-0.01079376043064916,0.0153383694643424,0.02167694700492747,0.0178753546386669,0.002082380576841141
2016-06-29,0.004140765999889028,0.02248723078789635,0.017554959101682983,0.01688430008169534,-0.007702222565171235
2016-06-30,0.0049939058952932335,0.018432789197772453,0.011503430066061185,0.013553209152348575,0.0036780263087450066
2016-07-01,0.015223162818061162,0.003559492048325236,0.005009025830716807,0.0020981273598301596,0.013789050510734315
2016-07-05,0.008220905136956962,-0.014842238497805894,-0.006125389506577733,-0.007219225073915818,0.012442676144681905
2016-07-06,0.005852881673551483,0.00723487223389045,0.008158976843764666,0.005980101484990511,0.0016145850473246477
2016-07-07,-0.0037695950478742334,0.0021049925582662526,0.002950322963953333,-0.0006202656170027375,-7.067141253189347e-05
2016-07-08,0.005994014334570738,0.023039156128462593,0.01534824259401263,0.01478045605229999,0.00733915757357147
2016-07-11,-0.00946861312154938,0.011493181060064651,0.005695590386878242,0.0035208158428796867,-0.008813126567011506
2016-07-12,-0.016690387468968386,0.013285010132643939,0.005035363803038056,0.007237211871209857,-0.016575967163033174
2016-07-13,0.009159697327218079,-0.003933256345757614,-0.0024246676662265892,-0.0001395245944205747,0.011716642235586598
2016-07-14,-0.007745045230236175,0.0010056336393026724,0.0068102353781481295,0.00556758639399852,-0.014649175999780547
2016-07-15,-0.003855735167465888,0.0027606490637664687,-0.0016086910529734336,-0.0013425736103716175,-0.008633573565591987
2016-07-18,0.0015755839071671933,0.0016696323657819886,0.006596957356788786,0.002683758819801878,-0.0009399408497788863
2016-07-19,0.0013372522657107563,-0.005016922519929501,-0.0036496038416983234,-0.0010172179080043273,0.005625653778582351
2016-07-20,-0.01441038163632243,0.0065169680537663435,0.01161501122225821,0.004154446884250881,-0.005481436777858718
2016-07-21,0.015117654201499693,-0.004758148278336479,-0.002294361265669655,-0.00378427992995007,0.0020230117240936716
2016-07-22,-0.0074907077787214,0.007419598999401084,0.0041439675852721685,0.004475149541518694,0.0017305647336457056
2016-07-25,-0.006989125856947095,-0.0014960555606418865,8.798779946458902e-05,-0.0027198767604311143,-0.0007210919631060233
2016-07-26,0.004215211050825792,0.004812671525346873,0.0011430657587844096,0.00046178735217424334,0.0015846458360144725
2016-07-27,0.01598269497210111,0.002810696100256789,0.00691851481595419,-0.0010620348735666345,0.01237728963267592
2016-07-28,-0.00289409340924044,-0.002562134408292694,0.003485090816834799,0.0011541037181101738,-0.001850305617244875
2016-07-29,0.010286811942904156,0.001984209645518657,0.0021719857773847113,0.001613116859683081,0.008299161223764171
2016-08-01,0.0018590671194806466,0.0008255756700908084,0.005279719442428184,-0.0008291488776649231,-0.010901416061903917
2016-08-02,0.008092864929715934,-0.014045653218144756,-0.007625739003735563,-0.006428054783344781,-0.010356339188905208
2016-08-03,-0.004770787598632875,0.008085896111626053,0.0033001301039720897,0.0029185515764212806,0.0005784765198959499
2016-08-04,0.0016954476164976306,0.0009126179380878564,0.0028569523139711952,0.0010634572008036646,0.007486209754717325
2016-08-05,-0.018025444010511534,0.014329484940487145,0.009550126218469356,0.008145788711102666,-0.010453019933780543
2016-08-08,-0.0008627837547004024,-0.0004905033744733191,-0.001113573409218078,-0.0005962002500949238,0.0018824737104616864
2016-08-09,0.004072023167431496,0.0010628991118816174,0.0023120007147306248,0.0005962002500950386,0.009788844509755718
2016-08-10,0.004677994512329687,-0.007217271762660517,-0.0025688702361827136,-0.0024781378821864823,0.003859515979854638
2016-08-11,-0.006946906948684773,0.004762552578994061,0.004277675464836056,0.004629930595610611,-0.008957871193349296
2016-08-12,-0.0021170403750345335,0.0009826249652404265,0.000683122909037482,-0.0008694272397102658,0.008387255188793982
2016-08-15,0.003447698256792746,0.009853837333664583,0.004257176031631957,0.002879730503785537,-0.009467900298865838
2016-08-16,0.004915970173444719,-0.008136792252486619,-0.005537752507751535,-0.0051709755837620885,-0.002669684231082879
2016-08-17,0.00023348078990268189,-0.002945353737312277,0.0017925430267611872,0.001879177204421996,0.005979575396793222
2016-08-18,0.004735854578729188,0.007347392268588617,0.00025539820976142584,0.002241275287462265,0.0015787659866442728
2016-08-19,-0.008868887925520175,0.0,-0.0002553982097615251,-0.0014628861612035217,-0.005248656146019494
2016-08-22,-0.0014858453674488508,0.0022750255164404685,0.0007668331295540396,-4.590512617974065e-05,0.008399013269205302
2016-08-23,-0.0001565049936259337,0.006955361280368778,0.0017882427316265627,0.002011487511061653,0.0010717145153693183
2016-08-24,-0.011176864142998198,-0.008173396277162136,-0.006485936395701707,-0.005128011361373198,-0.0023595874655093687
2016-08-25,-0.0008709901258544955,0.00194813052990768,-0.0016280085586745643,-0.0006885252491312937,-0.003801055038401347
2016-08-26,-0.0014269885139346196,-0.002029516270897766,0.0014565470993507155,-0.00188545745455956,-0.005836861175813789
2016-08-29,0.001981375674593548,0.005187234499308961,0.0013694741650258093,0.0049121632829616305,0.013282484498295928
2016-08-30,-0.01010635477558835,0.0018576821464706202,-0.003254833882250091,-0.0016495569138216474,-0.003859268823711725
2016-08-31,-0.0020015218438290436,-0.005664495390114441,-0.00103006926086779,-0.002848408832809734,0.001431386929367328
2016-09-01,0.004078880664929754,0.0007301760878644718,0.0025731165537475897,4.590207203574346e-05,0.001102257135801822
2016-09-02,0.010164454828507231,0.009603530972662793,0.003249544958510281,0.004497922945557191,-0.00818982482008876
2016-09-06,0.016766351430797802,0.0009633778574549063,0.0062138080016892255,0.0030175970499946793,0.00725915689193776
2016-09-07,-0.0034244132039321193,0.006238713864206719,0.0005938833923360234,-9.111883439934689e-05,-0.0007161995992452032
2016-09-08,-0.005315481388614766,-0.0019953606321115192,-0.005868691605115497,-0.002285484606275952,-0.012620149972470298
2016-09-09,-0.006605326760192751,-0.0317384948364396,-0.025486185137598646,-0.024226227461446564,-0.016611814345593202
2016-09-12,-0.0012631537514554386,0.013842030652040108,0.0177794307942718,0.014245756764292832,0.0005163137847665667
2016-09-13,-0.006657679739988439,-0.019383015996986885,-0.008980091684188236,-0.014479879062427902,-0.011422637939616377
2016-09-14,0.0034136523813896856,0.00016596939088349468,0.004759144071762495,-0.00037527818248809483,0.0014902646734591958
2016-09-15,-0.006440074325495675,0.011869654337514775,0.015419018218006241,0.009943284713322407,-0.0043293420187782055
2016-09-16,-0.002475784418470438,-0.0014760777774007632,-0.00047756920268725436,-0.003873239241694457,0.008047479117447137
2016-09-19,0.002076861031546589,0.006624908123538056,-0.004357535593255647,0.00018751806848030236,-0.0032708651648539148
2016-09-20,0.0009571124160199947,-0.004248097079945397,0.0018820504989800755,4.701939800252973e-05,0.0034928531813452316
2016-09-21,0.014483211562644741,0.014386498464763878,0.00978137116540248,0.011182505766440188,0.008055205190510131
2016-09-22,0.0023544435304930274,0.01426173083577127,0.007924314643878463,0.006282001794476729,0.007917110507161576
2016-09-23,0.0006269244831308528,-0.00710544101254913,-0.006402105714056851,-0.005494436110468132,-0.0009494077020139576
2016-09-26,-0.0007836871273146296,-0.009979946413798485,-0.008401628537486777,-0.008135390784052536,0.006338232865352407
2016-09-27,-0.00731797170627855,0.004049098339421999,0.0098372106631348,0.006188957412209545,0.00730846325642808
2016-09-28,-0.0031640709801869947,0.0076488012479268876,0.001686354402600593,0.00495131398067248,-0.0021652272134762294
2016-09-29,-0.001189120004834333,-0.014704642694986328,-0.00727163557285875,-0.009088689998460065,0.002525381966399893
2016-09-30,-0.0034166360099868506,0.010927866229760864,0.007440313460420429,0.007517751402797563,-0.008976119721759226
2016-10-03,-0.002550206163687112,-0.0031447211403093913,-0.0014331941673903616,-0.00240668512380447,-0.0033063127221187654
2016-10-04,-0.03532787258610445,-0.004938938850928338,-0.0015194507625546714,-0.005111066278993119,-0.011763683508914975
2016-10-05,-0.0015718922897908132,0.0059883015185585526,0.003542142880998754,0.004415810939042172,-0.004670465569597391
2016-10-06,-0.009316280206747919,-0.001049362667630107,-0.0005054095265775428,0.0006952553399510345,-0.00558895066656291
2016-10-07,0.0006682890904551575,-0.008027554744178184,-0.0021919656333287724,-0.0034354448202223143,0.0006730179302143022
2016-10-10,0.003501510836135576,0.011896700759233719,0.006310348833756443,0.005194559715825005,-0.005916841160341101
2016-10-11,-0.005089499061391432,-0.01843110026470808,-0.01436186721124319,-0.01270959218271085,-0.002256243363144946
2016-10-12,0.0015879882252557648,-0.0008198896019827036,-0.0008511146943323315,0.001311187965007553,0.0009785308052143646
2016-10-13,0.0024189937106391113,-0.008317685091051696,-0.0035836842303625803,-0.0032810742383056115,0.0037533230415149983
2016-10-14,-0.005597559798283797,-0.004060731574396836,0.0011959658017692435,0.0005161492287581989,-0.014110666063648193
2016-10-17,0.0026773752071126027,-0.001163152372896133,-0.0027355617327151746,-0.00347806495668654,0.0063629938877410395
2016-10-18,0.006164100054633751,0.005719793872267534,0.008863385799065966,0.006242989966233978,0.0032416496130858907
2016-10-19,0.005713611741873303,0.004206748339727368,-8.498532040768002e-05,0.0026633982867532054,0.0008283536626500949
2016-10-20,-0.0030597728971403517,-0.0029678356871964493,-0.0011886180355556476,-0.0018682259334026209,0.0010518893724121418
2016-10-21,0.0007451585177257722,-0.0004951538918444052,0.0037311846532456054,0.00046707309614765487,0.001501120495431309
2016-10-24,-0.002237080125500534,0.006339646308082808,0.011946715467760946,0.00424395025877308,-0.004360037096827572
2016-10-25,0.007519794693909835,-0.007496717277775768,-0.0031831478306210102,-0.00335631725948904,0.0026335836907048697
2016-10-26,-0.0056138205649168835,-0.009972596054191448,-0.0068187772314712795,-0.0020096055468339976,-0.006786168564911621
2016-10-27,0.0018196962666161048,-0.011508570891193743,-0.004572280520457209,-0.002670385356421105,-0.010953385897241803
2016-10-28,0.004699292917769531,-0.0027921721548063764,-0.006299295166182965,-0.0029600226443375504,-0.0022211755500661564
2016-10-31,0.0029566431199742503,0.0039740624972648365,-0.0009399177386378843,4.729527538178136e-05,0.00611392718535372
2016-11-01,0.006457707460557924,-0.012311373584767592,-0.0075504053790956946,-0.007271891122246862,7.611384215032686e-05
2016-11-02,0.0073872643657927,-0.012811396206637578,-0.008041842684593056,-0.006037041579628438,0.004341882485261088
2016-11-03,0.005323910740822675,-0.004857717378135615,-0.009859061914373876,-0.004587399521508622,-0.007705355197927447
2016-11-04,0.0007237632468994597,0.006413998535254895,-0.0035134972042983595,-0.001102070701752668,0.008920482177473257
2016-11-07,-0.01817197611952108,0.02415727255302066,0.02347948598717911,0.021817394876503707,-0.008537738529488303
2016-11-08,-0.004183952404118774,0.002611088795623885,0.006510699054636099,0.004493724176360534,-0.004066008258843608
2016-11-09,-0.0006579098268444278,0.030322937812418817,0.004600299965189175,0.01054618418017943,-0.04335855675210106
2016-11-10,-0.015001711673606965,0.015868147382581105,-0.016281376171451936,0.0024922979689705562,-0.014880771130293005
2016-11-11,-0.022377978717915834,0.022712056476169147,0.0004319282613659569,-0.0023077158967072845,-0.005637858239807938
2016-11-14,-0.008490234677527317,0.013956838015125874,-0.01015524722301602,0.000785301297150937,-0.006000017110205681
2016-11-15,0.008661050768427549,0.003092368602434168,0.013775789932800566,0.00777241610334759,0.004933653342346559
2016-11-16,-0.002992914324639575,-7.723421943823294e-05,0.005919266345834236,-0.0018798534579283035,0.008982520124067351
2016-11-17,-0.00515153957584098,0.005849636223003809,0.00724435532091218,0.005127500229847853,-0.014823589498939437
2016-11-18,-0.008818980245606272,0.0052817395702554094,-0.0037437727337592155,-0.002240112913991557,-0.002892204756228307
2016-11-21,0.0037273072140238833,0.004645883589485982,0.010345563166602149,0.0075231519611956245,0.0024793819309627306
2016-11-22,-0.00034614845492716306,0.00907735791022387,0.0030323844446462083,0.001951149960366347,-0.00032935693174539546
2016-11-23,-0.020019033913875547,0.0062303750197000955,-0.004045317731022872,0.000543908533283272,-0.0038888819594359663
2016-11-25,-0.005667237234161627,0.003287533491796441,0.0032038802384102404,0.0037085848051913537,0.0014910528600656742
2016-11-28,0.01051202138010083,-0.013063475086152443,-0.002275444729658326,-0.004705748713427445,0.007339445848432699
2016-11-29,-0.004668228933024833,-0.0005290767727456588,0.0034531633036016625,0.001948312628836238,0.00418147275513009
2016-11-30,-0.013510086082379656,-0.004926754534727675,-0.012180704427919768,-0.002402175775617279,-0.016332994290937822
2016-12-01,-0.0018809543242076046,-0.004874554139478405,-0.01742763110679345,-0.003682102525806455,-0.010614627284070042
2016-12-02,0.005364806083291903,-0.0005347033550355976,0.0019896720339885898,0.0005004901679047827,0.007300854938297122
2016-12-05,-0.005364806083291772,0.017042706382266667,0.007748805453453573,0.005990997534762527,-0.001087822069023955
2016-12-06,-0.0009866853717861235,0.010756614891418869,0.002398345009232712,0.0031623984232641207,-0.0007532190557359691
2016-12-07,0.003583283615967707,0.009686199080269043,0.012583268788985219,0.012996060660366108,0.008507738486225009
2016-12-08,-0.0023276835438490475,0.015624318534314523,0.0017726174973852259,0.0024458418690921344,-0.011864177236356197
2016-12-09,-0.010542046205441346,0.001953962709147713,0.007812611562206776,0.006021993261497936,-0.012517232313269818
2016-12-12,0.003797113021044969,-0.0106119962379642,-0.0045288524690596434,-0.0011481831232185043,0.0018709715371295888
2016-12-13,-0.003344358449500988,7.2857804096201e-05,0.012530373524302965,0.00665155361900203,0.003561112649231404
2016-12-14,-0.01477585370302796,-0.012572896239144201,-0.002077804455601707,-0.008288431857962339,-0.011235942198740603
2016-12-15,-0.013785715901107913,0.00744522770246093,0.0015798088084974674,0.004108600704234884,0.00503758739589514
2016-12-16,0.006592778565065687,-0.0018375384510662444,-0.003714099252529313,-0.0019574967169923977,-0.0023020896031584743
2016-12-19,0.004985177307786946,0.006526724927011165,0.004088412984099033,0.002175089976961901,0.010698529343150982
2016-12-20,-0.007394390217464912,0.008443764386695514,0.003823611964587517,0.0038500627796465795,-0.004995194528739036
2016-12-21,0.0005564603998491446,-0.00654504160745187,-0.0007469865574035502,-0.0027864601129083304,0.004403705144671129
2016-12-22,-0.0024136861188265224,-0.00865991259178861,-0.002826507886782479,-0.0017288803790422359,-0.0017889618624694647
2016-12-23,0.003155199096609045,0.005306282227872328,0.0006658194851727643,0.0014630271825475322,0.002034828898616371
2016-12-27,0.00582012137282036,0.004473936288440115,0.005144553928697744,0.0024778511607400854,-0.0032239771510118066
2016-12-28,0.002759665575201272,-0.010297436378819287,-0.007810360559793478,-0.008298861235516639,0.007282164599510919
2016-12-29,0.01305061000633585,0.0008863330087254494,-0.0014191267534722656,-0.0002223029574270239,0.0035370734845079905
2016-12-30,-0.006184651823121631,-0.0038488096854605684,-0.010327842949062084,-0.003662062576493312,0.0015121376348469044
2017-01-03,0.00781538513824579,0.00495647437216571,0.008906631548632925,0.007621075155843785,0.004271932349178604
2017-01-04,0.0035241475629946054,0.01653899428584322,0.005422857218156109,0.005931143393899557,0.0038372171850859964
2017-01-05,0.015395946803090798,-0.011607342248424728,0.005641703814589947,-0.0007945296316435133,0.015532838349853055
2017-01-06,-0.007399862806678017,-0.0036781457427162603,0.008731552647426217,0.0035713534077461986,-0.009224519335602088
2017-01-09,0.008198942430912352,-0.006580519468203796,0.0032752017640335657,-0.003306388163035124,0.007993698412284799
2017-01-10,0.004251209640407789,0.009524431806126478,0.002204697741250729,0.0,-0.0006572616544969032
2017-01-11,0.003088451356458922,0.0017618952471362822,0.002688046295688565,0.0028220654813854817,0.003362445181572396
2017-01-12,0.0036058581395100996,-0.007731812723876563,-0.00154680246616262,-0.002513209614818368,-0.0022127215817168296
2017-01-13,0.002630155985373185,0.00721779996641114,0.0034160693497894035,0.00229339467916944,-0.004769578103497361
2017-01-17,0.014257386660884261,-0.013669542258420478,-0.0030086136584272943,-0.003530092021498234,0.010414129039912099
2017-01-18,-0.008495159639561354,0.0032677667639587327,0.0020336710025789934,0.00220754394869818,-0.012890746956013771
2017-01-19,-0.0008709816243124942,-0.008190645457631627,-0.000487762036671136,-0.003711390500204838,-0.006882158118796466
2017-01-20,0.0024367465635149513,0.005145825309507596,0.0021931896849726714,0.0036677055486064912,-0.0019988914582564697
2017-01-23,0.006411370524106662,-0.004174168502088425,0.0008111781031303815,-0.002605968767049491,0.009954820503347466
2017-01-24,-0.00450104004040464,0.015196054484838238,0.006706280943546461,0.006391539489954682,-0.006875235404041491
2017-01-25,-0.00827564253844338,0.009372637803699712,0.010015424584472563,0.008618215464414164,-0.012630299660137638
2017-01-26,-0.00931545140516917,-0.004016437393138767,0.0010362357607706485,-0.0010460648126730083,0.003361548626679265
2017-01-27,0.002028628943019752,-0.0034451398356026815,0.0019095346988967034,-0.0015709978550056828,0.00360052455109011
2017-01-30,0.004220558088409409,-0.014049259755753675,-0.007820829737628649,-0.006221259285173679,-0.003013405353838166
2017-01-31,0.013768096552717091,0.006975178972665418,-0.00200503130195417,-8.760687647549728e-05,0.006934812961657969
2017-02-01,-0.003033641360264487,-0.0005913499288829152,0.006880090579915456,0.00039544815377682635,-0.0062022397794633
2017-02-02,0.005540175253055282,-0.0025190015536483397,-0.0008772111732471677,0.0006584234194448619,-0.0004201313158929689
2017-02-03,0.002500332582847749,0.015165123052072963,0.0028684441544589577,0.006869722013171536,-0.00042006143009784634
2017-02-06,0.013428758731216857,-0.007553782700088183,0.0011930456679320012,-0.0017894779591787332,0.006032449162193704
2017-02-07,-0.002041146037959061,-0.004426612483162992,0.0036489922594151645,4.3652003616630034e-05,0.00732340959772246
2017-02-08,0.006195677380773958,-0.00177655165007495,0.0016611907216145785,0.0013095974610025484,0.013507316502786268
2017-02-09,-0.0076440113416854985,0.013976074272741503,0.0036299574198362344,0.005915241967968576,-0.011601874866319216
2017-02-10,0.0026395141502793757,0.007568124551824301,0.0033028376639152837,0.003938026092766816,-0.0005792582103998553
2017-02-13,-0.00682592596717586,0.002606575847997224,0.0056363619709323826,0.005428252998977851,-0.0031519327196517445
2017-02-14,0.0011123712399388251,0.0033199973607118674,0.003351192705535762,0.0039869881903181435,-0.007253150563434535
2017-02-15,0.0044372173593291335,0.005964020718967417,0.005895270135763841,0.005206925877555825,-0.004613036517145162
2017-02-16,0.005349691237603948,-0.0027979172310166702,-0.00030944878670309284,-0.0008516856507711191,0.005449072802255384
2017-02-17,-0.0033932974726115484,-0.0006467202285274451,0.004323655673515987,0.0015750523183868665,0.005918655299072795
2017-02-21,0.0005946540100771037,0.007805163603357574,0.004917845046699672,0.0059375152476471215,-0.0017470540500864088
2017-02-22,0.0013579197505681978,-0.00443209449063483,0.0003833784655163238,-0.0008882486812263498,0.0016635199939019402
2017-02-23,0.00869753215772035,-0.005964078986703432,-0.003761539925945063,0.00067671531171952,0.0029877690287787176
2017-02-24,0.006369402264058673,-0.000720989945698466,0.0019208408155978404,0.0012683061933004172,0.011043607438248858
2017-02-27,-0.004857175635850916,0.009689776059483466,0.0012274469244737466,0.0015614003132854274,-0.005918408699813761
2017-02-28,0.0009230175401251751,-0.015548895878936137,-0.0030718524260082854,-0.0027026171395199174,0.0037033290464272544
2017-03-01,-0.0014268817535848305,0.018116557372018376,0.010862201142833948,0.013900220306921684,-0.016898814784713948
2017-03-02,-0.012508578672613836,-0.011536447606867324,-0.005033670662161739,-0.006317284151774039,-0.0036053931781793967
2017-03-03,-0.0005955140219629334,-0.000720989945698466,0.0018333249121976743,0.000629298811833642,0.0026008423800925945
2017-03-06,-0.006745539852068352,-0.006875207673463701,-0.0022160685221777727,-0.0029822851604847825,-0.004787437914457808
2017-03-07,-0.008086086565359004,-0.006557860264542858,-0.0016840366319419387,-0.002991205795772907,-0.0030353059590567926
2017-03-08,-0.006238117890961693,-0.006600646352703618,0.001760857684969285,-0.0018581688398334384,-0.0054190544817904925
2017-03-09,-0.005140919622256575,-0.00398098541846796,0.0007644139756815736,0.0012672908317313046,-0.008013450854500288
2017-03-10,0.0021815968976861885,0.004422445275977801,0.0041947899664161546,0.003497999058859614,0.003503313269492497
2017-03-13,0.00017429306368713733,0.0023510621911605493,0.0016728288100680473,0.0005046989071883529,-0.006331611127853191
2017-03-14,-0.005418130142925278,-0.004781317503303514,-0.002434412468914514,-0.0038338719341759484,0.004794972495430057
2017-03-15,0.018492494054676123,0.01536461201108089,0.006151108133448544,0.008616292493103276,0.012141203820340054
2017-03-16,0.004120559955210867,0.001306403931707564,-0.0006817138920417434,-0.0019691408787887426,-0.00507599651387277
2017-03-17,0.0022248383768926597,0.003979981458713712,-0.0003492381364446678,-0.0017574831518820699,0.006256864712152106
2017-03-20,0.004435011725417898,-0.004342855379454862,0.0009111313368450533,-0.0010974497490424046,0.004289295709206109
2017-03-21,0.008727009558066982,-0.028622734909366808,-0.015290095253651262,-0.012922828647224553,0.008274472080019
2017-03-22,0.0024434516279076965,0.0002238703295209686,0.006756511374546489,0.0023504436555446193,0.003987450892815746
2017-03-23,-0.001347399463717088,0.005803931406851606,-0.0025281355303592074,-0.0010676713953635757,-0.001410634032694672
2017-03-24,0.0015998188263156232,0.0007219634088929429,0.0020690172759253935,-0.0007265721687397329,0.003564151971178352
2017-03-27,0.005621040603803889,0.0018572251041590365,0.0016061162801812288,-0.0010268473369576356,0.0045394999800954005
2017-03-28,-0.0041077969016607725,0.007762268957089141,0.006095653307779676,0.00725060665538229,-0.006693017918579029
2017-03-29,0.0024332009503229184,0.003235105183922267,0.004623173341092143,0.0009343520922375807,0.005951361021865599
2017-03-30,-0.007233005455458062,0.007532253756012963,0.0016623018109100185,0.003179195009363352,-0.008108796959895912
2017-03-31,0.002108015430704589,0.001601258203696149,-0.0006794984639860981,-0.002330574763113954,0.0029033565375748034
2017-04-03,0.005292550298656713,-0.010602756914335473,-0.0006048760237551803,-0.0017406896095323503,0.010035934599975404
2017-04-04,0.0022597345773738855,-0.001177040072098188,0.0015858590970174672,0.0006370819626156874,-0.0054393596686877895
2017-04-05,0.0,-0.011398966889675257,-0.004083313728551438,-0.002976951348472437,0.0030532218464781333
2017-04-06,-0.003685116697841802,0.009262543426313243,0.0005303031379749194,0.0028072466100869473,-0.0014840695283069045
2017-04-07,0.002346621760815808,-0.0004426216321459697,-0.0005303031379749532,-0.0010199528538029287,-0.004050838546603403
2017-04-10,0.0,0.0022111516192455044,0.00037897433219907724,0.0005951548426683748,0.0046283990254923375
2017-04-11,0.014378002485395934,0.00792028012899396,-0.004326898642825924,-0.0011906641055686254,0.009437956073651136
2017-04-12,0.006825356086692966,-0.013679538600841855,-0.004039937038305908,-0.004391384986166475,0.005458124124177919
2017-04-13,0.0047420728437496,-0.00982310814916461,-0.0039800837335429535,-0.006515965575291877,0.003082700522808357
2017-04-17,-0.0029407031136137306,0.011672334787503914,0.008247989548872885,0.008820607634597624,-0.003082700522808227
2017-04-18,0.004733558474010278,0.00022205823746552944,-0.0015223160847678372,-0.0029885174532175416,0.012995256726243102
2017-04-19,-0.008914361418128501,0.0034670469151077974,0.0015984172661275815,-0.0018402406112522575,-0.005468564333036638
2017-04-20,0.001887609614885789,0.012659699599335106,0.008331024848589757,0.008106165096899218,-0.003877362239856293
2017-04-21,0.002865670925194773,-0.0022566942997380318,-0.00022624324652793557,-0.0031921989370402976,0.0
2017-04-24,-0.006809117727285548,0.012385979336978853,0.011997730776709499,0.010937921225975,-0.004950216093248866
2017-04-25,-0.010176758825308857,0.009670574648548737,0.007204150188379568,0.005801915216846757,-0.012112141336773989
2017-04-26,0.004894417227160271,0.005120028553499464,-0.0014065305770348878,-0.0006291012239548761,0.005501835639295567
2017-04-27,-0.003730858335881937,-0.0002840383447264848,0.005984341906747529,0.0008385911322431155,-0.00032800404808470724
2017-04-28,0.003151414614046289,-0.013499526549434121,0.0017665295241196032,-0.0021815655210240346,0.0022092563235714623
2017-05-01,-0.009149943206636764,0.005736541948814512,0.008858128936574863,0.002516966920992658,-0.008348138227278859
2017-05-02,-0.00016711217732273407,-0.0050895464440857165,0.0016747164764584358,0.0003769624808192902,0.00510743653717808
2017-05-03,-0.014055680078894413,-0.006199778386156577,-0.003206500279805632,-0.0012154930361335584,0.0006576942721875018
2017-05-04,-0.010137688898777003,-0.0013745309633223773,0.0003644394579842783,0.0011735254995236645,-0.004939354079922369
2017-05-05,0.0018819613581217375,0.006423676017051065,0.0036420525265787266,0.003929216745891114,0.0009073752205264649
2017-05-08,-0.0022245229386793674,-0.004181755939969412,0.002178975462323707,-0.00016700966165181821,-0.005456320305915242
2017-05-09,-0.006013737531638919,-0.00043344640206119866,0.0034763980061699087,-0.0009182091977410111,-8.256890974297691e-05
2017-05-10,-8.619187440805963e-05,0.006196974412523971,0.0005782070185457289,0.001794314824720634,-0.0011616009182229266
2017-05-11,0.003956305862795571,-0.006992433180048854,-0.000794901344536828,-0.0020447819413360814,0.0
2017-05-12,0.0028286293961141936,-0.005294523492597199,0.0022387826860327423,-0.001672560809467686,0.007524757448150008
2017-05-15,0.00264989304932151,0.007751256267237046,0.0031695455563671804,0.005508370746729667,-0.0027220303988960822
2017-05-16,0.004344332691827055,0.00036069067670919686,0.004162794249759001,-0.0009161278325912595,0.0037100472653936916
2017-05-17,0.018026089242991115,-0.027349114107762314,-0.025754766017642112,-0.017903230846636052,0.014461320930897173
2017-05-18,-0.008214659464641129,0.003626195377548995,0.008707275880858933,0.004020501509143399,0.001135233375092479
2017-05-19,0.0049536558166890015,0.004789631500951255,0.0042166639644455085,0.006482907651115404,0.002346806700942406
2017-05-22,0.004178861021674379,0.006740276001921277,0.008380475614038324,0.005064538564449346,-0.002751722328579518
2017-05-23,-0.006358807682167539,0.0032807444602172484,0.0010071910045221177,0.0022105739970276436,-0.00675095831459547
2017-05-24,0.003937188086656905,0.0006544995025194631,0.004588713247183857,0.0023296949021330464,0.005614949502806464
2017-05-25,-0.0010874337201151904,0.0006545053343916147,0.008477376198768797,0.004768464700116227,0.0003248182623093928
2017-05-26,0.008832634206008617,-0.0002903974379628918,0.0017719150832767453,-0.00020682400973061544,0.0017021505924104542
2017-05-30,-0.0033239313084347183,-0.007883590565295742,0.0008492128617024627,-0.000869142792777203,0.004927918208329034
2017-05-31,0.003987406451696997,-0.0010262981894423953,-0.000353808352994977,-0.00024825765551059474,0.0024949147435085503
2017-06-01,0.0008286937780719529,0.019108720983573475,0.003885023967919537,0.00792046820778794,0.00010474077780113565
2017-06-02,0.007345383440385594,0.006456714607501524,0.011356776701687351,0.0033230240762513992,0.011770927152426185
2017-06-05,0.0009862969865506888,-0.006240382090877252,-0.00020915537368803208,-0.0007374561348499328,-0.00622816077149014
2017-06-06,0.011191515796581182,-0.0009359364364360293,-0.003981833158994804,-0.0032020869254877618,0.005431722201101635
2017-06-07,-0.005294262319270497,0.0009359364364359113,0.003912180241037109,0.001848417835631866,-0.004791377208217625
2017-06-08,-0.006554676702975053,0.013578558525948201,0.0010450741315382616,0.0004925077007078187,-0.0026452471654273765
2017-06-09,-0.009166426122606205,0.005168258799796581,-0.025323125804901463,-0.0015188404695148177,-0.0015260973819440408
2017-06-12,-0.0014943988172197275,-0.0016253975644024597,-0.005372144361801453,-0.00020556608273856547,-0.000321654507479879
2017-06-13,0.0009965350816834196,0.005079510321874232,0.008083424024331771,0.004877829138309768,0.00016060631256321903
2017-06-14,-0.005493177805750778,-0.005929152886759011,-0.004355462716523621,-0.001268151396682798,0.015319064801139823
2017-06-15,-0.00418165701990386,-0.0051097942827296955,-0.004446549081730531,-0.001926160255901836,-0.0015846945138903083
2017-06-16,0.00016757431865917162,-0.0024936036172562184,-0.00434846855976763,0.00021846355425586943,0.001980533626005435
2017-06-19,-0.00765446009733337,0.00739128202523378,0.01658319257644235,0.008290573409585464,-0.0014258161882650339
2017-06-20,-0.0021131828104241023,-0.01017718884490607,-0.007862326997454086,-0.006766975237532389,0.008916302933755822
2017-06-21,0.002872805881766109,-0.002506819995795937,0.009853854965109755,-0.000246883190826682,0.0020404088549656504
2017-06-22,0.0033692883509404193,0.003793732915826028,-0.00028445802017742865,-0.00045317307662123054,0.002192664873363955
2017-06-23,0.004279445503073095,0.006621694834931181,0.003830800438530621,0.0011939271843442907,-0.0004696093786043076
2017-06-26,-0.00899959554685728,0.001206056826258448,-0.004684315735477721,0.0006575171944762457,0.003749353773870694
2017-06-27,0.003794725232620457,-0.008828351037511473,-0.018305556097963378,-0.00808863678466933,-0.010738701327281436
2017-06-28,0.000757258608664271,0.015187048414388171,0.014314438557509796,0.008910553351558577,-0.0033156731572994494
2017-06-29,-0.004890000706728738,-0.005933818057665358,-0.01750720971771941,-0.008827699733990224,-0.008416771786013674
2017-06-30,-0.002538742638049931,-0.0015598231880143223,0.0003635073405617168,0.0018627910665303666,-0.0023148627049427504
2017-07-03,-0.01648835238074312,0.008338736894000663,-0.010590635907083609,0.0016943733408889025,-0.0032247240428177593
2017-07-05,0.0036971824767883434,-0.0035957710962261345,0.009791285344153565,0.0023094039013282224,0.00024106496257738128
2017-07-06,-0.0004291636859008885,-0.013144132522877291,-0.009057170383678991,-0.009186659996660776,-0.008308614135829014
2017-07-07,-0.010269798493159019,0.00965549392925228,0.01072790752827722,0.006464246630448761,-0.006011518488451277
2017-07-10,0.0016468254331296226,-0.004351423348053807,0.00651218149684549,0.0010732394420581324,0.0014659206085532004
2017-07-11,0.0012982088742114774,0.0029267797283977176,0.0028085960141428106,-0.0007431499185954051,0.0017069920276212962
2017-07-12,0.0035397924292921755,0.00766888320025059,0.011796171121901905,0.007486638017895818,0.006880555115945644
2017-07-13,-0.0018115086761426493,0.0008483923984243721,0.0022006897999778236,0.0016791120163883939,-0.006312126120788664
2017-07-14,0.008168900176639902,0.0016948681956583515,0.007841130572580166,0.004653158991899244,0.0012166277286070636
2017-07-17,0.004443348999716993,0.002325882852623454,0.0004926344324554216,-0.00012204541299360801,0.002753275502437507
2017-07-18,0.006966890452323186,-0.002608061589526776,0.006658676047673204,0.0005293957130381862,0.008695040370417918
2017-07-19,-0.0002540224323477312,0.009901998595680327,0.00585152445175248,0.005399302043064429,0.00040124835771756243
2017-07-20,0.00135406277392805,0.000698202385677507,0.0013184508567940618,0.00044541889250992095,0.0028801631313629455
2017-07-21,0.008589562474350264,-0.004548900415453643,-0.0004159469386515958,-0.0008910362714225137,0.004225534593079646
2017-07-24,0.0004191258176561492,0.0014020133137606307,0.0045689397928881876,-0.00024308342529159464,-0.003906362838361174
2017-07-25,-0.0032741446924645485,0.009065249425466597,-0.0025586953686934913,0.0024281087266184295,-0.013104052736833295
2017-07-26,0.008040236804836134,-0.005568910341435266,0.003249762985238069,4.0372693609484077e-05,0.0016169870218439243
2017-07-27,-0.0007510021513585564,-0.006372608831631326,-0.006301810040655803,-0.0009300442690300268,-0.004941083374242655
2017-07-28,0.00748507747253413,-0.002673626837561852,-0.0008340671037309048,-0.0011737634393986854,0.005910287599724452
2017-07-31,0.0004969976741389874,-0.0031742378997329035,-0.004249682039554647,-0.000567194021839389,0.001209347190924897
2017-08-01,-0.0008284878144892227,0.001905476066833395,0.0023014531895955443,0.0022263887582471957,0.006996720187817028
2017-08-02,-0.002074259170059369,-0.010992536846732614,0.002712863664697709,0.0004849134583813192,0.0005614748923121965
2017-08-03,0.0015767861990997622,-0.005004108484779923,-0.0038974989747692732,-0.0019416319943330372,0.010290822491432247
2017-08-04,-0.007825504639997654,0.004861852958065867,0.00181127378408323,0.0018205139048242326,-0.008528214607591518
2017-08-07,-0.0011707593535363761,0.0016386180554427813,0.006314696191027416,0.0018572248621541885,0.001119875699463645
2017-08-08,0.0029243323685439523,-0.0031376790215755603,-0.0017309337124279706,-0.0024638123671946515,-0.003604404588979445
2017-08-09,0.012024832535234332,-0.008680508584508634,-0.0013171712688330106,-4.0471087704172645e-05,0.005442010534594876
2017-08-10,0.007391636301004261,-0.018323267230001928,-0.021673731302093983,-0.014215869782199707,0.00850313660105248
2017-08-11,0.004734717669981235,0.0014660794348583534,0.007558480304487926,0.0014758995330603712,0.00047452166403424913
2017-08-14,-0.007110509708619983,0.01505449014449321,0.012795557184424655,0.009864382650160566,-0.005154398588143805
2017-08-15,-0.007739806493235807,-0.008262941121214163,0.000694763279378174,-0.00012184362165488404,-0.004222193997344365
2017-08-16,0.007329654945785988,0.0002912968086027183,0.0017347433753555882,0.0017430044919504752,0.003665650492767882
2017-08-17,0.005074451187161252,-0.018431786356357463,-0.020658260298574985,-0.015713877508111096,0.0074495154198250535
2017-08-18,-0.0015523089133794997,-7.369883405929533e-05,-0.0007083835277387982,-0.0015643246930753336,-0.00023666803842284882
2017-08-21,0.003754179507042542,-0.0006675018347265459,-0.0012752801792844442,0.0007823244424342071,0.0024454085360729873
2017-08-22,-0.004490378194735464,0.01077036770183839,0.01512828066906566,0.010403049761602149,-0.003867968767377678
2017-08-23,0.003756939159508119,-0.0016152868076471786,-0.0035682161959995308,-0.003591958089814181,0.006778689612724228
2017-08-24,-0.003102527430184758,0.003081587424474477,-0.002947593898169435,-0.002333422195951816,-0.003699257832836943
2017-08-25,0.0036729988686282277,0.0028532751250561943,-0.002110545085947289,0.0023334221959517365,0.003856098842865654
2017-08-28,0.015762397031869272,0.00422853661974367,0.003094306634893664,4.09876363779196e-05,-0.0006284222916204236
2017-08-29,-0.002167752218151974,0.000218045468470833,0.003924380325129864,0.0011440479982362133,0.0032169139644199433
2017-08-30,-0.0004823342716563527,0.006379992758788275,0.011681908872957199,0.004726504108691043,-0.0003131981734828428
2017-08-31,0.011671721617894353,0.009780742793804755,0.010658982721866635,0.005997962896159341,0.002973089224710833
2017-09-01,0.0019056530015576626,0.005638037978009961,-0.0013690316657950115,0.001413226572693665,-0.007678309997229928
2017-09-05,0.011044617985341777,-0.009653665963052113,-0.009012924842508386,-0.007207901628044944,0.015733440222413117
2017-09-06,-0.005112698708954078,0.0020818042810293903,0.003036337229491891,0.003407783802717637,-0.006154442533369479
2017-09-07,0.010355527635419215,-0.0025128598547822724,0.00233995727574029,-0.00012138301101213581,0.010184935948397474
2017-09-08,-0.0012495406412696415,0.0007902588247930379,-0.00869896669698753,-0.0011751916949095148,-0.0021679710884950935
2017-09-11,-0.014007143976598416,0.010432450995927576,0.011444891908736085,0.010609257471796594,-0.01201025411001239
2017-09-12,0.0029277577169540335,0.006094493144565689,0.0023966804908892745,0.0033649218117055364,-0.005270425386935857
2017-09-13,-0.007534611170577271,0.0029626722543723847,0.0013668626169104294,0.00047996962184506737,-0.003951100135889529
2017-09-14,0.004369098124020519,-0.0009160500686470582,-0.005891055065197316,-0.0003199075967704006,0.004109160300300352
2017-09-15,-0.005006207576558888,0.004081317373236648,0.0034287807036335904,0.0013451981021037967,0.00039405373657013816
2017-09-18,-0.009364174007229185,0.006788356481845557,-0.0013113421230372085,0.0021246779702558793,-0.005771010866023487
2017-09-19,0.002088539057238403,0.0,0.0017165434277455346,0.0010005867614050177,-0.0024602409110425034
2017-09-20,-0.008056762706663206,0.0032029821572349287,-0.003091126881212779,0.00036003855998739714,0.0007145638578578214
2017-09-21,-0.007633024715442955,-0.0010433547160232982,-0.006142361265097564,-0.0026830378334407063,-0.0005559744835878839
2017-09-22,0.0045543146609353605,0.004236110524655806,-0.0009691269951559894,0.00020037875553390998,0.002856806297265626
2017-09-25,0.01041298453601274,0.0013849048549346642,-0.010588348147301257,-0.0020467130228742397,0.006240337424828254
2017-09-26,-0.011224726404076811,0.0031794857598959896,0.0025876486399885224,0.0006025448174078301,-0.0018128201464208344
2017-09-27,-0.009464790137827282,0.019380826190130793,0.008969826502468763,0.003886729016902133,-0.015182865808952416
2017-09-28,0.0018837445698112896,0.0026416374431346905,-0.0003460328848313136,0.001199125563487875,-0.0029673136370174007
2017-09-29,-0.0051683715774128456,0.002364879019159595,0.0071758666750576065,0.0035088859089282736,0.0022462945253340244
2017-10-02,-0.006684614889873803,0.012207477264964451,0.0008933181881733141,0.004329264013410295,-0.0018326413009873462
2017-10-03,0.0004967317019956395,0.002197389719217992,0.0021274386758885094,0.0021375910828581104,0.0009653247197028885
2017-10-04,0.0028098889387879367,-0.0031981716918493427,0.0009588131674904969,0.001185602060567497,8.023420973036172e-05
2017-10-05,-0.005378816723625571,0.002732492787350915,0.009745199415704233,0.0059080403008460675,-0.003785354917361517
2017-10-06,0.0047183541150492775,-0.0013985650939273835,0.0013552553643544185,-0.0011394684444621557,-0.002827694155027013
2017-10-09,0.008142542011554031,-0.004140913074210948,-0.0011521558065805413,-0.001652619506698313,0.0031503262898993707
2017-10-10,0.002617800009600174,0.0028740292910122652,0.0007455100348403396,0.0026347876095830637,0.001612220642691342
2017-10-11,0.0031812040839063376,-0.0007342230594486095,0.002976712356686713,0.0015699149720964389,0.001930343474317417
2017-10-12,0.0008140547013934963,-0.0007352154242906879,-0.0018255237135973701,-0.001491227586834487,0.004251047008314192
2017-10-13,0.007539254296557061,-0.0018059248201375963,0.003850199741781621,0.0012167844900903494,0.007177005044068589
2017-10-16,-0.006888462515220647,-0.0008706965231034723,0.0034320929018961627,0.0013325960754469002,-0.0007150658637252945
2017-10-17,-0.006854404417199568,-0.0028851902014733802,0.0012756935412326451,0.0007048818032828586,0.0012710955284332445
2017-10-18,-0.0037735819439878113,0.004759996379890489,-0.0012085852442190732,0.0009780770396973885,-0.006613357992737656
2017-10-19,0.005900215657301968,-0.0015397371495873276,-0.003701571341759825,0.0002735489218465877,0.001757094507138636
2017-10-20,-0.006393454395473306,0.004611213560657405,0.002693498607588086,0.005147306456445905,-0.010670382348500498
2017-10-23,0.0015611723194451613,-0.007495435790944814,-0.006544151927776484,-0.0038969736987033137,0.0017729669145718934
2017-10-24,-0.0038662591759729935,0.0020797315716002073,0.001690575108149391,0.0017555380445977479,-0.0062189129094139635
2017-10-25,0.0001647984431062872,-0.004838071989588039,-0.003791346150445063,-0.004962378567167464,-0.004791243125477757
2017-10-26,-0.008440935931398883,0.002085925676948659,-0.0031928379065668455,0.0012918020268976123,-0.0033435939901495675
2017-10-27,0.0047257865747334146,0.0069001488147612325,0.028707493258629323,0.008142684960679289,0.006594353993824634
2017-10-30,0.0019005561122998722,-0.010603904506216393,0.00224573422086364,-0.003731864241454094,0.009528993233653674
2017-10-31,-0.0038047944426046506,0.00705916040108679,0.0037533926461932616,0.0015568333778462795,0.00032169675648461183
2017-11-01,0.0036396966611634005,-0.006654800254926602,-0.0003286465484703762,0.0013211354284118303,0.004442540403809707
2017-11-02,0.0006603535530684753,0.002963246404455821,-0.0019086649305648975,0.00038845159615455346,0.004399304316017202
2017-11-03,-0.0047144513322975885,-0.000672409448366599,0.00957143821520668,0.0033331112485603916,0.002709725640708599
2017-11-06,0.008502950979344039,0.0011432826899965016,0.00338683823735066,0.0015464664838431702,0.0037338125306275514
2017-11-07,-0.0036235108435323914,-0.012036044840588171,0.0005850510515504943,-0.000695674439538038,0.004193915513786743
2017-11-08,0.003459056119704665,0.0013593111784656808,0.004021147081106478,0.0016996168191204652,-0.0022134846609281255
2017-11-09,0.004102401645100611,-0.003538729600466732,-0.0052564818306906425,-0.0036340505163430774,-0.002853040125115322
2017-11-10,-0.008221702339946372,-0.0007501470140674045,-6.510405407125972e-05,-0.00031041444751532874,-0.015194051073499517
2017-11-13,0.0014849063034307734,0.000272877361696678,0.0012355198392534732,0.000929407250485591,0.002092957196283488
2017-11-14,0.002058715307154061,-0.002732014334196928,-0.0036459881692887763,-0.0023250049071432345,0.006731701797216199
2017-11-15,-0.001234670245587114,-0.003974719995419643,-0.004707709361468203,-0.005018126924837596,0.010804306581853081
2017-11-16,-8.238652462762423e-05,0.014587615649274027,0.012698459760417094,0.00846527750332551,-0.00872994815829484
2017-11-17,0.011954609509226865,0.004591201817563314,-0.0038251098532548545,-0.002943141634113709,0.00738573849077283
2017-11-20,-0.012696268046166224,0.007248811817498575,-0.0007796846028064194,0.001704951379588176,-0.00039586074313883773
2017-11-21,0.001647348843739489,0.010378591152024417,0.010797758367054437,0.006521627475461346,0.003161219737949095
2017-11-22,0.009175087875408043,-0.0013241785445259383,0.0012210678776930276,-0.0008851368576312659,0.003229521716412896
2017-11-24,-0.0025311102507151856,0.00039729179763648575,0.0036542830003253946,0.0023070567341355827,-0.002756505990172066
2017-11-27,0.004160741332319787,-0.0030521592704170356,-0.00044790639577503913,-0.0004993685228425866,-0.0014203252141238773
2017-11-28,-0.00016287471547679085,0.015626342484482664,0.00255747263760817,0.010093939059025567,0.0013416940026007883
2017-11-29,-0.006289558392421287,0.0033303978713546878,-0.017587671157862122,-0.0006090264249796634,-0.009907876798981644
2017-11-30,-0.007732229391441411,0.0018239256220673261,0.008349311201943335,0.008716953319294849,-0.0033510708102437617
2017-12-01,0.0040380612309282235,-0.004108244005112456,-0.004263188564049192,-0.002077795226516938,0.013404096452126384
2017-12-04,-0.003377653154607993,-0.0037321429373165854,-0.01158845752471738,-0.0012105023043600268,0.00047427336502773855
2017-12-05,-0.007122188370048705,-0.010021019259562518,0.0006546663721550616,-0.0036030182554663386,0.004963514621919678
2017-12-06,-0.002079954164184071,-0.00471486236848222,0.004505103046217203,0.00018967510586287073,0.0034519918185874424
2017-12-07,-0.013246352701112026,0.0069655951596775565,0.003381877075167913,0.0031483112570435618,-0.007862988217150167
2017-12-08,-8.43525069872456e-05,0.0009249267390239326,0.004405427735844009,0.005438274965327239,7.899264650601984e-05
2017-12-11,-0.003974813553107367,-0.0003966442427394992,0.007726717593193484,0.003008489829735191,-0.0020545518432513368
2017-12-12,0.0011856318079057743,-0.0031101061168914246,-0.0013476350200508286,0.001763071035490065,-0.0003951562801303892
2017-12-13,0.008596013189973703,0.005947392409807471,0.0019246669050102304,-0.00011230363161620592,0.00748906861027844
2017-12-14,-0.002015942432484809,-0.01113055918157112,-0.0007048814934790447,-0.004094589997347734,0.00423186771095128
2017-12-15,0.00209987057429634,0.01415681663974071,0.011290863586014457,0.008292827575699923,0.003746634643026449
2017-12-18,0.004604277886820867,0.013440516085464711,0.008348881597062914,0.006321480119883177,-0.009157407185260005
2017-12-19,0.0007513783425439744,-0.007938371609309713,-0.0059428056256474035,-0.003847921454275153,-0.01305891659914122
2017-12-20,0.0026671102328525206,0.0019580613725864765,-0.001078552714087236,-0.0005245618905554061,-0.0111346797702216
2017-12-21,0.0014140004111240193,0.004368547306687262,0.0001267568506273403,0.002058025592343421,0.0058112191794220955
2017-12-22,0.005222850279184247,-0.001825667826471336,-0.0011429230264376352,-0.00026184465963241445,0.0013636051867648585
2017-12-26,0.006839416919106556,0.0005868668233024247,-0.005416105656280784,-0.0011968150128237047,0.002961070791250574
2017-12-27,0.003770551302149118,-0.0009790743622081438,0.00012778018210454412,0.0004866719238070279,0.012941254612744436
2017-12-28,0.0050595432932777126,0.003910449242090191,0.001213405833533366,0.002054825866460286,-0.0008677848213617408
2017-12-29,0.006490919761210391,-0.008295138478511939,-0.006208455519508788,-0.0037775169796010664,0.0015776212240869447
2018-01-02,0.012058023762451863,0.009400801735006412,0.017375253279385963,0.007131913322293039,-0.010857978851461895
2018-01-03,-0.0026403330092135157,0.001038819117213715,0.00966947940607789,0.006305374727877625,0.004769899871318647
2018-01-04,0.005114278310262769,0.002657734792929158,0.001748167868356752,0.004205792073436376,-0.0001587114994360441
2018-01-05,-0.001036702137934486,0.0020695604300260215,0.00999306164875328,0.006642143256629744,-0.002859602485112986
2018-01-08,-0.0001596255390370604,0.0015491466449757414,0.0038830431788679765,0.001826700070580576,-0.0006367651875564163
2018-01-09,-0.004639219643041588,-0.0013555082964765313,6.16209586229436e-05,0.002261075652155023,-0.013462741420208776
2018-01-10,0.002402270692406848,0.00012939842233746572,-0.0023403043807359455,-0.0015312027720837565,-0.001210984792369213
2018-01-11,0.003273877321212141,0.017033011244733724,0.00682092584218663,0.007269703574888853,0.00411097927262861
2018-01-12,0.012044492942167013,0.004181822720488256,0.007322050461895818,0.0064976778514918105,0.0016881587180497693
2018-01-16,0.001652690627169873,-0.012854351906477511,-0.0028617095305020395,-0.0034239138433027464,0.004167199205991056
2018-01-17,-0.008132363237354055,0.009433967780321881,0.010734031822110489,0.00948671275127975,-0.0013606587772379438
2018-01-18,-0.002222213448585594,-0.006875204107900857,0.00018065746274276704,-0.001682832235588265,-0.009332371318195865
2018-01-19,0.0044394996120163946,0.013073857130566972,0.003131247755997213,0.004539562201379096,-0.0052683210455535135
2018-01-22,0.0018177059354296304,0.00534487341423519,0.010643923627796531,0.00809823402550152,0.000974774878320917
2018-01-23,0.004961985943158681,0.003193286196817915,0.008233740564082648,0.002120030936705827,0.004293546167232611
2018-01-24,0.012104345577545294,-0.0062085378489598955,-0.006510144884711024,-0.0003882841281382997,-0.005431018332389647
2018-01-25,-0.006697849027902464,0.0003775897705615577,-0.00035626684104074296,0.0004237416487049447,0.008175025526121616
2018-01-26,0.0007811756386790387,0.003577736061663177,0.01520863768206614,0.011511053005688797,-0.0037149903780513104
2018-01-29,-0.005637857183470335,-0.0056549169432650445,-0.0048672105879934,-0.006651918556132264,-0.006982236181715588
2018-01-30,-0.004328123373076199,-0.009624036983565015,-0.00826481616636565,-0.010310036132579008,-0.005884512380693796
2018-01-31,0.00668108957049156,-0.005230219826743497,0.004140519347032226,0.0004969612678926557,0.005884512380693818
2018-02-01,0.0032848909860550284,0.003128564931731194,-0.008536298762266685,-0.0011358710930741583,-0.014599334151799054
2018-02-02,-0.013204686797240324,-0.019441504818841354,-0.020147095349293462,-0.02201061970745952,-0.009322493954284661
2018-02-05,0.0025286437555192493,-0.03917672891722093,-0.04022489278993692,-0.042721903730296204,0.009405764216104688
2018-02-06,-0.01055189964568088,0.011894759896765026,0.02615411413566256,0.019510330681809497,-0.006233269849054314
2018-02-07,-0.004716772083453344,0.0010016757040413355,-0.013022865935993227,-0.005439622963810073,-0.009548158886442632
2018-02-08,0.001521419504394612,-0.029804432105827568,-0.04311037255877685,-0.038230206097272755,-0.0010950693787664162
2018-02-09,-0.0016817358427458674,0.009102925949946293,0.01712191878784906,0.014909628662828767,-0.006338886725972537
2018-02-12,0.0047973715177869495,0.009426449252884871,0.017589360891140975,0.014577615594525528,0.004399479798383841
2018-02-13,0.005647253596785453,0.002157037056072834,0.005148243479945465,0.002484517305342214,0.0044642823712737175
2018-02-14,0.0169088525197643,0.017822725564411578,0.01855057539774905,0.013405984191183981,-0.01115575039733546
2018-02-15,0.0011691607653979673,0.010856977117300649,0.018393886124151923,0.012679336802174548,0.0033938558045052635
2018-02-16,-0.0032769459911664296,0.003527978003812429,-0.004476030031112356,0.00029288880628316295,0.005405971092761635
2018-02-20,-0.013532867750937797,-0.008251282996753012,0.0019983378669548827,-0.006281054444316552,-0.004390274203288675
2018-02-21,-0.004604964057785746,0.0010520211165931082,-0.0028472545497598084,-0.004986294521315879,-0.012343897374666927
2018-02-22,0.005080177401414419,-0.0015780028261551447,-0.00012155566288756434,0.0012950234075607759,0.0029932779272786904
2018-02-23,-0.0012676571223934087,0.012942298902123768,0.020242949146095087,0.015813732252906592,0.00884281923148413
2018-02-26,0.0024545525850455277,0.00653792833329147,0.013173045483545946,0.011545225814975756,0.000338508327639701
2018-02-27,-0.010493774054732095,-0.01449254705918962,-0.01245987637824917,-0.012565240293430651,-0.001439816103484213
2018-02-28,-0.0010394376248337527,-0.015902448273693495,-0.006438252437171795,-0.010181531185445904,0.006336076206815807
2018-03-01,-0.0022425027652310265,-0.0026639131278266112,-0.016461640533581828,-0.014647761084936504,0.006803187773563364
2018-03-02,0.005357640797750738,0.015878614680825392,0.009138829455468121,0.005142085412111299,-0.008162465311788568
2018-03-05,-0.0016761714003699012,0.008887648358847988,0.011024322522094029,0.011491767835623902,-0.0027072583552130887
2018-03-06,0.010726720619181963,0.010741646569672166,0.004221466694838234,0.002531744327210833,0.0009310265739440888
2018-03-07,-0.006422202914569186,0.008778531610112683,0.0023110064426292002,-0.0003666548207136277,-0.0011010131399313515
2018-03-08,-0.002389131123572836,-0.002043463395627578,0.005490248840816478,0.00482765207396153,0.005745433213498929
2018-03-09,0.000956349666608725,0.01585606383564317,0.01924179660481894,0.017251960489841716,-0.00659313617855867
2018-03-12,0.0,0.0017603246114310381,0.0052985785812043424,-0.001255417708466693,0.005750692972991462
2018-03-13,0.001909899228192024,-0.0046587794819758005,-0.013708288862257672,-0.006483696885259062,0.005046361918442431
2018-03-14,-0.0006362480921955626,-0.00474436856603539,-0.00017446005103403098,-0.005144695407730407,0.008770969327437416
2018-03-15,-0.0063846619697597,-0.005022087286165542,-0.000873975642966891,-0.0010902501055035448,0.0
2018-03-16,-0.002404835241203122,0.005592460231479072,-0.002978071001691513,0.00108371880506263,-0.0035824049645663903
2018-03-19,0.0021646240154515875,-0.009679085086501006,-0.021566596929928697,-0.013622756488074149,-0.003176841614425993
2018-03-20,-0.0044947919586221805,-0.00025567233294245293,0.003285745136787127,0.0016993639427377379,-0.004026940626187482
2018-03-21,0.017305793278474,0.00580685150131096,-0.004363490173492577,-0.0019213798975365503,0.0010919172627239199
2018-03-22,-0.0039610286020946425,-0.02217162417480934,-0.02499216146685142,-0.02531464864604094,0.0098607084852895
2018-03-23,0.01285555168848731,-0.021754028136133387,-0.026704890092788487,-0.021545079156911565,-0.000748518524483161
2018-03-26,0.005236622780197456,0.021624002776612486,0.036484593114656974,0.026991507548986885,-0.003835127812320171
2018-03-27,-0.006177451915059315,-0.019560154616052705,-0.03289505347146713,-0.017158135574420374,0.010635563949796001
2018-03-28,-0.013901136089334824,-0.000332569084658747,-0.011570476661613495,-0.0029592768931087188,0.0026410356641586048
2018-03-29,0.0004770798243684067,0.010061709324782911,0.018149213854006165,0.012696763611111671,0.004852145528898302
2018-04-02,0.01161839746199109,-0.024671184837930946,-0.029276503236714057,-0.021821108221318157,0.0019710945367939835
2018-04-03,-0.0075722010717776825,0.014209999991734806,0.011190781919344799,0.012735670670617281,-0.007742333466399723
2018-04-04,0.0011868954626521053,0.012632125342331258,0.015647190946757334,0.01064224502881032,-0.0020694408416888
2018-04-05,-0.005153580456720969,0.008246701327427136,0.005680315298058626,0.007861144321522037,-0.00748507789262596
2018-04-06,0.004678991304775993,-0.020146782063686395,-0.02534137420841296,-0.022538232402481196,0.01087677336371469
2018-04-09,0.0033963960355940744,0.0011961771443651493,0.006997956917287314,0.004916556720135381,0.001649932845540079
2018-04-10,0.002362787969159084,0.018690436447242605,0.021823493078031327,0.01577518566786563,-0.001815177917415276
2018-04-11,0.007757730797944395,0.0021486957347162765,-0.005785807447883702,-0.005256124170599056,0.00354445979542201
2018-04-12,-0.011698777825105413,0.00680770808023072,0.011969889828373357,0.008193540158777256,-0.007350999073904736
2018-04-13,0.00653361006986455,-0.005247447685327917,-0.005192123317505396,-0.0029374159881783136,0.0023187319770416946
2018-04-16,0.0014113245973425364,0.009181380794829998,0.007593269722455016,0.008188187311869172,0.00033079774391603676
2018-04-17,0.000939797609092718,0.010818349111640198,0.02129715210703167,0.010641746420137174,0.00272460085594356
2018-04-18,0.0007824607184664891,0.0026705462059721883,0.0020445011560958457,0.0007399238281057978,-0.00803054107538167
2018-04-19,-0.001957330849889553,-0.00694553943485041,-0.009234861915117,-0.005562884013816623,-0.008179835481606003
2018-04-20,-0.007630932179694891,-0.005385511363082749,-0.015953421605522333,-0.008516130460407126,-0.007233541341646371
2018-04-23,-0.008007927882251619,-0.0014796879863169911,-0.0025295265465959116,-0.00014979324974624133,0.00025329855369703576
2018-04-24,0.004844167468111617,-0.005746409882504528,-0.02141471476233225,-0.013558399639097144,-0.004567850828174578
2018-04-25,-0.006517267321502421,-0.0014907547013801226,0.0011979859518064546,0.0024685143051486527,-0.006720376352577837
2018-04-26,-0.0035146807713917604,0.004594003242886957,0.020834375840880118,0.010114356335583845,0.006974930985989227
2018-04-27,0.0042320403061771,-0.0014210316895245552,0.0006167706122946648,0.0009381902317411303,0.00768326887368414
2018-04-30,-0.00727744165435215,-0.00889599808914489,-0.007119923086843584,-0.007720297858161285,0.0017643849035859926
2018-05-01,-0.007088207443339079,0.00488003598032031,0.011368222744804621,0.0017754422096309794,-0.0036075894759678537
2018-05-02,-0.00048510316641562344,0.0037573855165350155,-0.005915029483744143,-0.006740171652613914,-0.0010985509281826631
2018-05-03,0.005082068394914099,-0.005446596357268118,-0.0001234103723817612,-0.002206366921921643,0.00447112735912724
2018-05-04,0.0020898820929316714,0.012405451299093193,0.018795778834843277,0.012863512049292357,0.0015138170850645762
2018-05-07,0.00024084765259023235,0.00844052517431599,0.00827552145557004,0.0033776516338767095,-0.0015980428714768642
2018-05-08,0.0001605124693187213,0.004954450747544907,-0.0010230061319484271,0.0,-0.0009263932999514177
2018-05-09,-0.002088981225264128,0.0053708512398031516,0.010839804465528824,0.009619396515763582,-0.006000197932643852
2018-05-10,0.006813368242228766,0.005342581459071851,0.010311030951775811,0.009306963019363,0.008019858057351531
2018-05-11,-0.0014389666321499815,0.0019412184496069333,-0.0009434053179129393,0.0030466301093995344,0.0025195876490515688
2018-05-14,-0.0040883630684626394,-0.0038234970171207435,0.0017096692353067726,0.0004765706438327294,-0.005298062683660041
2018-05-15,-0.016277595476396185,0.0001883345023005394,-0.011136483907644726,-0.006910847442550133,-0.011447825406217322
2018-05-16,-0.0015524980696371136,0.01036892954630586,0.006590011916707808,0.004196350819265461,-0.003845386232054062
2018-05-17,0.0005722435830601718,0.0045883275624349195,-0.00385396103356438,-0.0008453580940256291,-0.005064345095756755
2018-05-18,0.00040857173330558584,0.0012980127365007884,-0.0051815432736285714,-0.0025031156210625215,0.008567816715834516
2018-05-21,0.0005716827532715196,0.006588936598577643,0.005597425717418359,0.007490502172166872,0.0005122624654515826
2018-05-22,-0.0005716827532715781,-0.007268598242545114,-0.0013069601820182995,-0.0027839538354135643,-0.0015362804663508025
2018-05-23,0.0010614187645907496,0.001297210877211467,0.008407795757166908,0.0027472919077062706,0.00723337968842916
2018-05-24,0.00853209120176816,0.00037057521024386853,-0.0002948715330475363,-0.0020504187032238217,0.007938317485439748
2018-05-25,-0.0030793967645780895,-0.0017911550214715446,0.0010022086616508124,-0.002385690785517725,0.006205816390125
2018-05-29,-0.00016231041385129715,-0.0013610871876872312,-0.004429182849791069,-0.011567880445326492,0.021666213508575817
2018-05-30,0.001460093554237964,0.01572517579963851,0.007135261727203751,0.013256698026361662,-0.006730776954002788
2018-05-31,-0.0021909715513725716,-0.008016382466473326,-0.0006462429652070554,-0.006144820970972689,-0.0016487369936089532
2018-06-01,-0.004967644235411557,0.006552314939819847,0.015577222898260608,0.009769803159612834,-0.0052972235877383235
2018-06-04,-0.0009801121170807511,0.005296118964304676,0.008990706814750653,0.00474031860998633,-0.007258501614299804
2018-06-05,0.003914822104047846,0.006173147575105185,0.003093034197435319,0.0007271883496171715,0.0023420727247541926
2018-06-06,0.0005696358194504353,0.007214748662751922,0.0058173769891580514,0.008325653945693314,-0.008136091287138035
2018-06-07,-0.0004882216623280107,-0.005465967571785691,-0.00816535842696644,-0.00010820558736905087,0.009638446308354531
2018-06-08,0.0012201695433653895,0.003006965172403162,5.7699323686922796e-05,0.0029520519773078256,-0.0030074450598698925
2018-06-11,0.0017868849442266759,0.0015001996544837593,0.002690590929120149,0.0013290473801476153,-0.001842160720178579
2018-06-12,-0.003332688774722517,0.004546750775267813,0.005246179809853355,0.0012919078717937324,0.00025146846544466374
2018-06-13,0.003008032375587246,-0.003947139051307431,-5.687797871989687e-05,-0.0031964234920880937,-0.000503000183184708
2018-06-14,0.0015411027282310494,0.00531915826546809,0.010073115735407855,0.0025146607901772484,0.008265828524478921
2018-06-15,-0.016672509186741995,0.00029808156133620707,-0.0034972078155378417,-0.0012765203529961579,0.0009140736860916658
2018-06-18,-0.0018972637609840908,0.004696436024643172,-0.0005776607495727974,-0.002058944351197394,-0.0009140736860916468
2018-06-19,-0.0025629178089953803,5.932638191009186e-05,-0.002836982143796244,-0.0038400775567261304,0.0058025814044729085
2018-06-20,-0.0044802273887545,0.008033892709063897,0.007076879112061326,0.0017044565473641768,-0.008800667298149205
2018-06-21,-0.0017477352868705306,-0.009398690692781276,-0.008725907425491133,-0.0062884533568018,0.005240374151532644
2018-06-22,0.0024126912728642744,-0.0033313587713995787,-0.0022220683953214923,0.0018214826954747537,-8.305979097948026e-05
2018-06-25,-0.003746388732216758,-0.016462005687706702,-0.022787668019990433,-0.013706089816807791,0.002237457275102508
2018-06-26,-0.0052686490212925504,0.00579836950185349,0.004076515528962891,0.0022115430357564254,0.0014058956624935016
2018-06-27,-0.005718147886604777,-0.01614954142149314,-0.013692833974235579,-0.008318992659749946,0.00938016871882864
2018-06-28,-0.003040547998821346,0.0030555824747584763,0.00856534796845036,0.005701436306279108,0.0002456255841651448
2018-06-29,0.0036306900201949913,-0.0006715282906598879,0.0026832167790854767,0.00143849425795809,-0.003444338219486217
2018-07-02,-0.010080153442110952,0.006876049241710089,0.006677499421341438,0.0021358658813544046,-0.0007822743930189865
2018-07-03,0.010080153442110855,0.003978944521470303,-0.011641615176833483,-0.003537529318771439,0.005341658034196977
2018-07-05,0.0033656028250155126,0.011332057677663822,0.01233585803940759,0.008124655375098726,0.0028647574146681907
2018-07-06,-0.0015972634935638506,0.008415857642948204,0.015436555472348516,0.00842274507332307,0.003263694316476823
2018-07-09,0.002436881277559937,0.006280304791062822,0.008956879759969805,0.008963971699375172,-0.006456322716231961
2018-07-10,-0.0018481290459546572,-0.004558130712041885,0.0007335989727870989,0.003591927980994521,-8.190719872565761e-05
2018-07-11,-0.010905978807671088,-0.008521092693518424,-0.0050885109127780225,-0.0073413766425551395,0.003846334065857385
2018-07-12,0.0041565812124297165,0.004835488835613359,0.017084685966793425,0.009025317779938974,-8.175354500749142e-05
2018-07-13,-0.004411618657356192,-0.002981906241016718,0.0008353608545429451,0.0007871057861958785,0.0025297967860838863
2018-07-16,-0.0005102701051305093,-0.0038900806436072614,-0.002396964000601867,-0.0008943134587593968,-0.004164883534553516
2018-07-17,-0.010862735754725461,0.004427516456560623,0.006064977194286211,0.004036861452879061,-0.001883173675424883
2018-07-18,0.00025795416772476286,0.0028015265867796565,-0.0018878294098533754,0.002101452913599783,-0.004025825014141435
2018-07-19,-0.004308123245285948,0.007059435175774136,-0.005014514210128081,-0.003778478061382991,0.006317905359944814
2018-07-20,0.006455244826308788,-0.00408725486894709,-0.00022343408436282367,-0.0011436087747498838,-0.012344586072932645
2018-07-23,-0.004815949835095058,0.0012457857318334954,0.0031794776286276287,0.0018576700992382054,-0.012415126981908138
2018-07-24,0.00034477603659500224,-0.010727901508730773,0.004112712733200401,0.005019389863455173,0.0034313015716409176
2018-07-25,0.00550018047205447,0.0036488082267041007,0.013880102437933906,0.008486797360709534,-0.0015886574125052295
2018-07-26,-0.00782971239395345,0.005358451573193994,-0.015267691845272076,-0.002362355547347764,-0.0019267942120164787
2018-07-27,0.0005181795313150905,-0.018821861051268523,-0.013588029995934742,-0.006799350864343327,0.0016756562045988459
2018-07-30,-0.001555212880989931,-0.0064351192247526804,-0.014232384529545785,-0.005237030002327409,-0.0034381065358018103
2018-07-31,0.0029355602050311473,0.010119343359274663,0.0076234844146617214,0.004917350373789179,0.00544513163725505
2018-08-01,-0.007355188129705078,-0.0006635036564345093,0.00378992267276832,-0.0016721991236369929,-0.00818012768678827
2018-08-02,-0.0053993230298752665,0.007273233173260596,0.013515053246092526,0.005432908110219569,0.001434203407048329
2018-08-03,0.003486767260953241,-0.0034796901470063933,0.0030587480745584974,0.00427561999371654,0.004961223861663543
2018-08-06,-0.005147198608389075,0.0055738209586727195,0.005868876643770947,0.00366080266881637,0.0005864441603702301
2018-08-07,0.002271488910587502,0.0023875203292022438,0.0036370871102382263,0.003296581665185513,-0.005210474463114615
2018-08-08,0.002788736658924094,-0.0008945646440061942,0.0012095166543243966,-0.00042047197772719717,0.0010103444234402417
2018-08-09,-0.0014805645831976347,0.0025628531723859756,-0.0006046635153525065,-0.001366748928617411,0.008383085577154814
2018-08-10,-0.00043582289228197795,-0.0028017926826713877,-0.0076706256356853415,-0.00672289155911451,0.007236564162987851
2018-08-13,-0.015199092023381782,-0.005866483318659407,-0.0011079955790945489,-0.0037505244805579934,-0.002073975799805798
2018-08-14,0.000973327608104041,0.009857866952520949,0.006246934227643974,0.006360355376136743,-0.0022448172191569353
2018-08-15,-0.016766621575930757,-0.012623875144694366,-0.012310400352163567,-0.007495689541492428,0.00580965835615142
2018-08-16,-0.0008097887609237462,0.009229633178505952,0.00328649085676042,0.008059338940178181,-8.294930988004478e-05
2018-08-17,0.009228205066865915,0.004285457589162813,0.00022249190129522303,0.003514230820891521,0.0012404060360354354
2018-08-20,0.0049818196508907165,0.0027881650014639505,-0.000890175637918648,0.0021374443184012134,0.006672893614173484
2018-08-21,0.0029240568705197916,0.011426119613882001,0.003666089920640337,0.002342870587833767,-0.0033718195624695803
2018-08-22,0.0022095550764809732,0.0024564225737506505,0.0038733620695673146,-0.000594084172966945,0.003946510355596441
2018-08-23,-0.009491353686729823,-0.003042222352152943,-0.0014366000233634645,-0.001329043416690122,0.0015583223884098535
2018-08-24,0.017318039357996126,0.005434836751685575,0.00924877315186768,0.006000374680411727,0.001964023083356431
2018-08-27,0.0037595032326643405,0.0014557327681336508,0.01014144064414648,0.007864801945809456,-0.005740268219281936
2018-08-28,-0.007973022006627225,0.0009303902781168895,0.0014637830553797778,0.000482857617961309,-0.006021863369505949
2018-08-29,0.0045637840256251986,0.0029031066016144713,0.011471571435147385,0.0053665641602088695,0.0013226132734603948
2018-08-30,-0.004915718883921124,-0.0008121335883510583,-0.0017687408718903513,-0.004056618515739223,0.002146570216842449
2018-08-31,-0.0011445940280617694,0.003821760092156876,0.001286815405200432,3.4486387269691055e-05,-0.002311373449816445
2018-09-04,-0.005122797149079999,-0.0044601750063965676,-0.0042954952150939365,-0.0017240033407294759,-0.005798199376084163
2018-09-05,0.003447511831347845,-0.0026740621863846096,-0.012997966238765708,-0.0026948484885170572,-0.002669811663179931
2018-09-06,0.0019395335367870974,-0.0067750659122292126,-0.008979716614504604,-0.003015007333692814,0.003668736152923749
2018-09-07,-0.0027340278330774677,-0.0005278028064009842,-0.00385770608074533,-0.0019451250466997283,-0.008525554526771267
2018-09-10,-0.000706792407982718,0.0012307465139870925,0.0033627093750958786,0.0017371206859498737,0.0036868005959237514
2018-09-11,0.0006184538252070439,0.0016382175128741331,0.007674572619215515,0.003292049096016264,-0.007639576888041291
2018-09-12,0.008355710260063364,-0.002400163729952403,-0.0029532349473007633,0.0002421863197916436,0.002356976702313284
2018-09-13,-0.0035975648169408914,0.00023461271114598345,0.01062326373243242,0.005896807644847783,0.0015119275321645816
2018-09-14,-0.006526220333750846,0.004210119025060007,-0.0029303759228167,0.00017234166270321783,-0.004796412544729233
2018-09-17,0.005206771454576303,-0.010676370607553066,-0.014507604098763989,-0.005308458570352147,0.0
2018-09-18,-0.0014974516487718237,0.004178347894570656,0.008237671321042788,0.0054113543075361365,-0.01051477261996905
2018-09-19,0.0038711539862427546,-0.003647891084830781,-0.0007659751763869554,0.0010653443144885372,-0.005985036131519936
2018-09-20,0.0034188014897895418,0.009211764401062767,0.010995773739670575,0.00807055285280146,0.004619788608565074
2018-09-21,-0.0068493312914384265,-0.004800656994347372,-0.005482729970087754,-0.0009136887322125099,-0.00042724290242331786
2018-09-24,-0.00017621292914007548,-0.003703807866336949,0.002777033657078156,-0.003327405903155527,-0.002564564317034092
2018-09-25,0.0015850681638403528,0.0015299459326266222,0.0013587126844999537,-0.0009281389978790979,-0.001028152995618356
2018-09-26,-0.005293338005935142,-0.009182019358406898,0.0007059544068546704,-0.0029969229661166216,0.007003482555357845
2018-09-27,-0.008884998236125718,5.945461003280634e-05,0.008429537481722246,0.0027901744763258914,0.0006805835705365653
2018-09-28,0.0063164577082286105,0.0030302874206856126,-0.00021487054863597376,0.00010343829002369311,-0.002640476011866228
2018-10-01,-0.0016864375351172442,-0.013258916215901159,0.0020433163019104262,0.003468081564122864,-0.007367945605856822
2018-10-02,0.011482223287117932,-0.010880372124919335,-0.002258577346780103,-0.0005829347058786925,0.006094037168513641
2018-10-03,-0.003959744500981412,0.008713909019770571,0.0010760141235742478,0.0005487708355955576,-0.017523604558491064
2018-10-04,0.0005289130805079614,-0.014138373267073729,-0.019385188905403816,-0.007846406524885429,-0.007079080521035991
2018-10-05,0.0028159089867124108,-0.009085248217433088,-0.012302588314041287,-0.0056129481932778984,-0.008632048495205878
2018-10-08,-0.011133826368821452,-0.002098648797751276,-0.006124888022064019,0.0,-0.003367417621083276
2018-10-09,0.0005329800140063239,-0.0039009236023227105,0.0032341337010263283,-0.0014602782938198053,0.010068259437618339
2018-10-10,0.0024835810584159217,-0.029144677844418765,-0.044975532908734885,-0.03217501975563924,-0.0027282483115197965
2018-10-11,0.025366544894876334,-0.01928278068354579,-0.01248096363782641,-0.022272861008035934,0.01208696056377957
2018-10-12,-0.0047616679491750925,0.00019558099248284474,0.027450164786703406,0.013792693385341892,-0.003488497859286468
2018-10-15,0.006660030947980057,0.0037037963445467237,-0.012177850305593388,-0.005632938974998442,-0.00043709316146530797
2018-10-16,-0.0017255996137757622,0.028581817541646563,0.028677039469617274,0.021630057557417665,0.0022697552594306203
2018-10-17,-8.637796161615032e-05,-0.004295564771297074,0.00039428451245554665,0.00017843302260790516,-0.0059474536027676874
2018-10-18,0.001122068685606197,-0.018916952952039587,-0.023454736870497837,-0.014546115788679098,-0.00035067371058702745
2018-10-19,0.0007761304849288288,-0.010637397661343924,-0.0009243451416494131,-0.0005429944646941186,-0.002196190321622152
2018-10-22,-0.0025893597255193914,-0.002153592028968485,0.005130775317043903,-0.004498871200990901,-0.0013201320960758668
2018-10-23,0.005859562733875961,-0.008993233540890662,-0.0036866709365480795,-0.0051037776916617586,0.0031650322202623387
2018-10-24,0.0023171370069294235,-0.03837678680837219,-0.04684728244322836,-0.030766873506414213,0.007521513853529259
2018-10-25,-0.002231204310531111,0.021420056251356855,0.03401031642577483,0.01778146437080015,-0.004190868404966182
2018-10-26,0.0031736109331066205,-0.010991495124476298,-0.026058622850686042,-0.017743836850889646,0.006018503333312041
2018-10-29,-0.003947139978932357,-0.005507043515998203,-0.020795608965540387,-0.005555614276902499,-0.0022637921922409486
2018-10-30,-0.004394427867848015,0.02064821821102741,0.016345561307493983,0.01470970890380564,-0.004980448964037453
2018-10-31,-0.005628951974666804,0.0020013665095032947,0.023233279648609027,0.010624413888299782,-0.005093969993091468
2018-11-01,0.01277086763550321,0.022800439046979065,0.013104259688452233,0.010585539772017372,0.0009266100490831088
2018-11-02,0.0001715043948444399,0.0033171742901145548,-0.015698455783161498,-0.005940772321420703,-0.012510913068216228
2018-11-05,-0.0024032178261358607,-0.0007798676707469623,-0.002482834270215063,0.0055018470926466575,0.003921419486213856
2018-11-06,-0.002839826579174042,0.0049268290845937346,0.0075472127506596275,0.006308139800697261,-0.0006227248532865725
2018-11-07,-8.61993040877103e-05,0.017754036457722916,0.03088566736271832,0.021183084706301807,0.0013336154820644736
2018-11-08,-0.002156939731312277,-0.0026718692733536985,-0.00639899805725823,-0.0018167587205351096,-8.888561780894765e-05
2018-11-09,-0.011291663536045476,-0.01870995273015449,-0.016995990567223812,-0.009816379928698167,0.007438243612330459
2018-11-12,-0.007188596482678694,-0.019993462353545897,-0.030726048544248995,-0.018862147710975875,0.0065068768611304
2018-11-13,0.00035180582721631255,-0.0031831961190600397,0.0008414519880843988,-0.0018726283298274166,-0.0006133886332069362
2018-11-14,0.008233404279793029,-0.0073333959854868045,-0.007658201836530481,-0.006860292619457817,0.0006133886332068903
2018-11-15,0.0011333182475063862,0.01415148714540873,0.01734261373950235,0.010382608680448963,-0.00043814317641498375
2018-11-16,0.0073788789662288,0.0023725502038803976,-0.0035163076588898977,0.0025971318938221373,0.005770990635878462
2018-11-19,0.0004323180677422659,-0.020479811228588288,-0.03301659637962668,-0.017059158219599805,0.002786026790862358
2018-11-20,0.0,-0.019468066503994505,-0.018056631153722753,-0.018679522433545058,0.0003476574492024964
2018-11-21,0.001641277459165227,0.013876679373141786,0.007573361914424767,0.003401820399735758,-0.0003476574492024761
2018-11-23,-0.0007771357154266267,-0.0009460906101334736,-0.007259272711011891,-0.006701409032664075,0.0010428534908478004
2018-11-26,-0.0011235233509469095,0.012899128162864561,0.022850935568592034,0.016015331833779404,-0.0022610547466465894
2018-11-27,-0.005984687209490868,-0.008311629353021401,0.0033708072153652703,0.0033591640245205284,0.0011310851506981074
2018-11-28,0.00373378036345705,0.02440218476566611,0.03167626531991437,0.02276439379446077,-0.00488118084022221
2018-11-29,0.003115272664463216,-0.002696706733921615,-0.003265914586584453,-0.002187737087003549,0.003924273429276601
2018-11-30,-0.001729479411524255,0.005189581784017225,0.007229101477347861,0.0060770045159468265,0.003735192395299712
2018-12-03,0.007501675441848404,0.009520747452773037,0.017325975058213133,0.013154377581605259,0.007075660731081579
2018-12-04,0.006080599945141696,-0.04350783555771439,-0.03911176637789283,-0.03293902723916229,0.016602816065027372
2018-12-06,0.00017072178718187972,-0.002172320209166623,0.007035171607569978,-0.0015182918499671687,0.003135460218500673
2018-12-07,0.008077219150826301,-0.02183964717149217,-0.033573169427472994,-0.02351004861909959,0.001859652172863246
2018-12-10,-0.003477935715567025,-0.0029205278868918677,0.010417902565956458,0.0018952786120091263,0.004129422657767999
2018-12-11,-0.0011903699128753065,-0.001045399533167092,0.0033061127068352114,0.00022687693019043665,-0.0001679279371128821
2018-12-12,0.00212467676965701,0.00950538430371212,0.008763039472196234,0.005022994950532121,-0.004468236592051365
2018-12-13,-0.0022097759847801487,-0.01425665867322335,0.0003025917041092287,-0.00033898290152019426,-0.0023685388793504847
2018-12-14,-0.004007006751401848,-0.015244583490279863,-0.024649882764821225,-0.018637572027506596,0.0034662995265961195
2018-12-17,0.0068957425332182515,-0.022522536931228593,-0.022920542338548615,-0.019813283435175248,0.005806783433154792
2018-12-18,0.0023726710074086807,-0.0012415636769224504,0.0062691515319968924,-0.0010971572240542392,0.005971084095411515
2018-12-19,-0.0061126025718981495,-0.021045454928587063,-0.0248616935310902,-0.015089175731136753,0.013124598675332388
2018-12-20,0.015295836918707156,-0.016630180515441746,-0.014601509426160656,-0.016411702371027657,-0.003638292069108487
2018-12-21,-0.004370461193212718,-0.02629283888067082,-0.03148396745950865,-0.020702265456827438,-0.00016520845584313678
2018-12-24,0.01089057789030817,-0.01958791625893148,-0.025111064099390533,-0.026778479327255404,0.00495799199624255
2018-12-26,-0.003003949025405859,0.04694255305487921,0.06056727023200117,0.049289881103018136,-0.010773827990301505
2018-12-27,0.0075760760319352385,0.004160293053652485,0.003862250669294769,0.007648180011250045,0.00016686949267186293
2018-12-28,0.004055775698519239,0.0028645447621078227,-0.0005226661761831891,-0.0012908324334265785,0.008378876678674225
2018-12-31,0.0015682595209626012,0.007797147142333721,0.008397856657637197,0.008720688876027425,0.003792538618522648
2019-01-02,0.000659591337713554,0.005659726958981337,0.004011023661063192,0.0010397872182341,0.005253381572389447
2019-01-03,0.00902531942317299,-0.018059024530315416,-0.03321598924119529,-0.02415212856256671,0.011315547097545798
2019-01-04,-0.008119106827353268,0.03667249478047941,0.04189470400231189,0.03294714029420713,-0.011642938061874471
2019-01-07,0.0034525160778516237,0.01734305148019305,0.011834990719247856,0.007853560951061347,-0.0029524981797010882
2019-01-08,-0.0027117139907279018,0.01521428273203505,0.00900520456453405,0.009351491447040165,-0.0026319853718616065
2019-01-09,0.006397649700215412,0.00822104620538154,0.008116480544263144,0.00466265605693563,-0.0015657950577262637
2019-01-10,-0.005904086348646452,0.0051651792146517805,0.0028559911905120384,0.003521252345286803,-0.006454304765124887
2019-01-11,0.0017256811414607263,0.0002785187256831195,-0.0036648994604311642,0.00038621302559200773,0.0038940117803414227
2019-01-14,0.002378067354322114,-0.010002703633959774,-0.00887617651148398,-0.006119727390790492,-0.003727829027890753
2019-01-15,-0.0017215161032263467,0.008400305910364092,0.0193385383013786,0.011395893848095456,-0.003659005283294595
2019-01-16,0.0031947551186356582,0.007431827193601218,-0.0001850996187372343,0.0024166746610560217,0.0009991616131664821
2019-01-17,-0.0013094038577051105,0.00902334459408705,0.00785358025018241,0.007558237533556327,0.00024980864841727746
2019-01-18,-0.008966489387798326,0.010233691204925937,0.009851877082013698,0.013222426366581958,-0.005255474358540248
2019-01-22,0.0035468368649853345,-0.015941702450293582,-0.020233898961761525,-0.013602986443698764,0.006751935162160843
2019-01-23,-0.0014007184915951448,-0.002762110053289381,0.0012957965470617105,0.002090420911184735,-0.00041526997435022676
2019-01-24,-0.0015678713054947328,0.005998730480171825,0.006454794680714908,0.0005313223531291946,0.006543830259160212
2019-01-25,0.014511460180241248,0.012772776813213555,0.01187750859553146,0.008425515302648462,-0.004800344624682167
2019-01-28,0.0034938106026215594,-0.005376169694971832,-0.012429239217237192,-0.007629092880490725,-0.00099601563402202
2019-01-29,0.005580978043920208,-0.0023910110148951066,-0.009486193279036059,-0.0013277447752869686,0.005053211936834781
2019-01-30,0.005710387238117351,0.01088443541832053,0.025119482503617827,0.015706734869909568,-0.0007440087169594609
2019-01-31,0.00048105804332541224,0.008488918790679922,0.014858144141473005,0.008743951495568062,0.008563553309609099
2019-02-01,-0.002006018726865743,0.0008048505315082301,-0.004231396616651392,0.00048186518196546195,-0.006058355441417149
2019-02-04,-0.0043467903708823,0.011860883329388294,0.012345120839808366,0.007010863443672625,-0.00447458837233309
2019-02-05,0.0025781491687657575,0.00105963995631743,0.00880911504650537,0.004182648046536429,0.0045569997191790244
2019-02-06,-0.006781846869660092,-0.0012584198857681808,-0.0029863182595741044,-0.0013188849959005888,0.000496396190036573
2019-02-07,0.0024273450059934865,-0.008249477065969454,-0.013520287716269515,-0.009578571793198137,0.00658801566727707
2019-02-08,0.003791101346321012,0.001068291280601581,0.001959493582609139,0.0012209194817612225,0.004259287999380778
2019-02-11,-0.004923141507008373,0.008307156874819312,-0.0009497271809851855,0.0005540720343185442,-0.003930741966482901
2019-02-12,0.0021013677593768472,0.012430607781348506,0.01467783649443551,0.012777766351650741,-0.0025470934101305266
2019-02-13,-0.003963908091330168,0.002806534116800033,0.0007020969745514138,0.0032417000568767656,-0.0037913021676061758
2019-02-14,0.005577307519395154,0.0022788348695511975,0.00122729858062858,-0.002220749005146868,0.00568150038717832
2019-02-15,0.005947180522781207,0.015807219370004535,0.00419619074955686,0.010838173771336484,0.0015587942984570747
2019-02-19,0.015109582852092095,0.0027489057224157863,0.00197565151220946,0.0017290085667906957,0.0025385624620314
2019-02-20,-0.0017378437981698566,0.0047127641145558756,-0.00017427688902569717,0.0020134055460500964,-0.0028665839058542738
2019-02-21,-0.011370537714508392,-0.0038193428227680072,-0.0036644328571335707,-0.0035620395442851212,-0.008978985263260549
2019-02-22,0.0035920768439101198,0.008636561822854442,0.007373124696231533,0.0061803197415272295,0.005940095117001193
2019-02-25,-0.0010363715360959395,0.0002526520037903298,0.003637195263763026,0.0013609621768103028,-0.0029658284187137132
2019-02-26,0.0016736332310033522,-0.006914070691801312,0.001036642290471,-0.0007159658839131259,0.004938095665425463
2019-02-27,-0.00711234367844341,0.0013995567455695169,-0.0006331718142683129,-0.0004295461725496341,-0.011393429497617437
2019-02-28,-0.005629776625606553,-0.003438527216427457,-0.0023071758165925456,-0.0018644353511952786,-0.003410705044137882
2019-03-01,-0.017163968380321165,0.009269188031798832,0.006904979439430965,0.0062245881507416705,-0.00928563157801566
2019-03-04,-0.0026289836177433583,-0.009078037330057041,0.0001720470689188565,-0.003643757967881557,0.00780662335357534
2019-03-05,0.0013153870929190252,-0.004666012621538458,0.0007448909707867024,-0.0013612426701081492,0.002088394790823774
2019-03-06,-0.0009041270457165541,-0.01980001351864397,-0.005687795126116239,-0.006075423902899925,0.0036649442494513973
2019-03-07,-0.0008226265106168819,-0.008795768677006962,-0.012348261330412683,-0.008400803077646872,0.006464086879610697
2019-03-08,0.010886084259377201,-0.00026360703766781067,-0.0015176677706028796,-0.0020020965115306287,0.004203706940425152
2019-03-11,-0.004896357818091546,0.017324323343867312,0.02058452645930772,0.01439718009141279,-0.0029658332348586483
2019-03-12,0.006035459879402026,0.0005189575230544409,0.005479405431834112,0.003764059132893561,0.006988425457705005
2019-03-13,0.006968612448215201,0.003943242716876176,0.007484895638233195,0.006597649915998964,-0.0018861390741329118
2019-03-14,-0.011614284265949192,-0.004073118937025427,-0.001695957941666395,-0.0006401221801619972,-0.007249603346545435
2019-03-15,0.00456433710702197,0.002652953963749032,0.009237711171244065,0.004928389670479938,0.006592736722631476
2019-03-18,0.0005690800870331783,0.006376579267452738,0.0023786528295987193,0.00361937605242009,-0.0005753122711607662
2019-03-19,0.0027594883221057557,-0.005085133565587596,0.0033568134424594638,0.00024773351036498685,-0.0022211754730837975
2019-03-20,0.006463126873942885,-0.008369063692379644,0.003957531284294577,-0.003014298262152996,0.010406035044281767
2019-03-21,-0.004034541087699915,0.01302994040665967,0.015511124753657866,0.011231443375444067,0.002198508282196976
2019-03-22,0.0023420233902432335,-0.037067317040098045,-0.022209050590630226,-0.019434225431959204,0.015415270945837188
2019-03-25,0.007633907060241407,0.004401905134511536,-0.001906118004340329,-0.000752136648979562,0.0016004711729946488
2019-03-26,-0.0049754946888428755,0.010458753937261986,0.004646512557018145,0.007426689311080145,-0.0007197912938335061
2019-03-27,-0.005243016760484571,-0.003892840540069269,-0.0064433679723254434,-0.005243008558446024,0.009160330425083652
2019-03-28,-0.014253957303041619,0.008884989674076619,0.002301796005349764,0.003783211082096727,0.0034824028499085406
2019-03-29,0.0009019770912032663,0.0030747118544439513,0.007542608776525754,0.006285758445824099,-0.0009485774741099709
2019-04-01,-0.003941890257643701,0.010849424274163163,0.013160372075017647,0.011789092889580619,-0.01430582818365961
2019-04-02,0.003695988550420936,-0.0025879138935541667,0.0037833584188251396,0.0004900499111146628,0.0018478234130389329
2019-04-03,-0.0014767440573913667,0.005169254979609442,0.005729477791392277,0.0015721625462239578,-0.00870568682433006
2019-04-04,0.0025419025120261784,0.004886234079986176,-0.00038092249181677026,0.0026498881544235573,0.002829598719164974
2019-04-05,-0.001065158454634802,0.009320357013886709,0.005158002396694528,0.004828511757380803,0.0012908348874513416
2019-04-08,0.004335552354601057,-0.0016532722687158362,0.002541851058935368,0.0007619938766689404,-0.0035539627062055037
2019-04-09,0.005210460213684454,-0.012295411487710963,-0.0035173203658269325,-0.0051378000400263985,0.0031506066772608245
2019-04-10,0.0030808947099307334,0.013503820471602245,0.005352271436867618,0.0034048889159018366,0.002417030050859131
2019-04-11,-0.012872932029622242,-0.0012721446566206207,-0.0023753851623938035,-0.0002775446691264855,-0.005891412641669074
2019-04-12,-0.0009844542413608548,0.003621190859614979,0.004314289139849904,0.006743302953630432,-0.007148064313390382
2019-04-15,-0.0018896884121835308,-0.003239578595586675,0.00016150566473835848,-0.0006550439313975399,0.002524051830065476
2019-04-16,-0.009004202217837268,0.002351664516204483,0.003437576724195785,0.0006550439313975023,-0.006281125852969163
2019-04-17,-0.0019104067944000637,-0.009182856893108195,0.0034791197821253815,-0.0024499929951309583,0.00040904561459130555
2019-04-18,0.0007480072379889946,-0.002951099545418721,0.0012817039015124584,0.001967836614792546,0.005220834091648861
2019-04-22,0.0,-0.002637877192662457,0.0028244468963559634,0.000861312705606886,-0.0048117290385670175
2019-04-23,-0.0020790892290242957,0.014961873233902901,0.012637715115833625,0.008951115619598127,0.002123702436930354
2019-04-24,0.002909503431152912,0.003105193201851958,-0.0031578046993400253,-0.0022211743057288244,0.008125148896164598
2019-04-25,0.0008297251865102907,-0.008322519858008824,0.004050770154825582,-0.0006165069670259183,-0.001457567237908534
2019-04-26,0.006613259149985578,0.009650190733492395,0.0008921687795321435,0.00464605702896549,0.0033979650232962475
2019-04-29,-0.004459139554905491,0.00479013474410575,0.0019389291130179809,0.0015665878254539245,-0.006401147906418718
2019-04-30,0.003057434262503009,-0.00466370672076134,-0.007778291732988443,0.0005100838795136729,0.005108241883273153
2019-05-01,-0.0066225029075604345,-0.009521539424614502,-0.0032233836387770705,-0.007544750823674368,0.004116407634229887
2019-05-02,-0.003827907452540267,0.004644860979842857,-0.004349603905223465,-0.002161565077006918,-0.004772799721322609
2019-05-03,0.005902166622599615,0.01892833658867297,0.015822225745644448,0.00974032756369739,0.0028338508377647943
2019-05-06,0.0013252386046357174,0.0011209650088302614,-0.006140928767195189,-0.004123486429656888,0.002745667804753551
2019-05-07,0.0033055276063594123,-0.01998562619966481,-0.01967212803528089,-0.01684092633055933,0.00763235677170421
2019-05-08,-0.002478073455137969,-0.004899945889684227,-0.0025268536961206545,-0.0013903487674768646,-0.004331240642312276
2019-05-09,0.002395550981643927,-0.0036426942396309905,-0.0053972645342149975,-0.0030302076406572734,0.004090734435384264
2019-05-10,0.0018959191232165698,0.002749142113252941,0.0012439218820762244,0.005010819939455978,-0.0013615964296294749
2019-05-13,0.010159840539079522,-0.03237914122861966,-0.03531949051554542,-0.025451315262386476,0.00782521758805487
2019-05-14,-0.0017133695443152437,0.012517866362776396,0.010915768651868843,0.009002895202331844,-0.0029472778538075606
2019-05-15,-0.0005717761663673002,0.0032511437050028115,0.014025581920532793,0.005840757346081433,0.006123346228023947
2019-05-16,-0.007216080906090217,0.006212682150598871,0.009999816080244231,0.009218487237979158,-0.0033356247740190686
2019-05-17,-0.007102776783024275,-0.01403345389622048,-0.01027296392743028,-0.0064864735674532445,0.0022252540641468097
2019-05-20,-8.290551782707826e-05,-0.006959206081872846,-0.017025425892527642,-0.006633996667327609,-0.0020656976643441812
2019-05-21,-0.0023236423674714048,0.013350724735682426,0.01039278024994989,0.008975524130451646,-0.0015923760202669257
2019-05-22,-0.0009975291545631813,-0.008421928201958726,-0.004464704906814788,-0.0030763766129870813,0.005719439985689591
2019-05-23,0.007704775453647589,-0.02080053158201972,-0.015420150126829063,-0.012293553481721968,0.011185068281914623
2019-05-24,0.0010723379767872785,0.009327627085372768,-0.0005051105036596852,0.0022655128358033904,0.0008608599758309528
2019-05-28,-0.0038822269155751525,-0.007990008559814767,-0.003767610686121709,-0.009343997679061451,0.007174181619190524
2019-05-29,0.0003309964016131658,-0.008391387759831198,-0.008259976383027879,-0.006733376241767439,0.003026089178625259
2019-05-30,0.006761236816409685,-0.002767870615303281,0.004195012129933915,0.002727695549603833,0.008561333797886954
2019-05-31,0.013386857013473643,-0.014091721186546405,-0.016081339882167235,-0.013567125569903894,0.012441813190705628
2019-06-03,0.014329650783140814,0.003490565076413629,-0.02226402530823502,-0.002546022038300483,0.006666391997727943
2019-06-04,0.00031967486235552026,0.025563521662135606,0.027767514088842916,0.021474182655355473,-0.011466814629682865
2019-06-05,0.002553665830468566,0.000199710979113004,0.00740483889467524,0.00862499587983579,-0.005668102435293395
2019-06-06,0.0032623544765036684,-0.0025999141205856908,0.007913553290630152,0.006481637591995599,0.003221134572838358
2019-06-07,0.005624438342681366,0.007051198770348601,0.019127711524896642,0.009957443699241526,0.008614228807155408
2019-06-10,-0.010003215486538885,0.005882175891959712,0.011587638668214755,0.004578306510598556,-0.009456747786262858
2019-06-11,-0.0011975692988471266,-0.0029700749267902496,0.001364001044396097,-0.00024215885142575647,0.000612837094554293
2019-06-12,0.005179100221238763,0.0011230897407876212,-0.005796368992750437,-0.001766925946147848,0.0007654481708294011
2019-06-13,0.0061006935016299476,0.01050807938181087,0.00590561351320307,0.0041179811839355,0.003437775889128743
2019-06-14,-0.0003160129284807664,-0.008792861652528596,-0.004261300795579388,-0.0011055736284348548,0.0025134522815668282
2019-06-17,-0.0006322652864021801,0.006874610100199321,0.006004560476450632,0.00037998544508081,0.0017476628658952879
2019-06-18,0.005047324392238259,0.01155931936022261,0.014426659255889549,0.01041675541382951,0.004999447460625154
2019-06-19,0.006038970838080658,0.003564853588968989,0.0037482452434685334,0.002254470220344844,0.0014347272553483247
2019-06-20,0.024866155493817887,0.004711645009329199,0.009256177588832057,0.009508810516417587,0.002636911604433983
2019-06-21,0.00661369341666817,-0.008666081360523102,-0.0014836859910546802,-0.0014547169153306884,-0.011047295920658355
2019-06-24,0.014741593126273352,-0.012221086545363835,3.207014652794553e-05,-0.001224721817264071,0.007429243919306318
2019-06-25,0.0019392450876947497,-0.006134330913631904,-0.017315332255308697,-0.009856659846615027,0.003091197933107773
2019-06-26,-0.009207653748305768,-0.00231814824188182,0.004639477546657495,-0.0009979406878843945,-0.006420289951121865
2019-06-27,-0.0009781791081800058,0.01859228868640757,0.0038143514671395025,0.003539886419431668,0.007022148790307147
2019-06-28,0.0027063662544696662,0.012098642615116615,0.0012859683903274184,0.005132636686520527,-0.0006768394669150795
2019-07-01,-0.019559428102497136,0.0038511753889541394,0.013404553847056274,0.009037450916791211,-0.0023415712040612707
2019-07-02,0.02113481354805423,-0.006104188833767472,0.003954920294760918,0.0026008195068540165,0.007683189740943995
2019-07-03,0.0016477026920105947,0.007128584111494182,0.007497822106824034,0.007963550008099089,0.007103887665752659
2019-07-05,-0.011212861349998495,0.0026843199394263675,-0.002039442762309644,-0.0011386828785207696,-0.013351677784955456
2019-07-08,-0.006453396174434407,-0.009555138377930674,-0.0070384709910339014,-0.0055099421011456165,0.0013583954738984134
2019-07-09,0.0034976216131429347,0.0013521541099050973,0.004995110262015091,0.0012455486101512583,-0.00037689678601244837
2019-07-10,0.015664164068756106,0.0017360754677302641,0.00991581967930633,0.004766906800095619,-0.005521858028713309
2019-07-11,-0.008479433149487648,-0.004893879152032415,-0.000727279358960618,0.0023416541205158515,-0.013440747268086538
2019-07-12,0.006235244213343071,0.007716314008856076,0.005752197100641068,0.004466545710514805,0.0011525241421101937
2019-07-15,0.0,-0.005266700902758815,0.003198437973139999,0.0003326341710586761,0.005742990245494868
2019-07-16,-0.008498565150237166,-0.00032187654193471387,-0.005163791670975417,-0.003230388545249401,-0.002982170939929258
2019-07-17,0.01633123396202252,-0.007175911560668298,-0.004930556452643828,-0.0068282503808915545,0.010740271563220022
2019-07-18,0.01401922107283276,0.0037558139967710587,0.0011437130498380189,0.0036544504717797143,7.571626862999344e-05
2019-07-19,-0.01483691752503857,-0.005769029595587876,-0.007354739923960437,-0.0055706408955117,-0.0023516878481176237
2019-07-22,-0.0001487748968767623,-0.0009107818302470933,0.007926312488396524,0.002453438800454335,0.0018973042181564001
2019-07-23,-0.005668654760058427,0.006615524531403464,0.006523243189900192,0.0071246235920772154,-0.00547268920131667
2019-07-24,0.005073447292028362,0.016412552706832218,0.006993327284268986,0.004688430125519304,0.004334780516852359
2019-07-25,-0.007095118991376651,-0.012155305066954046,-0.009525094678400558,-0.004788280098496403,-0.004792076031859901
2019-07-26,0.00164757936404381,0.011773669613154084,0.010242447442499088,0.0066776868815726234,0.0023611793917007926
2019-07-29,0.006637600502192369,-0.00670188074299404,-0.003437046270686423,-0.0018230454713620912,0.00030402827920717466
2019-07-30,0.0033393742390960437,0.010765029420127345,-0.004325012709978282,-0.0024577472127666287,0.0024305766639381964
2019-07-31,-0.013199706898717264,-0.008142662156679326,-0.01392708089421731,-0.01100081950643889,0.008007930827192686
2019-08-01,0.0237382025873749,-0.014605556780445566,-0.004983414584968532,-0.008745644333237238,0.019665372499343563
2019-08-02,-0.003819352910475418,-0.011144989376712147,-0.014834743367886427,-0.007558367875777999,0.00919941523721216
2019-08-05,0.013885007839557597,-0.030476362209310395,-0.03597424990454022,-0.030534420575396806,0.01714049615913561
2019-08-06,0.008095529492025941,0.009147321271300218,0.013901654112748671,0.013925363407223307,0.007961903397330517
2019-08-07,0.01507548681526026,-0.00026782839008933297,0.005387500946193526,0.0005905915564316516,0.00035634379079373314
2019-08-08,0.005022054446004403,0.02133480237675142,0.02153060070207968,0.019430140475966782,0.0021405612326787825
2019-08-09,-0.003321683939870917,-0.012666503908132136,-0.00944643320507007,-0.006834683237998301,-0.0019978497936564794
2019-08-12,0.009651773675578623,-0.013031011774852906,-0.011541523348907536,-0.01224817897675292,0.02063564120473895
2019-08-13,-0.005977346952418699,0.010704366361368687,0.02167819879433964,0.015432057762696417,-0.003433032786216306
2019-08-14,0.00681829671908825,-0.028347626555032184,-0.030340604398690744,-0.030013515315734898,0.022279353887304287
2019-08-15,0.006632923311853109,-0.003978411175486104,-0.0011495722580764974,0.002638368553011182,0.01105789334380953
2019-08-16,-0.00642279632319684,0.02135259974546644,0.015922760840210985,0.014647029926496512,-0.008042224918758414
2019-08-19,-0.011765243129746363,0.010041571130424812,0.015779721676856324,0.011975767029835887,-0.014405180707755575
2019-08-20,0.007765153200510364,-0.006549163420599971,-0.007778303400928251,-0.007691894015812847,0.010290612526136828
2019-08-21,-0.0031694374885161206,0.008213090814557115,0.008839325488604092,0.008102629440365017,-0.006687176958547811
2019-08-22,-0.002542737809443374,-0.0023305837033242255,-0.0032392335453988396,-0.0003080357513699234,-0.006663118164435597
2019-08-23,0.0194004358255685,-0.031140258208787266,-0.03215709949044215,-0.02602320015740035,0.016301003486581728
2019-08-26,0.00013874512727632068,0.010941774058833082,0.014991245315095625,0.010997768779024654,-0.004050501710928966
2019-08-27,0.009525229640210546,-0.0149378429283634,-0.0021126561574069595,-0.003931593185228072,0.015291283168155251
2019-08-28,-0.002820513317677276,0.011599521564899573,0.003572126083535544,0.007017293181284499,0.0012862096538143086
2019-08-29,-0.007190355573252848,0.01738609280659556,0.015174419441979814,0.012691889042796407,-0.003796232027340688
2019-08-30,-0.0025705723222454796,-0.001812299584573776,-0.002397392165498051,-0.00044412190910728474,0.00027174013866463297
2019-09-03,0.013817145553141903,-0.014754838149521995,-0.009755484853981138,-0.0058644567194929805,0.0012913900490138417
2019-09-04,0.006224182405113975,0.00801362955473397,0.014332246255225927,0.011286146110779003,0.0014937784435384827
2019-09-05,-0.02429383958928248,0.018430177834767778,0.018153073361569756,0.012773461031864646,-0.018276849522479183
2019-09-06,-0.008559662387184017,-0.004592633746278716,-0.000991202486714048,0.0007721023413478769,0.007090206682289856
2019-09-09,-0.0037414803722944866,0.013319963939452653,-0.0020899197123398464,0.0005034299087522309,-0.017924645533853936
2019-09-10,-0.008594766463448816,0.012690204074630767,-0.0028810503291187375,-0.0002351054109034794,-0.017683144180056308
2019-09-11,0.0060453662250154515,0.020267207151634853,0.009345808953869637,0.00708600262700368,-0.0017790405180634443
2019-09-12,0.0020542492696135994,0.00025472872663312614,0.004148712272527444,0.003457698823660763,-0.00657231252637845
2019-09-13,-0.008313640257218174,0.0017178555112678726,-0.003577416930840833,-0.000664074356525033,-0.021589966782357455
2019-09-16,0.008313640257218249,0.0037433334898172212,-0.004476464293013508,-0.0030935447967474924,0.012662924950027745
2019-09-17,0.001979350045407386,-0.002599663587907173,0.004788167283160865,0.0025291424615384818,0.005409068633674268
2019-09-18,-0.006305141849164153,-0.006178070793136896,-0.00041537813386886103,0.0005976779424387191,0.0042346362208851365
2019-09-19,0.004042645700960864,-0.004867662986585834,0.0016605606494527424,-6.644065308353133e-05,0.003003735196344406
2019-09-20,0.011751169204553406,-0.00212073250533364,-0.010635051982514833,-0.0047358982295252795,0.013124000767452935
2019-09-23,0.005580782257567522,-0.0007721948789825365,0.00044133374033765736,-0.00023474739571292816,-0.0002116993778706562
2019-09-24,0.00527299162043293,-0.015208673616421876,-0.013370080699093605,-0.007878067710730303,0.011982516845625646
2019-09-25,-0.018719501081169466,0.010895923857296354,0.01116279563190225,0.005897466523757929,-0.01473513702236214
2019-09-26,-0.0002821278180384957,-0.011224534499456328,-0.0036896420982953635,-0.0020852646934683963,0.006411826320325314
2019-09-27,-0.005161727926224835,-0.008038436108573715,-0.012486492268898976,-0.005401566914788985,0.0024547720687951653
2019-09-30,-0.015647105922203676,0.0011902631794811294,0.00947226986738686,0.004626688360825598,0.0024495923950991344
2019-10-01,0.005457893373498284,-0.019819889582448732,-0.008189898802621894,-0.01196614372540144,0.0030049862890555237
2019-10-02,0.011606023170116823,-0.0075771382149949044,-0.017343825766837018,-0.017822375331570852,0.002440799994891176
2019-10-03,0.004520416059329575,0.003321924922645479,0.010915547318719826,0.00815959572298965,0.009080936987388138
2019-10-04,0.0,0.009431916371800542,0.014618177250739307,0.013441231960345948,0.007355956690422653
2019-10-07,-0.00856363541098911,-0.0017451137957168795,-0.003023251225637286,-0.004324015101729134,-0.008322662616503242
2019-10-08,0.00870459991703739,-0.016388167086158773,-0.015094373017932877,-0.015646865782845704,0.00268961171299394
2019-10-09,0.0009156241246349503,0.004563931032502423,0.009714026455002115,0.009451891850220162,-0.005664075997272809
2019-10-10,-0.008767683192965708,0.004002030835359696,0.007714766178050365,0.006740536682589775,-0.015006498333931162
2019-10-11,-0.005554769940672898,0.016782180688846293,0.012797073073683213,0.010313831145090505,-0.012454283997734837
2019-10-14,0.003991150393420187,-0.0036678559786555228,-0.00010507000080776981,-0.0011145947270906243,0.007236796339173588
2019-10-15,-0.0069950016712766044,0.011426612751377492,0.01263661250073631,0.009851654535332752,-0.01216155412040597
2019-10-16,0.005713914835703777,0.001055929746131703,-0.002483646268215461,-0.0016067671896711317,0.0012157226182411972
2019-10-17,0.0014233647353723328,0.011742392100546582,0.0026385723064908514,0.002944516020328362,-0.0024331213646630236
2019-10-18,-0.001067306413452129,-0.004772159805805801,-0.009656383733795532,-0.004386729642467192,0.0
2019-10-21,-0.004781550075213642,0.009326728258315159,0.00882964282606051,0.006756152058875162,-0.007551100860638221
2019-10-22,0.0029287043785159624,0.0011031143975773108,-0.007995159805864429,-0.003272024674898504,0.005829812276438793
2019-10-23,0.002351027592914482,0.0012310326213216774,0.001926697721614874,0.0029052622296937116,0.0010040356888827043
2019-10-24,0.007090719694468963,-0.0014255673529192819,0.009681326514862388,0.0016328272870812298,-0.0020092773622767384
2019-10-25,0.0023289599557340403,0.005304527334197667,0.007954204698513483,0.004086587221686356,-0.004896849220792376
2019-10-28,-0.008637230479381003,0.008607611521715134,0.00981678122280299,0.005620244522682603,-0.009137380818574915
2019-10-29,-0.002776885194246242,0.0032569362300341326,-0.007774333544787739,-0.00029653236682645876,0.0006550233319705396
2019-10-30,0.005475210184932403,-0.003320752641650384,0.004834400786095215,0.003062393262310646,0.01452834646474621
2019-10-31,0.009948844935468628,-0.005645134710266489,0.00045668296950445147,-0.0026666685407390842,0.013399997156096405
2019-11-01,0.0009123470738276627,0.016903693167227327,0.009041604496108436,0.009221501552961236,-0.0030827363523868454
2019-11-04,-0.0028801514371747305,0.005361869951768304,0.00616586516339653,0.00400928336502598,-0.013249063307457513
2019-11-05,-0.016312331868591004,0.0012575530513109282,0.000549643371149821,-0.0011066222518023125,-0.011310717018420227
2019-11-06,0.004281068530555171,-0.005797424219504726,-0.0022501290569129683,0.00022811361421122374,0.006033934724539742
2019-11-07,-0.015643205521891117,0.002650415238853208,0.003348352169376794,0.003510499301950143,-0.01828490219688887
2019-11-08,-0.0063847338065501705,0.0027071646869503657,0.003983402203638873,0.00246325352051103,-0.004215968384189481
2019-11-11,-0.0024048241483873045,-0.0018877020187462526,-0.0013424673552061182,-0.001911854073996482,0.00066689047483354
2019-11-12,0.002695874927586959,0.00031495123040874796,0.0028816228455097784,0.0021058495202071416,0.004581857393765692
2019-11-13,0.003994072881030811,-0.004290626711858613,0.0002480545323849848,0.00032356694939814795,0.0064675133537777825
2019-11-14,0.004194711040663475,-0.00031620120918185213,-0.000794069865054328,0.0014548651741901034,0.010276821622099395
2019-11-15,-0.0025291110010524226,0.005173136898729529,0.007321022083915756,0.0072102221107200205,-0.0010878413345959306
2019-11-18,0.002962025072169786,-0.0025203366142637395,0.0007881238926428377,0.0007374563156922754,0.0018126542907239225
2019-11-19,0.0005049030061831341,0.0037152178289901285,0.001476284254438869,-0.00028888760719152225,0.008298560344934983
2019-11-20,0.0005045382424530197,-0.003777948189848875,-0.006017031708114631,-0.003725568862284272,0.010295041154349534
2019-11-21,-0.005492097356825017,-0.004933197200454267,-0.002228589469099437,-0.001610176488655484,-0.006278578173956585
2019-11-22,-0.0018857951599790925,0.003101654358757557,0.0006444594015906385,0.002221773368174588,0.001286877431232165
2019-11-25,-0.004803179633254922,0.021014096219175243,0.011771795344811436,0.007719887823685402,0.0029262702773718385
2019-11-26,0.004803179633255016,0.0006802912178450874,0.001908004936601799,0.002263220816586828,0.005827363702141585
2019-11-27,-0.005314014225370608,0.0070261423888863216,0.006964548721897211,0.004447485843916995,-0.002909437086112172
2019-11-29,0.006184806112979683,-0.006531211538882852,-0.004572654751388338,-0.0037151913985879635,-0.00213400088574966
2019-12-02,-0.0005079436043828876,-0.00981501307914051,-0.010291656728163342,-0.008531093334040087,-0.013422758799517619
2019-12-03,0.009534253178573626,-0.0031889200552994972,-0.007863284494187989,-0.006729128588016888,0.020751177653388835
2019-12-04,-0.0013667767637935283,0.00686516850210241,0.005051425497740993,0.006151317267238422,-0.010035453127477473
2019-12-05,0.0005757184354598549,0.0009945993034798596,0.0019739285098595138,0.0017963611591741094,-0.004876167416242922
2019-12-06,-0.009977704836757457,0.011613901214666628,0.010641832713996852,0.009092311697772403,-0.005550245626854972
2019-12-09,-0.0002906488870483782,-0.0019057926289998157,-0.004546825516086193,-0.003149035555543606,0.0021657933862170163
2019-12-10,0.002830699660654389,0.0006149459281190366,-0.000833301981882777,-0.0011153595971625523,7.248662956439146e-05
2019-12-11,0.006861935627691577,-0.000307222473545727,0.005282718130929948,0.0028344477481706152,0.007829971838253732
2019-12-12,-0.0035334849047766476,0.008575213597152543,0.00743606029326214,0.008581887824539478,-0.016594647583941875
2019-12-13,0.004468872836715887,-0.0038497286524223897,0.003287810294364985,0.0005991241193735047,0.011501073178412539
2019-12-16,-7.198939739749056e-05,0.007023523122685571,0.009988933891569012,0.006846601150681547,-0.009030758859615018
2019-12-17,-0.00021577975709612248,0.0049910248516582935,0.0005732472660492081,0.00021889717387464517,-0.0013795753921631378
2019-12-18,7.200493236905694e-05,0.001941227727487049,0.0007639701244528886,6.26230076297135e-05,-0.008246145651452043
2019-12-19,0.0025862126377012157,0.004293510113992914,0.006231994642238857,0.004090473790458111,0.0015986799100853916
2019-12-20,0.0010039397404910592,0.0014467830559322951,0.004022860257113962,0.004374768350335796,0.0013175350419515554
2019-12-23,0.003077203372165587,0.001986360427927527,0.0026380048047648197,0.0015264512574436034,-0.001463672367602869
2019-12-24,0.009387789011397068,0.0022824291900041395,0.0005194094791632638,3.110242869784609e-05,0.002853205813369756
2019-12-26,0.00782659080315549,0.0,0.008785160011878663,0.005309289655023787,0.0024094379738874385
2019-12-27,-0.0003512560225688557,-0.004931985984760302,-0.0008422409700582445,-0.0002478381088374212,0.0010924103673326008
2019-12-30,0.0021055808220621446,-0.0025354257676045377,-0.006575488574547699,-0.005528193301660178,-0.0036474577043717924
2019-12-31,0.001891143454574884,0.001389219987404738,0.0018829889772880167,0.002426109593097619,-0.00984261774002796
2020-01-02,0.007320953634035891,0.0006642545273454697,0.01655961560292882,0.009308387210419945,0.011230093282646023
2020-01-03,0.013181265882528811,-0.003928873623949854,-0.00920222800009016,-0.0076008283761006875,0.015283262016047067
2020-01-06,0.010434868967011986,0.001331810759052788,0.0064224100518015005,0.0038074813929638747,-0.005694768971731554
2020-01-07,0.003927428056507489,-0.0033320596363196273,-0.0001393186761432754,-0.0028156310132162288,-0.004928343949969342
2020-01-08,-0.007529802584635164,0.0030897726048367377,0.007488433961707047,0.005315573863338566,-0.006632401283243469
2020-01-09,-0.0056676844863565315,0.0012089592996825799,0.008437721240168405,0.006757587718539498,0.0035036738715622877
2020-01-10,0.006008107616788398,-0.00375273090887211,-0.0025605964549061107,-0.002881565232003728,0.008851551083288759
2020-01-13,-0.007447144703816297,0.006468177017717704,0.011470935088645409,0.0068536027154594385,-0.0030384025798079577
2020-01-14,-0.0008919411826434922,0.003668807708617949,-0.003945242503094177,-0.0015256133078838327,0.0051312000441754956
2020-01-15,0.005817289492435278,0.004791058670343081,0.0004088287966949774,0.002257309095180506,0.006609237953599723
2020-01-16,-0.0015707412123407796,0.012823273176076075,0.009537797734904128,0.00828396478520694,-0.003155212290808473
2020-01-17,0.0018437252860089575,-0.0027170769161611774,0.004936386055587714,0.0031076783237016124,-0.008585225706966886
2020-01-21,0.0010909837309721073,-0.008315156195684016,-0.00044757007057830795,-0.0019603664121243705,0.010451094556767399
2020-01-22,0.0003405975107135845,-0.0006563717508806158,0.002638768431743781,0.00012102111682480319,0.003507299554181852
2020-01-23,0.002245598875511729,-0.0006567045752296025,0.0032112511770842345,0.0011460592826461385,0.006977394062962289
2020-01-24,0.0058285535187767275,-0.012378217684438014,-0.008450892050465442,-0.008932940971461517,0.00805624751965226
2020-01-27,0.006802125843070944,-0.011432339831540482,-0.020872076441095795,-0.01615936996782279,0.015434549945867992
2020-01-28,-0.00896686803661793,0.00828297639921891,0.015243221186497862,0.010424623636822393,-0.007861953587648414
2020-01-29,0.005403248480831511,-0.00571776295294041,0.001624210825173069,-0.0008260629481222639,0.009731418918600717
2020-01-30,6.731894098032181e-05,0.0,0.0035552813444867937,0.0032401024186391883,0.00013856816730365172
2020-01-31,0.005775708477189364,-0.020958572320506116,-0.015984986717598446,-0.018325146171711243,0.009088602101281415
2020-02-03,-0.006516877595597702,0.011088993241654686,0.014996416108723504,0.007401291268749739,-0.0008108890036569984
2020-02-04,-0.013094308186782415,0.014980748536812746,0.022630440630449875,0.015126153042579745,-0.01355811279194577
2020-02-05,0.0012285555646719122,0.015297637272791138,0.003291752482488748,0.011482168094587401,-0.010995356717179659
2020-02-06,0.005373934234125879,-0.0022734310165056096,0.008594859590643532,0.0033589615883845778,0.004497204553777953
2020-02-07,0.002642363450658169,-0.012356823922797168,-0.0043098250738133346,-0.005343737219158588,0.012400237584951778
2020-02-10,0.0025679490647931946,0.005624367826087045,0.012012992606645968,0.007437559725776875,0.0027661851112575123
2020-02-11,-0.0034478924308700464,0.006911969886902298,0.00017238594631678223,0.0017316090505585739,-0.005053531759481762
2020-02-12,-0.000813078481224605,0.006864424431062787,0.009693839712171382,0.006421780796821098,-0.005078440203828543
2020-02-13,0.005677303718111386,0.0026135542035447866,-0.0012812333579852533,-0.0010673053077484957,0.003828805662604534
2020-02-14,0.0041697222765956264,-0.0038636919970886857,0.0028593591586924226,0.0016008270259406292,0.004368035942288488
2020-02-18,0.012737350951843347,-0.0021463712364804587,0.0003835322150732915,-0.0025802578718858143,0.006824972617555269
2020-02-19,0.005814285510176441,0.005119766065209894,0.00953974064365273,0.004769972158653335,-6.82740668455401e-05
2020-02-20,0.0040763395182913265,0.00243203272105938,-0.009326880408899525,-0.004117043467617578,0.007802622426536058
2020-02-21,0.014913455926308593,-0.010181522596342594,-0.019396366516973323,-0.010351552694623971,0.009297451209928599
2020-02-24,0.008945002656717951,-0.030563839063391683,-0.03932662051145657,-0.033727643600318775,0.014818414676975412
2020-02-25,-0.01803593472393269,-0.03618748946937292,-0.02756834466954271,-0.030770825887662293,0.00530985850141032
2020-02-26,0.004360980385151266,-0.011647024308789044,0.005140749981640784,-0.003685068412294022,-0.005309858501410462
2020-02-27,0.00019481624361363943,-0.03584515209682716,-0.05137122741605147,-0.04595135746059083,0.010789211011281193
2020-02-28,-0.03717601874476565,-0.01848470014650056,0.0007778277000795324,-0.004210924558418591,0.022332916969602233
2020-03-02,0.005511083646655957,0.03161439577717232,0.05031614658044106,0.042395550908016784,-0.007384729491804685
2020-03-03,0.030950390194086085,-0.02060435419029274,-0.03259267175296235,-0.029050509498636162,0.015406674166270097
2020-03-04,0.001752990351755443,0.02805844786236115,0.040875559591276193,0.04117378737174522,-0.010675570563079094
2020-03-05,0.021370951204574475,-0.03232544026354046,-0.03085354282383446,-0.033807435188918794,0.024587088477260106
2020-03-06,0.0003808885074389379,-0.02002023228218456,-0.017015951231898307,-0.016668727222176768,0.05073559923535733
2020-03-09,0.0016488747161249012,-0.1022872672262265,-0.07199524104435623,-0.08131242274081778,0.026741314263418
2020-03-10,-0.02132715182628954,0.030743507366045413,0.053019873168348955,0.05045037168160681,-0.05261863458365288
2020-03-11,-0.0035667044227174947,-0.06571410739257674,-0.04453207854178108,-0.04997637622376858,-0.037491444623014424
2020-03-12,-0.04070560424243849,-0.11709818250002968,-0.0961707715585812,-0.10056914443026187,0.006177534472524819
2020-03-13,-0.03099155256530076,0.06483439038825443,0.08130854849969207,0.08202806125356801,-0.022862560845083667
2020-03-16,-0.011512126298224866,-0.14233509538824377,-0.12759214354350884,-0.11588649014373882,0.06275481162351387
2020-03-17,0.01346442633870517,0.04482087876055273,0.07310321503284052,0.05258496305010422,-0.06901026883341746
2020-03-18,-0.02012310684271081,-0.08068090720277463,-0.030888581419946274,-0.0519597134617062,-0.05806629597465155
2020-03-19,-0.019086492837834465,0.03826990620811677,0.005984482570921094,0.0021226798943055026,0.026861358198887398
2020-03-20,0.014884383146683595,-0.024067198744143096,-0.03996406629499492,-0.044050465491424204,0.07250230403889062
2020-03-23,0.043231496146295734,-0.0149031783775181,0.0007219445327529327,-0.025900553564117343,0.04038324526903316
2020-03-24,0.047389520259250466,0.08754507049021157,0.0745854917380491,0.08673091882261959,-0.018789543273808787
2020-03-25,-0.013784208180364264,0.01235180401936343,-0.00743255099187426,0.014859379099782492,-0.002274383143992315
2020-03-26,0.012740714714697083,0.060341164034376914,0.0513206422578879,0.05674872715488647,0.004910232860913351
2020-03-27,-0.006481449089244015,-0.03706234921353801,-0.0349982002740229,-0.03023834940665492,0.026342104814461042
2020-03-30,0.004390990264267052,0.02179373594737047,0.03572738413623925,0.03195952191675883,-0.008263146320752526
2020-03-31,-0.032364821693651916,-0.0050547960577293945,-0.008576294706226107,-0.015017613541731508,-0.008149081172681085
2020-04-01,0.009411793149400162,-0.07057900610955088,-0.04341865465762415,-0.046048947092430806,0.013912918641275985
2020-04-02,0.01626050111056189,0.009424658441888322,0.020091730246964035,0.0228130131477606,0.0063257347665235854
2020-04-03,0.004925309776577716,-0.028736177709515278,-0.014294473475836355,-0.014559750521437325,0.0023773635032905017
2020-04-06,0.02733353381543522,0.07377345002221326,0.06905467334359286,0.06500673287203225,-0.0026155079073443637
2020-04-07,-0.005368871400719198,0.0025715100765238796,-0.00040702282407991276,0.0010190034514107962,-0.010527608785105906
2020-04-08,-0.008947881947437637,0.04459812426705676,0.021009901695281986,0.03301734423847698,-0.007302568856846698
2020-04-09,0.025788169295063085,0.046743141518109516,0.0014447497088923835,0.015102448026303825,0.0018154670515285372
2020-04-13,0.01699510551392902,-0.027450631948945252,0.010745621738324464,-0.0091717506824381,-0.009171645535733124
2020-04-14,0.007837301543346824,0.020068205250294978,0.042572004341128566,0.029066101543318842,-0.00024438792734844417
2020-04-15,-0.005115017933585634,-0.04165026166681177,-0.011536299215132492,-0.021476872118282468,0.026144684406363222
2020-04-16,-0.0008653689753940822,-0.007583848134405185,0.01807580163358926,0.00481290878868971,0.011292987028714334
2020-04-17,-0.019608466717140425,0.043108311934591984,0.009520673022193608,0.026656937064671985,-0.013495537848934305
2020-04-20,0.007100853720992193,-0.011867763359372618,-0.011915090553108298,-0.017775305579976208,0.008012512173583031
2020-04-21,-0.006848673348053854,-0.024166255443148498,-0.03759768546370464,-0.030833518438471662,0.01251305457390877
2020-04-22,0.019479888950845802,0.012072248174206875,0.0292427682290909,0.02195188695377589,-0.010268396472710502
2020-04-23,0.009905643795524405,0.009770023837833937,-0.0021352291169580923,-7.188931042264545e-05,0.00529432747930681
2020-04-24,-0.004294729942651925,0.01705518541685743,0.015647309301077297,0.013842589569297292,0.002343490392279909
2020-04-27,-0.00666258998355511,0.03885607917536379,0.0080114377219645,0.01431550785264269,-0.018789650970342308
2020-04-28,-0.004466516323334757,0.01443250778613219,-0.019014502399669092,-0.00460907956432644,0.011446479579272242
2020-04-29,0.005518192454017435,0.048011700196872634,0.034846569338058644,0.02584157348043089,-0.005203372491322238
2020-04-30,-0.018282683683788697,-0.03876034657893469,-0.00041071596642715323,-0.009354368297387278,-0.011744833357974752
2020-05-01,0.0061522933833428935,-0.04048292394905864,-0.028589951643432487,-0.026830096155555247,0.008526525053431303
2020-05-04,0.003498676361159418,0.004305771937097553,0.011589828068659424,0.002754539245935228,-0.004714682118711767
2020-05-05,0.004232069630406605,0.007688390858320539,0.01127356876662188,0.009196641589437813,-0.006421591303291242
2020-05-06,-0.012938939248234135,-0.007370161774387839,0.00613727077457832,-0.006801713254326093,-0.01626742937469106
2020-05-07,0.015234124108560072,0.013588538539492864,0.012794798020022275,0.011994664764347206,0.016568458538769967
2020-05-08,-0.006028427741239837,0.03787981039560534,0.013611601611102591,0.01641111946257683,-0.013086518855053984
2020-05-11,-0.006253147010599243,-0.004998986482875723,0.008899171254024183,0.0002047826664798789,-0.007836182244988683
2020-05-12,0.0038815245238018456,-0.03657578024103405,-0.021159154291323423,-0.020133155300049194,0.01021167088463214
2020-05-13,0.009576645345897673,-0.034045374128408475,-0.0125947288259788,-0.01784409550169922,0.006972263222100033
2020-05-14,0.008811127536123346,0.0032541318169415304,0.01128813911386958,0.011896479732532494,0.009739857680570563
2020-05-15,0.005627947839551041,0.015793933345794636,0.006470429587650811,0.0045863031469849545,-0.0025760514134022063
2020-05-18,-0.007592898231851983,0.05898682887675795,0.0184605282373551,0.030005167182558804,-0.02219917240995971
2020-05-19,0.009603940342589153,-0.019944465088181245,-0.0025091032193242033,-0.010323956927257887,0.0037347872912272028
2020-05-20,0.0023714668825757603,0.029843843046553634,0.01977155400360004,0.016844948388692268,0.002989137034852844
2020-05-21,-0.014683616168536867,0.0017895053249798035,-0.010950632403882285,-0.006927912720490185,0.0024946099338738746
2020-05-22,0.005899400714775776,0.004830800142293984,0.003445836499877927,0.0018972519662459315,0.005998387879359299
2020-05-26,-0.014316858429627,0.02842998205548187,-0.002703219431631249,0.012245278270758102,-0.01350096489791204
2020-05-27,0.001800809585778032,0.03058387596457227,0.005442662844201026,0.014769505534946133,-0.0018387729672003164
2020-05-28,0.0033447448656947374,-0.023976560381919417,-0.0013036361070100503,-0.0018468560666955712,-0.0036868302973021056
2020-05-29,0.007331471236597383,-0.005743335269741861,0.01454669903867033,0.004446168480220458,0.007116004807041191
2020-06-01,0.004593203918142176,0.009529781749912897,0.0029951066341933007,0.004033448442154415,-0.006755028770650891
2020-06-02,-0.006497892824854574,0.008238269659418755,0.006685141319528472,0.008246163592155914,-0.0036424274632116923
2020-06-03,-0.01862251139241922,0.023831706156087706,0.004488619213424227,0.01322064068862807,-0.013386706186977515
2020-06-04,0.010471254055873179,-0.0014517193773879572,-0.0070382573431267475,-0.0026302248081540576,-0.014584663159244992
2020-06-05,-0.02048368991541374,0.037932745252816945,0.019633403091983036,0.025306499272085888,-0.007149197026736789
2020-06-08,0.010764002439043798,0.01919131931220493,0.007729988637127314,0.012014929728497483,0.0038361875572091512
2020-06-09,0.009595645355064148,-0.018659075873956994,0.007218938618716994,-0.0074843598211944955,0.011294648060301221
2020-06-10,0.014223142854853236,-0.027528356048635672,0.011930046677082909,-0.005595900713369325,0.01471870323742357
2020-06-11,-0.007240232329265166,-0.07934143503599278,-0.05081872992411055,-0.0593772635973046,0.01872410170816879
2020-06-12,0.0014153150353447643,0.023711005286368776,0.007916469236316412,0.011904152402465612,-0.009687644292974227
2020-06-15,-0.0017848491512042477,0.02285688342725031,0.012093801005739386,0.009292862629204925,0.0005545463996039307
2020-06-16,-0.0004929560183834836,0.023759736656201205,0.017026983906168195,0.01906463130768521,-0.015452942927308269
2020-06-17,0.0019087937874243815,-0.018242589037848568,0.0031656019033079867,-0.0041624141341282455,0.004119159392762238
2020-06-18,-0.0019703951105462295,-0.0003529527205643726,0.002705539872941654,0.0003850164805405229,0.01053266096392845
2020-06-19,0.010972576221366465,-0.005164194897788217,-0.00016376586324596352,-0.005731380208054514,0.0008011225706177449
2020-06-22,0.006441427074830093,0.00995093437781828,0.011921306486078602,0.006394429321863802,0.00012314139036635505
2020-06-23,0.008384398864595731,0.004204232505515004,0.008474962091861948,0.004593370950695774,-0.006857832182821958
2020-06-24,-0.0034899960158010397,-0.03298539300195585,-0.02083116964706519,-0.02583976668459032,0.01066771343168194
2020-06-25,-0.0006028992986150158,0.014992842224710937,0.009474592041754847,0.010663213907231345,0.0028784941962141978
2020-06-26,0.0044532193863769335,-0.027282445897570236,-0.023898327786081277,-0.024038016705132986,0.010646613815781955
2020-06-29,0.0005403343600226875,0.03218286578914528,0.01084747560443562,0.014590954822695871,-0.0031518584596665197
2020-06-30,0.004431086497931087,0.014350338186989865,0.019411965897838977,0.012728231844079587,-0.004867817116282633
2020-07-01,-0.004491160110102202,-0.009543513585105605,0.011604419314637763,0.006980202392978764,-0.0019445145189450192
2020-07-02,0.0021582779375089872,0.0040810737782703485,0.006763650121813912,0.005491777321667788,0.0010401750601681935
2020-07-06,0.005970880083946397,0.007207081025748564,0.024287237879473778,0.01531952325521602,-0.004103579785814389
2020-07-07,0.0062904343270385864,-0.01786737304733379,-0.006912552802344434,-0.010367427718252479,0.013957840393942838
2020-07-08,0.006192353605402356,0.007424715680379793,0.01308591405822524,0.007619618506585706,-0.004002890571209305
2020-07-09,-0.002708063902871328,-0.020426805270720032,0.008387966319431017,-0.005709395042775702,0.015796292513510345
2020-07-10,-0.0025972650920347735,0.01597838616949216,0.006804145295093384,0.010158654054838788,-0.005036968884493889
2020-07-13,0.0012403879870823364,-0.012748048901167803,-0.02078496722059319,-0.008696522344076632,0.0033010588713040805
2020-07-14,0.004652728164010819,0.016421014396899827,0.007053352395144767,0.012875872858366829,0.0014367147749570234
2020-07-15,0.0008809438623464781,0.03600754345211083,0.00203337833704097,0.009145201307574815,-0.004677946695697797
2020-07-16,-0.009496639325154646,-0.005934444477215451,-0.006846003706409287,-0.0032987827117147155,0.004738138078424184
2020-07-17,0.008204262794308569,0.0029374628629001173,0.0011570421551524454,0.0028946627312404875,-0.0020958858354074702
2020-07-20,0.004808590336846309,-0.004306782174241805,0.02797597016039121,0.008049296175894985,0.0024545858568974623
2020-07-21,0.011978962477666387,0.01408205644988139,-0.010475218038653455,0.0021252227948239484,0.000598373780043063
2020-07-22,0.015087942737564556,0.0005404690979494019,0.0035165906095168367,0.005675970222090255,0.002983931274192591
2020-07-23,0.008786586410813348,0.001012400056569672,-0.026467375533046907,-0.01200348477625943,0.01161407163434721
2020-07-24,0.008542281441677423,-0.014813287990754927,-0.009541060032959814,-0.006461387404581258,-5.904990196354412e-05
2020-07-27,0.019561196964697856,0.010351240100033089,0.017685905208472526,0.007266158696787608,-0.00371834287579248
2020-07-28,0.008306536040413818,-0.010009043651779407,-0.012806586395995698,-0.0063624629140816335,0.0068948591121219096
2020-07-29,0.007482169283186,0.021795978922281616,0.01146008796057696,0.012223492870751624,-0.0017048134500986499
2020-07-30,-0.007427778888433271,-0.00395844592551096,0.005221999883010078,-0.00357411252602305,0.006566859213282666
2020-07-31,0.00904688435302792,-0.0094552755232888,0.017687716587715317,0.00787110844785257,-0.0006427828978434811
2020-08-03,0.0011318982444248418,0.016155003823768783,0.013416640143443003,0.006927873654469491,-0.005048048034006442
2020-08-04,0.021054515412853636,0.006854207380375835,0.0037056518042299603,0.003855323409443997,0.00948755250235054
2020-08-05,0.009240417270834574,0.01969984891129784,0.002474722074268656,0.006191723038176475,-0.008781161883680276
2020-08-06,0.013186741026147062,-0.0003900858317980382,0.01315797898158366,0.0066622038233221,0.005570057385443945
2020-08-07,-0.016012829047696152,0.01574711811557662,-0.011609696297687499,0.0007178078695327376,-0.006688395242752922
2020-08-10,-0.0034649534714480275,0.010320012039593662,-0.004282410761826832,0.0029846611631138315,-0.004483557804394887
2020-08-11,-0.0551897267189793,-0.005783876934229345,-0.0191225183441819,-0.008289148452146192,-0.011956264289983377
2020-08-12,-0.004679132411383586,0.004071392294334448,0.024840617593490755,0.013846288348953234,-0.00913750576948131
2020-08-13,0.023343474417206588,-0.002097235063044311,0.0022781390608651413,-0.0018094133711580795,-0.010746019979985574
2020-08-14,-0.004318527254207777,-0.0006362280780788782,-0.0011751730966887254,2.96520275868223e-05,-0.003914451526486936
2020-08-17,0.02146194877539166,0.005142786818288495,0.011543813898806266,0.003171209270129384,0.0025091886829997846
2020-08-18,0.008967673573403242,-0.009608902780387089,0.009579153443409753,0.002158113504888648,0.007126227155196511
2020-08-19,-0.03207438281593019,6.383186000727605e-05,-0.00675013012514629,-0.004172210516504732,-0.006270844148620289
2020-08-20,0.006890137653281628,-0.004100713380962531,0.013776367153167435,0.003108693629204813,0.008998771815956395
2020-08-21,-0.008043165542872153,-0.007410042260566822,0.006906465511529458,0.0035410549051983604,0.005974550939804926
2020-08-24,-0.005674470685927035,0.01042328161585931,0.0062248272608642005,0.01008206439726943,-0.0016260242884103774
2020-08-25,0.0012147382641175607,0.0010874740256702658,0.007831558651143428,0.003493416962944969,-0.007683672382237873
2020-08-26,0.011739667325137685,-0.006285586858372317,0.02111453007855446,0.009975625669356942,-0.003833185346459339
2020-08-27,-0.011629286747359606,0.0024419431437083905,-0.003121979292721736,0.0021839357829300694,-0.01715533642964824
2020-08-28,0.01723092629924,0.008436973932093207,0.005072330487879197,0.0064386222244662865,-0.0007445305450049537
2020-08-31,0.00238341719432408,-0.010814791964112443,0.008001117489138954,-0.0036289727727953887,0.0066192840525784
2020-09-01,0.001189581722410416,0.01138729569798286,0.016947499649648538,0.009374364658504294,0.011372796455310428
2020-09-02,-0.013218610873058246,0.00791968452632989,0.009424772118701926,0.014360645834753437,0.009474811796738621
2020-09-03,-0.008137254873336977,-0.029979139869625082,-0.05203082125642619,-0.03502042695077855,0.0028376147759318865
2020-09-04,0.0027564932922231992,-0.006393445940584718,-0.01341530136842011,-0.008198483903158197,-0.019170905266613567
2020-09-08,-0.0019287808618004912,-0.019428116275435517,-0.04925797009058676,-0.027702978792933552,0.006126024909282315
2020-09-09,0.009661434230238847,0.015033955645393858,0.02895276147174981,0.0195549864545406,-0.002691401404966272
2020-09-10,-0.0032283485242562797,-0.013100817129651351,-0.020137891511885633,-0.017516121221166046,0.005070520057022574
2020-09-11,-5.4861557792618405e-05,-0.006682377401506686,-0.006964006496087062,0.0005086974139875204,0.002129521232420896
2020-09-14,0.00786160327773618,0.02600854904403188,0.017265821865805206,0.01308546916404458,-6.058683933213025e-05
2020-09-15,-0.0023956152677241513,0.0018923004842827692,0.014073645784868048,0.005039666003332812,-0.0024349301975944795
2020-09-16,0.0028305733071044767,0.00941005981703503,-0.016074849512616257,-0.003976714349603164,-0.0029908564082181443
2020-09-17,-0.005505121062685115,-0.007325704090772445,-0.015745368668090447,-0.008833950705588638,0.003052139076407842
2020-09-18,0.001310849171618332,-0.002606070906549134,-0.01284514445371565,-0.011579455367443045,-0.0031133891441237718
2020-09-21,-0.020291789448272826,-0.035659938027189725,0.002395709481607163,-0.011192028399103346,0.0050612942130599786
2020-09-22,-0.004858095828927072,0.007677242981568228,0.018408261525511244,0.010132788880066128,-0.0007910362773739739
2020-09-23,-0.021843335368817322,-0.030245015813525424,-0.031010243115397025,-0.023463906491993612,0.0013383861562196826
2020-09-24,0.0037119030895910897,0.0,0.004645343870205179,0.002661744204005999,0.003822647724886842
2020-09-25,-0.0028540460781505306,0.016111322482360326,0.022982924382362224,0.01603763067983449,0.0
2020-09-28,0.010010290107421884,0.024358028571019458,0.020555833095632078,0.01647280903048522,-0.0028507573775512596
2020-09-29,0.008397048385655496,-0.0045432007432179055,-0.004519369955810205,-0.005460676737624954,0.0011534126140089176
2020-09-30,-0.006022969047958764,0.0030087445121961677,0.0068255643189050206,0.007553316653131174,-0.009631477383164286
2020-10-01,0.008880963695329078,0.01582966799863441,0.015747703198232054,0.00639946004555844,0.001648752715360467
2020-10-02,-0.0008957769408936138,0.004393115805605961,-0.028534219105206673,-0.009539720181054161,-0.0037412079371661054
2020-10-05,0.004861081696310086,0.02723462349103544,0.021101843676076055,0.017577817629673247,-0.019732735338777
2020-10-06,-0.011830479550692698,-0.0028694040144342015,-0.01800763452256261,-0.01431815504740308,0.005374924233195199
2020-10-07,-0.00045132478533539146,0.021601398149610488,0.01715094587253557,0.017256765716699603,-0.007319631185337654
2020-10-08,0.0035486272055745486,0.011308269771145553,0.005308521571336394,0.008823680608993877,0.005385807816210438
2020-10-09,0.017998399966815504,0.005175904555689261,0.015164713141402083,0.008890392626619158,-0.00018742608929505904
2020-10-12,-0.002875813691634357,0.006677324597925449,0.030403273807329614,0.015959478772048168,0.0031803570111563406
2020-10-13,-0.01585383405158326,-0.006677324597925338,-3.3694702784118227e-05,-0.00654749517808752,0.007135254994058372
2020-10-14,0.0030899939936110464,-0.009944672531717252,-0.00838743867517782,-0.006303176227820383,0.0022847273925949256
2020-10-15,0.003639489400711449,0.0102519522732274,-0.006733866731974344,-0.0012366379286231322,-0.0017285442780720648
2020-10-16,-0.0034712263457632483,-0.0024604847565618338,-0.005495735446742788,-0.0006044759186151926,-0.0027842368155294897
2020-10-19,0.0005046193567768562,-0.01202149735161682,-0.016460175112548176,-0.015320005539833943,-0.0037868502227692957
2020-10-20,0.004809318137998378,0.0021796226158208895,0.002147284240969235,0.00399764297460357,-0.00956182342339256
2020-10-21,0.00750319529892231,-0.00862172309535173,-0.0007737062609475269,-0.0018946534814691487,-0.003459367451844506
2020-10-22,-0.009849030639627157,0.01710750530812357,-3.536410309994614e-05,0.005470316011582941,-0.010451977945332204
2020-10-23,-0.0010630400237792174,0.005781054672342104,0.001968508496963148,0.0033892745339834836,0.006094552923969604
2020-10-26,-0.0005039129828936211,-0.0218224300781537,-0.015109603553653444,-0.018652686611840143,0.009260022925474341
2020-10-27,0.002628864176270774,-0.008623391058735656,0.007778018269308155,-0.0034534884161689294,0.006687488122367646
2020-10-28,-0.01627516884164325,-0.03127178435188262,-0.0397672354235744,-0.03477668208787392,0.0009327544921137765
2020-10-29,-0.004153341326592121,0.011866181596629537,0.01733549129795759,0.010112409320737158,-0.009754593082812612
2020-10-30,0.004550651041840146,-0.013302081818220507,-0.02569016664047711,-0.010479730894192938,-0.009913971659326436
2020-11-02,0.00965812884851217,0.017675488518888373,0.0022252252046466997,0.01114623257639215,0.007462024262918535
2020-11-03,0.0056609432999779495,0.02797135007868064,0.01714937603114512,0.017501515844554158,-0.005818509314983604
2020-11-04,-0.0005590140649358909,0.0011225079325025643,0.043671324211907205,0.022103213539244635,0.02146071767964757
2020-11-05,0.022723771699055755,0.027604385823247625,0.025736826243944768,0.019315013112943286,0.0017368336819137957
2020-11-06,0.0014203529597109255,-0.007853275286498311,0.0007466950800509277,-0.00022809724016387527,-0.012159170251319868
2020-11-09,-0.045280856143465276,0.03560120736762721,-0.020645611736959835,0.012487332994540086,-0.021238542622604467
2020-11-10,0.0033073065556014952,0.018408031782309837,-0.01807706845145771,-0.0014679308091009456,-0.0057832843444835585
2020-11-11,-0.00433598220930235,-0.00040516232782206375,0.022123122090750423,0.007401233515717644,0.0036024914450770067
2020-11-12,0.006042387508780373,-0.01546996398067421,-0.004704548370394976,-0.009748037509030288,0.016874501615097688
2020-11-13,0.006796565090032186,0.02049684011486968,0.008734189117677349,0.013749293519557261,-0.0013263794970870164
2020-11-16,-5.650286865533134e-05,0.02352508236628882,0.007772809906695218,0.012405491680515886,-0.002406714597981895
2020-11-17,-0.0036759204841880807,0.004661745452935888,-0.003177308168760209,-0.005393175111558149,0.00650752205559468
2020-11-18,-0.005738783845972931,-0.0141075527798043,-0.007417487278804779,-0.012107642070888722,0.0028924186324051043
2020-11-19,-0.0018822296869570197,0.007642407619056604,0.0077939359924370025,0.00420138161373483,0.00513542645698901
2020-11-20,0.003021229432643738,0.0010711693683141841,-0.006864033999309392,-0.006871440157419365,0.008830811316868081
2020-11-23,-0.019890324232127853,0.018531611410484657,3.471753972777789e-05,0.005976512723782873,-0.004592314323095025
2020-11-24,-0.015447030279527764,0.018628699610556528,0.013952051837209725,0.015985432806173105,-0.010002415583592167
2020-11-25,-0.0004718480371509017,-0.003425633390864509,0.006127606745492802,-0.001543076306701388,-0.003083015246999557
2020-11-27,-0.010198732236165305,0.004239403333899374,0.009172470036238568,0.002781386459060827,0.009658474957065954
2020-11-30,-0.006697358920117144,-0.018336782403996905,0.002037641430931962,-0.004437199512274334,-0.0012489099165824474
2020-12-01,0.02084085881536413,0.009237771280091346,0.012734991533347227,0.010877948138901108,-0.014854580581572402
2020-12-02,0.007493385024315116,0.001039583836281731,0.0012844387980586983,0.0021015091004834446,-0.00796784905029116
2020-12-03,0.007842668530553789,0.0056158625986931715,0.0014139823919751852,-0.0002727773464004221,0.008031374804826064
2020-12-04,-0.00283945502654119,0.023004241118359442,0.004066974615449975,0.008580778303094913,-0.014773814728406767
2020-12-07,0.014803945459514797,0.0009559949599350227,0.005646432186886689,-0.002056794939478163,0.008979244582544305
2020-12-08,0.003481841534737405,0.012764339543738292,0.0033792409668604796,0.002921843941359064,0.004714766893158254
2020-12-09,-0.017241806434506103,-0.00731143688516403,-0.022901017383301404,-0.009009437158462294,-0.0033102244700685146
2020-12-10,-0.0019148863181888906,0.009615162659521751,0.004007529972264146,-0.0003272523737548089,0.008824225336731125
2020-12-11,0.001856945469586849,-0.004927564391818418,-0.0022171048654078566,-0.001173205913311756,0.0035333007296446373
2020-12-14,-0.005522859199322822,0.0011696489143094284,0.007228984356040712,-0.0044872898051564105,-0.002774902859135033
2020-12-15,0.013893989774039692,0.024701645413729344,0.010632785728208437,0.013428915733739517,-0.003353124557657788
2020-12-16,0.005503920929853093,-0.003602257094585421,0.005484514068494364,0.0015682695169458923,-0.002665164929629999
2020-12-17,0.01046541004295572,0.01183815194076176,0.006516388569665433,0.005576295703157368,-0.002649553371435526
2020-12-18,-0.0016988680965652808,-0.004851469948414734,-0.0030270881709328484,-0.004000740809142028,-0.00300153768728038
2020-12-21,-0.0031789169989821435,-0.0005118998120890032,-0.001872556496543667,-0.003581955466955864,0.00395805297102106
2020-12-22,-0.007934507183398202,0.011306235652931873,0.0027156480383634532,-0.0016869654684378188,0.005147524400406488
2020-12-23,0.006625879072275585,0.008471983548864928,-0.0050489389796273335,0.0008981834857398468,-0.006933181025267625
2020-12-24,0.003977347328631379,-0.0006529559201484555,0.004403048894770671,0.0038828626087466984,0.00394891137171916
2020-12-28,-0.003635744312567208,-0.0037252898811182093,0.010028080755876816,0.00855440847135449,0.00044529450773191895
2020-12-29,0.003635744312567162,-0.019557625144281113,0.0008955139554411138,-0.0019098522577344547,-0.0012716241287769284
2020-12-30,0.007626026694655132,0.010132216540108128,3.145105470068959e-05,0.0014257222237821308,0.0021609363415296037
2020-12-31,0.0037072651943418997,-0.0017835594328231895,0.0024572563134075283,0.005068040642247543,0.0014592332774244338
2021-01-04,0.02201425891234798,-0.01314350452899886,-0.01422055678879098,-0.013707630094896499,-0.001205191810668891
2021-01-05,0.0029572490918935946,0.015334347411248013,0.008210418278392778,0.006863876036692071,-0.00745424259592177
2021-01-06,-0.016374384156319522,0.040103170584831385,-0.013949247655045268,0.0059607360354285484,-0.020741853686438435
2021-01-07,-0.0023373497260989994,0.017640144782454972,0.023903939520929063,0.014748309797019219,-0.008853361941108443
2021-01-08,-0.03480879472366203,-0.0021639475048362343,0.012776008794873863,0.0056814987804249956,-0.003233158588369411
2021-01-11,-0.001963368081678198,-0.0008670638562677879,-0.014555338645211508,-0.006763839426796323,-0.001653529266502313
2021-01-12,0.006453094143516468,0.017765786267397908,-0.0015914458682165433,0.00021122779839804551,-0.0007943862212819065
2021-01-13,-0.004316677807613859,-0.007173409510381071,0.0067305259829110895,0.0026895735373723712,0.011198873971929285
2021-01-14,-0.0005192346256867747,0.01977924634821366,-0.005361544051747323,-0.0035080599600685962,-0.009411828911583008
2021-01-15,-0.012485246085867416,-0.01502300628438013,-0.007952898078493306,-0.007319755136299719,0.003959867004822734
2021-01-19,0.008437377567923208,0.012730191136835786,0.014484830632593529,0.007821512636636666,0.0032221743057316435
2021-01-20,0.016151154600027997,0.004393839380463392,0.022994096864086697,0.013743679320353287,0.0009846986953164143
2021-01-21,-0.0006273739671711188,-0.008713387320389525,0.007967740276014311,0.0009112315982183184,-0.007043366191357385
2021-01-22,-0.007904302060517928,0.011554721620705482,-0.002884213069151867,-0.0035456579442017795,0.003231194245366583
2021-01-25,0.0008622455288576803,-0.0009770613372050067,0.008232042947326929,0.003936113978837122,0.011716946251162692
2021-01-26,-0.002473656951145883,-0.0069612237735687385,0.0014618059068162272,-0.0015621434268527114,-0.0018888529895168087
2021-01-27,-0.006355778295441206,-0.018500852584379567,-0.0282727445703253,-0.02474399844580973,0.002539772993389077
2021-01-28,0.000926931727635592,-0.0032049366588287912,0.005899738342310328,0.008563265757007816,-0.005543678291018827
2021-01-29,-0.0004054103376829626,-0.015255824217177827,-0.02126275596309423,-0.02022257856963347,-0.00603442799336283
2021-02-01,0.00934152297824149,0.024269948003629093,0.024680103681888825,0.016508479300051303,0.0011588119371185662
2021-02-02,-0.012242430084677477,0.014143959642777622,0.016182607056564272,0.014041247224310726,-0.006468159274870538
2021-02-03,-0.0015117720158050482,0.0029915852656368556,-0.0039752058831565825,0.0007860050234656746,-0.008912338179759541
2021-02-04,-0.021765636924135134,0.020191477362411697,0.011757306895562784,0.011301480164632076,-0.0026758704625724277
2021-02-05,0.009823748692690917,0.01376462176615156,0.0033856524884205907,0.003928246360601508,-0.008409210831700719
2021-02-08,0.01001975221091292,0.025215162560447386,0.006677248399519957,0.007195870190751954,0.004381389999536329
2021-02-09,0.0032595928083516256,0.004696240870464113,-0.00020977915046612174,-0.0006660245062328616,0.0007398026664286376
2021-02-10,0.003654430629279855,-0.0065896837879395416,-0.0022813709234731526,-0.0004357143009866992,0.00663150003707986
2021-02-11,-0.008723013798522866,-0.0011468106171505735,0.005484166881840285,0.0016137894161710486,-0.005489729986982916
2021-02-12,-0.003041852351548402,0.0028201552948197484,0.0055739953224653365,0.004927636808073103,-0.012497408515121291
2021-02-16,-0.014457496034195686,-0.006312111912195979,-0.0027085552013468637,-0.0008664772654108559,-0.015343444741478354
2021-02-17,-0.011417786234196115,-0.00786873181130805,-0.004809655734273365,0.00022972876067198927,0.0063303527378396115
2021-02-18,-6.0090224343136566e-05,-0.015608087581480716,-0.004381615730073605,-0.0042653679592048275,-0.004055003253420628
2021-02-19,0.004139970385631239,0.020638853353501366,-0.0043707827462346315,-0.0017673788292642345,-0.013381303992648017
2021-02-22,0.014858231751961605,-0.006504408749557134,-0.02626198072949448,-0.007721579559866081,-0.007637317961833657
2021-02-23,-0.0023033964742125187,-0.008844584290594917,-0.0029815408438199392,0.0012136030367469054,-0.002887894113624788
2021-02-24,-0.0007097783269727351,0.023354393318983323,0.008209207579180826,0.01095905080106635,-0.006581199229182315
2021-02-25,-0.018995808065307287,-0.03766065507198018,-0.03548480160705992,-0.02439064130994057,-0.016465718063661313
2021-02-26,-0.024480114534154506,-0.0013731938975159307,0.004178867195397656,-0.0051659662531341275,0.032524385524673065
2021-03-01,-0.0017319159550744983,0.03492859693505447,0.029638590960499284,0.023950914234565298,-0.013295320542124461
2021-03-02,0.005433148366520264,-0.019429227872210846,-0.016168951323078537,-0.007833882535786454,7.062481267960585e-05
2021-03-03,-0.011082728374520621,-0.01088369663395899,-0.029449549722956696,-0.013334112123765913,-0.010904611071531385
2021-03-04,-0.00988559566723337,-0.0283480115595756,-0.01650225854007833,-0.012452095475037018,-0.006470599342740079
2021-03-05,0.0006286134207733884,0.020980057779139832,0.014948510101542647,0.018229442151838565,0.0019452260224575718
2021-03-08,-0.010422315048141234,0.00472005457760549,-0.02872267250033688,-0.004990988181916118,-0.007805007633796405
2021-03-09,0.02104806019448947,0.020811382278311998,0.03868317995516258,0.01417656382708562,0.013762794224346163
2021-03-10,0.005085327698430273,0.017223429047410012,-0.0028584377562208972,0.006205072337581533,0.0020013379376659767
2021-03-11,-0.0008663865026826478,0.02176650369986398,0.02276989941515468,0.010088218644151624,-0.0072393486988786854
2021-03-12,-0.00018574519969141986,0.005882178313678155,-0.008145132428231922,0.0013459012570269384,-0.021449918309355588
2021-03-15,0.004386867610048303,0.0035470614860867917,0.010625997271467024,0.005945916315190369,0.00586286322172174
2021-03-16,0.0009244132771239594,-0.016863565437045883,0.005474082370298513,-0.0012621926102843065,-0.0040274780866669645
2021-03-17,0.0071195808075622735,0.007821910193968294,0.004108919955397081,0.0034040648319038315,-0.007510560257875524
2021-03-18,-0.0058269675795917875,-0.03090617498366088,-0.03110945135147918,-0.014656505407527063,-0.010178209307454862
2021-03-19,0.004174394816826358,0.007518981078959766,0.0035189008273596007,-0.0018521229557659316,0.006178564372599728
2021-03-22,-0.0014713433816878438,-0.0075635742714454035,0.018579463053921046,0.007953483092022578,0.011143712314325064
2021-03-23,-0.007327408483150656,-0.036948054641849165,-0.004372105065268672,-0.007902198035318197,0.008986061644296836
2021-03-24,0.003454859203276189,-0.023398923159387904,-0.01700905986865383,-0.005096413283604886,0.005368037016655984
2021-03-25,-0.0036402714825327686,0.02343308511449271,-0.001733178938595407,0.005609788182751863,-0.007916717762238666
2021-03-26,0.002839374216722469,0.018067135419389726,0.014888988692538616,0.015986513865150546,-0.0035058573680928056
2021-03-29,-0.011967328788777756,-0.028553024498040612,-0.0002849974698055435,-0.0005053133529712204,-0.008524750872346241
2021-03-30,-0.01723957501602924,0.016697605487828546,-0.005045563407423944,-0.002656370104807247,0.005226337703835124
2021-03-31,0.015053975494509144,0.013350163475695509,0.015187132141503766,0.004045182883427752,-0.005595351534565012
2021-04-01,0.012549018493591777,0.012593481241590676,0.016902683360951944,0.010741181748637344,0.016460655623606168
2021-04-05,-0.00037046965366193687,0.005482222755275027,0.019767646140822142,0.01425092614951039,-0.004372580852557932
2021-04-06,0.007996616729269289,-0.0029377671735550848,-0.0006948104225853423,-0.0005908480332878338,0.0067694467231490885
2021-04-07,-0.0028223021365765604,-0.016270233861906055,0.0024152840899172414,0.0011569036099503462,-0.006988650164275858
2021-04-08,0.010694635856861524,0.008437854803802491,0.010379719556775488,0.004735526873820352,0.008221333224882695
2021-04-09,-0.007566026934120144,0.00013476044568468416,0.006039932745263492,0.0072437382554952825,-0.0036295489311979376
2021-04-12,-0.006082067490100263,-0.00391632151596656,-0.0013061366684669774,0.00036460102185784695,-0.0004363467777965995
2021-04-13,0.007061488473290135,-0.002619257037459441,0.011605651968339615,0.002959231694325352,0.0074655186939032985
2021-04-14,-0.0043537794872208335,0.009809720426016938,-0.012080889804983438,-0.0034207653219641967,-0.0031822141054759032
2021-04-15,0.0160335365383925,0.004334086682498822,0.015041807142068545,0.010685011970758032,0.016596174849126826
2021-04-16,0.0060295628147861114,0.00160383465426739,0.0011701803040613907,0.003336755891644866,-0.007796802844704456
2021-04-19,-0.0027691247303623773,-0.01308317062834941,-0.009194049935907958,-0.004925027328833978,-0.002876698279838274
2021-04-20,0.003550241996940974,-0.020687839585886464,-0.0073151575806269555,-0.007348566983843821,0.004598548736307492
2021-04-21,0.009862362310853667,0.024154538385107036,0.008524474692706709,0.009417511774052445,0.00200497915521711
2021-04-22,-0.00650425423162094,-0.004143443893165056,-0.012127818962708358,-0.009174988742859424,0.004354627599512383
2021-04-23,-0.0038387727937765547,0.018688839825358353,0.012510982892605209,0.010784298087803297,-0.0023528958472848935
2021-04-26,0.002640755671589698,0.010355489674744553,0.006490045057070075,0.0020852336340574248,-0.001429481434571535
2021-04-27,-0.0025205449092440876,0.0014893058241322841,-0.004341772833228043,-0.00021546116126708553,-0.008761007627329401
2021-04-28,0.002940064461277065,0.0017057319399579377,-0.003386402302133919,-0.00028740582719957,0.000648543585621795
2021-04-29,-0.004142547462168167,-0.003721138269372976,0.0035922889815407514,0.0063526429097610325,-0.002959243427621207
2021-04-30,-0.003374702192485256,-0.013690469426425414,-0.006576129403387253,-0.006592341025577551,0.002310699841999343
2021-05-03,0.01289485518814097,0.004879101718027021,-0.005339788661423105,0.0021543603535653473,0.0005988239308177051
2021-05-04,-0.007356686965198023,-0.012019259345528322,-0.018159680981089183,-0.006188413572220828,0.00676368676475227
2021-05-05,0.00413361336698124,-0.003993733312250926,-0.003368021910051369,0.00031301244235037317,0.0016477289911561916
2021-05-06,0.016542002735280385,0.0008539838842944246,0.007509224206888722,0.007953751720684432,0.0016454005161201364
2021-05-07,0.00895658735382193,0.012500782353144571,0.008081422601756814,0.007251475632132864,-0.0049441539363651995
2021-05-10,0.0030259218728549953,-0.025751400142465318,-0.02557856701704326,-0.009951578329756797,-0.010178478076725261
2021-05-11,0.0001742848474817966,-0.0031918659473196905,-0.0013822803764521247,-0.008964986559751512,-0.005675872732279706
2021-05-12,-0.009983483413452903,-0.033010641120788914,-0.026223895885013643,-0.021474084656691348,-0.010563455264685433
2021-05-13,0.004098917859921596,0.018241952017220307,0.007701564594754683,0.011941175690730294,0.0015475832651076404
2021-05-14,0.009074563611959028,0.024132834069334013,0.02183661907448332,0.015238466675296903,0.009307884067497897
2021-05-17,0.011572105937362132,0.0013563851780254653,-0.006084787504428244,-0.0025478790352512592,-0.0021180449245887583
2021-05-18,0.0019442812059788442,-0.007619577969539251,-0.006773728577227181,-0.008652784653638978,-0.0025616689591541606
2021-05-19,0.0006853819629941132,-0.007724375390312411,0.0011478699254731922,-0.0026253100925055827,-0.002421735807235606
2021-05-20,0.004556871795741219,0.006630919486293146,0.019158415052119265,0.010700275565188447,0.008195346568724213
2021-05-21,0.00045446916842239933,0.0025945756151542656,-0.005550221073186174,-0.0008189789738084368,0.0032012052201144947
2021-05-24,0.001759487487714246,0.00647959687912441,0.016679439913278676,0.010142739068924298,0.003697481608074933
2021-05-25,0.009031903514378268,-0.0097126051409786,0.0013825544473908414,-0.0022212011216960594,0.009220779464238833
2021-05-26,-0.0017435678186662285,0.018482008883763824,0.003477703657969588,0.001982670790827286,-0.0017225722392797413
2021-05-27,0.0003940189892895408,0.010244818214550075,-0.003748079742748407,0.0005248004473704215,-0.004030997909090329
2021-05-28,0.0037630876338542248,-0.000664841225804037,0.0031491270551730773,0.0017871981630078132,-0.0015877661637622965
2021-06-01,-0.0026945732480542135,0.011288712647991677,-0.0033295442250737936,-0.0008813587464454141,-0.00022412366261674832
2021-06-02,0.004878526963101577,0.0011831161148844317,0.0019513435651142166,0.001571405497388266,0.0023125838318645217
2021-06-03,-0.019772420864664846,-0.00840026620232975,-0.010460645123086806,-0.0037182891755623533,-0.003760878766671025
2021-06-04,0.010725633264657355,0.004318817901791471,0.016827675990890245,0.009104237113384513,0.013602154286258536
2021-06-07,0.003999619209610979,0.013323310854440888,0.0029752928169509228,-0.0009705615750604729,-0.003078579195765518
2021-06-08,-0.003096867753862795,0.01053239619054337,0.0004751107767727767,0.00021307811168396411,0.007002117475596225
2021-06-09,-0.0019193434836643904,-0.0066776916104891405,0.00023742414498724868,-0.0014928875174839448,0.008790350692771443
2021-06-10,0.004285131517665339,-0.007443220124423152,0.010366607095926177,0.004637469695996638,0.005980396876918363
2021-06-11,-0.011316177890912231,0.010499151853467267,0.0026114644388339275,0.001651035523205246,-0.0016142479077431897
2021-06-14,-0.005878166410042197,-0.0029392353508710645,0.009537256509793132,0.002236586176955231,-0.007689179611938862
2021-06-15,-0.0037848631237422004,-0.002860847783957548,-0.006552518336760157,-0.0018359404393983676,-0.0012046208485350814
2021-06-16,-0.01703600368035545,-0.00212933412082431,-0.003659069568740743,-0.005598919679212447,-0.0008509611688644408
2021-06-17,-0.03122282591641038,-0.011287229703057506,0.012618045888780995,-0.0003316165611826356,0.01486101634373862
2021-06-18,-0.005562705142465907,-0.022963789279715097,-0.007878371960653068,-0.013582244327115496,0.01863123978151618
2021-06-21,0.012173251058176099,0.02115819045158416,0.006195425296061062,0.014214421257346295,-0.016884886777500503
2021-06-22,-0.00420166857422807,0.00452978873003214,0.009278623493264767,0.005331982295024192,0.0024396332776084654
2021-06-23,-0.0006618767987564016,0.0032852032674936973,0.0004889964836725053,-0.0012061445776217089,-0.0025790380739987356
2021-06-24,-0.0006021199876096117,0.014026930970043443,0.006163872785772197,0.0058984191883992496,0.0016035640612326158
2021-06-25,0.003306999189259349,0.001680437221224212,-0.0012298286088309452,0.0035457359962417865,-0.01043719299242759
2021-06-28,-5.999643961855651e-05,-0.007952977004845254,0.012088142431668086,0.002013991834710841,0.010228601541403173
2021-06-29,-0.010561034647227364,-0.0047849357454119515,0.0036124831123819016,0.0005379495743907116,0.0016712910962949808
2021-06-30,0.004841763592293601,0.0001307921490052069,-0.0015787894539004352,0.0008412097610918213,0.004443476713613718
2021-07-01,0.0034354496150826534,0.0087683633057075,0.0003949532233543941,0.005521313523648579,5.5840111408729316e-05
2021-07-02,0.0065369291506959725,-0.009553302363004869,0.011413340831672066,0.00761453521857454,0.006015699492431443
2021-07-06,0.004949187883217545,-0.014636094513009448,0.004312401575747352,-0.0018231048199447474,0.01165297356905698
2021-07-07,0.0037995736126820853,-0.009341333879178498,0.002107790021283086,0.0035277711036784043,0.008820491203046604
2021-07-08,-0.0006520293887520076,-0.009249087870686278,-0.0060580296216619,-0.00818118718033104,0.0039098448602821615
2021-07-09,0.0033150614410246745,0.02089018258563711,0.006224281621924667,0.010618021572280052,-0.014162278471141342
2021-07-12,-0.0012418718351821449,0.0008389316449321156,0.0038979908692408105,0.0035754935034523773,-0.0012976744350402592
2021-07-13,0.0013009357869861221,-0.019026095176912252,0.0,-0.003414794780586914,-0.007682890761545972
2021-07-14,0.010697757313475486,-0.015549971815696631,0.001792113005141097,0.0014911406648946736,0.011297999469128555
2021-07-15,0.00017546425482688882,-0.005681582340677889,-0.007048130476039909,-0.0034213065395301114,0.010969963054279412
2021-07-16,-0.009751038308664077,-0.012391057235994004,-0.008132462056454647,-0.007874465997517503,-0.0018876041439507202
2021-07-19,0.001179853512608669,-0.015093511458391308,-0.008227534519671021,-0.014878272508888943,0.02169183887664327
2021-07-20,-0.0012979424872485647,0.03055836076256112,0.01154979016479446,0.014228985665885532,-0.009686327457090516
2021-07-21,-0.003726190289074976,0.017077343676925056,0.0076904169848911325,0.008063593629870771,-0.012747932561515468
2021-07-22,0.0019535411866020086,-0.016024205648357676,0.006588507460383354,0.002092023871187443,0.009408411986766552
2021-07-23,-0.003139340880551927,0.004656724634669972,0.011609829782629403,0.010235221498531085,-0.006711010340487904
2021-07-26,-0.0023758261058627853,0.0029108721143979266,0.0007875554222147404,0.0024518841685518696,-0.002967542421747074
2021-07-27,0.0016636888817755746,-0.01174052366772838,-0.011079350165145233,-0.0045680815483339805,0.010614804989471021
2021-07-28,0.0050335632022407,0.014597543689338655,0.0038342973057483194,-0.0004100255711086104,6.709609356597225e-05
2021-07-29,0.011044023020098688,0.007669075739234616,0.0017754229709955483,0.004138778391651851,-0.005562201186681992
2021-07-30,-0.007918108309762988,-0.006628096325380719,-0.005225430370254004,-0.004868300936972651,0.004692928528495312
2021-08-02,-0.0012374082182159806,-0.004988556198099091,8.226102166814212e-05,-0.0021002446734638158,0.008879695738911574
2021-08-03,-0.0007077270423842932,0.004128665890355835,0.006043127722724566,0.008102709931230658,0.0005309137234467737
2021-08-04,0.00023593466942563418,-0.012529348902106198,0.0014438190841150127,-0.004931058091622337,0.0020545737001917207
2021-08-05,-0.003959922253451811,0.017812896344306346,0.006322757648390248,0.006312622442384542,-0.005110711653990698
2021-08-06,-0.025308704477345147,0.006106512511009539,-0.004391725331104138,0.0016512071346159482,-0.016841990622476252
2021-08-09,-0.017894816057729707,-0.00552109839245117,0.0018459776340678934,-0.0008139863938383968,-0.0035926449210369952
2021-08-10,0.00030914743149373187,0.0019786222387724083,-0.005139155852077927,0.0012432194063993545,-0.004628897886192075
2021-08-11,0.01369082807188368,0.004884710362412948,-0.0017186808530953363,0.0024818848029378063,-0.0006142766017380838
2021-08-12,0.00024383177142714218,-0.0023722313617566323,0.003598056809773206,0.0029924971721927316,-0.0016396551151525102
2021-08-13,0.014224167163591615,-0.009138403789185697,0.0035036739428081476,0.0018182029970365415,0.015672704729391303
2021-08-16,0.004975891262677384,-0.009359313020626644,0.00043345204406846553,0.0023516838355920416,0.0024200230446290486
2021-08-17,-0.001496155150116038,-0.0122629951407436,-0.008846721125723662,-0.006576758032299065,-0.0004026623936529743
2021-08-18,0.0007783092556947036,-0.008772006812584854,-0.009671476419946076,-0.011005278722535696,0.003353269952366146
2021-08-19,-0.0029367165231408677,-0.012053129964116097,0.004820236245204334,0.001547117627618409,0.007338476116638054
2021-08-20,0.0005400158455303154,0.016750396723629088,0.010304586054995164,0.007925545280805062,0.0006645679459245778
2021-08-23,0.012104007439095057,0.018845143532361226,0.014845841252629464,0.008758213900541371,-0.0006645679459245792
2021-08-24,-0.0004742535717267673,0.009787290593173407,0.0030499518010426003,0.0015861845950800439,-0.007807187389748598
2021-08-25,-0.006961609676564189,0.0035104294853784057,0.0011479608960754805,0.0020961263898794207,-0.008340896141798327
2021-08-26,0.001133835388463418,-0.010660270448748108,-0.006370293595021041,-0.005920814801762738,0.002765279093238952
2021-08-27,0.014917723322635659,0.02781130850336832,0.009673318457309947,0.008901383292798387,0.006780414065885406
2021-08-30,-0.004947859047149437,-0.004116183939116407,0.01115970115564862,0.0043878656400619005,0.0026059181342207986
2021-08-31,0.00200564206756742,0.001949660752579488,-0.0008155982578610941,-0.0014826849205390395,-0.006829967950588162
2021-09-01,5.88968847449306e-05,0.006705480030028118,0.001656662735953399,0.0005312564505096256,0.0016738314125113473
2021-09-02,-0.002655242464544409,0.006922887754368087,-0.0004731818176225153,0.003071763734013937,0.004355941358202762
2021-09-03,0.010637446088029513,-0.004639084912373194,0.0030710705164878477,-0.0002427704572105233,-0.009136164903253714
2021-09-07,-0.019778020504279115,-0.006911187764301639,0.0014141981733712386,-0.003581665925783607,-0.008471262588851457
2021-09-08,-0.002507544166051433,-0.010970304529826645,-0.003486811463476549,-0.0012191704083257713,0.0067832326414888
2021-09-09,0.004413734414974538,-0.0004915006746916728,-0.0034461004966247705,-0.0042894014877520835,0.012027622026213158
2021-09-10,-0.005071495164425335,-0.009833218503138123,-0.0076184694171475085,-0.007915631608300734,-0.008856261727558098
2021-09-13,0.0033441618437189445,0.005669406580369497,-0.0006907459693322073,0.0025557680581872583,0.006046602516452206
2021-09-14,0.006417907636002404,-0.0128242095201636,-0.0028470140879516548,-0.005411049086165091,0.012050192736101374
2021-09-15,-0.005881528710091136,0.009003289706373162,0.007407318501015839,0.008317952614863107,-0.003513046138880192
2021-09-16,-0.022902242747818987,0.0007202146917959148,0.0006871066573462636,-0.0015863585519292182,-0.0045929156923842735
2021-09-17,-0.0015862999324902439,0.0013044137563542166,-0.011912579337419113,-0.009788817001141707,-0.0048152774195424335
2021-09-20,0.007118755657039398,-0.024064665817627975,-0.020879706371426374,-0.016814792507530648,0.012326062884081302
2021-09-21,0.00664689654260444,0.0015183672645187926,0.0012295770016669174,-0.0009450730045397976,-0.0008613562835945946
2021-09-22,-0.0037409995549623856,0.01541910577493688,0.009296992111111735,0.009707544871942283,0.005946822145918747
2021-09-23,-0.011613566243419594,0.01754572221916239,0.009184972565746881,0.012076504226172359,-0.022856248253404102
2021-09-24,-0.0012850982867509395,-0.004834872116200233,0.0009376962618593179,0.0016461392082627734,-0.009821529525618019
2021-09-27,0.0020798706668898187,0.015084032118870272,-0.008014154876864226,-0.0028651163366490064,-0.0036826300729801875
2021-09-28,-0.009763940911599527,-0.023005990364523558,-0.028705673112248205,-0.020357607759080205,-0.015699578903276067
2021-09-29,-0.0045149330127863515,-0.0021260361125443787,-0.0016406745870061708,0.0016817894786882543,0.0017334690482311355
2021-09-30,0.01781698430701417,-0.009418508841250164,-0.0036809480646955123,-0.01229773569828344,-0.00013866526050293398
2021-10-01,0.0022505110921036547,0.01600848840190607,0.006182713928484347,0.011814125944628452,0.008381080187244292
2021-10-04,0.004667408258473528,-0.009129196987530152,-0.021213150201628554,-0.012979798803849652,-0.002548963714604434
2021-10-05,-0.004667408258473519,0.0034444475495087855,0.013408884244977284,0.010351115453060522,-0.009703643291212772
2021-10-06,0.002669757352534067,-0.005216812577252108,0.006387375877264841,0.004147376811125694,0.005625778185237936
2021-10-07,-0.005285683868044846,0.015300606680969489,0.00913318057388973,0.008608615947810448,-0.010512861252555005
2021-10-08,0.00042627404378714777,-0.007553224033188497,-0.004999227350313161,-0.0018254084718862412,-0.007023498558802632
2021-10-11,-0.0018893655741350408,-0.005747984569944903,-0.007699151322279986,-0.007266167831184758,-0.002540639218587149
2021-10-12,0.004504271350483098,0.0054771295703156505,-0.003493892358288214,-0.0024645971962417744,0.016955269848381388
2021-10-13,0.01763773443447277,0.004728678815534907,0.00797611041039629,0.003591216467553083,0.00967930964250778
2021-10-14,0.0024434808580754102,0.014718172003645816,0.0182490697558881,0.016680831653500837,0.003708900855482388
2021-10-15,-0.0160204917648545,-0.0031485771653316703,0.006280916138646931,0.007586932557016584,-0.005844187554172561
2021-10-18,-0.002482990902389477,-0.0005774431477094504,0.010005495638181466,0.0029561788560993124,0.004678006309958155
2021-10-19,0.003208519186409284,0.0037260203130410584,0.007539166317499978,0.007685346287461362,-0.013890780502346513
2021-10-20,0.008725778175468667,0.006618911941434074,-0.0013060003284399596,0.003919935022987974,-0.006773445121688124
2021-10-21,-0.0008991093021597419,0.002547619074926355,0.006088406784245497,0.002604922105753596,-0.001191313772221105
2021-10-22,0.006098334452755203,-0.002371710239634058,-0.00843786838472996,-0.0010369248255282927,0.01095259183436528
2021-10-25,0.006890365329616705,0.00945348721426283,0.010185871247625673,0.005348538232435455,-0.0015273388362085623
2021-10-26,-0.007427027125168416,-0.007564542796318713,0.0031435695189271726,0.0008996898364285821,0.008234415209728074
2021-10-27,0.0026206236403640355,-0.018561276595570556,0.0023183884196521596,-0.00444002032836553,0.0180314607610184
2021-10-28,-0.00023791366260843256,0.019745844314939514,0.011044200450035381,0.009602620403486252,-0.0033896185004397682
2021-10-29,-0.008544299301700552,-0.00026324171721709056,0.00490703105713146,0.0020269347186142967,0.003051089299003398
2021-11-01,0.005207004497418708,0.025585426463664428,0.003413039653589853,0.0017188572717467307,-0.007226028042657777
2021-11-02,-0.0021513131388870075,0.002092162872111368,0.004172399607616564,0.00403486884551339,0.004428855824741216
2021-11-03,-0.0083501482773226,0.017713770810972307,0.010559798457823814,0.006086698865455032,-0.010387307799953846
2021-11-04,0.011277125295739413,-0.00037719048140578797,0.012736969697842876,0.004701421867322445,0.010455344700983391
2021-11-05,0.012978359326946427,0.013573230637708402,0.0009540005209210367,0.0034635075391455834,0.014845330385351043
2021-11-08,0.003585184846901929,0.00309681850084665,-0.0013557253614975685,0.0008533043715655772,-0.0018772371490056686
2021-11-09,0.004916006634195484,-0.0058297926863950175,-0.006907318494436401,-0.003310566193131948,0.012934085478294865
2021-11-10,0.010800248284572371,-0.015883331713728698,-0.014805915433041284,-0.00807748238990599,-0.018452383381583237
2021-11-11,0.005586453042738802,0.008014980019289424,0.0027690108486819547,0.00032341129372714163,-0.0014853823398993883
2021-11-12,0.0018934614978916627,0.0010024531439691584,0.010467488971563486,0.007518523368340148,-0.004401860643839946
2021-11-15,-0.00154894492430588,-0.003974357901689851,-0.00022828326518802187,0.00034242652859273507,-0.012636409948418916
2021-11-16,-0.007260156004477963,0.0018427738281174156,0.007095792580332436,0.0039499561094807085,-0.0025468495151860725
2021-11-17,0.009095692432078762,-0.013183253638907799,0.0005284737000407862,-0.002432236117075437,0.007893761437567327
2021-11-18,-0.0032143154449525086,-0.004249012625405169,0.010307917555458481,0.0033906016318992712,0.0037534390116620276
2021-11-19,-0.007675708262916443,-0.00915345394775949,0.005560307775715374,-0.0017896971491927504,0.010503013951292765
2021-11-22,-0.02267561664312034,-0.004263120983682158,-0.011677299486454533,-0.0028191753166608405,-0.011797978828651155
2021-11-23,-0.008690053468478977,-0.0017275646820913617,-0.004568412346413502,0.0013251144512717837,-0.014565074794554437
2021-11-24,-0.0009569597921073518,0.0010802429660437514,0.003215143645436068,0.0026662836360749876,0.0159279052550885
2021-11-26,-0.0016168462526691021,-0.0384265889262492,-0.01914084548419787,-0.022555661545630476,0.024955414432901273
2021-11-29,-0.0013795005365548109,-0.0006283849942218308,0.021470311101005186,0.012191978662015749,-0.008070743096332555
2021-11-30,-0.006744546424564762,-0.020596035966437044,-0.014795211503870741,-0.019649542275293676,0.015087651223500836
2021-12-01,0.003980006790395922,-0.022762463395549784,-0.01715926680302096,-0.011169276885065863,0.006149672172868679
2021-12-02,-0.005552205835401061,0.02751805168194575,0.007181231252437549,0.015200356709822555,0.0012467134338208317
2021-12-03,0.008376819081740972,-0.02074180910792788,-0.01754154936509569,-0.008739522605553144,0.011861122706430131
2021-12-06,-0.0024635953850727986,0.019874594431277013,0.007981006922036696,0.011773727703541449,-0.01383032254533019
2021-12-07,0.0035432060613326127,0.022929497563435958,0.029669340412042056,0.020473738936377762,-0.008112624700766183
2021-12-08,0.0005393685677794685,0.006804074980601598,0.00446418874636164,0.0026446033003075364,-0.017435312777561673
2021-12-09,-0.006130129283900702,-0.022908060663151326,-0.014823346662718284,-0.006774403742893193,0.005577662803216857
2021-12-10,0.004211020685246302,-0.002770070474650712,0.010811663217350225,0.00936946002313601,-0.0024152604750044913
2021-12-13,0.002518126917516811,-0.014721820428726301,-0.014552189092351966,-0.008897838003576401,0.014670714975885873
2021-12-14,-0.009385206339641532,-0.008646777738296987,-0.010404343631667576,-0.006903670156737544,-0.002386274634499214
2021-12-15,0.004282351988516796,0.015749958761481744,0.022541538158889672,0.015504144613029317,-0.009667766945784226
2021-12-16,0.012024970840539904,-0.02042967025340362,-0.02605099451578579,-0.0088577394257414,0.00038874711295330925
2021-12-17,-0.002143116686188639,0.009151981684498078,-0.00500154447478283,-0.010699752927327083,0.011267256029148916
2021-12-20,-0.004240244730917084,-0.01413683181392144,-0.009747731958459476,-0.01069038504370376,-0.007520044783372396
2021-12-21,-0.00041897618344674124,0.028168174275155312,0.02213343645396203,0.01760304738810238,-0.0038145154333466746
2021-12-22,0.00935611880010715,0.009579313138765212,0.012105086374143556,0.009948912577373199,0.004616674922570639
2021-12-23,0.002251481491211197,0.007958018185913504,0.007510752353091564,0.006202997141064953,-0.00871514162977654
2021-12-27,0.002364450476828884,0.009323990375602496,0.01639230074475396,0.014052896901330925,0.002420667994166202
2021-12-28,-0.004319380340024978,-0.006131515166084819,-0.004645639339137349,-0.000817539523565484,-0.003970930215940483
2021-12-29,-0.0002965516280151311,0.001076770672212146,-0.00014932168548017767,0.0012784590946385858,-0.010984539689288595
2021-12-30,0.007151581744182501,-0.00026912004145376053,-0.002993158159516431,-0.002768438504014361,0.008351127659014574
2021-12-31,0.006808358432551388,-0.002155354863805626,-0.00626384392215295,-0.0025234736443243456,0.0019592815898420383
2022-01-03,-0.015503300973700684,0.01281904905836251,0.009580400337747746,0.005773217888400628,-0.026600818409700903
2022-01-04,0.007339514803169255,-0.0015099185221164849,-0.013055072729875246,-0.0003348291701731924,-0.004167070065866645
2022-01-05,-0.003012197052209778,-0.03445659582521035,-0.031203012675257102,-0.019389052215012536,-0.005442318755657755
2022-01-06,-0.012319703780209438,0.005688698389501001,-0.0007029155642063192,-0.0009396987839336598,0.002585387772989563
2022-01-07,0.004540812572282988,-0.011641272629703882,-0.01089178286797467,-0.003961306809793437,-0.007214294549993355
2022-01-10,0.0030355936239956378,-0.0034771233690060618,0.0006579169769538206,-0.0012451963928877133,0.0024573521902025125
2022-01-11,0.01199245713664559,0.010579173611212175,0.014910258130667306,0.009067020606935473,0.006639368727266334
2022-01-12,0.0026391371424113854,-0.007472288506958511,0.003957831422157162,0.0026998644657905326,-0.0038380938590153223
2022-01-13,-0.003402771341298051,-0.009209454445002875,-0.025334632571962674,-0.013874393584572882,0.008840540239778781
2022-01-14,-0.002883829150556528,0.0014008171521126243,0.0062035269979370195,0.00040891678002436167,-0.015224493018535824
2022-01-18,-0.0016516182679313014,-0.030703064701189414,-0.025209291715469352,-0.017868269851582796,-0.01417422227396528
2022-01-19,0.015755750605134237,-0.01639700566754305,-0.01104440634194809,-0.010437757418972795,0.006899478951793849
2022-01-20,-0.0025020112544038944,-0.0182630821566532,-0.013073656942358148,-0.01112967096589137,0.006147901255125955
2022-01-21,-0.003267771913809988,-0.01890722656896751,-0.028120116980504182,-0.01982598210835862,0.011836536061728267
2022-01-24,0.005479160681096094,0.0227850020213515,0.004567269840545091,0.004237677734192567,-0.008249578326961571
2022-01-25,0.003192034576976311,-0.013437656068697403,-0.02345440654597286,-0.012284207621249498,-0.0016162507513011776
2022-01-26,-0.01629856790431354,-0.014539067272982764,-0.0015657463136200252,-0.0025118434249604945,-0.012166948698956478
2022-01-27,-0.01298211532059733,-0.022969238241910803,-0.010121566258626091,-0.004950221424695042,0.018195880593035958
2022-01-28,-0.002987752337666492,0.019288584809387752,0.03088702100299496,0.02453212406460535,0.00034965310090901504
2022-01-31,0.005907056331230696,0.03021758262217001,0.03147790356838665,0.017850788325516814,-0.00518327948655039
2022-02-01,0.0008325368758188378,0.01047960164490888,0.006780268869671994,0.006734074051368369,-0.003325229121565438
2022-02-02,0.00361943388995412,-0.009982914228271002,0.008092494074066002,0.009667295397072765,0.0033811011130249423
2022-02-03,-0.0014224174555621005,-0.019104578937580118,-0.0413887857260436,-0.023785636375065315,-0.007836504967602688
2022-02-04,0.0015408910869810946,0.0042937886596909934,0.012536202460233205,0.004691219106180041,-0.014852227357424223
2022-02-07,0.007375317353577323,0.004927910830652892,-0.00807688665733487,-0.0032143539276433242,0.0006477302810621488
2022-02-08,0.0030522079460774463,0.016910693624944222,0.011172743435505086,0.008193862436200596,-0.0067084525357623236
2022-02-09,0.003393414275398407,0.018810089248987055,0.0209691911672077,0.014530243804816372,0.0018796675987588977
2022-02-10,-0.0038037857675304026,-0.01546191926745629,-0.022892663912722593,-0.018128968977932064,-0.016019941888271588
2022-02-11,0.018875607865561438,-0.010177218612364905,-0.032235593780811804,-0.019915870710464634,0.014718804119785593
2022-02-14,0.005336451777182292,-0.0034821114802261696,0.0012381725098106302,-0.0032745863939443614,-0.012519139811910444
2022-02-15,-0.009545260370239185,0.02645587104922104,0.02456004754563715,0.01599832569579576,-0.011417862154618034
2022-02-16,0.01023173130733765,0.002084609598145083,-0.0002526874199324633,0.0011201289669915426,0.005909505156159026
2022-02-17,0.013575508168976262,-0.025952725971445916,-0.03019520170614511,-0.021593017802179666,0.007410646438429415
2022-02-18,-0.000733724019731723,-0.008635472471607388,-0.011471081581632072,-0.0064961859957009685,0.01047196255111347
2022-02-22,0.002086858856896338,-0.014187572781091931,-0.010094409375743645,-0.01078942810844551,0.0026009611078884843
2022-02-23,0.004497100140272996,-0.018889802128309027,-0.025948938057277663,-0.017897909713455257,-0.013877482724182112
2022-02-24,-0.006471023453826176,0.025882344656403152,0.0330524391620869,0.014936994000944004,0.0006583822832276667
2022-02-25,-0.0033362372759372606,0.022270981225905494,0.015387735279302168,0.02182415115938209,0.0007311851485880208
2022-02-28,0.010311993951243732,0.004041355008750568,0.0029744538217005745,-0.0025617874710471725,0.02168151808282541
2022-03-01,0.01800043176575384,-0.019017228304537025,-0.015429933635627406,-0.015347558978218535,0.011495664062825579
2022-03-02,-0.010460864384517259,0.02353179221171212,0.016640281153079816,0.018229081302708817,-0.0347805271323919
2022-03-03,0.005935763844875876,-0.011919577081535002,-0.014387919703449862,-0.004990776297272931,0.01013355405415994
2022-03-04,0.015803608419049087,-0.015781322368118016,-0.014597864835620006,-0.00815789623211864,0.017116933944112414
2022-03-07,0.014753495270293054,-0.02518116997646485,-0.03757850419453942,-0.029922489176500606,-0.007659222743531135
2022-03-08,0.026991429368426304,0.005508113957498648,-0.004659012637786711,-0.0076105345351802625,-0.0101106605922474
2022-03-09,-0.030161495266205762,0.02779454495840156,0.035365505894534646,0.026457615579051914,-0.009846910487854623
2022-03-10,0.003116366878477797,-0.0017991105696183612,-0.011167199586006342,-0.00452579218326703,-0.014471678440923263
2022-03-11,-0.007052696024243029,-0.016085036482715177,-0.02095609852550691,-0.01279636919982641,0.003340881293254031
2022-03-14,-0.01518847505814139,-0.02064572056272557,-0.01939177478151452,-0.007335267139948562,-0.02362574550587709
2022-03-15,-0.018882610033681094,0.015805060158769587,0.030885207089662626,0.02175200851157184,-0.0017469668149764253
2022-03-16,0.006241285995487705,0.030979003534138176,0.03641533992839705,0.02193196811097744,0.009759832384820801
2022-03-17,0.004876733952655098,0.015575643052365,0.012033742760797427,0.012433394070469577,-0.007481463195048109
2022-03-18,-0.008828710707897394,0.01047608345309821,0.02026118305700813,0.010893207061871297,0.012138498154930044
2022-03-21,0.00761175501954624,-0.008868285558788104,-0.0027840659023710096,-0.0002924942748563798,-0.023428875028344842
2022-03-22,-0.007277189924242526,0.009977324908028237,0.019462227757638798,0.01163362084357436,-0.012894477067395731
2022-03-23,0.013567209576051467,-0.017501677552642123,-0.014475684412886379,-0.012962137702752851,0.021678275108859064
2022-03-24,0.007234137513108609,0.011433095128476267,0.0219834088018186,0.014961820418155402,-0.007863426996502615
2022-03-25,-0.004103860537691329,0.0013593527793038323,-0.0008347092753317092,0.004871700169046488,-0.013970237894057934
2022-03-28,-0.018371517706821095,0.0003396663699650416,0.015354096393837077,0.007087799764488013,0.008513358357799879
2022-03-29,0.00044668806848975184,0.026419274137778958,0.017063329655700107,0.012295047346611377,0.007524269232284423
2022-03-30,0.008006283379257595,-0.020278838445917463,-0.011107273181878393,-0.006194009250443055,0.00777121375763151
2022-03-31,0.00038752078804877134,-0.010612481791742744,-0.012472051506069216,-0.015511086459797575,0.002425919562395702
2022-04-01,-0.00638621587890147,0.011142645677984146,-0.001905028948318379,0.002830179264280143,0.0037991334566785
2022-04-04,0.004835061682683925,0.0016365698829747997,0.02037947003361384,0.008530173650420317,-0.006973847082942832
2022-04-05,-0.006284549046099261,-0.02394854976415735,-0.022454409936168755,-0.012711740294642606,-0.022851749818180625
2022-04-06,0.0023404756196963713,-0.014289563031681104,-0.02195061620405677,-0.010049683269749178,-0.008126774213634318
2022-04-07,0.0037777415804506904,-0.003253476558064156,0.002375116440962743,0.005026285959563282,-0.007560814308749281
2022-04-08,0.006246419748615932,-0.008003304360096983,-0.014077922708193448,-0.002677512844651253,-0.010890061714062519
2022-04-11,0.004947206140849894,-0.006744465596239916,-0.02394130099076011,-0.017240118035857576,-0.015951549920998714
2022-04-12,0.007647435301758943,0.0031497536677660707,-0.004233548396151695,-0.003712082087871927,-0.0013812180551683127
2022-04-13,0.004777109287769396,0.018841430102149236,0.020123288547651937,0.011388526919856463,0.002030698620124522
2022-04-14,-0.0033090194372706765,-0.009753335671077473,-0.023132717595618447,-0.012530042214850537,-0.020248662204766385
2022-04-18,0.0030924062818564585,-0.006757883677307033,0.0007678811682179568,0.0004113218148747584,-0.004981552825570853
2022-04-19,-0.015228268112133887,0.019741252655326308,0.022105062921717798,0.016013624873619216,-0.007518802071022897
2022-04-20,0.0048830061930919995,0.0038127970432199456,-0.014692085545715449,-0.000741823412169476,0.019925811412303717
2022-04-21,-0.003563943502360224,-0.02264333740735842,-0.02090800993425314,-0.015066497661771247,-0.0074254565157098615
2022-04-22,-0.009769661352400816,-0.026225922624922886,-0.026534870667797385,-0.02782249823426895,-0.0063142321712906496
2022-04-25,-0.018134432520229594,0.006054053754125153,0.012763804244493296,0.00578063420645609,0.00995102078467087
2022-04-26,0.0015238553873300224,-0.03202680579567031,-0.03847555310081265,-0.029388387630056374,0.010016862031429452
2022-04-27,-0.007585723242633687,-0.004163254931605003,-0.00119874569651606,0.0028078898349782476,-0.012908895082041166
2022-04-28,0.0053838047894630165,0.01849507949740924,0.03489936733673169,0.024945558826724012,0.0014885023678314739
2022-04-29,-0.00011298334784093811,-0.029304334526774892,-0.046042377839378805,-0.037655642152286395,-0.01305762234511467
2022-05-02,-0.01871452290294498,0.01043473112905015,0.016558131653988187,0.006001325709798454,-0.01748600671606932
2022-05-03,0.0026457593569150124,0.008524972749652623,0.0010666903107236108,0.004573416803927107,0.0067189823163524565
2022-05-04,0.009774616775434711,0.02633588283459145,0.033253469077795264,0.02999855557109976,0.005494911907805705
2022-05-05,-0.0038184194446891804,-0.041410010699673414,-0.05167660222310126,-0.0361897821756847,-0.027780583316639462
2022-05-06,0.0016545049194706565,-0.016782667041226607,-0.01205339781064724,-0.005986832825669376,-0.01484503069813541
2022-05-09,-0.014585347642546313,-0.04297403064603677,-0.039913016198434424,-0.03254107332943149,0.008758766610785004
2022-05-10,-0.00848106565352078,0.0002859475682621678,0.012075649922330433,0.002307921321988244,0.009028689004876958
2022-05-11,0.008133958004822058,-0.025178590931589827,-0.030107023491394366,-0.01601380766782671,0.019089102631209682
2022-05-12,-0.015452706170676834,0.011655172575457923,-0.002366973386381258,-0.0010444014070597517,-0.0018672122695985972
2022-05-13,-0.008142627698810948,0.031200126004979463,0.036389798611552185,0.02362662766042616,-0.014891117299435036
2022-05-16,0.009493279652076629,-0.0047851515925323084,-0.011659529244123362,-0.004065866596616706,-0.0010352537430311773
2022-05-17,-0.006299094085683991,0.030125082914978302,0.025571727052077133,0.020361845178507903,-0.01215692838748622
2022-05-18,0.000531343704844183,-0.035670268110136454,-0.05033635249380818,-0.04114676376782231,0.02109329597231665
2022-05-19,0.014590277160260899,0.0016440954047983976,-0.005372650794916498,-0.006143615205563216,0.002392377270979394
2022-05-20,0.000697767757192036,-0.002552202701082299,-0.003112733270736806,0.00043668150005315824,0.011286112830622459
2022-05-23,0.004639589893868967,0.012024161024878615,0.016490675606277542,0.01853709641633978,-0.01659106874378095
2022-05-24,0.007493711725538028,-0.01492474868194006,-0.02149137749219736,-0.007663041661971131,0.019539963332156404
2022-05-25,-0.006048248796558386,0.01783843804894002,0.013898495601921511,0.008796090271160625,0.003946473765168866
2022-05-26,-0.001850609639927292,0.022078460951435484,0.027329889429864532,0.01978437793649519,-0.004535601700960854
2022-05-27,0.0005208853826908474,0.026570365610805453,0.03211833410746832,0.02425268723304345,0.0024383745220985633
2022-05-31,-0.009942270255165302,-0.012495004626192194,-0.0026564711552123353,-0.0056267600480776675,-0.021389209918463024
2022-06-01,0.0063488366174163004,-0.005682413061781295,-0.007423355179942012,-0.008121436962598655,-0.0011437336152067099
2022-06-02,0.012234040087981134,0.02412862411561102,0.0270175120176037,0.018864453914053746,0.0005160312747842587
2022-06-03,-0.010203900438868029,-0.009046951376432641,-0.026363960940004986,-0.016547635038289172,-0.0021522413087575166
2022-06-06,-0.004413447852864014,0.004320810392400286,0.003325566965357483,0.0030398921533572165,-0.018615734883977237
2022-06-07,0.006497267812168451,0.01599927736498363,0.00858875440615102,0.009546701675309797,0.010741641184385546
2022-06-08,-0.0009256257836888652,-0.015573530325965469,-0.0072225395918011324,-0.01093158437136696,-0.008899803205685997
2022-06-09,-0.0031883338247287547,-0.02094804531211911,-0.027149951565060244,-0.024070463815843,0.003325040841432429
2022-06-10,0.013323135228160962,-0.027503336838887834,-0.0359077677567867,-0.02942421684930782,-0.006221036635738803
2022-06-13,-0.02676735882447253,-0.04811855054796566,-0.047611979837422484,-0.03870773769219117,-0.03188210673654093
2022-06-14,-0.008035407203286724,-0.004829495543726525,0.001814073956465043,-0.0030178683772080204,-0.012693300869449618
2022-06-15,0.012966509676610984,0.014535453129235067,0.024665129472502278,0.014155514264782648,0.01848418915087365
2022-06-16,0.011180446816136464,-0.04742381094677972,-0.041183021196291525,-0.03365615783372648,0.00790799173580052
2022-06-17,-0.008256810144045654,0.007779482743991117,0.012086566494833131,0.002153479283507871,0.0032170212952050397
2022-06-21,-0.0037437854344901486,0.017761048061408085,0.024916184773751477,0.02486201985583027,-0.017097398100653124
2022-06-22,0.003977268335422712,-0.0019050811577750537,-0.0014595239678540971,-0.0018147248733538664,0.027128912463545558
2022-06-23,-0.006148118298448717,0.011906128387211537,0.014782980807011998,0.009754861166749727,0.008181410004152262
2022-06-24,-0.0009989609969459391,0.030502134115977783,0.033689613235851894,0.031298822094438294,-0.013939287379832665
2022-06-27,-0.0011176944418580068,0.00370549586972247,-0.007358324240158246,-0.003827005354574417,-0.008565459512011432
2022-06-28,-0.0016493806069405818,-0.01895615255691871,-0.03094062510664668,-0.02064412585031487,0.004648943580139133
2022-06-29,-0.0007666517068580592,-0.010200377862691384,0.0009164670109291166,-0.0008148786751396071,0.015487549504393485
2022-06-30,-0.006095587698335223,-0.007822309753992781,-0.012480638961478144,-0.008157419515602069,0.008743686104502376
2022-07-01,-0.0008313996785857856,0.012031790308480091,0.006578811248631387,0.010520941457934732,0.010214281047051603
2022-07-05,-0.021437799680384485,0.00824999544477858,0.016974781561259013,0.0018869545994048729,0.007826246872812925
2022-07-06,-0.01596901758740465,-0.007433855136437621,0.006391482211240893,0.0033714446403967707,-0.016933591230205103
2022-07-07,0.0005548992912700342,0.023391090246414958,0.021173190308426914,0.01486619695177508,-0.008839083501623842
2022-07-08,0.00043143823725389326,-0.00011398610939897269,0.0012536762514418502,-0.0008229424823944778,-0.011137954248476937
2022-07-11,-0.0053749265251639535,-0.020308532510200143,-0.02159583724406824,-0.011489437224677664,0.017097640487056563
2022-07-12,-0.0037236489059839332,-0.0034350159137460164,-0.009734802564989656,-0.008888244928474214,0.005924302818637125
2022-07-13,0.004776265963686179,-0.0008748897144083172,-0.002063184563838744,-0.00526569652705792,0.011401344926116287
2022-07-14,-0.014146649261641277,-0.010326473659449834,0.0035645255152891944,-0.00243136790185089,-0.008192237134806851
2022-07-15,-0.0020104758163567997,0.020604897902877718,0.017976817109372895,0.018924930640909374,0.005612355062229477
2022-07-18,0.000942949789432323,-0.002834906278089769,-0.008498751799324411,-0.008291125892612213,-0.010473169863468829
2022-07-19,0.002384623832616704,0.03467570543562194,0.030289738874503154,0.026660471654859113,-0.005409012767482433
2022-07-20,-0.009446509339211243,0.015547976327645896,0.01573227012691193,0.006352839890473168,0.0026208243967102856
2022-07-21,0.01401179660226555,0.00511115554534895,0.0142529216117452,0.010131769000718552,0.01712853986416018
2022-07-22,0.0024926409954947677,-0.01608059594767048,-0.01769089914271252,-0.009321456212394162,0.016671662912621593
2022-07-25,-0.0027423043036363935,0.005167030603391161,-0.005711993252228574,0.0012142798516865513,-0.009833590757008586
2022-07-26,-0.001186514317386386,-0.006170350489167195,-0.01984430051537774,-0.011901575040626293,0.0007662843033714277
2022-07-27,0.010133467249785824,0.02249618186618288,0.041391019418758696,0.025634834271832996,-0.005633475775771908
2022-07-28,0.01211168004371747,0.013646409343159043,0.009730488640300863,0.012464447665535993,0.007929627836990335
2022-07-29,0.0028071459585694595,0.00707434965293568,0.018072837572452993,0.014473690100140863,-0.0027217682731571625
2022-08-01,0.005651232868696488,-0.0003739864123118176,-0.0006025651094330544,-0.0029657611175287427,0.023798274411643842
2022-08-02,-0.005955990148902209,-0.0009621876257190421,-0.0029860261796376478,-0.006619085093809686,-0.02138663945006892
2022-08-03,0.002435276067987767,0.014598857702066268,0.02686849058083578,0.015538018811822171,0.01562194008270459
2022-08-04,0.016404693683584038,-0.0021101735096772344,0.004665584503296258,-0.0006757129387757011,-0.0003354556358867951
2022-08-05,-0.011309781450742627,0.007628506039410891,-0.00820277261999507,-0.0016918247871835802,-0.0240913950237591
2022-08-08,0.008434348290836127,0.010531332895122005,-0.003237237277875738,-0.0011613705600426322,0.016012850408938812
2022-08-09,0.003054867797077557,-0.013733513498682935,-0.011383567503003143,-0.003978989326794052,-0.003894346375068554
2022-08-10,-0.0025151110588634198,0.02815029620400231,0.027528853931577956,0.020786631051898558,-0.006553032501253451
2022-08-11,-0.002641706914863643,0.0037248542628411543,-0.0056923905831672995,0.0,-0.02358519252822919
2022-08-12,0.009155976822720392,0.020217011442181687,0.01928351243560684,0.016787173751773042,0.010089484273634961
2022-08-15,-0.012950528089989187,0.0035373511625859414,0.008048785643546668,0.004112151634980115,-0.0008657313112502158
2022-08-16,-0.0017516299628300418,-0.00039787022561773135,-0.0023447157738604933,0.001956821580741821,0.004148962615277846
2022-08-17,-0.006489345947105167,-0.016959569643531392,-0.011471634143981925,-0.007123001919416637,-0.010492035369197501
2022-08-18,-0.0026198444873023344,0.006607167793848581,0.0024020556790006727,0.00290200949893709,0.0014806832287027258
2022-08-19,-0.007347552958114958,-0.021699781840131462,-0.019689621848634747,-0.013529192208645045,-0.016233482587606797
2022-08-22,-0.00665930336783302,-0.020816203227966637,-0.026679965569481226,-0.02104241098238225,-0.0033673124820535524
2022-08-23,0.006966551217581505,0.001624777883464962,-0.0008272380600918914,-0.0024222283355660444,-0.005518614321302266
2022-08-24,0.002944580504679446,0.007616884273664039,0.0028930375126660786,0.003196209174925973,-0.007345638928968752
2022-08-25,0.0030581063588208724,0.01542028156518681,0.017527447111813133,0.01401890824696349,0.013840103114763098
2022-08-26,-0.012227153201929956,-0.033407655604361645,-0.04185202574533248,-0.03443514147393326,0.007509290908322687
2022-08-29,0.0006180465249853886,-0.009249785496872902,-0.009904352589209268,-0.006634418782676599,-0.008307382399836277
2022-08-30,-0.008375556136480044,-0.014091703307098226,-0.011199153056603002,-0.011038516327661022,0.00248160007545155
2022-08-31,-0.0077553096129762645,-0.006084892765934597,-0.0058302136094548675,-0.007637964469798507,-0.009606955692721538
2022-09-01,-0.00882902347465035,-0.010959080806054573,0.00043430501641021505,0.003132829319480032,-0.018477998702385097
2022-09-02,0.00876617372318804,-0.007799002123245431,-0.014229014220636405,-0.0106002986163541,0.005641182404459312
2022-09-06,-0.005856578259356107,-0.009933009916734903,-0.007208458395876302,-0.003780401520851496,-0.025080595596479724
2022-09-07,0.010117286090114818,0.02152653772180609,0.020000220838666587,0.017805450915814574,0.015691839023656933
2022-09-08,-0.006020378897494643,0.008308399851302073,0.005170717197045566,0.006515018209766803,-0.010310119855648038
2022-09-09,0.005269846503477033,0.019886732282968608,0.02162682751948289,0.015415824643473552,0.0022179505061472537
2022-09-12,0.005055386193321507,0.012040413090456926,0.011815574343255014,0.010690337235896042,-0.008251087729794876
2022-09-13,-0.013096728906648173,-0.0399063613409476,-0.05639759206689129,-0.044455995225854146,0.0023247780118530437
2022-09-14,-0.003855034555311845,0.0038883465726407378,0.007901971854906159,0.0038084198038041014,0.0034304772566921557
2022-09-15,-0.018855801737618274,-0.00729588422479809,-0.016794144899846635,-0.011418236103947897,-0.0006481813046426769
2022-09-16,0.005533767627080334,-0.014641682519233833,-0.006133115179349171,-0.007658326354593418,-0.00837046340571627
2022-09-19,0.0007697907679810017,0.008511530542269477,0.007756972483420926,0.0077250615103246845,0.002332043910924304
2022-09-20,-0.005722932055293624,-0.01372097587404243,-0.008002969041680191,-0.011544777344449187,-0.010019982833939595
2022-09-21,0.004632228320962459,-0.015393686569751965,-0.01806828081713299,-0.017597771939570673,0.016613965999651623
2022-09-22,-0.0005778441890031698,-0.02278552065439707,-0.012384209397545086,-0.008435395163751698,-0.025880457010743048
2022-09-23,-0.017427816406674814,-0.024093050096113896,-0.016415853139268726,-0.016896770889405777,0.004076528668630948
2022-09-26,-0.01170141432179742,-0.013786521751408175,-0.004146105780572499,-0.009941702118786035,-0.019295661733085778
2022-09-27,0.0020477436877313054,0.003405282804773144,0.00040047660541623893,-0.002556216293480868,-0.02668384724431718
2022-09-28,0.020573557832177892,0.031137571138693677,0.01969724958023862,0.019485334027270075,0.0329336014507578
2022-09-29,-0.0001939471718055397,-0.022674705591314834,-0.029251165576636245,-0.021110183169640726,-0.005189651915792127
2022-09-30,6.462035224685361e-05,-0.007309977937753349,-0.017102191058146716,-0.01558427765595199,-0.012994548577550946
2022-10-03,0.024019005945363412,0.026152396827349544,0.023189154109855677,0.026058631495534133,0.015764593912795288
2022-10-04,0.014226444596111972,0.03887077092179033,0.030956797442527988,0.030516207318825254,-0.0027971231294553903
2022-10-05,-0.005553659432976476,-0.007413648112312746,-0.0005317430044470255,-0.002330925603343331,-0.009607614442852607
2022-10-06,-0.0011269264553861384,-0.005625414665823376,-0.007903948878314975,-0.010369329428354711,-0.00557364722278701
2022-10-07,-0.011023386142689101,-0.0298565810777364,-0.03884938241894356,-0.02829030612670927,-0.00975530209237809
2022-10-10,-0.015318203217156916,-0.00559049900721911,-0.010046349701906453,-0.007664772968391914,-0.01566824921421795
2022-10-11,-0.002060212330939929,0.00029814417575131413,-0.0138334100460077,-0.006352955109932013,0.004416282819560677
2022-10-12,0.005335071671709423,-0.0027462661217070206,-0.0003425930701207032,-0.003303791968005261,0.004894613386301492
2022-10-13,-0.006947611087114204,0.02445042969499904,0.023181423599276187,0.02604836666406317,-0.009612676133395637
2022-10-14,-0.012537160793022467,-0.027144521531594093,-0.030518315464572395,-0.023052194905760992,-0.008284555141355912
2022-10-17,0.0028720806307473926,0.031394512186191346,0.03248798705729729,0.02537231047072265,-0.004881187074455135
2022-10-18,0.002148660090392182,0.011781850250212576,0.007876597342407006,0.011681225678260888,0.0023418294349553757
2022-10-19,-0.013488925988338462,-0.017140839184279794,-0.003653150937121913,-0.007111778269749843,-0.018373372970731758
2022-10-20,-0.0015834633753089122,-0.01281493621622215,-0.005114809588242572,-0.008420682645919123,-0.01724145456878026
2022-10-21,0.01767059741452654,0.021479965376909875,0.02317709532060975,0.024010949175706595,-0.01818666421392317
2022-10-24,-0.0032488658845126403,0.004275794764474701,0.010941004431939455,0.012162340352226481,-0.008299022526727894
2022-10-25,0.002275353560635257,0.026906362977724144,0.020475102043559706,0.01584210615117487,0.02869681321464087
2022-10-26,0.006343446354353355,0.0049270696813296265,-0.02234426094315181,-0.007562407390439312,0.014304760076177443
2022-10-27,-0.0015497241473593686,0.00022320417732472523,-0.018373615772630508,-0.0053541996784940106,0.010415947249192684
2022-10-28,-0.01026317410117862,0.02247167670163409,0.030141561997541613,0.023511883503790913,-0.006897551875364568
2022-10-31,-0.008194886192774814,0.0009278082749364172,-0.011695788319180056,-0.007249503911286726,-0.007153430758588921
2022-11-01,0.010151726172797497,0.0013626580330705854,-0.010270265305451961,-0.0043852490539682334,0.009302046457728474
2022-11-02,-0.006996970202892216,-0.03373612582632571,-0.03487824129829641,-0.025416548553368102,-0.0043495766866834835
2022-11-03,-0.003813297433937162,-0.0067272812221581945,-0.019728402466146627,-0.010350249672857484,-0.005411732730734616
2022-11-04,0.0302345832528433,0.013409519297335568,0.015957114651992493,0.014290338295328407,-0.016943382481351812
2022-11-07,-0.003970260739379374,0.0045228243353647515,0.010934481587879573,0.009520176903118849,-0.010027008457823122
2022-11-08,0.022836328940686813,0.0003898611848324843,0.007260840404921211,0.005380921978354357,0.010876168516535556
2022-11-09,-0.005029894759161607,-0.02783983406880082,-0.02334665166288416,-0.02081711138337217,0.003281916636706761
2022-11-10,0.029990153003992607,0.05973817007015708,0.07119291250873785,0.0534972388160338,0.03775204596937698
2022-11-11,0.00658459794711783,0.008165892167171642,0.0182583388396004,0.009631930106046826,-0.0036708276001396934
2022-11-14,0.0021852662272774694,-0.011245364647090722,-0.008789496136676078,-0.008543104728038653,-0.0024551397366333
2022-11-15,0.0035106980811025834,0.014717278178734855,0.013743344521253479,0.008493084213614978,0.016051117959991985
2022-11-16,-0.0022987420952167376,-0.017752007781928945,-0.013743344521253463,-0.0076581685558958605,0.021632658886798665
2022-11-17,-0.007293959961673216,-0.009324113495404804,-0.0022097991350084755,-0.003064555670291233,-0.010608432327346802
2022-11-18,-0.006917507382313755,0.006443477348640595,3.531740424004221e-05,0.004530103260131409,-0.006901163285312003
2022-11-21,-0.0056056352070885974,-0.005239175198235791,-0.010340521811807517,-0.00364264563762019,0.004206260517212122
2022-11-22,0.0011730356909015207,0.010613413832107765,0.014300287732759435,0.013367361009847286,0.01409162279493822
2022-11-23,0.006212503317279542,0.002595276695943214,0.009986365737473954,0.006281644124341148,0.017291783802277364
2022-11-25,0.000858102340972588,0.002103633629493529,-0.006600064212901272,-0.00022367761601871792,-0.0033957262044948316
2022-11-28,-0.007934893665371402,-0.020358914465102945,-0.01478185863873461,-0.016085850233771095,0.0028146430002600202
2022-11-29,0.004928261563008794,0.0029104625845886947,-0.007598380218999907,-0.0017189391124510585,-0.011795362839540987
2022-11-30,0.012700921015012894,0.027047590308070746,0.04457706935202021,0.031014775363845327,0.007327368230365213
2022-12-01,0.01821784239630758,-0.0021903602413601247,0.0012264215134845872,-0.0007361085672221587,0.03144623404621201
2022-12-02,-0.0034616677176241193,0.005813234459638474,-0.0039911688144580225,-0.0011544788248512114,0.012497153372377659
2022-12-05,-0.01730780530272015,-0.02793251156215542,-0.016925899218128905,-0.018153020973704487,-0.014105861274019095
2022-12-06,0.0027336344458788004,-0.015429892289048334,-0.020938103596780278,-0.01451980494891248,0.012797455424459052
2022-12-07,0.008998493556537802,-0.002947603596055929,-0.00409084842572416,-0.0017024724159559685,0.023289287060917808
2022-12-08,0.0008413425277820795,0.007214687388178537,0.011765388848887946,0.00780329992226637,-0.002744051102568872
2022-12-09,0.0035378943750204003,-0.012352019146370548,-0.006397076491201843,-0.007498173603119264,-0.02635896022072487
2022-12-12,-0.008294841833501867,0.01168821216399736,0.012473055904119795,0.014314229130926172,0.0031926563479205724
2022-12-13,0.016936889733695327,0.008248918300886646,0.010692778668445448,0.007541253804180294,0.009609664488877004
2022-12-14,-0.0024359858905979824,-0.006582532206435169,-0.007441650725206646,-0.006413979886907915,0.004261731155377059
2022-12-15,-0.016494600382901816,-0.025347879034549454,-0.034152822259969115,-0.02476568627755937,0.0038944613120397813
2022-12-16,0.008671019495160068,-0.007484644633799735,-0.009580388911274353,-0.01187648998724394,-0.011233626398423582
2022-12-19,-0.0028218082489996433,-0.013626833068572802,-0.014153244289361632,-0.008515826018136103,-0.016947774585335654
2022-12-20,0.016458298941440037,0.005276254254432108,-0.000778639464303013,0.0013676351189344331,-0.01791669205173623
2022-12-21,-0.0016573862871153066,0.01708672404854674,0.014401900321130855,0.014841513376796829,0.0025104969049255304
2022-12-22,-0.012158980168932585,-0.01316161846173082,-0.02476947555655124,-0.014368761176216742,-0.00019330711973916526
2022-12-23,0.002993835039254722,0.004540232011165732,0.002246501671789797,0.005735922867555578,-0.014769124171557388
2022-12-27,0.008394677302769623,-0.006731658242053255,-0.014238745168032337,-0.003951438687708039,-0.019970828773743014
2022-12-28,-0.004515989032750605,-0.01565125337537013,-0.013290805212154642,-0.012505849721476555,-0.005908889645297732
2022-12-29,0.005582639597805041,0.02501719486212649,0.02408287103734583,0.017840357940749018,0.01128701711699663
2022-12-30,0.004667758029330661,-0.0028064717956802956,-0.00060080443815478,-0.0026375470315507694,-0.011187041530864942
2023-01-03,0.008335816871946341,-0.005520995356760556,-0.006782777646118464,-0.004218975898565335,0.018904350440601157
2023-01-04,0.009367889939565922,0.012379559012165578,0.004752700470092829,0.007690675753742454,0.013607068382154145
2023-01-05,-0.01252963086748756,-0.010765980759640041,-0.015778501787125424,-0.011479057840927441,0.004172198714186617
2023-01-06,0.01853466381119925,0.022206614307086845,0.02722769660273856,0.022673157618495726,0.01822935841438947
2023-01-09,0.0022426010679794787,0.0016879555029888397,0.0064524079181537295,-0.0005670768128606358,0.005309758196630668
2023-01-10,0.003669304474491391,0.01467693126154873,0.008428731156011206,0.006988560974221346,-0.01668834437691178
2023-01-11,-0.0006870298860052756,0.012387477073921165,0.017152462223408355,0.012568234739231918,0.016121053393725875
2023-01-12,0.011501603213231942,0.016658740398293608,0.005389714230165378,0.0036342304344837728,0.019490969351200208
2023-01-13,0.011930333702592914,0.006543496917923863,0.006857002597999986,0.003872132820204284,-0.009416955564279338
2023-01-17,-0.006566591290624395,-0.0012300306998817491,0.002026635246998222,-0.001833782165641599,-0.006484454513338738
2023-01-18,-0.0028758838411488395,-0.0162978818219831,-0.013084963507139336,-0.015913889346181584,0.023942663564159927
2023-01-19,0.015743931377470842,-0.009621563468109561,-0.009873151784598059,-0.007306391802982053,-0.006279666734042399
2023-01-20,-0.0033409804213138158,0.016345504951852708,0.026999105498531687,0.018457677071016504,-0.016344123357673934
2023-01-23,0.0018946378029897782,0.012299970952819508,0.021972701872701283,0.011927170159308238,-0.004719191289384531
2023-01-24,0.0036119840879409123,-0.00213752575641925,-0.0020437074501276865,-0.0010738494455551275,0.014278082080802446
2023-01-25,0.004593393795208086,0.0027777667497036005,-0.002221934203182984,0.0003747572895586542,0.0024217766286509903
2023-01-26,-0.009096515003608066,0.00590413789107149,0.01930983034506534,0.010930311730846309,-0.00466293888319253
2023-01-27,-0.0013939615756237058,0.005394795284233157,0.009904895234002196,0.0022950139394556884,-0.002526780880423155
2023-01-30,-0.002570014931290955,-0.014023301410440336,-0.020425918564157826,-0.012626085226670962,-0.0036615085306993737
2023-01-31,0.0036296165072691286,0.023995631805551244,0.014875046386938382,0.014596297832014686,0.0079625481463136
2023-02-01,0.012518134528387544,0.015597386640783284,0.021158135770577877,0.010571628678839335,0.011950026354675491
2023-02-02,-0.0209702840085377,0.019501072272997355,0.035260726798954714,0.014451990478775215,0.0012932198052046466
2023-02-03,-0.025274496401227434,-0.006728788897985581,-0.01793212257644845,-0.010685969049020218,-0.015068817381073837
2023-02-06,0.002073259184240806,-0.014573348567701256,-0.00849495167415323,-0.006129999553509491,-0.007431636645493634
2023-02-07,0.0009200023760844002,0.007389863113011145,0.020506979998478954,0.012993710524478688,-0.008057843599754285
2023-02-08,0.002468544755507998,-0.014731064304342057,-0.01794116071197256,-0.010994877553456146,0.00474776760818146
2023-02-09,-0.007943887464013586,-0.014582853414878465,-0.008877234665216735,-0.008707015878785442,-0.009518348496182555
2023-02-10,0.0019053779351280687,0.0019986512303277093,-0.006584717071506474,0.0023310105586407696,-0.011252700001718154
2023-02-13,-0.005089097798950408,0.011961145310621521,0.01588893195322867,0.011670524126822639,0.008379487987953498
2023-02-14,0.000753454984742333,-0.0004674652389861652,0.0073621763013554,-0.0004602083510465843,-0.0023046439846715547
2023-02-15,-0.010014646847400324,0.010078477994895765,0.007631664708848837,0.0032422503468738538,-0.00936880923467192
2023-02-16,-0.0008195726363130796,-0.009611012755909535,-0.018942289526761656,-0.013864615743532885,-0.014269285255791107
2023-02-17,0.002982339072148569,0.0027482812824246084,-0.007080977556247381,-0.002501355412808751,0.0077461003313749315
2023-02-21,-0.0037440046605545256,-0.02995828660606744,-0.02395967325582057,-0.020264787185409347,-0.019628623171569725
2023-02-22,-0.0056423768979153,0.0027174242902683913,0.0007478074697870104,-0.0013790609909271505,0.009122378168421222
2023-02-23,-0.0005305918526508475,0.007104403196875877,0.008696119244105757,0.005305211126183292,0.00972474283733918
2023-02-24,-0.0072206822499255125,-0.009395013270946396,-0.016885747235293666,-0.010739950243871406,-0.013086366202643114
2023-02-27,0.003912670406128105,0.0035133994691046635,0.007135565077240046,0.0034001716731134144,0.00276917131921267
2023-02-28,0.004545621851780495,5.338344979602065e-05,-0.0012936902473189135,-0.0037029694063024934,0.004533103170491778
2023-03-01,0.005755555600934512,0.0012744622116939036,-0.008071532295720364,-0.003843395083029932,-0.010801401701431053
2023-03-02,-0.000585735153896139,0.002385436344574642,0.008241800224728214,0.007747413945821387,-0.008906606965617058
2023-03-03,0.010666001055863707,0.013828951116770844,0.020463187597282304,0.015910483010821517,0.023937275428920452
2023-03-06,-0.0050565936951402655,-0.014729508877154504,0.0011337134314238042,0.0006925313521575844,-0.007783625575081954
2023-03-07,-0.017635068390636166,-0.011673420360470008,-0.012341424883126423,-0.01544746482560618,0.006113940806376081
2023-03-08,-0.0004745630282821619,0.00048249979480081794,0.004981651246710018,0.0016308730782956704,0.0009824407114368081
2023-03-09,0.00980112770009771,-0.02820789187807761,-0.017477822908109904,-0.018622073792578714,0.0024524333687510795
2023-03-10,0.021333667247723984,-0.029253337981044552,-0.014143114950465352,-0.014534503451830036,0.03390481096698851
2023-03-13,0.022688861946558777,-0.01642438325617463,0.007388963010218639,-0.0014264408124500343,0.0022701879387526346
2023-03-14,-0.005807897981361377,0.018352232086852594,0.022719794621539485,0.01639486602517974,-0.016578296090819553
2023-03-15,0.007773838437142398,-0.01662263332303303,0.005232199916628518,-0.006273873175779183,0.019126304214421345
2023-03-16,0.0020180543660701534,0.013558815951272079,0.026019258651490046,0.01739287743515875,-0.007853586970482114
2023-03-17,0.028704276731304653,-0.027362482777904158,-0.004737448109706345,-0.011761320778113416,0.01489765369279558
2023-03-20,0.0003807952240648717,0.012881647343390689,0.0035429720615942494,0.009569606256869301,-0.00883613855606027
2023-03-21,-0.01905552456933767,0.018280866894863308,0.014181427895805837,0.013045033028560424,-0.008629393892189245
2023-03-22,0.016877382247649345,-0.028770977190932155,-0.013691468456145035,-0.01719350178908529,0.013244920530909478
2023-03-23,0.012460224063675791,-0.0044481736696501475,0.011788330205792156,0.002699668095998256,0.0
2023-03-24,-0.011316136891165252,0.00900484745307149,0.0036737574078578848,0.006540617885996072,0.004220611917340028
2023-03-27,-0.009299831745516636,0.011056857383162018,-0.006874990441236608,0.001868039335225837,-0.023771355719311434
2023-03-28,0.008155744573006158,-0.00144043270984487,-0.005325777767876378,-0.0022470709164831228,0.0018194233021090358
2023-03-29,-0.0049731154716589265,0.01129382241432392,0.01806967802689969,0.014430342713276565,-0.002010991499596391
2023-03-30,0.008998964139577773,-0.0013692550002769237,0.009420922773376365,0.00583819787975778,0.004590647231896193
2023-03-31,-0.0052258772770236855,0.01821423944671256,0.016493812132005722,0.013996227242324633,0.014869822844519853
2023-04-03,0.00717858251921089,0.0004484456752793863,-0.0024331779913021956,0.0038031839600812024,0.00469181314774584
2023-04-04,0.018469345695108493,-0.017692711312873876,-0.00337897654765055,-0.005563473359949563,0.004959656816111285
2023-04-05,-0.0007982432900847153,-0.009857162383553124,-0.009921584476289116,-0.002621738235499088,0.01040034956622167
2023-04-06,-0.007159660374899705,0.0014962260770397403,0.006719404590654263,0.0038932832162082345,0.002583017599887376
2023-04-10,-0.007427401530065852,0.010639449175286258,-0.0005660359838598762,0.0010258172876932918,-0.016255779803842844
2023-04-11,0.00630066529229045,0.007877926182154752,-0.006438549316959391,0.00026858268677047665,0.0020581422854164242
2023-04-12,0.0048732452945133,-0.007365890182255035,-0.008872860172764634,-0.004084309849320893,-0.0010285816549558248
2023-04-13,0.013425150587981827,0.013163790349085547,0.019392622682439013,0.013195110295645969,-0.007889310640598194
2023-04-14,-0.017869017219899228,-0.009360741896626137,-0.0018814025749698073,-0.0024455646862083006,-0.009188652854280742
2023-04-17,-0.00446370276447651,0.012778488743265997,0.0008470692210060108,0.0035817234272392385,-0.0119674352970452
2023-04-18,0.0038732698004284223,-0.004259823421654638,6.274976170525587e-05,0.0006519704195441856,0.003557229279592378
2023-04-19,-0.004789973842758077,0.0012910123929719439,-0.00047047589528074584,-0.00016898572828598303,-0.0009600262853811785
2023-04-20,0.003930524556986942,-0.0051747032301455555,-0.007653887056547069,-0.0054718949776504005,0.008513073585170722
2023-04-21,-0.009936876904451757,0.001296210594246671,0.001042995011322886,0.0007764650737140579,-0.005635427583983746
2023-04-24,0.0030347260178608367,-0.0006760973698974887,-0.0020868826382746475,0.0010428575961532183,0.009627851283793667
2023-04-25,0.005073426510561733,-0.02499433578766915,-0.019043792011024966,-0.016001185693118366,0.014597380143494135
2023-04-26,-0.005452222698837164,-0.00969659581225198,0.006046247806468492,-0.004244644741451186,-0.010715307530155222
2023-04-27,5.4098929279836664e-05,0.013272892506277782,0.026827821463575045,0.019712459409408918,-0.009972245641670159
2023-04-28,0.0002706158931134578,0.00871372917437462,0.006875031452076441,0.008498920703262204,0.016002008944737352
2023-05-01,-0.004501468248394752,0.0005704679112931512,-0.001147744170990454,-0.0010102983574799879,-0.02925848882960155
2023-05-02,0.01911282169964576,-0.020749827449291835,-0.008759783450545343,-0.011302796206676546,0.024614487470613004
2023-05-03,0.00844333039400089,0.0036625594830498208,-0.006565399333313449,-0.006887538040953672,0.00556630249729109
2023-05-04,0.007008337579460111,-0.011262897305003652,-0.0035362374966263566,-0.007108361215857708,-0.009927376517847569
2023-05-05,-0.015771672012865213,0.023489652013726346,0.021031671221747598,0.01834344414286637,-0.003331581350074295
2023-05-08,0.0012261535425393925,-0.002295602117635021,0.0024745605100558836,0.00026646392983651186,-0.014113626460008718
2023-05-09,0.007061173494320752,-0.002992028204482297,-0.006353277647266627,-0.004395023782547288,-0.0035844213066829785
2023-05-10,-0.0014294640409972018,0.005058207542035555,0.010822834466050401,0.00466149333381033,0.009657607709409575
2023-05-11,-0.008619799546280105,-0.007712635648387004,0.003254951411377836,-0.0017454474161484191,0.010516455820266639
2023-05-12,-0.001711544099310757,-0.002024153844517567,-0.003593503520385642,-0.0013112606873345624,-0.008404363828936608
2023-05-15,0.0021389727993926496,0.012142069138588348,0.00540046973713385,0.003444257004788055,-0.01041171742609971
2023-05-16,-0.01257816833072297,-0.014692858057742007,0.0011315973453789963,-0.006705281466441788,-0.003008987745728753
2023-05-17,-0.003467895133703326,0.022044317522338777,0.012031737745951399,0.01206605221855236,-0.0029199312263422273
2023-05-18,-0.013057794413406836,0.006056988349214534,0.01840280132846768,0.009587199091200255,-0.007436460538379576
2023-05-19,0.009850156652287684,-0.006113638422444597,-0.002256253370145041,-0.0014562163670819347,-0.007096435127294196
2023-05-22,-0.002344243508491738,0.012134248986801136,0.0033527077172301276,0.0004058458934314511,-0.0035670650928056593
2023-05-23,0.0012000108481294142,-0.004723376304518483,-0.012757394528051882,-0.011286176467292158,0.0028743100860877872
2023-05-24,-0.008101176111367243,-0.010652797338109983,-0.0051427813702880475,-0.007271182748365253,-0.004961371095529714
2023-05-25,-0.00966457904681634,-0.007835082395178326,0.024041595791040038,0.008622661427023157,-0.0024898192781996446
2023-05-26,0.003987606250000357,0.011304125801477388,0.0252294595111452,0.012867552954129719,0.008045130313102607
2023-05-30,0.006171471778321201,-0.0036968615494062684,0.004524744464806204,0.0003807086534336804,0.009941362144888546
2023-05-31,0.001537018842589403,-0.009906470252519188,-0.005702301845767154,-0.005560510785115082,0.00867905921212506
2023-06-01,0.007867103377943253,0.010760723021481396,0.011485867294733993,0.009456071310455498,0.0039159345404973294
2023-06-02,-0.014857275420164701,0.035623192195433195,0.007471806232514037,0.014357680622155132,-0.011018642842693037
2023-06-05,0.0060023657211361265,-0.013495901682821977,0.0007046394972981427,-0.0019181920064108757,-0.0018646557629688866
2023-06-06,0.0010974372841257363,0.025998308066927746,-0.0001689667964161417,0.00217528393747923,0.005876417172163982
2023-06-07,-0.012083252758880945,0.01853784516866408,-0.01711098132423743,-0.0034636885792711882,-0.014954947941151002
2023-06-08,0.013124733073092816,-0.003745682544263857,0.012336925001609747,0.006030315830905938,0.011629105175042722
2023-06-09,-0.002688130119841765,-0.008127584649635844,0.0038154839761585574,0.0017926760022875068,-0.0013726420145747963
2023-06-12,-0.0008792504640156504,0.004152884400131089,0.016755735285927192,0.009030687286005978,0.0029389412923059672
2023-06-13,-0.00739483312084137,0.011398560670443363,0.007654371598445195,0.006571609481951094,-0.009929413209698873
2023-06-14,0.0005537743402144653,-0.010806733133070578,0.007241499500773287,0.001189942446050701,0.007971134635395666
2023-06-15,0.007005982383036308,0.00819602237399107,0.011845351889400424,0.012321436648215084,0.009560321623754395
2023-06-16,-0.0015404017609150433,-0.008034721815283129,-0.006312814090205792,-0.003411997369698682,-0.0038911492085132613
2023-06-20,-0.010404681043488588,-0.004365634036974626,-0.001432507080887263,-0.005201690076750421,0.006896339967122892
2023-06-21,-0.0014474699268161662,-0.002325369606496001,-0.013721268582736937,-0.005136806430244484,0.002416810110894181
2023-06-22,-0.009966480697039254,-0.007445115633662912,0.01172969843713497,0.0036031097644888496,-0.012143718851533258
2023-06-23,0.0027534519339434175,-0.015169242172819227,-0.009962926746208977,-0.007588747425978633,0.00992034677788821
2023-06-26,0.0017380933759117798,0.0009961824869362387,-0.013496158303061735,-0.004094042623775682,0.001063940025942375
2023-06-27,-0.00460411859047838,0.01433663002928747,0.017047951186122193,0.010903680767839949,-0.0026134826754797766
2023-06-28,-0.002310076023493695,0.00489616276760445,0.0019498132088667799,0.0005043347580937279,0.004255724432025908
2023-06-29,-0.0010723394318449203,0.011439903585694714,-0.0020047314549824693,0.003933563993725246,-0.018213297865987056
2023-06-30,0.006641221688667137,0.004763724049075132,0.015302674596245907,0.011731515691614163,0.011725622230836629
2023-07-03,0.001121247777740352,0.002027167109165107,0.00235226660275824,0.0011498836748838894,-0.005685140538748331
2023-07-05,-0.003536277643963551,-0.0100152332464012,-2.718884076442172e-05,-0.0014883658242132577,-0.009547793366076853
2023-07-06,-0.002984649764026069,-0.016279869173094264,-0.007645056088222781,-0.007861455993118062,-0.014243798004466355
2023-07-07,0.007473004815488796,0.010503726952596142,-0.0033255552719900993,-0.0025276971962538124,-0.006037427220628494
2023-07-10,0.0007833887164984092,0.01696318915854274,0.0003276168147298836,0.00252769719625373,0.0013107355812480876
2023-07-11,0.003740607755698653,0.010220680324433282,0.004928256288953175,0.006348439330360513,0.005127808627466967
2023-07-12,0.013450555215707776,0.010847117173692342,0.012550863588720417,0.008013826684082105,0.011069504300892747
2023-07-13,0.0007144446386035077,0.008045894081316998,0.016836242025956294,0.007905399232962856,0.010457832372555327
2023-07-14,-0.0031917364290746223,-0.009819553550288249,-0.00021089498606911226,-0.0006230817450703173,-0.0059060055490586395
2023-07-17,0.0007163001287566721,0.010646471483095516,0.00929536932737843,0.0034664319666588717,0.0004936341480656407
2023-07-18,0.011391151915954547,0.012270675743520133,0.008147393035732284,0.007403034798193153,0.004528887042744113
2023-07-19,0.00016334311378929522,0.004226405425641526,-0.00023355752713171733,0.002221354829155253,0.011233246247310195
2023-07-20,-0.005076251540707524,-0.00877816354806213,-0.023321729930885708,-0.006656623758069649,-0.012216210490878964
2023-07-21,-0.003069238517008006,-0.003183375339295015,-0.003003818683990248,0.0,0.00029523262922876895
2023-07-24,-0.0042906650791519445,0.0024654651865620054,0.0015962047821200564,0.0044572606435888664,-0.003643903921545171
2023-07-25,0.0055524167407640206,-0.00010264683058655035,0.006754872930157916,0.0027263445951637775,-0.0018763008134707988
2023-07-26,0.0048672507195615744,0.00786953105638679,-0.0033320997275558513,0.00015378610099350053,0.0009879435237158801
2023-07-27,-0.015836715414990758,-0.013013079986009235,-0.0023868638094697524,-0.006652217857686319,-0.019644616709490203
2023-07-28,0.007949707574281263,0.012860417363256552,0.018050866261127174,0.009742775689699024,0.005122831379608195
2023-07-31,0.002690787072192315,0.011540246374776773,0.000521295245119404,0.0019021273364164305,0.0024015038383011105
2023-08-01,-0.010418766955581948,-0.004589926301886972,-0.002322358501314748,-0.0028656283199668415,-0.016522404019900128
2023-08-02,-0.004776993918500052,-0.013692993220227986,-0.02218838963194726,-0.014008303710442314,-0.010756906759423727
2023-08-03,-0.00033420291832367705,-0.002822833097568985,-0.001604055968917988,-0.0028701655706379085,-0.023341641203745187
2023-08-04,0.003613876354074006,-0.002006663116645248,-0.004692601651495157,-0.0045328940190909614,0.017557109932273794
2023-08-07,-0.002277988932518744,0.0006694702535981817,0.008431074047671896,0.008690668509738783,-0.00989002912424365
2023-08-08,-0.006361270240024672,-0.006298881434377202,-0.008538656065324886,-0.0043581516272057684,0.011546257048484021
2023-08-09,-0.00476956334967285,-0.007851286004169799,-0.011055495017647653,-0.0067076663223283525,0.005157961151926899
2023-08-10,-0.0010691758408616784,-0.00444694746057437,0.0018466088792286604,0.00035896414740751065,-0.01659966589466072
2023-08-11,0.0,0.0014147835836771693,-0.0063961417251456355,-0.0005834263819075157,-0.0023040105426222804
2023-08-14,-0.003045220530389694,-0.0017293235035324161,0.011159830361443617,0.005504807476811239,-0.0022043065189606336
2023-08-15,-0.0026580037072091345,-0.013305421650226181,-0.010668360839953473,-0.011717302061044167,-0.00611394718345148
2023-08-16,-0.005792775189194925,-0.012300139727359166,-0.010645485156461576,-0.007365198511371021,-0.007854771908563271
2023-08-17,-0.0015390561619561794,-0.011854378024157746,-0.010983063011766754,-0.007649052417756129,-0.004271676386785039
2023-08-18,0.0001711135895520659,0.005430319197204086,-0.0012556716925174094,0.0004813131667516471,0.0035256520662527106
2023-08-21,0.00273392964256731,-0.001463139938304047,0.015983015641611892,0.006485124299579299,-0.01342040453240108
2023-08-22,0.0016481975934526548,-0.002987609837227042,-0.0014299442734345767,-0.0027122597752117753,0.007645045989919901
2023-08-23,0.010113328144583607,0.010605645754499564,0.015645566989805425,0.011076050830271408,0.02447519386046977
2023-08-24,-0.0002248455933195227,-0.013929346680518807,-0.02160762374130898,-0.013955930078042368,-0.0066158977137792015
2023-08-25,-0.0012941233726573686,0.004248240514313592,0.007721724173681653,0.007025085463318263,0.0032610782491208023
2023-08-28,0.002867238875764686,0.00887343706384869,0.007498966187983559,0.0063213494989049,0.0010492466003975713
2023-08-29,0.00972069237763269,0.013855312941897915,0.02160469566588923,0.01435137754551154,0.010332725799921356
2023-08-30,0.002498750315822613,0.0037648578789688304,0.0055612800175115105,0.004110175414256916,-0.0010386311468727964
2023-08-31,-0.001665111347163996,-0.001748186513502979,0.002993865419950717,-0.001464312031971047,0.004458961838959785
2023-09-01,0.0004997991755412262,0.011806360348153582,-0.0010587333940410412,0.0018634376769076696,-0.015700895211947608
2023-09-05,-0.008195174622491511,-0.021288604351877537,0.001270558661195152,-0.004331270705740768,-0.014121604716027782
2023-09-06,-0.004544556063018457,-0.0037538337089903216,-0.008846985702511403,-0.006745094407413632,0.0024564534498444797
2023-09-07,0.0010678794784509471,-0.009717567881651316,-0.007177322015792747,-0.0030751070499041595,0.002769699515858956
2023-09-08,0.0003369702787594387,-0.002226676264916255,0.0013965244582855758,0.00150496478064194,0.003821825468089756
2023-09-11,0.0018513951035425602,0.002389359310922092,0.011713936546864026,0.006555146577904339,-0.007231389384778522
2023-09-12,-0.005169992663578624,-0.0009767519228410793,-0.01115022185335284,-0.0055006928237309365,0.0057470480781152775
2023-09-13,-0.002312682045193072,-0.006591324908645666,0.0038016276477395154,0.0011653415615963903,-0.0002122159381237665
2023-09-14,0.0005080950731221542,0.014002123338728602,0.00814421911579767,0.008585383654144315,-0.007244073656227304
2023-09-15,0.00658210689497754,-0.010510626864857483,-0.017271487520026624,-0.012121536298727906,-0.006113043348688784
2023-09-18,0.00587038313631886,-0.006666491203109382,0.0010419468639702458,0.0005863468853619585,0.005685208412463121
2023-09-19,-0.0009480950413542692,-0.0039004988503043236,-0.0021334851857338377,-0.0020759189886164894,-0.0074078841000254575
2023-09-20,0.0007251297423292754,-0.010068016234746971,-0.014515341851960142,-0.00923591051813846,0.003120252801498078
2023-09-21,-0.0072748111459232075,-0.015633527594659316,-0.01849452380436763,-0.016666508100094325,-0.026009685323250882
2023-09-22,0.0031961900557462815,-0.0022615814169680997,0.0001396732184839373,-0.002251084129072714,0.008016601902688157
2023-09-25,-0.005163898932470834,0.004461463504712081,0.004738523198416674,0.004196339831068333,-0.02491695824789145
2023-09-26,-0.008023084937964609,-0.012940543242563921,-0.015130192042907359,-0.014800086594867826,-0.003482246284065508
2023-09-27,-0.012443751217319037,0.009305035402229945,0.0023404492233562845,0.0003991512395004292,-0.005189574309906688
2023-09-28,-0.005009715204337903,0.008994005472317932,0.00833076674969621,0.005780521566728955,0.0030493925944984233
2023-09-29,-0.010328505518099336,-0.004741435809203824,0.0007259389881439995,-0.002429886510738691,0.00011254012345525945
2023-10-02,-0.0105542058560987,-0.0152222406402766,0.008311024997157135,-0.00039766884157660636,-0.01688164488226244
2023-10-03,-0.002892421000056923,-0.01697560337172503,-0.017705393430081366,-0.013476645381385538,-0.021746153901586088
2023-10-04,-0.00011826350756014561,0.0004673830179000863,0.01351664202088571,0.0072556861189625255,0.01400889168341393
2023-10-05,-0.0018344684108627424,0.000758917499577044,-0.0029508277704297873,-0.00037686245447295823,-0.0049971805719430705
2023-10-06,0.005139851922273756,0.009583388913267217,0.016616769784955698,0.011802810780645677,-0.012191149910808564
2023-10-09,0.018218478536943455,0.005763550117900187,0.005087044677100514,0.006381792599856411,0.02319865022809011
2023-10-10,-0.0016795054754092334,0.01125833159122798,0.005522802778410309,0.005191427928664881,-0.0013838985684423045
2023-10-11,0.007276507826110017,-0.0017063877989206497,0.007109896381954585,0.004087913374841987,0.020671073156877825
2023-10-12,-0.0030543103873241243,-0.02285826284797647,-0.00348110619620499,-0.006115129033988591,-0.0275025699052322
2023-10-13,0.03164231938177581,-0.008363429069634696,-0.012649594734279984,-0.004993346532725499,0.017734337952594055
2023-10-16,-0.004876800474351656,0.016021581424634217,0.011242916845928704,0.010466577605726233,-0.016225046071398082
2023-10-17,0.0018525567250013085,0.011093200802183437,-0.0032809188955225735,-4.594278079498105e-05,-0.011081977732087191
2023-10-18,0.014367113783494704,-0.02079197313268132,-0.013204724621950475,-0.013414656237831184,-0.0088364986177585
2023-10-19,0.012199301049654077,-0.016060602616173758,-0.00940084544145383,-0.00882517701713649,-0.020685972793536976
2023-10-20,0.0027271753020748097,-0.013012874945748343,-0.015030238664471297,-0.012364308419212043,0.005662182982817972
2023-10-23,-0.0033827788768209456,-0.008507628821975095,0.0030129904778149583,-0.0017347406712995086,0.011941757110659151
2023-10-24,-0.00010933686369138149,0.008687990317355846,0.009681069986592891,0.0075111364316834415,0.01309081399957203
2023-10-25,0.004199991317574014,-0.016657440615606884,-0.024780417054763214,-0.014456135948817698,-0.022513030329692724
2023-10-26,0.00157720800379265,0.002561852831533958,-0.01925113800814059,-0.012046828638752668,0.015222427152077812
2023-10-27,0.011562693424814757,-0.011827637815353538,0.00478950511102421,-0.004543055663708493,-0.004257757904764468
2023-10-30,-0.0056565149769635704,0.005532763661052392,0.01120238249184474,0.011884842431108752,-0.004514048892882787
2023-10-31,-0.005471503988171267,0.008607439413219675,0.00477091700925006,0.006260724241678692,-0.0048937780365839465
2023-11-01,-0.0031556165767174377,0.0056973749870877465,0.01720810332439663,0.010608161239138608,0.02145032365838937
2023-11-02,0.0033185604405963163,0.026303785737159333,0.01799029412799452,0.018983113286492777,0.022540947830067003
2023-11-03,0.0036323164276059108,0.02683426155052508,0.011680579242623342,0.009081894839884317,0.0067553448845966806
2023-11-06,-0.00782308105070571,-0.012572345071624092,0.00407094808246557,0.002297966550548526,-0.009746997843199165
2023-11-07,-0.004153745714032089,-0.0035463186359539385,0.009408196895394573,0.0028418767987602117,0.014642208090434485
2023-11-08,-0.010017653470627112,-0.01071559784294685,0.0006435079268332668,0.0007322243499545654,0.01689029165621635
2023-11-09,0.003975057413790778,-0.01560336165188153,-0.00772523777233387,-0.007829391223255478,-0.023269755778568615
2023-11-10,-0.010969699953245399,0.011119496733433022,0.022233265285892152,0.015484373640624022,0.0055845151530293045
2023-11-13,0.005555261386915847,0.0003546261612308181,-0.0031233844770198866,-0.0009537278077279383,-0.002275698536723239
2023-11-14,0.008879636186604733,0.05346044013128985,0.021298135608086743,0.01921499255490995,0.022414386351690112
2023-11-15,-0.0026390807860946154,0.0017355672205001432,0.0007522987292773231,0.002114782588708876,-0.014133638527157906
2023-11-16,0.011222864579353571,-0.01629803278031774,0.0008553679144556364,0.0012224425989388783,0.012350021009940034
2023-11-17,-0.00010890827769753537,0.013609360116641177,0.00023311881139177648,0.0012430302443431583,0.0046751698038025105
2023-11-20,-0.0016347162383040547,0.00581628979033985,0.012101413349206537,0.007668066918150674,0.006090247133985619
2023-11-21,0.010740019593542038,-0.012964827518374704,-0.005826226964935524,-0.0021817557893868654,-0.0004417828963436638
2023-11-22,-0.004271361889171939,0.0062506460249082615,0.004084370754051442,0.00385321869441835,0.003527980288510908
2023-11-24,0.005188115339681599,0.006714181493466278,-0.001410904270872588,0.0006154070705552366,-0.011845279808120321
2023-11-27,0.006715220224108336,-0.0033514118935085904,-0.0008732195281300125,-0.0018026580759149652,0.016565991802613658
2023-11-28,0.013243765854618068,-0.0038680781883514807,0.0026174536467177697,0.0009896002332019373,0.0019693608255395532
2023-11-29,0.0014783465644929395,0.00526586505955174,-0.0009742949981422006,-0.0007036197211700946,0.012492932816823678
2023-11-30,-0.004176660491012712,0.003791985599612324,-0.0025174595667413124,0.003929739944327937,-0.011618721632291702
2023-12-01,0.0171240372669512,0.028803176153790546,0.002850923773782023,0.0058983947555127925,0.018659027634686028
2023-12-04,-0.021850417580745678,0.01065090187812757,-0.009326922595569638,-0.005263190616029529,-0.003986883135969164
2023-12-05,-0.003786606077863042,-0.013467021102067805,0.0025076779650540543,-0.00019706543096753747,0.02125803825782903
2023-12-06,0.003680115406357525,-0.0017913304030538824,-0.005800433652034776,-0.0040379974219412855,0.013229938864154729
2023-12-07,0.001648967455985853,0.007200073652581203,0.013875260308774666,0.007601448428408393,-0.005753617313755367
2023-12-08,-0.013430173514668298,0.0075764922931396755,0.004446922368821395,0.004289850124600833,-0.008216352751702025
2023-12-11,-0.011104320560253362,0.0020858119609707924,0.008505835484837581,0.003882030730523497,-0.002118080694301254
2023-12-12,-0.0005447904909059331,-0.00101554829278168,0.007932607078777394,0.004556934238054648,0.0029638111752474656
2023-12-13,0.02231176448891427,0.03328997496198684,0.012637239173157969,0.013695814135383679,0.023191226580149927
2023-12-14,0.005845435089187853,0.027447897912997964,-0.0008673506730449893,0.003204344970988904,0.02568042567521377
2023-12-15,-0.009208782757507668,-0.008439728024561045,0.00482235037004434,-0.0016478961933020257,0.001109924338317335
2023-12-18,0.004535187656823467,0.00035524402727997483,0.006278777628767379,0.005609308377309131,-0.00799966587483947
2023-12-19,0.006790830606181505,0.01919461591723472,0.0050967434285118605,0.006062390568281882,0.005373760907395918
2023-12-20,-0.005460866362358439,-0.019754731237386892,-0.014971184651240204,-0.013954153878653069,0.006752486929806863
2023-12-21,0.007045755720440373,0.016873320352312978,0.011568143074486134,0.009437305870040623,-0.006347832301552372
2023-12-22,0.004424614031362936,0.009274571191233835,0.0014949190411299095,0.002007674352385669,-0.00455900003459471
2023-12-26,0.007591842151508473,0.012919896326760775,0.00610312253009586,0.004213705540575695,0.0028388869471385665
2023-12-27,0.0045275772625212145,0.003521653201946032,0.0020335229315627,0.001806377857210179,0.01756453148068713
2023-12-28,-0.005832413160524644,-0.003815576489319474,-0.00048599411688698914,0.0003776130927993685,-0.007289292255164453
2023-12-29,-0.001568069797763166,-0.01645483117380251,-0.004337291669045975,-0.002899035203119675,-0.009060759455397808
2024-01-02,-0.0023566846852945507,-0.005946683208020519,-0.017067172410955237,-0.005612124895777577,-0.005781261786474144
2024-01-03,-0.008371755159892112,-0.027026030205455326,-0.010637728114667733,-0.008200311158427658,0.004162021115162006
2024-01-04,0.0010041086074332737,-0.001958629933259787,-0.005159728532520681,-0.003226257560713181,-0.015311346694488625
2024-01-05,0.00015844285681933427,-0.002945156672015897,0.001185271000622743,0.0013687189776187382,-0.009612031420363995
2024-01-08,-0.00784697829301582,0.01784747262512498,0.02045736496789572,0.014174965020800305,0.009817854659870388
2024-01-09,0.0003193058065587502,-0.00898648900351205,0.001973448382921057,-0.0015182330644633712,-0.006396337244133512
2024-01-10,-0.0022906686849215973,0.0005641177332874734,0.0067548112201943145,0.005639531519745209,-0.004668424865563997
2024-01-11,0.001971362878362661,-0.00787400139175758,0.002078580541452482,-0.0004407373860386804,0.005599310772969391
2024-01-12,0.009746417465784744,-0.0016546730154016523,0.0005128685582708187,0.0006924907623611709,-0.001966431835136919
2024-01-16,-0.009533481464917172,-0.012445862782035905,-9.7715613213328e-05,-0.0036780085056935027,-0.017769833689889426
2024-01-17,-0.011077075533253638,-0.007151735819555124,-0.005656703218095958,-0.005574118825663227,-0.0015833274122811207
2024-01-18,0.0081991767942437,0.005893419013023487,0.014094425250746506,0.008853439321945548,-0.009338957099772576
2024-01-19,0.0029842685447011067,0.009555519327712291,0.01963703934625296,0.012389081391813139,0.0031934387498351925
2024-01-22,-0.003785111631635069,0.0211334646786252,0.0013048911322497614,0.0021121919435228135,0.005934371000855733
2024-01-23,0.0038915513093621982,-0.0029044975027364703,0.004141018500886021,0.002912276382588598,-0.00795570367899648
2024-01-24,-0.008281084265806402,-0.008249360768823155,0.005533728044928183,0.0010925622448899582,-0.005874406397025554
2024-01-25,0.003962127078988696,0.008249360768823133,0.001220528121286123,0.005424152104342221,0.006513214803940281
2024-01-26,-0.0006949345993064864,5.122312743654744e-05,-0.00597554355898046,-0.0012712829938143866,-0.00191747314698239
2024-01-29,0.007033690942252051,0.01735029907241724,0.010188533301748006,0.007888211940503374,0.011450599804308209
2024-01-30,0.0013795741766668092,-0.008561515521491527,-0.006678897651737725,-0.0007737128066156267,0.009025050817600648
2024-01-31,-0.0007426235867567754,-0.024733204665412272,-0.01978040031194796,-0.016451852766751977,0.009772473242631731
2024-02-01,0.010346957700093572,0.013185075127335117,0.011706610986304973,0.013003119192847737,0.01942587150026878
2024-02-02,-0.009498266920115546,-0.005283991115774992,0.01675933984709829,0.010472425875160141,-0.022336287951994927
2024-02-05,-0.005529246178959096,-0.012786537016756092,-0.001306066282620622,-0.0036478236647667964,-0.020400156849982046
2024-02-06,0.0052110917695982265,0.00897286465996019,-0.0020093501994327633,0.0028990649005153656,0.009726255080562362
2024-02-07,-0.0002652330017039186,-0.002326149534772511,0.01023763105007428,0.008305815130771898,-0.0048513025821546275
2024-02-08,-0.0009022539588233346,0.0150500489314335,0.001850179159081709,0.00044151521656787297,-0.005831562350535219
2024-02-09,-0.003883683822386861,0.016132293069846263,0.00979499600332842,0.005762897919605217,-0.0020223724311183534
2024-02-12,-0.0026153866387210066,0.017997053145346147,-0.00392039846254269,-0.00043903999167498606,0.0011711363985847845
2024-02-13,-0.01388463719494907,-0.04201132755205278,-0.01571990170882327,-0.013868882072496036,-0.017283576528285955
2024-02-14,-0.0005962900909107332,0.022960264308845065,0.010838412667249603,0.009046623516724646,0.005076815255663203
2024-02-15,0.00670130851432818,0.026316645476162928,0.0029732795675207974,0.00687606786544138,0.005157946088448636
2024-02-16,0.0036558786728406838,-0.013691323827389398,-0.009109146900475651,-0.004992377685607609,-0.005804675865045682
2024-02-20,0.006045896751115412,-0.013881538322532807,-0.007576717486648023,-0.005520663692611054,0.0008620644305515209
2024-02-21,5.331114505738622e-05,-0.0047376355394156385,-0.004009772007013102,0.0009054683541452599,-0.007134423563226869
2024-02-22,0.0004266309391015458,0.007549363045826109,0.02885533647770542,0.020484220771861197,0.004870018304248753
2024-02-23,0.005635602023986148,0.002253841406345262,-0.002949010906153428,0.0006893485879806279,0.013297755530298744
2024-02-26,-0.002229172292928307,0.0062837094320109315,-0.0005268388695191673,-0.003669215217080495,-0.0029874230554098433
2024-02-27,-0.0010632481058260926,0.014069091738963618,0.0024024369679010956,0.0018560928657409478,-0.007076958707179651
2024-02-28,0.001806857807827473,-0.008269297523512404,-0.005338834737603717,-0.0013224992888762512,0.006328861712145135
2024-02-29,0.0051370494877010335,0.006944853101586241,0.008532921249406538,0.00358835826039058,0.007032291384996694
2024-03-01,0.018734204946424127,0.010546534469852138,0.014944687077279424,0.009344515487845817,0.006211838650698183
2024-03-04,0.016045575240364,-0.0009233093696965253,-0.003574386090532035,-0.001072915326331455,-0.0040308317155457315
2024-03-05,0.006002093012312608,-0.009623225100155603,-0.01811275254845341,-0.010044500466661513,0.014141503465168325
2024-03-06,0.008181839163568716,0.007433341434870738,0.006263984973988842,0.005054554493806416,0.005850738212140269
2024-03-07,0.005667751261581818,0.008296725856937847,0.015064072923063642,0.00987736569764089,-0.0009378868478579607
2024-03-08,0.008417025116951235,-0.0006284149233194953,-0.014540133693791727,-0.006020275028228033,-0.0017739868293746275
2024-03-11,0.0018333385345244608,-0.00796081533363505,-0.003719556815479406,-0.0008601483679371197,-0.0005225180264600252
2024-03-12,-0.011000916093968595,-0.0013655942322935086,0.01423304690272998,0.010699918060827986,-0.00839658802178358
2024-03-13,0.006982966028737541,0.0038966307417478674,-0.007715667860076046,-0.0015687028203792248,-0.004859831653553783
2024-03-14,-0.004183879789555109,-0.018051160621801836,-0.002524397438772842,-0.0019788745380234798,-0.015476108167824715
2024-03-15,-0.003199519647615261,0.0018790334936156987,-0.011958121312247516,-0.006890286666362155,-0.0003224474842270049
2024-03-18,0.0016010012977577042,-0.005747404542357413,0.009492207853693337,0.005925700029862305,-0.0030172730341157927
2024-03-19,-0.0011504677080451668,0.0042146583264694015,0.0024885373985762465,0.005541689298832335,0.0028019534069711723
2024-03-20,0.011841472011166752,0.019598879791085183,0.011786898010817339,0.009206779927318618,-0.0003232445694844454
2024-03-21,-0.0010391759354036452,0.011424127622533451,0.004721012455047099,0.0032993036300957334,0.0021507407510423515
2024-03-22,-0.008053310017860683,-0.013898122936959663,0.001143178739162753,-0.001897680332252596,0.00951557458044958
2024-03-25,0.0031893153617754324,0.002289150287893769,-0.0036357473740330115,-0.0027665868552606224,-0.005013648027020558
2024-03-26,0.0032287432792988957,-0.0018016789777245462,-0.003243010482196796,-0.001848812870606325,0.002776696004958708
2024-03-27,0.007214572450621008,0.021552864735989517,0.003400337619848742,0.008368791479334062,0.00986895842784667
2024-03-28,0.01281752820240996,0.0031432503456138594,-0.0018450754522579074,-0.00019094118807216909,-0.0008451882821595207
2024-04-01,0.01015632882706488,-0.009459622042645806,0.002114850156001705,-0.001741427485054225,-0.018817209312373743
2024-04-02,0.014664311961913869,-0.01855631343303412,-0.008667697311705354,-0.0063783778225306054,-0.005525494090456181
2024-04-03,0.008734121015036823,0.006531517927927614,0.002241797166937724,0.0010977135075815757,-0.00021751503366034794
2024-04-04,-0.005751211782367559,-0.010058703181576067,-0.015408791807682119,-0.012281074886806603,0.007146813483054852
2024-04-05,0.01696939930469014,0.0033316073397118727,0.0117150459785596,0.010392674586855107,-0.014016595809453638
2024-04-08,0.006209168519561672,0.005463137991644515,0.0002951042960489341,0.0005592078415584692,-0.00010957026804597816
2024-04-09,0.005482001328254476,0.003932502797409972,0.0036927973162912482,0.0011561389327097323,0.00925880256716031
2024-04-10,-0.009508923035404604,-0.026762688303131554,-0.008766860272799003,-0.010063710054648723,-0.022034210939041475
2024-04-11,0.01924683287449554,0.006745782680308056,0.01584207041174223,0.007518714544884781,-0.0045548054781998
2024-04-12,-0.013327746093360097,-0.017956424857549075,-0.016070264101510887,-0.013899395624633477,0.005330394930077662
2024-04-15,0.01854610800435578,-0.014754275535273947,-0.016587906547936883,-0.012607108726804903,-0.015627061469751916
2024-04-16,0.0012212692273934644,-0.00368431495228624,9.292485195367016e-05,-0.0018255763902847754,-0.006659314202254291
2024-04-17,-0.007395532411290297,-0.010617121260390239,-0.012276443505498245,-0.00593580131160383,0.011036963129164688
2024-04-18,0.0034096367107846366,-0.0008293097275371354,-0.005722743809701493,-0.00205978535675696,-0.005052916125159171
2024-04-19,0.0031266420969041134,0.0015544121507820032,-0.02090607750268973,-0.008766819786361752,0.003596074807023307
2024-04-22,-0.025012716627157542,0.011121659258476083,0.010006322278166719,0.009167038707831966,-0.0016840471362910114
2024-04-23,-0.0024616906480957905,0.01660480869257516,0.01481257996909935,0.01179687314432715,0.0003369993276617579
2024-04-24,-0.0018618228395408355,-0.0044923142193708816,0.003382083409388001,-0.00047478375922760786,-0.00710169211580221
2024-04-25,0.005945756955740473,-0.00608871054505162,-0.0048416733468066835,-0.0038061594070710855,-0.0070381284963034725
2024-04-26,0.0032366836371748075,0.009522780556045144,0.015313838667278198,0.009429429643894273,0.005226779110190997
2024-04-29,-0.002033283758808563,0.008033929591983947,0.004052204812282635,0.0035351579303790387,0.008351281947284217
2024-04-30,-0.02013850411793736,-0.020513071358474366,-0.019036216203281348,-0.015968158942558933,-0.008577884742348517
2024-05-01,0.009021337418355644,0.00209074114962238,-0.007256813469027963,-0.0032523473242683436,0.007343723191222662
2024-05-02,-0.003091862325121168,0.01822224323382699,0.01268252202226979,0.009309880972971276,0.004281867754701172
2024-05-03,-0.0007979449099420573,0.009855133422485179,0.019899082768519014,0.012319233172255301,0.010068089151416557
2024-05-06,0.010463427933373832,0.012844451762660117,0.010893851439973653,0.010273820224752877,0.0038885045063903664
2024-05-07,-0.00461094049941965,0.0022467894409039374,0.0001590786737677633,0.0011028964164110145,0.006079590107599097
2024-05-08,-0.0029453952906236033,-0.005822611650438258,-0.000590671151324227,9.650963363216766e-05,-0.006079590107599075
2024-05-09,0.01565541986116323,0.010155269149620946,0.002179019562348219,0.005745311462690131,0.004866716094080433
2024-05-10,0.008079783894319735,-0.007557928426284546,0.0023554619975175335,0.001287422457449094,-0.005643007652182841
2024-05-13,-0.011265319955387511,0.0021025072143663957,0.002304723773210701,0.00013424688668993673,0.002548607525138369
2024-05-14,0.008426442720749588,0.010301380291536957,0.006411663700039584,0.004577653007167775,0.005628865419965975
2024-05-15,0.012757032448187955,0.012395052754751635,0.015509446647111302,0.012306918900640545,0.013554986969545473
2024-05-16,-0.003900942141432421,-0.007235841078285633,-0.0020334416335427083,-0.00205947404304411,-0.0009775017360960498
2024-05-17,0.016363162829441925,0.0007211775517650448,-0.0004868220758765654,0.001436341954848257,-0.0067611096550261535
2024-05-20,0.004015863208074463,0.002208209334118811,0.006948419234318459,0.0011515423275526068,-0.0029589356530220668
2024-05-21,-0.0014706294501547247,-0.0009594886691025362,0.0019545814528574624,0.002449791221378094,0.005144946053559224
2024-05-22,-0.018544867564565665,-0.008483631091936639,-0.00019755825632619028,-0.0028838178059367326,0.0012002584915634055
2024-05-23,-0.02014614803918644,-0.016546366008878093,-0.004508524750812959,-0.0073309558317456265,-0.006454896249301306
2024-05-24,0.0009266841017383871,0.011012612324306963,0.009411990866191865,0.00659471539468925,0.0029589899255587013
2024-05-28,0.01045829379441463,-0.001363814205972274,0.0037704848200349433,0.0006984645072741422,-0.014439152467581661
2024-05-29,-0.009347362870368763,-0.014879143579082599,-0.0070732435043098915,-0.007027080264985253,-0.012175687921066936
2024-05-30,0.0018949634848045166,0.009454054091690336,-0.01077109896795458,-0.006655751453434156,0.009618416348475059
2024-05-31,-0.005881436093592545,0.008393893555027085,-0.0018620979556253356,0.009066620382626596,0.006767140795048401
2024-06-03,0.008878251926791354,-0.005653162948204879,0.00535494075703763,0.0008153277329750148,0.0160450282922317
2024-06-04,-0.00901759641821021,-0.012986697594802026,0.0027328110181607606,0.0011171445523810693,0.011613466975603308
2024-06-05,0.011775993219294973,0.015183333583407458,0.01995922244835112,0.011814938784735909,0.007311101204790135
2024-06-06,0.0073641743967564136,-0.007194297566305157,-0.00034520590658206074,-1.8541883754444507e-05,-0.00150064112084561
2024-06-07,-0.036335512840658196,-0.011808724042932523,-0.0008852342896155985,-0.0012163519603582622,-0.01851620935524089
2024-06-10,0.009126408480625946,0.003423534847643212,0.004031028245910044,0.0030847874010507806,-0.006689081277243117
2024-06-11,0.0028525382508942246,-0.0034231478606683565,0.006839364260680645,0.0024054003217751185,0.010289147842842534
2024-06-12,0.002658183908153708,0.015234285694429146,0.013012676946934492,0.008179693720100113,0.007485572680327167
2024-06-13,-0.008183543017197694,-0.008775864602009902,0.005405655920603594,0.0020113224602561265,0.014593025407234643
2024-06-14,0.012876289526632455,-0.016023589958850115,0.005167818227524118,0.0006083178865625037,0.008379379330548237
2024-06-17,-0.005205175700450875,0.008368353858845866,0.012175380715000912,0.007927180438056413,-0.00997859084130033
2024-06-18,0.0039992641040523845,0.0017448704401286628,0.0003091963713750431,0.002537629134512632,0.009133500483934591
2024-06-20,0.012407060942233438,-0.004243091024026806,-0.007737807590891076,-0.0027202178740589984,-0.006682810134727375
2024-06-21,-0.015614512577113812,0.002248671437309099,-0.0026828743722766475,-0.0013416016869592193,0.0
2024-06-24,0.0039497558204108826,0.004332985991686815,-0.011449970752719259,-0.003256086025164259,0.004036194061782611
2024-06-25,-0.004974590412272679,-0.0032854526615835327,0.011370651608700676,0.003843614721743034,0.0016945474004535946
2024-06-26,-0.009271011435783051,-0.0026461242299768897,0.0020631377508568624,0.001247510172051424,-0.01438868594683632
2024-06-27,0.011273144249924162,0.010097476078355221,0.0025779174425050212,0.001575089778218926,0.003964105288134664
2024-06-28,9.297215668029186e-05,0.004099249970861458,-0.005204427786590029,-0.00394295693810304,-0.01878095110356276
2024-07-01,0.0026012036358740546,-0.008414260993198237,0.005847933938244877,0.002055993031439781,-0.017409443810142516
2024-07-02,-4.643502198142268e-05,0.003423728714037466,0.010444947577372313,0.006707102376192651,0.007755307880780355
2024-07-03,0.01120993363706169,-0.00024779640386574765,0.00830252230358641,0.004452888263685082,0.013047933001639577
2024-07-05,0.013396660734694752,-0.004767766254851205,0.01037292767891983,0.0057497556749030706,0.008244575117143469
2024-07-08,-0.012479622087256387,0.006994958780184241,0.0023753611383853057,0.001153269750233717,0.00215868981254536
2024-07-09,0.00169431118809057,-0.004359885711666878,0.0008642304588409695,0.0009721566834986381,-0.004430000189410249
2024-07-10,0.003653653384415314,0.009734049967532472,0.010372503213757135,0.009846553230590796,0.003135186924026962
2024-07-11,0.017578001160184497,0.035313348040349295,-0.022174245622248158,-0.008660102895753388,0.009668209482236968
2024-07-12,-0.0006272936376368344,0.011608818510645255,0.005857694431017937,0.006287755880429965,0.004267294632641764
2024-07-15,0.0032219172131206842,0.01882337721251222,0.0026841801579518573,0.0027465132130202853,-0.011563222806349723
2024-07-16,0.01972987782004887,0.03354853372193173,0.0003828845449640489,0.005912465145621631,0.014008414930729277
2024-07-17,-0.0046540195707980275,-0.010518329772767081,-0.029794266320306476,-0.014120392352226195,0.00021249764531404547
2024-07-18,-0.006401633154546632,-0.019537118897101257,-0.004743831680249762,-0.007714543537523212,-0.007673702277657899
2024-07-19,-0.018100662230646155,-0.005105987242547048,-0.008903159375775214,-0.006662771211276472,-0.0059014796052354376
2024-07-22,0.0003156824791686295,0.01578518881413632,0.014787997344553504,0.010257248722709117,-0.0029098705785038865
2024-07-23,0.003510507096461622,0.010566220714737652,-0.00353100852394707,-0.001569851025100615,-0.0014045451498808242
2024-07-24,-0.0035105070964615765,-0.021704379739763333,-0.036529396545934505,-0.022923339650633475,-0.01086684763307979
2024-07-25,-0.015768400613655725,0.01240841993743533,-0.011088993068435663,-0.005223947206934318,0.008161385555274304
2024-07-26,0.010479424389843233,0.016412610328133688,0.010203787823464514,0.011137545509249756,0.007772850004371044
2024-07-29,-0.0014060442276131696,-0.01116735299512323,0.0020066767148763515,0.0005876041935416669,0.0053627709764335
2024-07-30,0.009935936183544776,0.0037812818037368775,-0.013826516753672063,-0.005079347169750232,0.0038431723204824194
2024-07-31,0.017948680176279857,0.0057791745900323726,0.029164327849331536,0.016123885213588526,0.01017708973243151
2024-08-01,-0.003448883709883457,-0.03306079055985534,-0.02451973574903044,-0.014262157792712745,0.008587731805829897
2024-08-02,-0.0019064443892985788,-0.0360086378287939,-0.02402101285521502,-0.018794002453846208,0.030685888817388037
2024-08-05,-0.01277316576262444,-0.03269413752131803,-0.03026976057720297,-0.029556142014905782,0.005276990420647925
2024-08-06,-0.008032891286850252,0.010821602843147541,0.009509752966737412,0.009177162163016008,-0.022622268721980657
2024-08-07,-0.0006798590470787476,-0.011910147430040723,-0.010888934101517624,-0.006706202436224338,-0.007065017844894846
2024-08-08,0.01556622880577821,0.024018460550730224,0.03013247578319549,0.022854163785952418,-0.006170659008733939
2024-08-09,0.002452251987911254,-0.002080478629936765,0.005208705889956214,0.004399878128669542,0.009813062496558616
2024-08-12,0.01699935451192235,-0.009049848511700818,0.0021512537149198517,0.0005254048270538658,0.003629437229518959
2024-08-13,-0.0015335341694870399,0.01633689597461247,0.02451000831954855,0.016311853721701915,0.006911366136709112
2024-08-14,-0.008189191333501105,-0.006222035599718159,0.00032423739994037607,0.003149648564824356,0.006250908252210402
2024-08-15,0.0031339290416113642,0.025603126354299916,0.024949308945380923,0.01699507399964181,-0.00810302431853292
2024-08-16,0.0221408117352879,0.002637636728297073,0.0012849067819175562,0.0022394316753279802,0.003495622281149575
2024-08-19,-0.0016393656726291592,0.01215532069892785,0.013050482862844513,0.009515921951521707,0.004607402037383243
2024-08-20,0.003663270802502215,-0.011732051211915423,-0.0021008491750047946,-0.0016272287811365533,0.007936779614531589
2024-08-21,-0.0013345079227065216,0.012939510692324052,0.004653293592858125,0.0034306455748541716,0.0006075144978623224
2024-08-22,-0.012047289256477975,-0.008857479354837494,-0.01598187018611626,-0.00787944734857845,-0.009975495634399366
2024-08-23,0.011487194343258993,0.031435574961876274,0.010787067256867143,0.01056925725838062,0.006525872734378436
2024-08-26,0.0031842629268953445,0.00031746351849223746,-0.009755772160437739,-0.002386767277454364,-0.0025440082267525624
2024-08-27,0.00270301522962425,-0.0077869971222011775,0.0029828581572718697,0.0013721851734347333,-0.0017336929332677114
2024-08-28,-0.007051666972008083,-0.00678905279336342,-0.01141228400916802,-0.005822070356508212,-0.0012256639202702807
2024-08-29,0.005164620716356872,0.007109038054625441,-0.001464815850023704,8.92744039745148e-05,-0.0032756614522555278
2024-08-30,-0.0071515197828322195,0.005787313480296367,0.011848877966064344,0.00950087019780019,-0.010720594866172162
2024-09-03,-0.00433295027353233,-0.03105707573185243,-0.030831441730837413,-0.02079365581806176,0.01622288068296271
2024-09-04,0.0006077417877377091,-0.0016888357486257472,-0.002601894260494203,-0.0020490285217845635,0.012807758639529912
2024-09-05,0.008297784905920138,-0.004989233014567225,0.0009332473821781368,-0.0024351463071584736,0.005639823321552049
2024-09-06,-0.007430165851405754,-0.01919881588753577,-0.027152618736984165,-0.016973125582716155,-0.00010021010727526151
2024-09-09,0.004197056104325384,0.002785884984545104,0.012777546237905349,0.011133857170040921,0.004309565128758552
2024-09-10,0.004394427867847918,-0.0008156652281525747,0.009199372058220683,0.004346292606158394,0.006976320420907133
2024-09-11,-0.0015918222264343484,0.00292402494359152,0.021483030979453643,0.010206600133194934,-0.0007948118917757966
2024-09-12,0.01741476344611925,0.012793541064215175,0.009768214349225198,0.008387934951579508,-0.004682462783370877
2024-09-13,0.009894570827460453,0.02436867432257396,0.004469907457188085,0.005209152117009635,0.0026926648517269242
2024-09-16,-8.375168155570817e-05,0.0035907926285958197,-0.004427650545429898,0.0014758816086318557,0.009120864999772061
2024-09-17,-0.005546263478781612,0.008237720676426788,0.0005281257631369984,0.0004084770751017805,-0.004847542665663202
2024-09-18,-0.007740344731775493,0.00018223215329768577,-0.004339004735685169,-0.0029701170400663716,-0.012473346250097087
2024-09-19,0.015421236419487627,0.020387689586296324,0.024969910450283243,0.016920328049693123,-0.003319180469226669
2024-09-20,0.012630557682531525,-0.010773446391517786,-0.0019051487383994468,-0.0017299951074902689,-0.0038357764866067514
2024-09-23,0.00193852671610104,-0.003662537602314861,0.0026471384398120217,0.0024956623114351256,-0.0021256785839872186
2024-09-24,0.013872405171650835,0.0016745991335537671,0.004812028254847569,0.002857175987110122,-0.00020299859997384466
2024-09-25,-0.0013827232563758825,-0.01227207712033899,0.0009267884352670091,-0.002207955330790088,-0.008346766464240086
2024-09-26,0.005073989582052931,0.005314403714982195,0.0074849813250431095,0.003956980151877201,0.002348007110128156
2024-09-27,-0.00796748708764577,0.006739950003255545,-0.005572500227349027,-0.0014515798688464246,0.005187504735926849
2024-09-30,-0.008031540905021974,0.0025384460677986163,0.002708117079359254,0.003999258283756951,-0.004779602813314054
2024-10-01,0.01043659814331518,-0.01367448884928919,-0.014030451084246442,-0.00899880811214898,0.007193990818698584
2024-10-02,0.000203566476664949,-0.0013778895227286494,0.00141198772451577,0.00042215070557148675,-0.008462737874219878
2024-10-03,-0.0006922454344502302,-0.006732451081601676,-0.0007473045747700646,-0.0018298807376693675,-0.009465372533914208
2024-10-04,-0.00199802503899798,0.013876395351531411,0.011827960551143256,0.009046248361822076,-0.012377100156214453
2024-10-07,-0.0033935140367649104,-0.007879439136460024,-0.010769502234023749,-0.00908149429633547,-0.007563832634152555
2024-10-08,-0.007399232494344503,0.0006896178565269199,0.014824225591951068,0.00941309228433512,0.0016857839145719218
2024-10-09,-0.0054610705017173605,0.002203629301080908,0.00783758103927792,0.00690252863327686,-0.005701246942296568
2024-10-10,0.007316064767089658,-0.005564343550720073,-0.0011361966650338977,-0.0017515515096106415,-0.003924990040020269
2024-10-11,0.01085428686886074,0.020132632684809627,0.0015619689489446288,0.005970232281506216,-0.004047366834584832
2024-10-14,-0.0016308312397319176,0.007339755493859101,0.008356383941911936,0.008145150605481091,0.0007468403257900101
2024-10-15,0.0034623584364339233,0.00080740266198288,-0.013456875399656346,-0.007800122217381221,0.012084226767209385
2024-10-16,0.0049891427128232555,0.01631840860444778,0.0001221662607972048,0.004337209861329735,0.004205772499588084
2024-10-17,0.005970452161761758,-0.0027382561812167635,0.0006923480926177118,8.565249892688658e-05,-0.015970058565607046
2024-10-18,0.010562207979593495,-0.002080759541868196,0.00653334804544309,0.003839263853757729,0.0007460443324695738
2024-10-21,-0.0001990210805239133,-0.015857362948392874,0.0019194270716397367,-0.001643639732324792,-0.017625310567368508
2024-10-22,0.010729555523637746,-0.0037891880888119003,0.0010893231736320648,-0.0005311669380132737,0.000975265830647326
2024-10-23,-0.012123752431615111,-0.009171460154476962,-0.01544236142759195,-0.009179395509116874,-0.002711804291456739
2024-10-24,0.007663817134299539,0.0021868919915504236,0.00807609418882454,0.0021603971195919584,0.00638796002849238
2024-10-25,0.0020548662166116312,-0.003784636048291395,0.006075075781240864,-0.0003453500490832181,-0.00562763947036967
2024-10-28,3.945329776617785e-05,0.01617807424670156,0.00016149788704819475,0.003086584110979717,-0.0027171087035093144
2024-10-29,0.010835937036952448,-0.003241851930732682,0.009562543206577062,0.0016169437877313257,0.0015221599740072736
2024-10-30,0.005490789207931537,-0.0013539494769702687,-0.007586307871290709,-0.0030297780102674695,0.002929642903378101
2024-10-31,-0.01561647178727062,-0.016758101328978977,-0.025566848411788117,-0.01979777103018545,0.0016238589641927427
2024-11-01,-0.004110813705942248,0.0055868118019541425,0.007371775011129927,0.004211624437539286,-0.014198467368956937
2024-11-04,0.0014248987496042703,0.005056220606806788,-0.0029174125272462,-0.002156440057351872,0.015402316632448681
2024-11-05,0.0022519104403696992,0.018635721080839166,0.012676127564954107,0.012019527204690137,0.005297582752154313
2024-11-06,-0.030857976694085517,0.056315716484174175,0.026800849434927904,0.02456142954588622,-0.027770251984587116
2024-11-07,0.01594864539186116,-0.003547242792985231,0.015621679504479834,0.007702333505266537,0.01245011770189845
2024-11-08,-0.006792442588197375,0.007334022828014855,0.0011676728533209701,0.004322344777961277,0.01262074641806442
2024-11-11,-0.02375140115119195,0.01492247950243146,-0.0005836659941836152,0.0009523667767504468,-0.004876881704258516
2024-11-12,-0.008668821068980244,-0.017698031218485403,-0.0018115625002824679,-0.0031112038345014656,-0.015107105121641623
2024-11-13,-0.010132384997697268,-0.009945694391024952,-0.0012875975429665362,0.00048578171050621643,-0.009531267571627006
2024-11-14,-0.002612551531378293,-0.013574862493538753,-0.006974018362624259,-0.00645080022825673,0.005774034230622761
2024-11-15,-0.0017736414154014318,-0.015030033161525043,-0.02411427201185212,-0.012891439592454115,-0.0026607898387315055
2024-11-18,0.01884162282592499,0.0019676749626320635,0.0069235712287953445,0.004088957688755643,0.0017745272384079305
2024-11-19,0.00891942849470824,0.007398408967974354,0.006856194084743907,0.003648764650949344,0.005084716937150551
2024-11-20,0.005616245032295766,0.0012998990760678167,-0.0005761464957016417,0.0003387636293453263,-0.0032027145508646466
2024-11-21,0.008304918886222272,0.015085067114539585,0.00359069067130761,0.005353947290514839,-0.0007743191100402942
2024-11-22,0.012809813332372074,0.018301155318377366,0.0016028218731565236,0.0030946028624408315,0.0005532481397428141
2024-11-25,-0.029901483187305778,0.015088398978741813,0.0015803658036859412,0.0033864333662932153,0.02555810001400238
2024-11-26,0.001936433160954421,-0.007370308684098652,0.00535490383422652,0.005207881046778811,-0.0038896277989073336
2024-11-27,0.0022202481870022992,0.0013705776374561196,-0.007904606941713053,-0.00303476291595765,0.006904911529839403
2024-11-29,0.008587567442534243,0.0038108130142527983,0.008748495819148737,0.006192899543406155,0.01026844316388391
2024-12-02,-0.008792948302693988,-0.0004961395682443929,0.01082897283401104,0.0017909141806159404,0.0023998862067717164
2024-12-03,0.0020107532444556663,-0.007140257755631216,0.003061528019717898,0.00046364359835609565,-0.008666299324978883
2024-12-04,0.00302908748607766,0.00357646965141878,0.012287225138919474,0.006190317284595953,0.010688011015577903
2024-12-05,-0.0074252082091734815,-0.011733703700101265,-0.002775068511847912,-0.001646960376887129,0.0020182290493543347
2024-12-06,0.0003705001517975754,0.003563867865607838,0.008909967305168144,0.0018938878792284385,0.0014841826869109282
2024-12-09,0.009870874002918592,-0.005035019592374888,-0.007818070265258605,-0.0051630760269859065,-0.009259677201002585
2024-12-10,0.013078415980993926,-0.004341941624600332,-0.0034133413477308396,-0.0031138967219160475,-0.004715982788876914
2024-12-11,0.009488652360594872,0.004510275815624906,0.017743969938465644,0.007701053694474641,-0.009499129007136542
2024-12-12,-0.01477229774782158,-0.013081039902381561,-0.006474746147429472,-0.00516616061972961,-0.012222075346405459
2024-12-13,-0.01216527622337442,-0.00688393371328569,0.007625224491086093,-0.00019851069874819054,-0.010263190202062756
2024-12-16,0.00241229791280552,0.005860786259238744,0.014297917390479479,0.00426095364790914,0.0029906458275624553
2024-12-17,-0.003846011153453628,-0.011514291655615747,-0.0044134304194519015,-0.004128677159093004,0.002429826592589703
2024-12-18,-0.01937149963953244,-0.045282266811404785,-0.03674383232083676,-0.030256555956807873,-0.012582848752079795
2024-12-19,0.0014200879312812307,-0.004447403789946656,-0.004463171579019459,-0.0003071615056291644,-0.015257197187041478
2024-12-20,0.01037999743966833,0.009325919212031885,0.008694716819256201,0.011939495834997458,0.005677917482449904
2024-12-23,-0.004719916680210798,-0.0023007236531217773,0.009695379296761676,0.00597045114423605,-0.009214533105755054
2024-12-24,0.001990032656870636,0.00890291953167694,0.013468734606278315,0.011053691908019905,0.0042198087534713455
2024-12-26,0.0067284927019149185,0.010198911438820913,-0.000679472062011487,6.664834267598922e-05,-0.000569416641995787
2024-12-27,-0.006894214453703814,-0.01468542353836614,-0.013382271731106449,-0.010582392275623754,-0.008232338983100693
2024-12-30,-0.0031947790408758405,-0.007718957688314629,-0.01338911822728973,-0.011477170799027402,0.008004681950578473
2024-12-31,0.006214287831739849,0.0012680003074127645,-0.008531161712812938,-0.0036448545006708003,-0.005367616935789996
