Date,p_low_vol,p_med_vol,p_high_vol
2008-01-03,0.0,9.858050809105809e-170,1.0
2008-01-04,0.0,9.858050809105809e-170,1.0
2008-01-07,0.0,9.858050809105809e-170,1.0
2008-01-08,0.0,9.858050809105809e-170,1.0
2008-01-09,0.0,9.858050809105809e-170,1.0
2008-01-10,0.0,9.858050809105809e-170,1.0
2008-01-11,0.0,9.858050809105809e-170,1.0
2008-01-14,0.0,9.858050809105809e-170,1.0
2008-01-15,0.0,9.858050809105809e-170,1.0
2008-01-16,0.0,9.858050809105809e-170,1.0
2008-01-17,0.0,9.858050809105809e-170,1.0
2008-01-18,0.0,9.858050809105809e-170,1.0
2008-01-22,0.0,9.858050809105809e-170,1.0
2008-01-23,0.0,9.858050809105809e-170,1.0
2008-01-24,0.0,9.858050809105809e-170,1.0
2008-01-25,0.0,9.858050809105809e-170,1.0
2008-01-28,0.0,9.858050809105809e-170,1.0
2008-01-29,0.0,9.858050809105809e-170,1.0
2008-01-30,0.0,9.858050809105809e-170,1.0
2008-01-31,0.0,9.858050809105809e-170,1.0
2008-02-01,0.0,9.858050809105809e-170,1.0
2008-02-04,0.0,9.858050809105809e-170,1.0
2008-02-05,0.0,9.858050809105809e-170,1.0
2008-02-06,0.0,9.858050809105809e-170,1.0
2008-02-07,0.0,9.858050809105809e-170,1.0
2008-02-08,0.0,9.858050809105809e-170,1.0
2008-02-11,0.0,9.858050809105809e-170,1.0
2008-02-12,0.0,9.858050809105809e-170,1.0
2008-02-13,0.0,9.858050809105809e-170,1.0
2008-02-14,0.0,9.858050809105809e-170,1.0
2008-02-15,0.0,9.858050809105809e-170,1.0
2008-02-19,0.0,9.858050809105809e-170,1.0
2008-02-20,0.0,9.858050809105809e-170,1.0
2008-02-21,0.0,9.858050809105809e-170,1.0
2008-02-22,0.0,9.858050809105809e-170,1.0
2008-02-25,0.0,9.858050809105809e-170,1.0
2008-02-26,0.0,9.858050809105809e-170,1.0
2008-02-27,0.0,9.858050809105809e-170,1.0
2008-02-28,0.0,9.858050809105809e-170,1.0
2008-02-29,0.0,9.858050809105809e-170,1.0
2008-03-03,0.0,9.858050809105809e-170,1.0
2008-03-04,0.0,9.858050809105809e-170,1.0
2008-03-05,0.0,9.858050809105809e-170,1.0
2008-03-06,0.0,9.858050809105809e-170,1.0
2008-03-07,0.0,9.858050809105809e-170,1.0
2008-03-10,0.0,9.858050809105809e-170,1.0
2008-03-11,0.0,9.858050809105809e-170,1.0
2008-03-12,0.0,9.858050809105809e-170,1.0
2008-03-13,0.0,9.858050809105809e-170,1.0
2008-03-14,0.0,9.858050809105809e-170,1.0
2008-03-17,0.0,9.858050809105809e-170,1.0
2008-03-18,0.0,9.858050809105809e-170,1.0
2008-03-19,0.0,9.858050809105809e-170,1.0
2008-03-20,0.0,9.858050809105809e-170,1.0
2008-03-24,0.0,9.858050809105809e-170,1.0
2008-03-25,0.0,9.858050809105809e-170,1.0
2008-03-26,0.0,9.858050809105809e-170,1.0
2008-03-27,0.0,9.858050809105809e-170,1.0
2008-03-28,0.0,9.858050809105809e-170,1.0
2008-03-31,6.827752189657199e-124,0.3957746124874753,0.604225387516056
2008-04-01,2.3803134258292376e-12,0.4948937078307793,0.5051062921652011
2008-04-02,3.2665408741313e-10,0.8047378033078936,0.19526219636478642
2008-04-03,1.2717837360114708e-09,0.936086095163099,0.06391390356421695
2008-04-04,3.7168110533280094e-09,0.9838396983030196,0.016160297981109656
2008-04-07,1.6050673039068436e-08,0.996813552166828,0.0031864317852993243
2008-04-08,4.630117502376823e-08,0.9994789277039293,0.0005210259913314051
2008-04-09,8.336680530389249e-08,0.9999171574210083,8.275921558327202e-05
2008-04-10,1.1180415028248914e-06,0.9999754477425136,2.3434213585202353e-05
2008-04-11,5.567806794425279e-10,0.9999339238350988,6.607560469205188e-05
2008-04-14,6.01920267313353e-07,0.9999813920352233,1.8006047578635473e-05
2008-04-15,2.9526053425977236e-06,0.999984648065555,1.2399329659955075e-05
2008-04-16,4.676904964005295e-06,0.9999606767761346,3.464632146140132e-05
2008-04-17,0.0013182412710120522,0.9986745928004618,7.165924936396756e-06
2008-04-18,0.008388802729357306,0.9916042476896726,6.9495837849081624e-06
2008-04-21,0.02781638375912425,0.9721785078286619,5.108412522166067e-06
2008-04-22,0.0661008941910531,0.933894713883232,4.3919254392139435e-06
2008-04-23,0.23061019089987483,0.7693871978940976,2.6112054392663957e-06
2008-04-24,0.5083535689093388,0.49164497834303383,1.4527482536327608e-06
2008-04-25,0.7344681294865014,0.2655310243229424,8.461877398206227e-07
2008-04-28,0.8697368947529958,0.1302628961759643,2.090713675370495e-07
2008-04-29,0.9599894516808003,0.04001039370813528,1.5461300987922763e-07
2008-04-30,0.9768523366723292,0.02314753156487284,1.317648300961259e-07
2008-05-01,0.9807033305667083,0.019296423359533105,2.460737096150059e-07
2008-05-02,0.9874965949188783,0.012503331416450316,7.366451188342973e-08
2008-05-05,0.9863718392683047,0.013628096127570431,6.460464009474695e-08
2008-05-06,0.9819482688740699,0.018051635237902396,9.588991588084007e-08
2008-05-07,0.9563784183634314,0.04362149682076566,8.48123223700627e-08
2008-05-08,0.9817917854692434,0.01820819350158641,2.102570933481239e-08
2008-05-09,0.9958766627462508,0.004123332627088846,4.626084955782276e-09
2008-05-12,0.9991272936920282,0.000872705022868107,1.2834972039163918e-09
2008-05-13,0.9997835687860395,0.00021643114781817895,6.834123326903906e-11
2008-05-14,0.999959765033052,4.023495188512867e-05,1.8339324522894e-11
2008-05-15,0.9999472265291346,5.277346445148929e-05,8.730566991904851e-12
2008-05-16,0.9999550542475902,4.4945730848371863e-05,1.8976617671721352e-11
2008-05-19,0.9998015701359466,0.0001984297259260788,1.3468212539402622e-10
2008-05-20,0.9976718745037859,0.002328124079010396,1.4150121656961216e-09
2008-05-21,0.9917882942162375,0.008211694309127885,1.1474547007632162e-08
2008-05-22,0.9962219414779429,0.003778039056103969,1.9469442152749242e-08
2008-05-23,0.9957618574823002,0.004238138319952676,4.195364367685872e-09
2008-05-27,0.9993054173808836,0.0006945817346543558,8.862369563770823e-10
2008-05-28,0.9998172157953524,0.0001827839404367709,2.621660281621567e-10
2008-05-29,0.9998092489967613,0.0001907507198092177,2.8058793823804216e-10
2008-05-30,0.9992065469956982,0.0007934519689438925,1.0342877048392473e-09
2008-06-02,0.9914196127530408,0.008580381115584946,6.132252769980083e-09
2008-06-03,0.9806254815669165,0.019374459627409146,5.880915797643798e-08
2008-06-04,0.9366565778192891,0.06334325194531179,1.7023236230689105e-07
2008-06-05,0.5208439325322233,0.4791536037677341,2.463697530202939e-06
2008-06-06,4.745588752581444e-06,0.9999553653827052,3.9889028840531475e-05
2008-06-09,0.0008383364662933867,0.9991549402550145,6.723276436021486e-06
2008-06-10,0.0005341556290629738,0.9994599734112176,5.870959466288335e-06
2008-06-11,3.725857946127768e-05,0.9999529642375796,9.777186234508314e-06
2008-06-12,0.0004156627737885495,0.9995784365089532,5.900715080309908e-06
2008-06-13,0.0003189224006496945,0.9996728051735312,8.272423896696985e-06
2008-06-16,0.0001800453423153968,0.9998141087412247,5.845913222403041e-06
2008-06-17,4.334321313460939e-05,0.999950175476265,6.481310391563204e-06
2008-06-18,6.61455615917944e-06,0.9999851119008396,8.273539437673194e-06
2008-06-19,4.1129520183085495e-05,0.9999522351193254,6.635359602402468e-06
2008-06-20,2.7354690746313825e-07,0.9999851332045265,1.459324529354287e-05
2008-06-23,1.1286497213129107e-05,0.9999816036889142,7.1098102701389256e-06
2008-06-24,7.066281406084541e-06,0.9999857132863433,7.220434842155957e-06
2008-06-25,7.048446470869172e-06,0.9999812629985245,1.1688554869943138e-05
2008-06-26,4.563300586871045e-11,0.9999121500323356,8.784992409381265e-05
2008-06-27,1.6866376520781056e-07,0.9999832060666929,1.662526697503462e-05
2008-06-30,2.29945570416819e-07,0.9999890708510673,1.069920327477491e-05
2008-07-01,1.0132973694425076e-07,0.9999870773861463,1.2821283683209705e-05
2008-07-02,2.1067334728932106e-10,0.9999631959441865,3.6803848679328575e-05
2008-07-03,1.8283549637556636e-08,0.9999858790230277,1.4102696644380218e-05
2008-07-07,5.108434148868747e-09,0.9999837678850345,1.622700546096808e-05
2008-07-08,1.2717579463307578e-09,0.9999682269290184,3.1771799210275486e-05
2008-07-09,5.01208291861132e-12,0.999943095466957,5.6904528595837914e-05
2008-07-10,5.42917848924751e-10,0.9999777027417849,2.229671275262291e-05
2008-07-11,1.742470862922242e-11,0.9999674204878256,3.25794976118701e-05
2008-07-14,1.7556660321686995e-11,0.9999657027935351,3.429719155528897e-05
2008-07-15,7.803884881636307e-13,0.9999278415549533,7.215844253665585e-05
2008-07-16,4.871763167157665e-14,0.9998536415890612,0.00014635841198711207
2008-07-17,3.0698587183377045e-13,0.9999123600853511,8.763991646731899e-05
2008-07-18,1.414135415849576e-13,0.999924078286323,7.592171667364513e-05
2008-07-21,1.1009797564290626e-13,0.9999178686526765,8.213134546736292e-05
2008-07-22,7.225416664567358e-14,0.9998682470540742,0.00013175294917986454
2008-07-23,9.198189316160253e-14,0.9997531167263111,0.00024688327089465137
2008-07-24,3.808324655618522e-17,0.9993450091019178,0.0006549908953443629
2008-07-25,1.0331095212918771e-13,0.9996418275037872,0.000358172494213131
2008-07-28,3.0002949300114018e-15,0.9995534817154949,0.00044651828222806364
2008-07-29,1.3404118233633233e-14,0.9995238017589498,0.0004761982405057145
2008-07-30,3.816254350642501e-14,0.9995549358873977,0.0004450641143711697
2008-07-31,9.614685184886752e-15,0.9995657797962186,0.0004342202041266717
2008-08-01,1.8415913301198003e-13,0.999693026562067,0.0003069734381808936
2008-08-04,1.4554207686202146e-13,0.9996852623427245,0.0003147376561442199
2008-08-05,5.609367679263815e-14,0.9996125582272605,0.00038744177347526965
2008-08-06,1.1283586386875323e-11,0.9998288648263696,0.00017113516494831553
2008-08-07,2.2748103193862407e-13,0.9997991775657542,0.00020082243664075548
2008-08-08,2.3074889681789247e-11,0.9998849288022797,0.00011507117352262201
2008-08-11,4.1388945425836486e-10,0.999948423048864,5.157653687299863e-05
2008-08-12,1.7458091502376828e-10,0.999955541409382,4.445841524632541e-05
2008-08-13,4.326537383113641e-09,0.9999771510911313,2.2844580324647505e-05
2008-08-14,5.7417945133167937e-08,0.9999849232089819,1.5019369915742184e-05
2008-08-15,1.2732075243008517e-07,0.9999859959824016,1.3876694476615984e-05
2008-08-18,3.09342673837892e-09,0.9999713408501965,2.8656055649827128e-05
2008-08-19,1.1051793763841115e-08,0.9999772478882643,2.2741057861878386e-05
2008-08-20,2.9633064486296364e-07,0.9999873370108205,1.2366661078921617e-05
2008-08-21,9.49468689448548e-07,0.9999892949190342,9.755609838012614e-06
2008-08-22,1.1585009822378813e-06,0.9999831225546575,1.5718946494577807e-05
2008-08-25,2.245820812616789e-09,0.9999612274282081,3.877032387335438e-05
2008-08-26,6.508650502515464e-06,0.9999841840631412,9.307284827388553e-06
2008-08-27,1.2913658407512245e-05,0.9999785356824626,8.550661748059969e-06
2008-08-28,1.7973874517760923e-05,0.999972782184406,9.243941320290962e-06
2008-08-29,1.9915366908991676e-06,0.9999880769229583,9.931537955384781e-06
2008-09-02,1.3649501619869397e-05,0.9999787723934148,7.578107122967739e-06
2008-09-03,0.0001077369575608594,0.9998822795416095,9.983499474431569e-06
2008-09-04,1.7473798614417137e-10,0.9998976112726558,0.00010238855324522658
2008-09-05,4.7005577910425814e-05,0.9999383191131069,1.4675309402704177e-05
2008-09-08,1.0034160907527585e-05,0.9999278975830612,6.206825896205779e-05
2008-09-09,3.306373384419366e-11,0.9996036907323625,0.0003963092327278557
2008-09-10,1.103497268744069e-05,0.9994728062603255,0.0005161587679227219
2008-09-11,5.880457948169951e-06,0.9950276953575611,0.004966424187879247
2008-09-12,1.1283649991260125e-07,0.9411832019522466,0.058816685214338846
2008-09-15,6.150591612860748e-23,0.014320622474067391,0.9856793775244723
2008-09-16,1.4359489661739915e-12,0.012347623669301023,0.9876523763297297
2008-09-17,1.3436671978472605e-27,1.6842148947183626e-05,0.9999831578497328
2008-09-18,1.8296913078655797e-17,5.6056320862708554e-05,0.9999439436792894
2008-09-19,1.2285586745112227e-20,8.515700893919164e-06,0.9999914842991229
2008-09-22,2.0287853739150048e-25,2.177695692108768e-06,0.9999978223009813
2008-09-23,2.9762787746864722e-25,2.0357766771272346e-06,0.9999979642255116
2008-09-24,1.8510511922507512e-19,3.193923119336025e-05,0.999968060765992
2008-09-25,2.387394854017328e-18,3.1518387105272234e-05,0.9999684816158547
2008-09-26,2.2144150033928475e-32,2.1086288384980414e-05,0.9999789137113496
2008-09-29,9.368382048950775e-79,2.3148700820471897e-18,1.0
2008-09-30,1.3477181580777555e-46,6.99088086516245e-09,0.9999999930078047
2008-10-01,1.3740172265006535e-40,1.0327900622312785e-08,0.9999999896754161
2008-10-02,1.3662056870495668e-53,3.8515131650110035e-12,0.999999999992724
2008-10-03,9.139869515867591e-53,5.932186979764238e-10,0.9999999994033715
2008-10-06,4.01905972658061e-74,1.8651509107576514e-15,1.0
2008-10-07,8.804882333000432e-76,3.4569609878633094e-15,1.0
2008-10-08,1.2693125848604063e-75,5.910501846770303e-13,1.0
2008-10-09,3.386298861346049e-106,1.57989908614073e-22,1.0
2008-10-10,9.305707376770145e-104,4.235652836266817e-15,1.0
2008-10-13,1.1803178034065904e-156,3.856252836717878e-34,1.0
2008-10-14,6.578114231066084e-156,1.3624152125217647e-24,1.0
2008-10-15,2.4336850322029695e-220,1.7629534112338713e-48,1.0
2008-10-16,4.3525858726876195e-155,8.083459419749819e-27,1.0
2008-10-17,3.1399508183049284e-143,2.0414411348216586e-28,1.0
2008-10-20,1.044657862584059e-154,1.1315097325932987e-29,1.0
2008-10-21,1.9452835096450512e-184,2.0328185410317482e-35,1.0
2008-10-22,5.04705476622662e-208,4.5142423323141015e-42,1.0
2008-10-23,2.6143025457246835e-190,4.876696946399951e-33,1.0
2008-10-24,1.5219891712979027e-219,1.2051712418718088e-43,1.0
2008-10-27,6.116616196304221e-221,5.151583848288705e-39,1.0
2008-10-28,1.4238595616820829e-235,2.964074951900297e-44,1.0
2008-10-29,8.169212280960343e-226,8.378932746876016e-43,1.0
2008-10-30,1.787804860651427e-219,1.0214520263362582e-40,1.0
2008-10-31,1.8394746391556615e-223,1.0038287435653513e-42,1.0
2008-11-03,1.610781567069119e-220,9.451809554774689e-42,1.0
2008-11-04,4.3629544963600864e-219,4.168393983112974e-39,1.0
2008-11-05,7.780330683639238e-250,4.9673399877606935e-48,1.0
2008-11-06,4.8210925602752824e-253,2.1199142245679535e-49,1.0
2008-11-07,3.9715404412322616e-199,3.2428521992279976e-37,1.0
2008-11-10,1.2140900650664967e-176,1.066138900829744e-30,1.0
2008-11-11,7.396541013904417e-178,1.8005678000276625e-33,1.0
2008-11-12,2.962622694611517e-170,9.437031622206e-31,1.0
2008-11-13,3.280443848631186e-155,2.3085654736805426e-25,1.0
2008-11-14,4.589452504335806e-171,6.402162373447578e-34,1.0
2008-11-17,2.5404597741443893e-148,6.008922457292495e-26,1.0
2008-11-18,3.3281122289917424e-143,1.2118759386713612e-23,1.0
2008-11-19,1.562743889163752e-191,2.9908805374009197e-35,1.0
2008-11-20,4.250876197216619e-208,1.1817520196709883e-40,1.0
2008-11-21,1.5498980324292737e-159,7.239436102823596e-27,1.0
2008-11-24,1.4787492311643838e-143,9.72366743188659e-29,1.0
2008-11-25,3.7344430579903476e-125,4.0368580202159806e-22,1.0
2008-11-26,4.964005064758314e-117,4.732574944963169e-22,1.0
2008-11-28,2.2114380654799814e-137,9.975425104243001e-22,1.0
2008-12-01,2.07812204972039e-204,8.805698713389246e-44,1.0
2008-12-02,6.2953519596847715e-152,7.125763320794224e-26,1.0
2008-12-03,3.087391419300008e-137,8.273883591873085e-26,1.0
2008-12-04,2.4182526392887073e-145,4.591270838276084e-29,1.0
2008-12-05,1.2717964221450079e-129,4.759153661335379e-24,1.0
2008-12-08,1.0868883069985578e-125,8.71626263520196e-24,1.0
2008-12-09,5.1771954304127476e-132,1.710809612206732e-26,1.0
2008-12-10,9.886207485696336e-125,1.504524295346658e-23,1.0
2008-12-11,3.3027438207698503e-124,2.4018164203592637e-25,1.0
2008-12-12,2.6549716437433282e-107,3.634074808488015e-20,1.0
2008-12-15,4.292382635843679e-102,2.3160050953396323e-20,1.0
2008-12-16,3.651123885288784e-95,9.940005826002299e-19,1.0
2008-12-17,3.158662980099209e-94,1.2502550671757155e-19,1.0
2008-12-18,7.811347445475023e-85,8.21670300296903e-18,1.0
2008-12-19,2.667205273997645e-64,1.1098961385278407e-12,1.0
2008-12-22,1.1088405976021068e-54,5.630390234341024e-12,0.999999999992724
2008-12-23,6.083665257236083e-46,7.091632094879336e-10,0.9999999992942321
2008-12-24,3.556040544008468e-38,7.761388402124498e-09,0.9999999922365532
2008-12-26,4.582369840419845e-33,4.0054253840194096e-08,0.9999999599458541
2008-12-29,2.1185236396852362e-29,1.4521803722502343e-06,0.999998547821778
2008-12-30,1.019829840029653e-17,0.005765115164517624,0.9942348848344186
2008-12-31,2.9844558338412146e-12,0.02195445429691769,0.9780455457022044
2009-01-02,1.874723881950489e-12,0.033187007212267645,0.9668129927825226
2009-01-05,9.770189178847208e-11,0.05675152497070244,0.9432484749323934
2009-01-06,3.090580848384543e-09,0.06505885738095377,0.9349411395287952
2009-01-07,6.668326050447953e-16,0.06257625655435933,0.9374237434426606
2009-01-08,7.256020389111409e-09,0.07496467674127817,0.9250353160059009
2009-01-09,4.5130646485119536e-13,0.0726999657995177,0.9273000342021088
2009-01-12,9.17201181019875e-14,0.07268253219770009,0.9273174678000972
2009-01-13,5.321491742988632e-09,0.07770411943595082,0.9222958752417453
2009-01-14,1.0242886802293072e-16,0.0706614906113183,0.9293385093889178
2009-01-15,4.643292681405912e-08,0.08438956679864519,0.9156103867651496
2009-01-16,1.1681365892147935e-11,0.0782668960968514,0.9217331038934669
2009-01-20,1.0184033722328244e-31,1.0536417397662544e-05,0.9999894635812163
2009-01-21,1.1357426258054456e-19,9.984887819381341e-06,0.9999900151149722
2009-01-22,3.5421088578114166e-19,5.56369652679788e-05,0.9999443630347894
2009-01-23,2.944112516554924e-15,0.0002506889220492438,0.9997493110814893
2009-01-26,1.3380600734940236e-14,0.000317060025583103,0.9996829399724635
2009-01-27,3.18067997698422e-15,0.00024287976515684166,0.9997571202363053
2009-01-28,1.367390477047293e-19,3.4560961517157216e-05,0.9999654390418767
2009-01-29,5.060618090870967e-29,2.6842006351673105e-07,0.9999997315826836
2009-01-30,6.306597847170833e-25,3.3852036861700794e-06,0.9999966147936903
2009-02-02,1.7087622095844992e-18,5.64054595915124e-05,0.9999435945402689
2009-02-03,5.447747140411079e-17,6.466857830272424e-05,0.9999353314225952
2009-02-04,6.767742624990979e-19,3.494430891092992e-05,0.9999650556922689
2009-02-05,3.7151938812142485e-18,4.755607586157321e-05,0.9999524439220808
2009-02-06,8.072319484374575e-20,1.3617835193630157e-05,0.9999863821630703
2009-02-09,2.4534877773936094e-24,1.988212140760178e-05,0.9999801178794957
2009-02-10,2.12776896582698e-40,6.801587033068712e-10,0.9999999993233359
2009-02-11,4.819449675623724e-26,6.113488406067692e-06,0.9999938865117175
2009-02-12,3.4535269810204903e-22,9.74092464846355e-06,0.9999902590754248
2009-02-13,4.053929382650373e-28,3.0763176019469154e-06,0.9999969236789209
2009-02-17,1.1378071531026471e-40,5.751111678641874e-10,0.9999999994251993
2009-02-18,2.8122317612565456e-25,1.5015026890568281e-05,0.9999849849736567
2009-02-19,4.018528628112924e-21,2.5610633992720258e-05,0.9999743893646096
2009-02-20,1.4108625634926513e-23,2.3792516229464566e-05,0.9999762074869184
2009-02-23,1.194943582971004e-33,7.468737897311931e-08,0.9999999253122979
2009-02-24,7.785411298398906e-29,1.063797873569237e-06,0.999998936204631
2009-02-25,1.589676113532576e-27,2.0271912807239925e-06,0.9999979728111241
2009-02-26,4.90975935849196e-29,1.732641712573249e-06,0.9999982673558865
2009-02-27,6.436653212650039e-35,6.403628448127035e-07,0.9999993596358995
2009-03-02,3.1053352890875632e-46,3.515758003566613e-10,0.999999999650754
2009-03-03,3.910049298019233e-35,7.704814130586798e-07,0.9999992295200413
2009-03-04,3.2638080096791626e-36,7.11093940989736e-07,0.9999992889063632
2009-03-05,8.363408520807761e-51,5.7633979608299855e-11,0.9999999999417923
2009-03-06,2.9081227828856284e-41,1.468547199922662e-07,0.9999998531420823
2009-03-09,3.342264891526201e-44,8.613623166727648e-08,0.9999999138672174
2009-03-10,1.2263635152176439e-55,3.453562221424186e-11,0.9999999999636202
2009-03-11,1.66111064891655e-51,6.045299836658913e-09,0.9999999939536792
2009-03-12,2.026406619937478e-54,2.8249872124895566e-10,0.9999999997162377
2009-03-13,4.0855086394517084e-55,4.733754518479362e-10,0.9999999995270628
2009-03-16,3.0122313152786964e-56,1.7090060798935322e-10,0.999999999832653
2009-03-17,1.849951115480389e-54,7.746749776936417e-10,0.9999999992287485
2009-03-18,1.3811972374038272e-53,9.100104228550769e-10,0.9999999990905053
2009-03-19,1.7658813614734182e-57,1.1017543535047022e-10,0.9999999998908606
2009-03-20,2.01976274286562e-63,1.6836799918750292e-11,0.9999999999854481
2009-03-23,5.7167114682525906e-70,1.3335925099580734e-13,1.0
2009-03-24,2.696859261777623e-62,5.102117589201689e-12,0.999999999992724
2009-03-25,8.564480007605928e-52,4.101344468246102e-10,0.9999999995925464
2009-03-26,1.1231442282510129e-48,1.070939392746324e-09,0.9999999989304342
2009-03-27,2.1617657797183047e-53,8.241870598858778e-11,0.9999999999199645
2009-03-30,6.007247374323943e-55,1.0349248425234057e-11,0.999999999992724
2009-03-31,3.094283953145221e-39,3.5462212689835145e-08,0.9999999645369833
2009-04-01,2.804364832235346e-32,9.631635208606303e-08,0.9999999036808778
2009-04-02,1.9593992983059536e-27,7.600722363279983e-07,0.9999992399246527
2009-04-03,8.949207082804639e-24,3.3059805366506e-06,0.9999966940213276
2009-04-06,5.462126873789368e-24,2.762544701521758e-06,0.999997237453677
2009-04-07,6.205641120398745e-25,1.9535222568769424e-06,0.9999980464800483
2009-04-08,1.5506434214332123e-17,6.0261261017810316e-05,0.9999397387404989
2009-04-09,2.78747186627253e-17,3.3217342061791744e-05,0.9999667826547098
2009-04-13,1.3539471841273884e-15,0.0002509743068516041,0.9997490256954461
2009-04-14,3.3785913006179432e-18,0.00045256614687050616,0.9995474338509995
2009-04-15,5.849012892469668e-13,0.0033367932233807343,0.9966632067733866
2009-04-16,7.557453421427039e-12,0.005325483680824106,0.9946745163094303
2009-04-17,6.770505012320578e-12,0.006199023623468921,0.9938009763726919
2009-04-20,1.425106361718616e-26,0.005444568266971038,0.9945554317310238
2009-04-21,4.1489757712707477e-10,0.815435375377622,0.18456462420452857
2009-04-22,3.2326052221094126e-09,0.9727984246852139,0.027201572083897157
2009-04-23,1.0358419251644649e-07,0.997166649755273,0.002833246663298078
2009-04-24,1.2177582710775532e-07,0.9996579409585271,0.00034193726806104656
2009-04-27,1.1396528691118136e-09,0.9999354269060923,6.457195665816415e-05
2009-04-28,6.491724390340355e-08,0.9999875929321457,1.234215253859145e-05
2009-04-29,1.2263839553238686e-07,0.9999829739239149,1.6903438884385198e-05
2009-04-30,4.713286253703008e-08,0.9999920454454567,7.907423184224405e-06
2009-05-01,1.99543717265579e-07,0.9999897961254105,1.0004333089779636e-05
2009-05-04,1.2924173982495687e-09,0.9999199719541979,8.002675069318379e-05
2009-05-05,3.0040755777741066e-09,0.9999871255305369,1.287146353138812e-05
2009-05-06,1.5990569907997868e-08,0.9999864585959671,1.352541465631341e-05
2009-05-07,9.065956272507715e-12,0.999982230879671,1.7769114225840228e-05
2009-05-08,2.463252603556363e-09,0.9999712620029066,2.8735531347697742e-05
2009-05-11,4.1521697352451905e-13,0.9999728071111587,2.7192885236049628e-05
2009-05-12,2.993861438183918e-10,0.9999877542308617,1.2245470869473765e-05
2009-05-13,1.861060017869174e-15,0.9999385288733239,6.147112694093898e-05
2009-05-14,1.2004389282045863e-09,0.999988118737389,1.188006120900866e-05
2009-05-15,3.999120590574401e-11,0.9999862264160547,1.3773547110152094e-05
2009-05-18,4.888553110770239e-10,0.9999426613571925,5.733815211082763e-05
2009-05-19,2.1311883715328835e-09,0.9999893675686958,1.0630299468182779e-05
2009-05-20,3.868779389771996e-10,0.9999905157760178,9.483834531293863e-06
2009-05-21,1.4866945394928824e-11,0.9999857534999874,1.424648347904511e-05
2009-05-22,2.3843940775820727e-09,0.9999903820961253,9.615519059500585e-06
2009-05-26,1.5584629653448213e-09,0.9999623733113786,3.7625133196942306e-05
2009-05-27,3.033431177504962e-12,0.9999760061732573,2.3993825763537886e-05
2009-05-28,2.326300749166085e-08,0.9999880962403956,1.1880496633017669e-05
2009-05-29,2.09212654443306e-08,0.9999851838153365,1.4795264546561242e-05
2009-06-01,7.452607073670822e-09,0.999975822074136,2.41704762579779e-05
2009-06-02,6.574398225661372e-08,0.9999926931026057,7.241153687585008e-06
2009-06-03,1.7604637969173066e-09,0.9999892384291056,1.0759811923868117e-05
2009-06-04,7.672538605270886e-07,0.9999921819122416,7.05083094045644e-06
2009-06-05,6.357644778450436e-07,0.9999935909059624,5.7733315253120285e-06
2009-06-08,8.631245605262433e-07,0.9999931834404786,5.953438101715575e-06
2009-06-09,9.637727572585204e-06,0.9999845660303956,5.796241319801795e-06
2009-06-10,4.748051678047875e-06,0.9999896516409289,5.600305928202705e-06
2009-06-11,3.805074247808496e-05,0.9999556994288923,6.2498313597304895e-06
2009-06-12,3.369437595987564e-05,0.9999594024139808,6.903209703267565e-06
2009-06-15,1.9852612278317538e-09,0.999974994665308,2.500334586921714e-05
2009-06-16,8.473758178684497e-07,0.9999888304851875,1.0322137380297641e-05
2009-06-17,4.5840068326455355e-05,0.9999484231143443,5.736814583183911e-06
2009-06-18,0.00012774396756956517,0.9998657939929005,6.4620391057880905e-06
2009-06-19,0.00013609557931107064,0.9998549722478484,8.932170945129527e-06
2009-06-22,4.960152407502787e-11,0.9999256002149466,7.439973250593601e-05
2009-06-23,0.0001142669281526237,0.9998776881194549,8.044951206051192e-06
2009-06-24,0.00026684201603238467,0.9997259745075014,7.183478688793011e-06
2009-06-25,0.00011378478285110655,0.9998689348254398,1.7280390987291308e-05
2009-06-26,0.0004230797243746463,0.9995711110770082,5.809196285298658e-06
2009-06-29,0.0012385906605574509,0.998754261490548,7.147849816753797e-06
2009-06-30,0.0007517309103092402,0.9992419445369444,6.324552659765011e-06
2009-07-01,0.0011911793670285413,0.9988015602925386,7.260341573069584e-06
2009-07-02,3.282278271653556e-08,0.9999569604064168,4.300676781365632e-05
2009-07-06,0.00018291384993563187,0.9998099531244359,7.1330232671091435e-06
2009-07-07,4.1595355486656705e-07,0.9999823727510575,1.7211297239909513e-05
2009-07-08,0.00010148614208901221,0.9998925166870308,5.997169775522162e-06
2009-07-09,0.00010458565023402792,0.9998896421019662,5.7722457394263206e-06
2009-07-10,3.8217742291086105e-05,0.9999546882252335,7.094029844039162e-06
2009-07-13,2.1277008653101907e-06,0.9999727275580046,2.514473934756058e-05
2009-07-14,2.2136671742389547e-05,0.9999673556829847,1.0507647230904117e-05
2009-07-15,2.1340283568117096e-07,0.9999502988121606,4.948778389704813e-05
2009-07-16,2.8839665341490555e-06,0.9999851555268329,1.1960504470657506e-05
2009-07-17,6.00796616441291e-06,0.9999833346889198,1.065734790379201e-05
2009-07-20,5.824480106802553e-06,0.9999837616787435,1.0413840438690748e-05
2009-07-21,3.710594148956301e-05,0.9999561279056973,6.766149811723736e-06
2009-07-22,3.024893604162662e-05,0.9999628335785201,6.917484684799941e-06
2009-07-23,1.0205334932776109e-05,0.9999714766593383,1.8318007436189763e-05
2009-07-24,0.00015026701802048055,0.9998431239900593,6.608991678658828e-06
2009-07-27,0.000506749204960189,0.9994873639687812,5.886828004484574e-06
2009-07-28,0.0019101902439224246,0.9980835753144405,6.234438638192416e-06
2009-07-29,0.020496028427097347,0.9794989191029136,5.052471856572928e-06
2009-07-30,0.12742959873735912,0.8725661277955502,4.273465357272394e-06
2009-07-31,0.37512808325295144,0.6248690483278787,2.8684171072802928e-06
2009-08-03,0.48921830325195326,0.5107769740727284,4.7226780162490366e-06
2009-08-04,0.5899232879377884,0.4100738882231947,2.823840064362885e-06
2009-08-05,0.5980882033378906,0.4019091205385277,2.6761258058734384e-06
2009-08-06,0.5804854816893652,0.4195115916413188,2.926667246625215e-06
2009-08-07,0.5447919520728071,0.45520204097747347,6.006952832514424e-06
2009-08-10,0.4489596965294718,0.5510358422255214,4.4612458086375286e-06
2009-08-11,0.21201514492744628,0.7879783596503701,6.495423030817216e-06
2009-08-12,0.19286450197389493,0.8071171358337713,1.8362190438841974e-05
2009-08-13,0.14382178271728477,0.8561604485509957,1.7768730784983654e-05
2009-08-14,0.03821881030706191,0.9617665431728537,1.464651652814001e-05
2009-08-17,9.772836850686767e-06,0.9999571941947276,3.303296734971261e-05
2009-08-18,0.0004958990808162442,0.9994909063353473,1.3194581244328116e-05
2009-08-19,0.0006551537528014564,0.9993322964271325,1.2549821916692576e-05
2009-08-20,0.000662134042371641,0.9993197597779254,1.8106176415616774e-05
2009-08-21,0.0002131106045907399,0.9997556207867335,3.126860760656631e-05
2009-08-24,0.0003006058779548864,0.999689493495035,9.900623783566824e-06
2009-08-25,0.00032864877778392447,0.9996619746142614,9.376610740247678e-06
2009-08-26,0.00025116640654969017,0.9997394021894023,9.4314061965451e-06
2009-08-27,0.0002343855318138848,0.9997552883349622,1.0326134946631949e-05
2009-08-28,0.00013925502726818778,0.9998505678424897,1.0177127820257367e-05
2009-08-31,2.687503748469178e-05,0.9999607353089136,1.2389653522636378e-05
2009-09-01,6.010180180782779e-08,0.9999761953290826,2.374456679852698e-05
2009-09-02,8.46648749797655e-05,0.9999068647457303,8.470376724122323e-06
2009-09-03,0.0003163145851047659,0.9996738216055129,9.86381178242591e-06
2009-09-04,0.00046029613979768635,0.9995259344779234,1.3769380408870562e-05
2009-09-08,0.000892085966583077,0.9990984216839834,9.492347537598689e-06
2009-09-09,0.0015213548242550411,0.9984691910947584,9.454084346952511e-06
2009-09-10,0.0022804877087571978,0.9977088961911158,1.061609866894901e-05
2009-09-11,0.0033996178123140855,0.996593005347481,7.376837976399569e-06
2009-09-14,0.0058491226648979865,0.9941421428109172,8.734520548850635e-06
2009-09-15,0.008338856041177407,0.9916455812670399,1.5562694041915513e-05
2009-09-16,0.008209248772782113,0.9917616897288779,2.9061499278259017e-05
2009-09-17,0.00902357599079993,0.9909632496424857,1.3174369733488586e-05
2009-09-18,0.009950071465033988,0.9900369849258811,1.2943608268530658e-05
2009-09-21,0.010049028518547597,0.9899355705184226,1.540096225216882e-05
2009-09-22,0.008923922686592891,0.9910569370351275,1.9140275017704522e-05
2009-09-23,0.003915007911189163,0.9960706904100726,1.4301681930637288e-05
2009-09-24,0.0019903505625773507,0.9979964251067696,1.3224327166555916e-05
2009-09-25,0.002716554622344259,0.9972716493580951,1.1796019079988446e-05
2009-09-28,0.0032411676437874336,0.9967328087180345,2.6023635697317328e-05
2009-09-29,0.004391976667412229,0.995597931050808,1.0092279932610298e-05
2009-09-30,0.004478661630646865,0.9955072264151498,1.4111953990782425e-05
2009-10-01,0.0012198636315238949,0.9987579790731317,2.215729448763206e-05
2009-10-02,0.2943761071215579,0.7056202690157023,3.6238618131480474e-06
2009-10-05,0.6031462111120123,0.3968507359475711,3.0529433642687972e-06
2009-10-06,0.8087074074569134,0.19129167566273994,9.168829816966741e-07
2009-10-07,0.9358948523369048,0.06410498209409331,1.655722780076368e-07
2009-10-08,0.9777161693312661,0.022283735120535234,9.55460038356033e-08
2009-10-09,0.9886484894061056,0.011351444801458463,6.579221030687008e-08
2009-10-12,0.9906343468879086,0.00936559698058476,5.613231492242631e-08
2009-10-13,0.9880308418978037,0.011969101134521657,5.6967374148803654e-08
2009-10-14,0.9803235763174882,0.019676245192202128,1.7849107231033813e-07
2009-10-15,0.9692620158774947,0.030737854397487406,1.2972725904995654e-07
2009-10-16,0.9203112680838604,0.07968853371734223,1.9819551833827395e-07
2009-10-19,0.8830088554231436,0.11699056529947942,5.79275015733874e-07
2009-10-20,0.73578068612768,0.2642186103207511,7.035547875920812e-07
2009-10-21,0.5585241799180065,0.44147405720350213,1.7628787966931623e-06
2009-10-22,0.47255166898356626,0.527444648322104,3.6826967081229585e-06
2009-10-23,0.1377849193465885,0.8622110257588416,4.054895671402015e-06
2009-10-26,0.06624921197961127,0.9337444383879372,6.349635604036627e-06
2009-10-27,0.0417839102785521,0.958210112212043,5.977508507336446e-06
2009-10-28,0.0004715976882989636,0.9995134352523685,1.4967060685800143e-05
2009-10-29,0.00032330372790066226,0.9996458304517497,3.086582062931198e-05
2009-10-30,3.4871136118860506e-08,0.9999374745360214,6.249058937874465e-05
2009-11-02,0.0031843285000968465,0.9968074062148146,8.265287056265346e-06
2009-11-03,0.004667615178595341,0.9953270208879322,5.363932552420298e-06
2009-11-04,0.004345810452397052,0.9956487455203838,5.4440270091902105e-06
2009-11-05,0.002328705304751409,0.9976594605201093,1.1834175761048614e-05
2009-11-06,0.001589091455200028,0.9984050049032459,5.9036391405991e-06
2009-11-09,0.00024852483006142006,0.9997338254584067,1.764971200628593e-05
2009-11-10,0.00028292125771900087,0.9997113085219027,5.770222762199429e-06
2009-11-11,0.00036860953111503156,0.9996258325497569,5.557922457166239e-06
2009-11-12,4.0549627735765516e-05,0.9999519026967562,7.5476728408873995e-06
2009-11-13,0.000273558071421509,0.9997206134359682,5.828495072267137e-06
2009-11-16,0.00022299645559296566,0.999768403776854,8.599770056532498e-06
2009-11-17,0.00019601575785297036,0.9997983965761216,5.587668663791321e-06
2009-11-18,0.00014062117473569424,0.999853758765765,5.620056380107809e-06
2009-11-19,9.100154542286082e-06,0.9999811659390733,9.733909481378885e-06
2009-11-20,0.0004234201109773931,0.9995705236719519,6.0562197933905456e-06
2009-11-23,0.002568635632701215,0.9974237208935873,7.643473416381783e-06
2009-11-24,0.007174793192543315,0.9928198679738004,5.3388314215970794e-06
2009-11-25,0.01736767452033088,0.9826272472676221,5.0782118253673725e-06
2009-11-27,0.025013173601368385,0.9749848902868911,1.9361120826132455e-06
2009-11-30,0.8181088346211824,0.18189084383445844,3.2154708071186625e-07
2009-12-01,0.9507540415982996,0.04924580938932439,1.4901369722030663e-07
2009-12-02,0.9847154892781286,0.015284464015008006,4.670609950855045e-08
2009-12-03,0.9917758476317114,0.008224145215366631,7.152690735508783e-09
2009-12-04,0.9987720171403627,0.0012279806836886689,2.178362315553501e-09
2009-12-07,0.999583525472369,0.00041647367322781155,8.56321416043896e-10
2009-12-08,0.9995643418632204,0.00043565800428181693,1.2972140876168523e-10
2009-12-09,0.9999356691362118,6.433083851311988e-05,2.3009820792735428e-11
2009-12-10,0.9999661669619906,3.383303301490965e-05,3.1928916459321688e-12
2009-12-11,0.9999731353934929,2.686460590816008e-05,1.598289027181349e-12
2009-12-14,0.9999706547036381,2.9345293940296675e-05,2.2078277734692132e-12
2009-12-15,0.9999566255958661,4.337439931167087e-05,2.8011023152000605e-12
2009-12-16,0.9999583325648008,4.166741429793408e-05,1.7568474126712908e-11
2009-12-17,0.9997013177690635,0.0002986822226857457,1.1249163729580541e-11
2009-12-18,0.9999583359552559,4.1664025612831686e-05,1.6609478140568062e-11
2009-12-21,0.9999645255119055,3.547448493533486e-05,2.5758379678117852e-12
2009-12-22,0.9999788466284372,2.1153368110559862e-05,1.0822430948461926e-12
2009-12-23,0.9999788458280988,2.1154170565763104e-05,6.195796588602312e-13
2009-12-24,0.9999791911960083,2.080880035210109e-05,4.32621721815748e-13
2009-12-28,0.9999867288577894,1.3271144793603746e-05,3.9961008351463124e-13
2009-12-29,0.9999844921660167,1.550783512357307e-05,2.503003052016779e-13
2009-12-30,0.9999860294076833,1.3970587957200542e-05,1.269287758052561e-12
2009-12-31,0.9999336031321309,6.639685988809619e-05,5.330776677612359e-12
2010-01-04,0.9999027721035633,9.72278802058588e-05,1.7507204949067997e-11
2010-01-05,0.9999794240509374,2.057594713250792e-05,2.247244837279814e-12
2010-01-06,0.9999829156881433,1.708430813862687e-05,3.3243717518336185e-13
2010-01-07,0.9999878568278889,1.2143174526245637e-05,2.6299357692167907e-13
2010-01-08,0.9999884997020758,1.1500299882699444e-05,1.9855106902021587e-13
2010-01-11,0.9999872398634694,1.2760132751318395e-05,7.901826344991258e-13
2010-01-12,0.9999429560748273,5.70439230548607e-05,1.7473412632657843e-12
2010-01-13,0.9999674823169009,3.251764691695614e-05,3.360957804133458e-11
2010-01-14,0.9997370508008643,0.00026294902172309235,1.790987707175783e-10
2010-01-15,0.9933681309204079,0.006631866061874532,3.01963230813829e-09
2010-01-19,0.975626639715789,0.024373215258236037,1.450242391595968e-07
2010-01-20,0.7673472732713882,0.23265244212493194,2.8460446556767756e-07
2010-01-21,0.08518152714861672,0.9148145610383938,3.9118105882416435e-06
2010-01-22,0.038495076335962344,0.9614880948886312,1.682877767437775e-05
2010-01-25,0.08346080009218215,0.916532478352853,6.721557025754874e-06
2010-01-26,0.08729226623599395,0.9127021630729161,5.570691429515673e-06
2010-01-27,0.08053448498780044,0.9194595406334791,5.974380711880281e-06
2010-01-28,0.029219180418185282,0.9707737801374295,7.039446477949662e-06
2010-01-29,0.014228147487564303,0.9857644809169892,7.371598762055331e-06
2010-02-01,0.011027130948122299,0.9889621547325047,1.0714319408502136e-05
2010-02-02,0.008029015387459947,0.9919621149573313,8.869653106524672e-06
2010-02-03,0.0029823212339635634,0.997007626001586,1.0052767032952502e-05
2010-02-04,2.044285306872907e-09,0.9999009000306621,9.909792695194443e-05
2010-02-05,4.9896077731759436e-05,0.9999397643939798,1.0339527358068456e-05
2010-02-08,7.447176631851593e-06,0.9999844663731473,8.08645354908933e-06
2010-02-09,1.1080869726803091e-05,0.9999793192283785,9.599899098352233e-06
2010-02-10,4.39986357607293e-06,0.9999877223334547,7.87780421393894e-06
2010-02-11,3.836544242670766e-06,0.9999865750388227,9.588417520608888e-06
2010-02-12,1.3962937385213206e-06,0.9999895510664126,9.052642013773827e-06
2010-02-16,5.424991107175092e-07,0.9999845828739777,1.4874624774259804e-05
2010-02-17,7.522915439722026e-07,0.9999892032065745,1.0044500261891954e-05
2010-02-18,5.163320570684707e-07,0.9999893355839268,1.014808513312134e-05
2010-02-19,6.626785295854884e-07,0.9999903471718653,8.990147153134816e-06
2010-02-22,1.7712609425019787e-06,0.9999901418536203,8.086886188633138e-06
2010-02-23,1.046162811238437e-07,0.999986861671366,1.3033711498832731e-05
2010-02-24,1.8209627657951115e-06,0.9999885277723979,9.651262488850029e-06
2010-02-25,1.372519105007733e-06,0.9999905348970533,8.092587194920222e-06
2010-02-26,2.7616924502859444e-06,0.9999896310792857,7.607225889240485e-06
2010-03-01,5.256505376050682e-06,0.9999856365042626,9.10699161334174e-06
2010-03-02,1.8357634091510243e-05,0.9999746190752866,7.023291036695675e-06
2010-03-03,0.00022700130593166003,0.9997663260503731,6.672645211890951e-06
2010-03-04,0.0050904158341282995,0.9949032532950041,6.330867873774327e-06
2010-03-05,0.08289574475061724,0.9170956552089413,8.600037080127738e-06
2010-03-08,0.4539169683372182,0.5460814828858204,1.548775688927769e-06
2010-03-09,0.8077161162227993,0.1922835218045388,3.6197381056754845e-07
2010-03-10,0.9572966251307718,0.04270331376242541,6.110418820448275e-08
2010-03-11,0.9939021705766924,0.006097822983554276,6.442486043574862e-09
2010-03-12,0.9993587047475234,0.0006412947972608693,4.540649637625942e-10
2010-03-15,0.9999272178832397,7.278208168466161e-05,3.167260001212144e-11
2010-03-16,0.999974123842648,2.5876151179460373e-05,3.785682874311497e-12
2010-03-17,0.9999836653830128,1.6334616172237514e-05,7.336041328288e-13
2010-03-18,0.9999865477834518,1.3452216442623436e-05,4.524812303711852e-13
2010-03-19,0.9999800853129575,1.9914685482530824e-05,3.018009365246875e-13
2010-03-22,0.9999879267780984,1.2073225033898065e-05,2.87854732465606e-13
2010-03-23,0.9999907854132101,9.214588664425246e-06,2.720839425260157e-13
2010-03-24,0.9999894949402637,1.050506285375973e-05,1.1426044735769295e-13
2010-03-25,0.9999922699069889,7.730092784604776e-06,1.0187276764694821e-13
2010-03-26,0.9999925802969895,7.419702040060617e-06,8.475205694190958e-14
2010-03-29,0.99999192123858,8.078763935509759e-06,1.2715870234790718e-13
2010-03-30,0.9999927824216127,7.217576044791233e-06,1.364767341018981e-13
2010-03-31,0.9999897217367817,1.0278265198338604e-05,1.592346998866265e-13
2010-04-01,0.9999892246849696,1.0775313496718832e-05,4.0193557200271446e-13
2010-04-05,0.999988055713795,1.1944285950745964e-05,5.600055073219795e-13
2010-04-06,0.999990591459814,9.408542674589885e-06,7.006702908245783e-13
2010-04-07,0.9999814288145054,1.8571183034190237e-05,5.220814874151249e-13
2010-04-08,0.9999875075207426,1.2492478974299438e-05,1.2076142307869487e-12
2010-04-09,0.9999840099595202,1.599003716494489e-05,1.2169333400407758e-12
2010-04-12,0.9999846198134457,1.53801830357085e-05,1.51547019064004e-12
2010-04-13,0.9999806296166548,1.937037942947708e-05,4.9462464472818476e-12
2010-04-14,0.9999482237925102,5.1776161311422255e-05,4.971196952615678e-11
2010-04-15,0.9998982679408394,0.00010173172253520424,3.3588406594155053e-10
2010-04-16,0.9989010430203691,0.00109895675974918,2.2332127239739085e-10
2010-04-19,0.9998458676980251,0.00015413171360892632,5.901266068818832e-10
2010-04-20,0.9999040699290114,9.592961280694113e-05,4.60520955756176e-10
2010-04-21,0.9997671306635835,0.00023286854412950692,7.925142254918546e-10
2010-04-22,0.9985316459406969,0.0014683481410374768,5.921389649930281e-09
2010-04-23,0.9849770650637555,0.015022882604871756,5.2331836417997586e-08
2010-04-26,0.8579440706387185,0.1420555518804759,3.7747913279268106e-07
2010-04-27,0.06047631714064804,0.9395189792747165,4.70358643415623e-06
2010-04-28,0.06481178922620807,0.935173865308145,1.4345467193920223e-05
2010-04-29,0.05126828432637637,0.9487125159088846,1.9199765060173437e-05
2010-04-30,0.005350292606622981,0.9946344894038666,1.5217992227342563e-05
2010-05-03,0.004527416458836051,0.9954563160076186,1.6267535898370783e-05
2010-05-04,3.525949869750983e-06,0.9999708920166115,2.5582037105089177e-05
2010-05-05,0.0001780815856010739,0.9998069859607034,1.4932452599861822e-05
2010-05-06,4.50323836662592e-11,0.9998358929071125,0.00016410704598073642
2010-05-07,1.720507153756238e-06,0.9999092533248499,8.90261693812492e-05
2010-05-10,8.763978010077281e-10,0.9994581713242114,0.0005418277984603786
2010-05-11,2.16548975855404e-06,0.9999491506728432,4.868383450683957e-05
2010-05-12,7.419948886695506e-06,0.9999674361670036,2.514388766801457e-05
2010-05-13,4.6173074087559116e-08,0.9998853980331028,0.00011455579310845705
2010-05-14,2.1123630287007863e-09,0.99936041520399,0.0006395826804798804
2010-05-17,1.1575743010570445e-06,0.997816627614288,0.0021822148141411577
2010-05-18,8.834826190682754e-09,0.9796654762215686,0.020334514943441972
2010-05-19,3.163498395954716e-08,0.9005166656636969,0.09948330269866655
2010-05-20,4.6532460705999186e-18,0.33234064004992614,0.6676593599514937
2010-05-21,3.975500190020717e-09,0.3220622091326044,0.6779377868909174
2010-05-24,4.429609686549392e-12,0.2843980209189137,0.7156019790749792
2010-05-25,1.2348845243205566e-10,0.24982138936234005,0.7501786105158923
2010-05-26,1.5309549484775366e-12,0.16334895494253918,0.8366510450580671
2010-05-27,3.0964771888670887e-15,0.03295298677651107,0.9670470132223751
2010-05-28,4.035622793048405e-17,0.007473176074137414,0.9925268239287107
2010-06-01,2.8722359611121914e-19,0.0010473039891283004,0.9989526960076724
2010-06-02,2.492390096780892e-18,0.0002628181496619758,0.9997371818500569
2010-06-03,5.0270691161140634e-21,0.00010744653037259628,0.9998925534703192
2010-06-04,1.4797525687450648e-30,3.354021320756026e-07,0.9999996646002381
2010-06-07,4.4587237846580486e-24,2.4834529629276796e-05,0.9999751654714324
2010-06-08,1.0546779683115555e-18,0.00020570345586411437,0.9997942965433229
2010-06-09,9.366096100773527e-20,0.00015902424047968723,0.9998409757609703
2010-06-10,2.3434524404178224e-21,6.197579460382973e-05,0.9999380242076756
2010-06-11,1.8037061616797747e-20,0.00012715188753735656,0.9998728481159437
2010-06-14,2.334474671508149e-20,0.00023106064651363538,0.9997689393525867
2010-06-15,2.2137465545629713e-20,0.0005551842219642401,0.9994448157756015
2010-06-16,1.4411002656861518e-19,0.0026903868347365103,0.9973096131650998
2010-06-17,1.7119875473899085e-18,0.011227367550987319,0.9887726324507174
2010-06-18,4.564197276942589e-16,0.04010320482103539,0.959896795182308
2010-06-21,2.5709184228787056e-15,0.06600870646254502,0.9339912935395261
2010-06-22,7.728988943642686e-17,0.0881889614543483,0.9118110385430851
2010-06-23,2.3089147589590527e-14,0.1530141062989307,0.846985893704232
2010-06-24,4.473953298645322e-16,0.20341021186643746,0.7965897881342311
2010-06-25,1.5964871330730347e-12,0.3520939147091219,0.6479060852907628
2010-06-28,1.819200344196021e-12,0.40076077652817216,0.5992392234674511
2010-06-29,1.38092655640084e-18,0.4166661857121192,0.5833338142848764
2010-06-30,4.653536174209128e-13,0.7471402621736477,0.25285973782936966
2010-07-01,2.1880255269962802e-12,0.9173838068406769,0.08261619315845727
2010-07-02,2.3655516433274257e-11,0.9817814688162414,0.018218531161270674
2010-07-06,1.753688599023391e-10,0.9946886297282239,0.005311370097704494
2010-07-07,5.877922186756048e-13,0.9964575924653395,0.0035424075360783675
2010-07-08,1.931452849047368e-10,0.9992717034373285,0.0007282963703274949
2010-07-09,1.344598252925695e-09,0.9998843633291593,0.00011563532458451814
2010-07-12,1.6680150166496502e-09,0.9999668102878793,3.3188042023291966e-05
2010-07-13,1.6221194821462565e-09,0.999969708151606,3.0290226368912903e-05
2010-07-14,5.877792547481319e-09,0.999979710026608,2.028409650654794e-05
2010-07-15,7.974521469394448e-09,0.9999541037669373,4.588825508723379e-05
2010-07-16,4.365975600376942e-14,0.9996775072029613,0.00032249279546475235
2010-07-19,2.7117670174833216e-09,0.9999330051610594,6.699212581168485e-05
2010-07-20,2.298824498331481e-09,0.9999593704301701,4.0627267649067916e-05
2010-07-21,9.089373346146015e-11,0.9999372369908871,6.276291562496905e-05
2010-07-22,4.901299459601873e-10,0.9999302513339157,6.974817767481357e-05
2010-07-23,1.0046055457131643e-08,0.9999712402411431,2.8749715230013895e-05
2010-07-26,2.2104822656793293e-08,0.9999778122497871,2.216564684404515e-05
2010-07-27,3.0934496075030744e-08,0.9999823462379357,1.762282445609937e-05
2010-07-28,2.2114651700826679e-07,0.9999878856112281,1.1893242680410936e-05
2010-07-29,1.0923947424625244e-06,0.9999896236724377,9.283934612926108e-06
2010-07-30,6.7244015299743025e-06,0.9999852059775752,8.069620412663272e-06
2010-08-02,2.4557546299608804e-06,0.9999763263295894,2.1217915200776112e-05
2010-08-03,1.7564229551801043e-05,0.9999743468959336,8.088875170983141e-06
2010-08-04,0.000346394449751187,0.9996473140406772,6.291506895157202e-06
2010-08-05,0.0005081669814418658,0.9994863275241552,5.505495830048889e-06
2010-08-06,0.0006369358446639867,0.9993574322723074,5.63188627178947e-06
2010-08-09,0.0010468871216695007,0.9989473380798517,5.774801729015775e-06
2010-08-10,0.0005168381770166102,0.9994755133476829,7.64847334958937e-06
2010-08-11,1.1341806506808277e-08,0.9999485331138798,5.1455543061330206e-05
2010-08-12,0.00026138492722146685,0.9997302714508332,8.343619754642305e-06
2010-08-13,0.0025221496705398424,0.9974724072892466,5.443040488682826e-06
2010-08-16,0.004669940482988045,0.9953247452358337,5.314278819580614e-06
2010-08-17,0.005500041802251955,0.9944921085513679,7.849649563097868e-06
2010-08-18,0.0047586687113346056,0.9952356122712024,5.719015411302304e-06
2010-08-19,0.0006094738472705994,0.999379042429797,1.1483724361531748e-05
2010-08-20,0.0020521638457548664,0.9979419959206629,5.8402358440401295e-06
2010-08-23,0.002021516608604145,0.9979725661974768,5.917197270536469e-06
2010-08-24,0.0004133862087500626,0.9995771370552087,9.476739667536657e-06
2010-08-25,0.0012224868863756205,0.9987715109778146,6.0021390979307956e-06
2010-08-26,0.0006231752438742701,0.9993704600301728,6.364726817904853e-06
2010-08-27,0.00032431067225564185,0.999665081457459,1.0607871380413145e-05
2010-08-30,3.377315287044146e-05,0.9999560997125989,1.0127131993154284e-05
2010-08-31,0.00019382973365396214,0.999798045712945,8.124553665400708e-06
2010-09-01,5.604129818045892e-07,0.999945730519527,5.370906490799763e-05
2010-09-02,1.9145384859393012e-05,0.999970045818627,1.0808797182412095e-05
2010-09-03,9.370381646294681e-06,0.9999801472082981,1.0482413513484555e-05
2010-09-07,3.8159962743096983e-07,0.9999870781864914,1.2540213182953736e-05
2010-09-08,6.168448967257833e-06,0.9999852997196308,8.5318308841484e-06
2010-09-09,2.4661304559038508e-05,0.9999684894518142,6.849247248616912e-06
2010-09-10,3.6645120716941386e-05,0.9999565969807664,6.757901352021043e-06
2010-09-13,4.4712274751525284e-05,0.9999470621084595,8.225614104956753e-06
2010-09-14,9.737700924570849e-05,0.999896436326505,6.1866653629434015e-06
2010-09-15,0.0005065102996040474,0.9994874332585691,6.0564434806617186e-06
2010-09-16,0.0019148447602383657,0.9980793580177724,5.797225436997778e-06
2010-09-17,0.008641748433123233,0.9913524842475737,5.767317358446785e-06
2010-09-20,0.020151578601405627,0.9798385261647213,9.895234904623635e-06
2010-09-21,0.05135220194921359,0.9486426043908548,5.193663501435222e-06
2010-09-22,0.09783224524280242,0.9021627510483352,5.003709653923049e-06
2010-09-23,0.14761390107216193,0.8523812799696732,4.818955752689097e-06
2010-09-24,0.26598185106380295,0.7340112619060892,6.8870300021322435e-06
2010-09-27,0.5949485910380722,0.4050509320624758,4.769022940925442e-07
2010-09-28,0.9201368976972542,0.07986299089086592,1.1141500930877133e-07
2010-09-29,0.9814218299920079,0.01857815911403292,1.089484381605559e-08
2010-09-30,0.9980407006378327,0.001959298240275905,1.1248119694496596e-09
2010-10-01,0.9998241557196784,0.0001758439192735385,3.574654472058341e-10
2010-10-04,0.9998503411066312,0.00014965873398458518,1.5656598783797553e-10
2010-10-05,0.9997286785926592,0.0002713212447316477,1.608326254658308e-10
2010-10-06,0.9999472719723685,5.272801204638666e-05,1.839605810322924e-11
2010-10-07,0.999961515086632,3.848491019947642e-05,3.144863861983937e-12
2010-10-08,0.9999707900834177,2.9209915798717724e-05,2.2491270103470965e-12
2010-10-11,0.9999714702712297,2.85297294565749e-05,1.4690258557932484e-12
2010-10-12,0.9999731328324246,2.686716493958843e-05,1.8112380189688359e-12
2010-10-13,0.9999667180172517,3.328198154857809e-05,4.203140777310485e-12
2010-10-14,0.9999414552115534,5.8544781095491584e-05,4.021081604404615e-12
2010-10-15,0.9999604072198176,3.9592770591695187e-05,9.483356659387228e-12
2010-10-18,0.9999295934224527,7.040652095703976e-05,5.3406233632224194e-11
2010-10-19,0.9993679295650574,0.0006320703703866614,6.26716983038233e-11
2010-10-20,0.9998774051339124,0.00012259476241572947,1.0280975184552441e-10
2010-10-21,0.9999540757703377,4.592421932987744e-05,8.65022789728746e-12
2010-10-22,0.9999749779819546,2.5022015653234448e-05,2.8930205002570217e-12
2010-10-25,0.9999767928821591,2.3207112181691562e-05,2.0572098851269022e-12
2010-10-26,0.9999719736659497,2.802632930215551e-05,2.8330568216998925e-12
2010-10-27,0.9999607771222011,3.922287188404949e-05,3.6248723268629996e-12
2010-10-28,0.9999671596823803,3.284031096221827e-05,4.840689394456057e-12
2010-10-29,0.9999665996049896,3.340038870971434e-05,4.448356030117121e-12
2010-11-01,0.9999661810041137,3.381899153951205e-05,5.15497500410388e-12
2010-11-02,0.9999683081552317,3.169182786007027e-05,2.0409192304450015e-11
2010-11-03,0.9999539633255833,4.603659257442603e-05,8.422787661452993e-11
2010-11-04,0.9996594621474977,0.00034053760284453717,2.526178156254897e-10
2010-11-05,0.999924621155381,7.537868184946549e-05,1.6137681332661165e-10
2010-11-08,0.9999267999681887,7.319995232455914e-05,7.773023878725692e-11
2010-11-09,0.9998534984410075,0.0001465014994350546,5.800940094188338e-11
2010-11-10,0.9999239512723069,7.604854086273433e-05,1.8949990228977833e-10
2010-11-11,0.9998003484984845,0.00019965114517401012,3.544703268439545e-10
2010-11-12,0.9992175557514422,0.0007824432734020243,9.756063574282587e-10
2010-11-15,0.9994566942844609,0.0005433020113330784,3.705919880820051e-09
2010-11-16,0.9982963809784855,0.001703618203246316,8.186446704855238e-10
2010-11-17,0.9997922879939345,0.00020771148111757613,5.239706360427019e-10
2010-11-18,0.9998715655867434,0.0001284342650150198,1.481687653160448e-10
2010-11-19,0.9999435576968985,5.644223794808372e-05,6.793749022218804e-11
2010-11-22,0.9998041005133197,0.0001958993138121544,1.7457364741681382e-10
2010-11-23,0.9983167192468533,0.0016832798462847684,9.067097444397152e-10
2010-11-24,0.9989493685465133,0.0010506229078570202,8.543818669277968e-09
2010-11-26,0.9985070188983258,0.0014929794898631743,1.612673403296931e-09
2010-11-29,0.9995316085777556,0.0004683899220062773,1.499269767325949e-09
2010-11-30,0.9992895926747665,0.0007104060103260535,1.3114519506345686e-09
2010-12-01,0.9987108737220666,0.001289122868833102,3.4123321496633753e-09
2010-12-02,0.999427478218807,0.0005725210333185511,7.479174180722017e-10
2010-12-03,0.9998106823353585,0.0001893174995587639,1.6869405819866365e-10
2010-12-06,0.9998504673547106,0.00014953258734509706,5.60835905405913e-11
2010-12-07,0.9998824089583911,0.00011759101152129696,3.1758578264435866e-11
2010-12-08,0.9999106834019705,8.931657437366858e-05,2.2778684174343524e-11
2010-12-09,0.9999135560831882,8.644390224442332e-05,1.7538457344317038e-11
2010-12-10,0.9999148882622299,8.511172092503699e-05,1.652376162321576e-11
2010-12-13,0.9999224644572414,7.75355265815218e-05,1.3542161978394556e-11
2010-12-14,0.9999268297465037,7.31702427058541e-05,1.2606314390755152e-11
2010-12-15,0.9999230951103724,7.690488553636901e-05,7.136644607550302e-12
2010-12-16,0.9999634926032076,3.650739134514086e-05,4.024715244198414e-12
2010-12-17,0.9999714839641913,2.8516037877823663e-05,1.4708083405127052e-12
2010-12-20,0.9999740823125576,2.591768747962106e-05,1.088520915332873e-12
2010-12-21,0.9999748206433205,2.5179354619226803e-05,7.271893044679008e-13
2010-12-22,0.9999843320174101,1.566797854911704e-05,5.281798607066999e-13
2010-12-23,0.9999845263988669,1.547360170074042e-05,2.2715426760467076e-13
2010-12-27,0.9999898425819269,1.0157414976324946e-05,2.0588464150926368e-13
2010-12-28,0.999990051727226,9.948270967027467e-06,1.3691559654677168e-13
2010-12-29,0.9999905151430155,9.484857987824447e-06,1.0370588963561313e-13
2010-12-30,0.9999933107252216,6.689273552082863e-06,1.1335996022973681e-13
2010-12-31,0.9999945363528341,5.463647154546593e-06,2.475617314206924e-13
2011-01-03,0.9999872662021002,1.273379826976628e-05,3.3813054268889167e-13
2011-01-04,0.9999936690856289,6.330917043819135e-06,2.3565562399486077e-13
2011-01-05,0.9999926780414836,7.321958443094751e-06,1.7946754381498456e-13
2011-01-06,0.9999928058864069,7.194109895218241e-06,1.4429084406337548e-13
2011-01-07,0.9999926041401259,7.395858408535414e-06,1.3415289472314024e-13
2011-01-10,0.9999930409272784,6.959070615747272e-06,1.4007422163790334e-13
2011-01-11,0.9999929484796086,7.051518193722921e-06,2.7172087241416543e-13
2011-01-12,0.9999880118548473,1.1988148245065193e-05,3.740251750863323e-13
2011-01-13,0.999992164442804,7.835557705438502e-06,3.2494516855388295e-13
2011-01-14,0.999989997616469,1.0002384821153694e-05,3.512665425915564e-13
2011-01-18,0.9999918071015615,8.192900026586723e-06,9.558352791169728e-13
2011-01-19,0.9999679824282616,3.201757433598883e-05,5.529562246482918e-13
2011-01-20,0.9999898433968258,1.0156604839464103e-05,6.462546244334999e-13
2011-01-21,0.9999915206931537,8.479306483390763e-06,2.3818891440940235e-13
2011-01-24,0.9999904218079209,9.578188219651838e-06,2.310835443790884e-13
2011-01-25,0.9999914205913826,8.579407882825919e-06,1.9377469440897605e-13
2011-01-26,0.9999908967197901,9.103279493771425e-06,6.181711989525502e-13
2011-01-27,0.9999753756104435,2.462437897230886e-05,1.2857156578052706e-11
2011-01-28,0.9993562576845946,0.0006437422945266441,1.9346983065712077e-11
2011-01-31,0.9999466709737616,5.332891104830724e-05,1.1624775835758851e-10
2011-02-01,0.9999273379569115,7.266201900485226e-05,2.178129675694027e-11
2011-02-02,0.9999733840354195,2.661596516145457e-05,2.793073173760909e-12
2011-02-03,0.9999821417435021,1.785825491526733e-05,8.545570999729595e-13
2011-02-04,0.9999828269229809,1.717307374084347e-05,6.3223347776613e-13
2011-02-07,0.9999812711765477,1.8728822968769586e-05,7.764154374022422e-13
2011-02-08,0.9999813028627501,1.869713339681165e-05,1.060002976745299e-12
2011-02-09,0.9999742385669856,2.576143462651016e-05,8.579161790515242e-13
2011-02-10,0.9999807797167641,1.9220283334518556e-05,9.34878934124426e-13
2011-02-11,0.9999819495816358,1.8050418414486254e-05,7.66650795005937e-13
2011-02-14,0.9999834989773182,1.650102466012161e-05,8.122140803882017e-13
2011-02-15,0.9999762315770412,2.376842467393226e-05,6.078506085799506e-13
2011-02-16,0.999984001897888,1.5998099907568473e-05,1.597578912776841e-12
2011-02-17,0.9999742484256542,2.5751561105144398e-05,1.0436038171521499e-11
2011-02-18,0.9996975527416858,0.0003024470632086103,1.9380786519462074e-10
2011-02-22,0.993041580486298,0.006958418514748462,9.9945298917567e-10
2011-02-23,0.9986291404902267,0.001370858474728471,1.034465239692565e-09
2011-02-24,0.9998391185788601,0.00016088127687335373,1.4663445378550484e-10
2011-02-25,0.9999342816794916,6.571824725923226e-05,7.04024417613169e-11
2011-02-28,0.9998839406522698,0.00011605916893853532,1.7866956510541682e-10
2011-03-01,0.9983274730242429,0.0016725268309903637,1.4643922860197904e-10
2011-03-02,0.9997729965084788,0.00022700228661859886,1.2039166690161576e-09
2011-03-03,0.9994627583329111,0.0005372392337565928,2.4325515586476992e-09
2011-03-04,0.9985908075183938,0.0014091894412447624,3.041748903022492e-09
2011-03-07,0.9958552341186926,0.004144756260812434,9.619931386184033e-09
2011-03-08,0.988706562423944,0.011293398673380037,3.890194707170795e-08
2011-03-09,0.9204130806968479,0.07958683703480901,8.22698400597934e-08
2011-03-10,0.39289051678632997,0.607108473500944,1.0097097242388444e-06
2011-03-11,0.3775777021526786,0.6224180915148047,4.206335145284908e-06
2011-03-14,0.26547509445693307,0.7345209552182416,3.950321435825109e-06
2011-03-15,0.06826096970709779,0.9317331882568853,5.842035206903294e-06
2011-03-16,0.003547301810682555,0.9964402664181498,1.2431768670052116e-05
2011-03-17,0.004148054551958564,0.9958429107403795,9.034705438637606e-06
2011-03-18,0.004162728087297905,0.9958313446025597,5.927310500504691e-06
2011-03-21,0.003345972226814121,0.9966440905947501,9.937181931586747e-06
2011-03-22,0.00464671940388186,0.9953474200899755,5.860502640353558e-06
2011-03-23,0.008681825273219788,0.9913124821265288,5.692598880070162e-06
2011-03-24,0.013973921230928959,0.9860191577925845,6.920979755538736e-06
2011-03-25,0.023430146656779567,0.9765642498144826,5.603531592970558e-06
2011-03-28,0.03901364920269763,0.9609810619350369,5.288858747550791e-06
2011-03-29,0.09019434253133664,0.9098000799591381,5.577506554626841e-06
2011-03-30,0.15661187556750708,0.8433831510202849,4.973414136615868e-06
2011-03-31,0.24828312778882133,0.7517131820153234,3.6901980232420693e-06
2011-04-01,0.37795133772072614,0.6220455159560155,3.1463200753439775e-06
2011-04-04,0.5053889003030791,0.4946088629664619,2.2367327460787305e-06
2011-04-05,0.6297392828243069,0.3702592299399499,1.4872391910167015e-06
2011-04-06,0.7537130970506586,0.2462860256081,8.773433414617775e-07
2011-04-07,0.8615995948080362,0.13839990463966245,5.005557973347097e-07
2011-04-08,0.9251317594451572,0.07486799852834694,2.420266409213988e-07
2011-04-11,0.9639645173001671,0.03603537304604634,1.0965027607793094e-07
2011-04-12,0.983422009433781,0.016577977977041934,1.2590474403169685e-08
2011-04-13,0.9982665986678968,0.0017334000802353754,1.251064080959238e-09
2011-04-14,0.9998493959706858,0.00015060390260249044,1.23199904048529e-10
2011-04-15,0.9999620136743909,3.798628767888806e-05,3.629829265188018e-11
2011-04-18,0.9999026410617655,9.735892865553662e-05,8.579333260646348e-12
2011-04-19,0.999967683104994,3.231687141232341e-05,2.1021021388008815e-11
2011-04-20,0.999923019766353,7.698022719771566e-05,8.840226451089623e-12
2011-04-21,0.9999737942212482,2.6205775243090826e-05,4.1701383026296185e-12
2011-04-25,0.9999771734059837,2.282659584827632e-05,1.4897675160530477e-12
2011-04-26,0.9999702936012479,2.97063946939377e-05,1.8791993569534066e-12
2011-04-27,0.9999765973017005,2.3402693618338476e-05,1.3534409665566558e-12
2011-04-28,0.9999819961687525,1.800383171818342e-05,7.052137737253123e-13
2011-04-29,0.9999834437318852,1.655626519924384e-05,5.516178324391596e-13
2011-05-02,0.9999816930433099,1.8306957419149136e-05,6.444577790672399e-13
2011-05-03,0.9999764568935664,2.35431083877404e-05,1.4675614804375734e-12
2011-05-04,0.9999574603815534,4.253961388467752e-05,4.721021948623729e-12
2011-05-05,0.9999257626677299,7.423732468207872e-05,4.41180590771638e-12
2011-05-06,0.999975522413836,2.4477582293050613e-05,2.9093240858091026e-12
2011-05-09,0.9999787948974742,2.1205102256875504e-05,1.4712767316608296e-12
2011-05-10,0.9999667291199935,3.327087573255438e-05,6.4157715731898816e-12
2011-05-11,0.999888845385547,0.00011115460613223968,5.104992528095872e-12
2011-05-12,0.9999717113605119,2.828862829602072e-05,1.2392517044626644e-11
2011-05-13,0.9999318275104996,6.817248409341036e-05,5.399348713892063e-12
2011-05-16,0.9999436714064281,5.63285930354657e-05,3.707874195643382e-12
2011-05-17,0.9999802402805045,1.9759717921978564e-05,1.6783337166409923e-12
2011-05-18,0.9999781406137983,2.1859382514768506e-05,6.983716109708264e-13
2011-05-19,0.9999855669471093,1.443304977510938e-05,1.4994118831290577e-12
2011-05-20,0.9999469481511748,5.305184595404362e-05,5.796980675655091e-12
2011-05-23,0.9998614410974371,0.00013855889737419882,8.525203454999587e-12
2011-05-24,0.9999737227659437,2.6277223656263976e-05,7.47261834164572e-12
2011-05-25,0.9999634584874885,3.6541495526483325e-05,1.6780806763659306e-11
2011-05-26,0.9995964238958971,0.000403575878005926,2.2744643573226618e-10
2011-05-27,0.9931801505589553,0.006819845069318147,4.375011115502956e-09
2011-05-31,0.8903410502070221,0.10965884778463116,1.0201055153658079e-07
2011-06-01,0.09526628629238494,0.9047315575252561,2.156184361705702e-06
2011-06-02,0.0936414900597886,0.9063526672558749,5.8426861587682605e-06
2011-06-03,0.07142068992193425,0.9285722180238793,7.092053020440739e-06
2011-06-06,0.05643343434898623,0.9435591898668342,7.375784289113802e-06
2011-06-07,0.05173478270466816,0.9482590200391645,6.1972536912832035e-06
2011-06-08,0.0380935699075143,0.9618998732286655,6.556861736216765e-06
2011-06-09,0.021726723675150054,0.9782649162753468,8.360047523272121e-06
2011-06-10,0.001171428831627718,0.9988186580184214,9.913151822630028e-06
2011-06-13,0.0005126327781906491,0.9994802433778527,7.1238425389050516e-06
2011-06-14,9.36813605479585e-05,0.999895005906001,1.1312736247720961e-05
2011-06-15,4.203140308592916e-07,0.999984020604076,1.5559081978623008e-05
2011-06-16,2.075455908210499e-05,0.9999719381820995,7.307259285001351e-06
2011-06-17,1.2273454235436727e-05,0.9999805276388135,7.1989103531991506e-06
2011-06-20,7.453442376963622e-06,0.999984629279321,7.917278582892737e-06
2011-06-21,2.459574267878648e-06,0.9999856488295579,1.1891598024982745e-05
2011-06-22,1.3949507250141788e-06,0.9999901728561706,8.432194283794625e-06
2011-06-23,1.859528151756852e-06,0.9999902298918435,7.910577250042756e-06
2011-06-24,1.670171410464331e-07,0.9999882797888102,1.1553194705117964e-05
2011-06-27,9.152334275520054e-07,0.9999889165078771,1.0168257956825507e-05
2011-06-28,3.443026212720237e-07,0.9999869600701288,1.2695626092585477e-05
2011-06-29,1.042109441847363e-06,0.9999888673156742,1.0090578453813546e-05
2011-06-30,9.419511340179518e-07,0.9999885203073511,1.0537744995590355e-05
2011-07-01,6.490291243998784e-07,0.9999856346925752,1.3716277645445164e-05
2011-07-05,2.943576041382719e-06,0.9999893122720075,7.74415000207636e-06
2011-07-06,5.919467942139215e-06,0.9999867158048948,7.364729177443689e-06
2011-07-07,8.563868557037989e-06,0.9999819471369581,9.488994958036942e-06
2011-07-08,4.679691153444087e-06,0.9999869220100915,8.39830009333387e-06
2011-07-11,1.5591302467191893e-07,0.9999833813052045,1.6462780003671105e-05
2011-07-12,1.283621466972834e-05,0.999979802276607,7.361510073264384e-06
2011-07-13,4.4715369337898476e-05,0.9999485665742872,6.718057267299041e-06
2011-07-14,4.85448986036705e-05,0.9999443035789737,7.1515203225699345e-06
2011-07-15,0.0001575306251447025,0.9998351531948759,7.31618117419252e-06
2011-07-18,7.067991255278096e-05,0.9999217394936467,7.580597113707228e-06
2011-07-19,0.0001669073894780854,0.9998203020027135,1.2790608380608618e-05
2011-07-20,0.000729538933853514,0.9992639094380791,6.551625179996002e-06
2011-07-21,0.0012670101045141084,0.9987224977275879,1.0492165635052378e-05
2011-07-22,0.0023759613857905677,0.9976179161377734,6.122477758939411e-06
2011-07-25,0.002563466533572577,0.9974302196398882,6.313828038685364e-06
2011-07-26,0.002192373993442396,0.9978010546501466,6.5713562277386415e-06
2011-07-27,5.812105954653457e-05,0.9999255924011495,1.6286540494882777e-05
2011-07-28,0.001287216035850284,0.99870575900165,7.02496311946374e-06
2011-07-29,0.0014363525033271693,0.9985390468847206,2.4600614984691784e-05
2011-08-01,0.0013987686939857654,0.9982027180923249,0.0003985132122611128
2011-08-02,2.922879085309884e-07,0.9914792695800226,0.008520438134180686
2011-08-03,5.441821626525702e-05,0.9576161754370367,0.04232940634679874
2011-08-04,2.008190579500428e-18,0.2168570637516142,0.7831429362497291
2011-08-05,4.28658696075116e-13,0.20522232580966376,0.7947776741870294
2011-08-08,9.146278224372285e-42,1.8837694507726484e-07,0.9999998116254751
2011-08-09,6.505159798141384e-28,2.0959558474526527e-06,0.9999979040461904
2011-08-10,1.095227772929888e-39,3.2609024036509495e-09,0.999999996740371
2011-08-11,1.0730849299026979e-30,1.9762088483604192e-07,0.9999998023777348
2011-08-12,2.690326217738856e-26,1.5427759250209851e-06,0.9999984572216895
2011-08-15,1.1850927335924232e-26,8.19173955373848e-07,0.9999991808293716
2011-08-16,6.2306582755725824e-30,2.3607256892397217e-07,0.9999997639243071
2011-08-17,8.65455817924008e-34,4.228090829071993e-07,0.9999995771941924
2011-08-18,1.0710935412779358e-50,1.4777790466134826e-11,0.9999999999854481
2011-08-19,1.0089968611963614e-42,7.180443252351498e-09,0.9999999928186298
2011-08-22,4.2755513759783636e-38,3.348728508195741e-08,0.9999999665160436
2011-08-23,4.115210541533828e-40,5.402336139579586e-09,0.9999999946012395
2011-08-24,2.2459158035505482e-42,6.1240880433831506e-09,0.9999999938736437
2011-08-25,4.7593621414085687e-48,2.0967358715445971e-10,0.9999999997889972
2011-08-26,7.546645772050302e-46,1.991773260707166e-09,0.9999999980063876
2011-08-29,5.266213441257883e-47,5.124510838418686e-10,0.999999999490683
2011-08-30,5.555364258863351e-48,5.006260541997171e-10,0.9999999994979589
2011-08-31,1.0210706342570297e-47,5.332363183281474e-10,0.9999999994688551
2011-09-01,2.1456280150146373e-49,9.40212747346912e-10,0.9999999990614015
2011-09-02,7.542308128408865e-52,2.7010654322295654e-11,0.9999999999708962
2011-09-06,1.6039344443292057e-39,9.597533817265446e-08,0.9999999040228477
2011-09-07,3.757104209903735e-32,6.109014546889994e-07,0.9999993890962334
2011-09-08,5.047390241192666e-30,2.445509436192686e-06,0.9999975544881525
2011-09-09,4.450139416993241e-31,7.065056321044599e-07,0.9999992934974893
2011-09-12,2.111221886264025e-24,2.6366330667267146e-05,0.9999736336669119
2011-09-13,2.6846588856194634e-22,4.370649136801639e-05,0.9999562935065167
2011-09-14,1.001686962117478e-21,5.592431068346006e-05,0.9999440756868728
2011-09-15,4.391468212736213e-21,0.00011839694378865267,0.9998816030592887
2011-09-16,4.407075917597784e-18,0.0005297762047578027,0.9994702237950492
2011-09-19,7.132594297737506e-18,0.000629616672510773,0.9993703833244186
2011-09-20,4.118260931355766e-17,0.0006282600446625188,0.9993717399533337
2011-09-21,2.7679040407898125e-23,4.540499238751926e-05,0.9999545950098928
2011-09-22,4.851642887967115e-25,1.6533271764085732e-05,0.9999834667308067
2011-09-23,4.148347466968529e-17,0.0006771041503056409,0.9993228958486705
2011-09-26,3.746696141947198e-16,0.000822945268457357,0.9991770547280102
2011-09-27,4.8079206896166745e-15,0.0010125267890430762,0.9989874732092844
2011-09-28,6.494698868647545e-19,0.0004581326197292785,0.9995418673834358
2011-09-29,4.648873225263484e-16,0.0005339095992001283,0.9994660903984365
2011-09-30,2.4889763863206183e-21,0.0001020593676867018,0.9998979406288614
2011-10-03,2.098652763179391e-22,0.0002817395794781017,0.9997182604186226
2011-10-04,2.3368426845610514e-16,0.0075528021153397065,0.9924471978818724
2011-10-05,2.1924850994940575e-14,0.021829652478437284,0.9781703475187905
2011-10-06,6.75158237328024e-14,0.038999041530891974,0.9610009584670666
2011-10-07,8.307886009906561e-14,0.0618126348982277,0.9381873651048288
2011-10-10,1.7880411036960302e-14,0.08560708634341627,0.9143929136538992
2011-10-11,1.5277649877804803e-12,0.20443445641421204,0.7955655435863241
2011-10-12,2.3774797885694893e-11,0.3170997525651057,0.6829002474143223
2011-10-13,2.024473383463085e-11,0.394141169264077,0.6058588307122579
2011-10-14,1.144515749461974e-10,0.44715815533441305,0.5528418445481461
2011-10-17,3.334032335182237e-14,0.48442433385837064,0.5155756661429557
2011-10-18,1.560518366808351e-10,0.6565415823114988,0.34345841753139994
2011-10-19,2.2221071945911688e-11,0.8165124761706544,0.183487523805956
2011-10-20,6.250493940845859e-08,0.9700945624399423,0.029905375057115133
2011-10-21,1.206519869758864e-07,0.9935929413305794,0.00640693801541562
2011-10-24,7.742271720005523e-07,0.9988362726318725,0.0011629531418487487
2011-10-25,1.5162628644781016e-10,0.9993987214803818,0.0006012783657375637
2011-10-26,2.477644487126744e-06,0.999876079857912,0.00012144249977550426
2011-10-27,1.1635847116790784e-08,0.9998008595471375,0.0001991288177591432
2011-10-28,2.4983019916896436e-06,0.9999544753913123,4.302630838979909e-05
2011-10-31,2.636340722160553e-10,0.9998458780864912,0.00015412165098317406
2011-11-01,3.3019132546535916e-12,0.9997445349185907,0.0002554650746801446
2011-11-02,4.326573131737906e-06,0.9999597041939442,3.596923341109724e-05
2011-11-03,3.5539612828100148e-06,0.999979414068529,1.703196691043873e-05
2011-11-04,3.2585455300371405e-07,0.9999881494488417,1.1524695629594997e-05
2011-11-07,1.3271385533521837e-05,0.9999764918173413,1.0236794884736546e-05
2011-11-08,1.219812784435911e-05,0.999908758335567,7.904353628024402e-05
2011-11-09,2.814636828398729e-16,0.9987857692764344,0.0012142307263984526
2011-11-10,1.2784881723074232e-06,0.999897248792527,0.00010147271964864701
2011-11-11,9.215047111497363e-07,0.9999716575563288,2.7420940441614464e-05
2011-11-14,2.865455689625806e-08,0.9999829713700973,1.699997487510186e-05
2011-11-15,1.9433503837689704e-06,0.9999880878294888,9.968823724996867e-06
2011-11-16,2.223688497931617e-09,0.9999702849140126,2.971286568654186e-05
2011-11-17,1.3956594671826584e-09,0.9999666656321017,3.333297207073903e-05
2011-11-18,7.148855668081629e-07,0.9999857959836995,1.3489128618756647e-05
2011-11-21,4.908817657694333e-10,0.9999552856563236,4.4713851935186626e-05
2011-11-22,5.298529206593846e-07,0.9999811158668773,1.8354278030117786e-05
2011-11-23,1.0068333395864317e-10,0.9999288085258913,7.11913748841306e-05
2011-11-25,6.614350549468135e-06,0.9999794237453534,1.3961902373813774e-05
2011-11-28,3.302579871255671e-07,0.9999456798379581,5.398990169529465e-05
2011-11-29,4.467268182066829e-06,0.9999561651424154,3.9367589446303356e-05
2011-11-30,1.2977858501409835e-09,0.9996478208870914,0.0003521778163908078
2011-12-01,9.166038835323074e-07,0.9999566787080543,4.240468934064091e-05
2011-12-02,1.2347217046383683e-06,0.9999842942994375,1.4470981700136413e-05
2011-12-05,3.5080706950360464e-06,0.9999834371545284,1.305477176552917e-05
2011-12-06,1.1954448092856164e-06,0.999985927094602,1.287745772682904e-05
2011-12-07,2.1956494207849072e-06,0.9999826439503579,1.5160398741378642e-05
2011-12-08,1.2980394327921754e-09,0.999946393883732,5.360481715459678e-05
2011-12-09,6.172490019139452e-06,0.9999740511940939,1.9776313024661e-05
2011-12-12,4.634811525870179e-08,0.9999756542800726,2.4299375204586387e-05
2011-12-13,3.217005921346641e-07,0.9999829586737675,1.671962441197111e-05
2011-12-14,1.4953062247134358e-07,0.9999819785394247,1.78719267874577e-05
2011-12-15,5.1499091369671275e-06,0.9999849751585373,9.87493558317121e-06
2011-12-16,4.999830474730404e-06,0.9999851863255047,9.813840560566991e-06
2011-12-19,1.5822364039441527e-07,0.999977014895602,2.282688435429299e-05
2011-12-20,9.516475414165586e-08,0.999934338428233,6.556640992068334e-05
2011-12-21,2.6727564773317066e-06,0.9999828939115746,1.4433329269273738e-05
2011-12-22,1.6077153235502746e-05,0.9999750021957359,8.920650030757282e-06
2011-12-23,2.4279639592405862e-05,0.9999676492510579,8.071110660513685e-06
2011-12-27,3.581309023899987e-05,0.9999576055525705,6.58135569382416e-06
2011-12-28,2.7307986056302523e-06,0.9999844908199854,1.2778379991550116e-05
2011-12-29,0.0012019448381935926,0.9987907906021126,7.264559663601569e-06
2011-12-30,0.0021136200839400425,0.9978803317293171,6.048185327311937e-06
2012-01-03,0.006846109065510007,0.9931442495170624,9.641418242636274e-06
2012-01-04,0.02370494868984699,0.976289775180079,5.276133047626467e-06
2012-01-05,0.061017483328564236,0.9389778363290955,4.680345473713029e-06
2012-01-06,0.13841066087542073,0.8615863802631857,2.9588601826582153e-06
2012-01-09,0.46649175805841825,0.5335068708886349,1.371051880640097e-06
2012-01-10,0.7436682158638512,0.2563311854244501,5.987106870185726e-07
2012-01-11,0.9088138638020461,0.09118599942748787,1.367733126184837e-07
2012-01-12,0.9752762417284949,0.02472371075829307,4.751133914532067e-08
2012-01-13,0.9916810201949725,0.008318972201814911,7.604238922319381e-09
2012-01-17,0.998668050930322,0.0013319476142977734,1.4584146836111348e-09
2012-01-18,0.9996980483537907,0.00030195145430508786,1.9526676650050656e-10
2012-01-19,0.9999415566470208,5.844334281777594e-05,7.941805629593116e-12
2012-01-20,0.9999858072758254,1.4192723269514095e-05,1.4640755276550216e-12
2012-01-23,0.9999820142782851,1.798572334306003e-05,3.6751431402510787e-13
2012-01-24,0.9999842088082819,1.5791191615180928e-05,4.898712700729169e-13
2012-01-25,0.9999822905269133,1.7709471550327305e-05,1.2439862014062624e-12
2012-01-26,0.999969928460953,3.0071541875332363e-05,6.859549069886357e-13
2012-01-27,0.9999857764625827,1.4223539171909242e-05,1.0373063827606752e-12
2012-01-30,0.9999827570167832,1.724298082878591e-05,5.019526705015933e-13
2012-01-31,0.999986235641842,1.3764358822059672e-05,6.895190875662539e-13
2012-02-01,0.9999835376192923,1.646237666683183e-05,1.2536728002810163e-12
2012-02-02,0.9999866260062229,1.3373991880684162e-05,2.760753822619857e-12
2012-02-03,0.9999502561989957,4.974379480044348e-05,6.347005359810997e-12
2012-02-06,0.9999777054556566,2.229454225238016e-05,4.275791859183975e-12
2012-02-07,0.999979333772717,2.0666225368988118e-05,2.3872282834346653e-12
2012-02-08,0.9999782093919245,2.1790604794622467e-05,3.4508273467242495e-12
2012-02-09,0.999971499643433,2.850034709767577e-05,1.0681578532405266e-11
2012-02-10,0.9999204185750387,7.958141039447622e-05,1.4868200563961044e-11
2012-02-13,0.9999525942726059,4.740568531360282e-05,4.539346066962802e-11
2012-02-14,0.9999516634457025,4.833652688556264e-05,2.5509825284862382e-11
2012-02-15,0.999937275929369,6.272403505787776e-05,3.356848842368591e-11
2012-02-16,0.9999312462158381,6.875373485175877e-05,4.676325787514545e-11
2012-02-17,0.9999635179517188,3.648203191103242e-05,1.6240165376353383e-11
2012-02-21,0.9999668945115727,3.310547844793793e-05,8.827408156265879e-12
2012-02-22,0.9999616104562186,3.838953965443506e-05,4.924329786510811e-12
2012-02-23,0.9999764035329509,2.3596461211408853e-05,4.2455712790067385e-12
2012-02-24,0.9999799920588702,2.00079357267114e-05,2.1998988794951116e-12
2012-02-27,0.9999808014278045,1.9198572265161238e-05,1.859055693872479e-12
2012-02-28,0.9999798512937447,2.0148701076779784e-05,3.22148110509063e-12
2012-02-29,0.9999684689851905,3.1531010377563744e-05,3.0011032156333206e-12
2012-03-01,0.999976301475507,2.3698515487769382e-05,7.0542045138162335e-12
2012-03-02,0.9999683284763374,3.1671518865563486e-05,7.983769668407245e-12
2012-03-05,0.9999514764844746,4.852344538107551e-05,7.037203598636621e-11
2012-03-06,0.9996541963655945,0.00034580358983789066,4.200738088574359e-11
2012-03-07,0.9999565376406335,4.34623066429426e-05,5.216610206142096e-11
2012-03-08,0.9999688111700219,3.1188823040755924e-05,6.2970408022367946e-12
2012-03-09,0.9999808230151566,1.917698100320854e-05,2.1586704429776473e-12
2012-03-12,0.9999776692658509,2.233072464252523e-05,6.29510004076229e-12
2012-03-13,0.9998742337632368,0.00012576621752345346,1.9759882094326198e-11
2012-03-14,0.9999691429070174,3.085708511589716e-05,5.882615285756399e-12
2012-03-15,0.9999801687738086,1.9831221651055813e-05,1.3560730180344817e-12
2012-03-16,0.9999836963708105,1.6303625558420093e-05,6.397485675769745e-13
2012-03-19,0.9999842945759195,1.5705422369528336e-05,7.710720255974079e-13
2012-03-20,0.9999778180776998,2.2181919874617602e-05,7.562944024109692e-13
2012-03-21,0.9999793997570151,2.060023792800829e-05,2.0674925538235765e-12
2012-03-22,0.9999546266806988,4.537331680659897e-05,1.5070822302791203e-12
2012-03-23,0.9999814392116557,1.856078657845579e-05,4.059930891462423e-12
2012-03-26,0.9999508373082672,4.9162688130027645e-05,5.141525578778146e-12
2012-03-27,0.9999651772037981,3.482278985458686e-05,4.640711319461285e-12
2012-03-28,0.9999579428735491,4.205712487734137e-05,2.5666233904822302e-12
2012-03-29,0.9999732392186241,2.6760776613126057e-05,1.5207892955670432e-12
2012-03-30,0.9999809531286199,1.904686824784022e-05,9.726977353052501e-13
2012-04-02,0.9999789233372386,2.107666294691176e-05,1.1785773960692956e-12
2012-04-03,0.99997289562078,2.7104374430986935e-05,4.410057491732366e-12
2012-04-04,0.9999064752054909,9.352478718506708e-05,9.961747925638337e-12
2012-04-05,0.9999404966898208,5.9503197602128104e-05,1.0991036874731992e-10
2012-04-09,0.9992976892034081,0.0007023104038822284,3.9084570585252423e-10
2012-04-10,0.9979980628832565,0.0020019366334911785,4.868811800548341e-10
2012-04-11,0.9998501784987791,0.0001498211544916355,3.45129057424774e-10
2012-04-12,0.9999029005408384,9.70992382889386e-05,2.1887112094713198e-10
2012-04-13,0.9996953118305869,0.0003046881241322774,4.2793644841336605e-11
2012-04-16,0.9999323329514952,6.766698964545887e-05,5.638855932310811e-11
2012-04-17,0.9998834306014905,0.00011656934515400693,5.17023399647173e-11
2012-04-18,0.9998835614443428,0.00011643849834481698,5.4055857785332594e-11
2012-04-19,0.9998068993498762,0.0001931005907922718,5.973600354671185e-11
2012-04-20,0.9998549501903445,0.0001450496394608686,1.7071418420727728e-10
2012-04-23,0.9994949212163791,0.0005050785042313438,2.7855125899569594e-10
2012-04-24,0.999463592800844,0.0005364056164642218,1.580873771653055e-09
2012-04-25,0.997613156900548,0.002386838105908397,4.99341941873978e-09
2012-04-26,0.9937053889238998,0.0062945952227502905,1.5853018065842064e-08
2012-04-27,0.978691144059919,0.021308818224626602,3.771728228717781e-08
2012-04-30,0.9289589530737645,0.07104091908940029,1.2783930886994505e-07
2012-05-01,0.8453428286582201,0.1546566755548221,4.957865902094322e-07
2012-05-02,0.6198509752276913,0.3801480818840377,9.428910327629146e-07
2012-05-03,0.2888254291571634,0.7111719393834385,2.631458372087025e-06
2012-05-04,0.08118145010872295,0.9188108380046883,7.711888999586861e-06
2012-05-07,0.08083284384406259,0.919161476849873,5.679309581760732e-06
2012-05-08,0.0779484885998637,0.9220454982519143,6.013150632099745e-06
2012-05-09,0.07280282977490359,0.9271908371661407,6.333061183775647e-06
2012-05-10,0.0687939036710372,0.9311992318546642,6.864475816072324e-06
2012-05-11,0.053665344154454044,0.9463276341432869,7.0217046456818e-06
2012-05-14,0.025003898393622544,0.9749877411575194,8.360445586814831e-06
2012-05-15,0.01785673395578509,0.9821351868775168,8.079165307864978e-06
2012-05-16,0.009565057842938448,0.9904268277379118,8.114419759089492e-06
2012-05-17,0.00047681562233261237,0.9995117185342662,1.1465839849151923e-05
2012-05-18,0.00011434468657290433,0.9998765721828964,9.083133724636981e-06
2012-05-21,2.256945139813399e-05,0.9999606699442792,1.6760606059570045e-05
2012-05-22,6.231947362794428e-05,0.9999301513183079,7.529205898247962e-06
2012-05-23,6.198638400833246e-05,0.9999305424683703,7.471147740952852e-06
2012-05-24,4.027803218493662e-05,0.9999518036611896,7.918303843037754e-06
2012-05-25,1.5060115712763174e-05,0.9999768375263999,8.102360867169088e-06
2012-05-29,3.9731357395784315e-06,0.9999834590766259,1.2567784049470276e-05
2012-05-30,1.6827023105648977e-07,0.9999862207481618,1.3610984693355579e-05
2012-05-31,9.746897292563775e-07,0.9999877430333002,1.1282279645404092e-05
2012-06-01,6.872597987707256e-11,0.9999456030371245,5.439689632055551e-05
2012-06-04,1.0049142740951691e-07,0.9999874206250702,1.2478881440460653e-05
2012-06-05,4.388822529912369e-08,0.9999864320536335,1.3524060039048772e-05
2012-06-06,7.813917151951484e-10,0.9999629091438103,3.7090073946187565e-05
2012-06-07,7.91047437236406e-09,0.9999854171882465,1.4574902545914868e-05
2012-06-08,6.827115405652545e-09,0.9999846741785663,1.531899323794735e-05
2012-06-11,2.458420483739177e-10,0.9999745093566367,2.549039893336242e-05
2012-06-12,3.7200144589713503e-09,0.9999811562331287,1.884004441967927e-05
2012-06-13,1.7465620355616789e-09,0.9999827036994865,1.729455109833551e-05
2012-06-14,6.25091258280731e-09,0.9999833564582224,1.6637288699172526e-05
2012-06-15,1.7991074686808237e-08,0.9999855444065182,1.443760330189811e-05
2012-06-18,5.6000212199227456e-08,0.9999890732884864,1.0870712119019898e-05
2012-06-19,1.3592286725422043e-07,0.999988178246741,1.1685832313055763e-05
2012-06-20,2.0844225757330841e-07,0.9999875126429528,1.2278913164694461e-05
2012-06-21,1.0399085812540125e-10,0.9999459614895687,5.403840513388292e-05
2012-06-22,2.4443356771558095e-07,0.9999838796637632,1.58759054302824e-05
2012-06-25,2.041346311743531e-09,0.9999720329342411,2.796502707023405e-05
2012-06-26,3.1004092707740263e-07,0.999988126304295,1.1563655533699056e-05
2012-06-27,6.163049208976619e-07,0.9999886990683176,1.0684624174467584e-05
2012-06-28,4.922732386011945e-07,0.9999885225410444,1.0985183576739067e-05
2012-06-29,1.77216352700356e-07,0.9999673173399405,3.250544709635427e-05
2012-07-02,9.583729723567231e-06,0.9999820653618661,8.350911452304222e-06
2012-07-03,2.2293009381900684e-05,0.9999704911521998,7.215838194724198e-06
2012-07-05,2.1757158692933802e-05,0.9999715548081729,6.6880352019542795e-06
2012-07-06,8.272032699897638e-06,0.9999837254232361,8.002544230855655e-06
2012-07-09,5.625889560154642e-05,0.9999375965243823,6.144579169439895e-06
2012-07-10,4.782325951388869e-05,0.9999449559488652,7.220791106886701e-06
2012-07-11,0.00044381343704379806,0.9995503300484836,5.8565165457870486e-06
2012-07-12,0.0010479744895745475,0.9989457149029466,6.310605894295423e-06
2012-07-13,0.00356307162598868,0.9964252305583327,1.1697816624146822e-05
2012-07-16,0.015088314498540076,0.9849059464209543,5.739083363494046e-06
2012-07-17,0.04094014772594247,0.9590539055281943,5.9467469128660676e-06
2012-07-18,0.07169797288888638,0.9282961794465081,5.84766374934522e-06
2012-07-19,0.10481747000843054,0.8951775945798406,4.935411573886705e-06
2012-07-20,0.13939936565095676,0.8605952784827905,5.355864173973698e-06
2012-07-23,0.2208701177844157,0.7791261876617218,3.6945515018857185e-06
2012-07-24,0.4778041605700647,0.5221943667442,1.4726875178311988e-06
2012-07-25,0.7858461282477013,0.21415299927073006,8.724796081334847e-07
2012-07-26,0.8614321505897939,0.13856673860034674,1.110806397312395e-06
2012-07-27,0.9165178458545378,0.08348190085967006,2.5328778666867113e-07
2012-07-30,0.9835738587421959,0.016426098488986664,4.276862229737778e-08
2012-07-31,0.993523745862786,0.006476243280474325,1.0856511240259525e-08
2012-08-01,0.998229221225904,0.0017707732078920116,5.56857847440471e-09
2012-08-02,0.9987366795268662,0.0012633168428172155,3.632053000863804e-09
2012-08-03,0.9988093373573667,0.001190660133475147,2.507249360940359e-09
2012-08-06,0.9997188468412325,0.0002811529732079729,1.819846481470853e-10
2012-08-07,0.9999113515373563,8.864842614608956e-05,3.791392177389818e-11
2012-08-08,0.9999338508184159,6.614916896451342e-05,1.0154679815491741e-11
2012-08-09,0.9999447562930468,5.524370550467124e-05,4.946999527956451e-12
2012-08-10,0.9999626365747575,3.736342499622877e-05,3.752162429471932e-12
2012-08-13,0.9999597958454932,4.02041545253866e-05,2.5173453408272546e-12
2012-08-14,0.9999634605101307,3.653948574325233e-05,2.2494903114022462e-12
2012-08-15,0.9999680262062978,3.197379415314488e-05,1.9012473695761132e-12
2012-08-16,0.9999684282774921,3.1571721435277044e-05,1.769812800984589e-12
2012-08-17,0.9999732917641851,2.6708232019634045e-05,1.1503461776080714e-12
2012-08-20,0.9999768996616406,2.310033469743654e-05,1.1094810195091325e-12
2012-08-21,0.9999731728927717,2.682710665204552e-05,1.0168733358651714e-12
2012-08-22,0.999977391024932,2.2608972310444738e-05,2.4818241994357453e-12
2012-08-23,0.9999437659521759,5.6234045129944944e-05,1.2789558062340596e-12
2012-08-24,0.9999866326781868,1.33673224998281e-05,1.3175847011747744e-12
2012-08-27,0.9999887561548375,1.1243847167481222e-05,2.213322102125763e-13
2012-08-28,0.9999892817351402,1.0718266387427902e-05,1.749309563865557e-13
2012-08-29,0.9999899499375968,1.0050063452932936e-05,3.562578421623058e-13
2012-08-30,0.9999773987518242,2.2601247590403562e-05,2.0345993485394354e-13
2012-08-31,0.9999931668514085,6.8331446273849266e-06,3.466159422432162e-13
2012-09-04,0.9999939328956647,6.067107209847542e-06,1.0644278539383021e-13
2012-09-05,0.9999919619981662,8.03799829431361e-06,1.4922943685647307e-12
2012-09-06,0.9998577349467752,0.00014226504941909645,5.574733599891629e-12
2012-09-07,0.9999863482793977,1.3651713256693928e-05,3.9889522892973645e-12
2012-09-10,0.9999806802999951,1.931970058441016e-05,3.05326188292027e-13
2012-09-11,0.9999897247999283,1.0275198917221557e-05,2.912867086762905e-13
2012-09-12,0.9999888814454266,1.1118554448055252e-05,6.47373060426125e-13
2012-09-13,0.9999545152326432,4.5484767369277056e-05,1.556064347688636e-12
2012-09-14,0.9999854469974105,1.455300052071189e-05,1.4005285786265194e-12
2012-09-17,0.9999796338125013,2.0366189802082577e-05,4.1875025500459437e-13
2012-09-18,0.9999839543793703,1.604561871122796e-05,4.1743494131620845e-13
2012-09-19,0.999985919913333,1.4080083772501162e-05,3.1601272167728383e-13
2012-09-20,0.9999856771035237,1.432289754078787e-05,2.5393382368947787e-13
2012-09-21,0.9999870361320007,1.2963870021263462e-05,3.4375311838417393e-13
2012-09-24,0.9999831723650238,1.6827636354379327e-05,1.717544542921745e-12
2012-09-25,0.9999100751646017,8.992483418672579e-05,3.8271688030492e-12
2012-09-26,0.999960593768002,3.9406224973391325e-05,5.3444332617904825e-12
2012-09-27,0.9999756879087306,2.4312087016662952e-05,3.2483043120680395e-12
2012-09-28,0.9999698375942551,3.0162401805318737e-05,9.23742360985645e-13
2012-10-01,0.9999834519972363,1.654800084795488e-05,7.619118618798012e-13
2012-10-02,0.9999832918051412,1.6708194485937907e-05,3.9747482524813266e-13
2012-10-03,0.9999842863469407,1.5713655206141357e-05,3.278784434678876e-13
2012-10-04,0.9999880150198509,1.1984980851781455e-05,3.7487838292866187e-13
2012-10-05,0.9999895826873946,1.0417312718153944e-05,2.4918719266390415e-13
2012-10-08,0.9999856708753933,1.432912661165677e-05,8.747480468276932e-13
2012-10-09,0.9999507001268403,4.929986863868758e-05,1.7626166317875865e-12
2012-10-10,0.9999733106957214,2.6689301637633316e-05,9.699454493760771e-13
2012-10-11,0.9999917425716243,8.257430606419073e-06,3.2826265976458175e-13
2012-10-12,0.9999903485979392,9.651398780524178e-06,1.415650295854545e-13
2012-10-15,0.9999879175159163,1.2082483484007892e-05,3.892288476315706e-13
2012-10-16,0.9999825501430689,1.7449855608205744e-05,5.02481919132385e-13
2012-10-17,0.9999864239628784,1.3576039158055476e-05,1.4841222985387358e-12
2012-10-18,0.9999424200493725,5.757993457087403e-05,1.6086509077085657e-11
2012-10-19,0.9990867790770848,0.0009132208337340377,8.600070232613833e-11
2012-10-22,0.9998038780145008,0.00019612130745952393,6.790512364048548e-10
2012-10-23,0.9994210278692734,0.0005789719731387763,1.5643271985887768e-10
2012-10-24,0.999880692210389,0.0001193077144745103,7.41870549681591e-11
2012-10-25,0.999936566597352,6.343334284223892e-05,6.008926609928976e-11
2012-10-26,0.9997554084680043,0.0002445913479829207,1.829426823743217e-10
2012-10-31,0.9982187689043919,0.0017812293859373106,1.7078324575034282e-09
2012-11-01,0.9861239937187167,0.013875985652746241,2.0629850436021438e-08
2012-11-02,0.9384725784382729,0.06152731125172133,1.1030833941142275e-07
2012-11-05,0.8797098514844492,0.12028965516363802,4.933536597465919e-07
2012-11-06,0.6311520188381822,0.36884671045949796,1.270705362515784e-06
2012-11-07,0.0009103466658556061,0.9990816373670729,8.015964630626306e-06
2012-11-08,0.00012038578390404448,0.9998709098527485,8.704362035252099e-06
2012-11-09,0.00027071389352832615,0.9997228119166939,6.474190521128927e-06
2012-11-12,0.00021691890207738092,0.9997766550255082,6.426073637405417e-06
2012-11-13,9.071500012270794e-05,0.9999025893783963,6.695617936566592e-06
2012-11-14,4.875184925627311e-06,0.9999850145427049,1.0110269270725139e-05
2012-11-15,3.560626962778363e-05,0.999957310357701,7.0833694630481975e-06
2012-11-16,2.3345003413174942e-05,0.9999681878438168,8.467152319063956e-06
2012-11-19,6.600782828878841e-07,0.9999786450086611,2.0694909550936184e-05
2012-11-20,4.3930571029860005e-06,0.9999876061014656,8.00084133552665e-06
2012-11-21,3.3652540337740465e-06,0.9999888639760468,7.770772736986642e-06
2012-11-23,1.5477415477360054e-06,0.9999862801118837,1.2172145652417649e-05
2012-11-26,2.2322302804283612e-06,0.9999899487225241,7.819045614149852e-06
2012-11-27,1.2888761322677597e-06,0.9999905730663663,8.13805974766525e-06
2012-11-28,2.2047972055765228e-06,0.9999888357238185,8.959476038259125e-06
2012-11-29,2.434724786830366e-06,0.9999895240219612,8.04125176582522e-06
2012-11-30,2.217907013593169e-06,0.9999901872333217,7.594858206930581e-06
2012-12-03,1.26969924160986e-06,0.9999906980588716,8.032239386502129e-06
2012-12-04,2.03531920810532e-06,0.9999903578819715,7.6067968986287595e-06
2012-12-05,2.731044086152379e-06,0.9999895910692105,7.677885232156075e-06
2012-12-06,1.0227638573514976e-05,0.9999814085295124,8.363833325954222e-06
2012-12-07,3.687783273464641e-05,0.9999544014418486,8.720723163716226e-06
2012-12-10,0.00027960807196822027,0.9997121101812898,8.28174742221344e-06
2012-12-11,0.0028076565192726665,0.9971828106895574,9.532791189700958e-06
2012-12-12,0.02184080863283258,0.978151824590903,7.366773692094212e-06
2012-12-13,0.09248304821366067,0.907510628268666,6.3235156371746476e-06
2012-12-14,0.27964965996992375,0.7203460484279596,4.29160475900841e-06
2012-12-17,0.5004776426345265,0.49951891389305414,3.443471250988123e-06
2012-12-18,0.76399084085706,0.23600745513229018,1.704013262880904e-06
2012-12-19,0.9059729592072554,0.09402682888756556,2.1190437354308141e-07
2012-12-20,0.9791641653670566,0.02083574980427587,8.483214699970115e-08
2012-12-21,0.9924814793227035,0.007518506767765281,1.3912905158242986e-08
2012-12-24,0.9985673930287792,0.0014326034548658377,3.517969497689569e-09
2012-12-26,0.999512355786221,0.0004876420735331584,2.1438754439959534e-09
2012-12-27,0.9993384205730201,0.0006615766835136452,2.7450074716124582e-09
2012-12-28,0.9959218491133772,0.004078144027304807,6.86138205535862e-09
2012-12-31,0.9899926236051163,0.010007293002951983,8.339291115428158e-08
2013-01-02,0.9834942381565321,0.016505626167476625,1.3567863432837395e-07
2013-01-03,0.9943386424938231,0.005661348827748013,8.680796228071123e-09
2013-01-04,0.9986024705605798,0.0013975268648299755,2.571596327565674e-09
2013-01-07,0.9994544803905774,0.0005455189589828824,6.527203390087316e-10
2013-01-08,0.999744139818715,0.0002558600358669028,1.4345723247381176e-10
2013-01-09,0.9998932281121526,0.00010677183946344351,4.4972630283209814e-11
2013-01-10,0.9999187840170684,8.121596006226641e-05,2.3766198840972297e-11
2013-01-11,0.9999191130019288,8.088698825118738e-05,1.3004061705149929e-11
2013-01-14,0.9999297769310274,7.022305738024409e-05,9.357638862591e-12
2013-01-15,0.9999468607060835,5.313928953378502e-05,5.9011203682904376e-12
2013-01-16,0.9999562745389244,4.3725457981014914e-05,3.11058663809416e-12
2013-01-17,0.9999682041705464,3.179582950240094e-05,2.220974871852239e-12
2013-01-18,0.9999730547343969,2.6945264660722537e-05,1.2318354322918188e-12
2013-01-22,0.9999748266749375,2.51733262402356e-05,9.943786955786727e-13
2013-01-23,0.9999780934739004,2.190652655081999e-05,8.240346214470957e-13
2013-01-24,0.9999775669317975,2.2433064884989068e-05,6.678416133923403e-13
2013-01-25,0.9999801085664551,1.9891433210042634e-05,9.768824382623236e-13
2013-01-28,0.9999750310369113,2.4968961663778946e-05,6.201778673565695e-13
2013-01-29,0.9999830420184451,1.6957977843895015e-05,1.076174512186405e-12
2013-01-30,0.9999772065617661,2.2793435745623e-05,4.0856954549137355e-13
2013-01-31,0.9999910998990775,8.900096751590556e-06,1.4731436788569174e-12
2013-02-01,0.9999814112142908,1.8588781796233463e-05,5.316360257218831e-12
2013-02-04,0.9999449646722582,5.503532221984656e-05,3.8536888465842805e-12
2013-02-05,0.9999785258310275,2.147416467122672e-05,4.491566437247602e-12
2013-02-06,0.9999881721059054,1.1827891289478286e-05,7.475279921053189e-13
2013-02-07,0.9999870975330128,1.29024644220653e-05,3.8673282727157415e-13
2013-02-08,0.9999878781752896,1.212182436183081e-05,5.271310079838935e-13
2013-02-11,0.9999885413346274,1.1458663073939591e-05,3.32004594180415e-13
2013-02-12,0.9999894247571163,1.0575241041406102e-05,3.084161484861695e-13
2013-02-13,0.9999895346956792,1.046530291279189e-05,2.6713000695941804e-13
2013-02-14,0.999989707126809,1.029287366205175e-05,2.789836119793898e-13
2013-02-15,0.9999890003550869,1.0999645531222688e-05,4.484357554111068e-13
2013-02-19,0.9999831774071776,1.6822588644266983e-05,4.986115821343175e-12
2013-02-20,0.9998881864682568,0.00011181352066180196,8.950272206177996e-12
2013-02-21,0.9999505361130275,4.946380941601737e-05,7.398639684591859e-11
2013-02-22,0.9998081582338236,0.00019184138900505418,3.7728392423765295e-10
2013-02-25,0.9971599422501732,0.002840057537728249,2.0989011109452837e-10
2013-02-26,0.999778106736015,0.00022189297772161145,2.881073990956758e-10
2013-02-27,0.999926520657386,7.34792979253653e-05,4.440933686134279e-11
2013-02-28,0.9999581254051133,4.187459359475599e-05,4.100575467699495e-12
2013-03-01,0.9999733346111561,2.666538823200773e-05,1.6084370438544585e-12
2013-03-04,0.999976845391528,2.315460837760198e-05,1.1110344407957985e-12
2013-03-05,0.9999755722310996,2.4427770108766523e-05,1.0515921881970029e-12
2013-03-06,0.9999812321999735,1.876779795804615e-05,6.297596976811145e-13
2013-03-07,0.9999819189576834,1.8081041303397973e-05,4.620880323226991e-13
2013-03-08,0.9999825429690999,1.7457030294382592e-05,4.704992286584258e-13
2013-03-11,0.9999825467961868,1.745320061328753e-05,6.119967690810104e-13
2013-03-12,0.9999757667709209,2.4233227672000196e-05,5.479511870575909e-13
2013-03-13,0.9999813042160529,1.8695782730672893e-05,6.246395004160174e-13
2013-03-14,0.9999814784137885,1.852158309339214e-05,7.241395476201114e-13
2013-03-15,0.9999753713977677,2.4628600769437912e-05,1.2829863890636514e-12
2013-03-18,0.9999555398960501,4.446010489092907e-05,1.7205851384543326e-12
2013-03-19,0.9999722761118008,2.7723885127826202e-05,1.4210016620331695e-12
2013-03-20,0.9999811525079086,1.884748592325956e-05,2.892543930312541e-12
2013-03-21,0.9999407793949229,5.9220600584290415e-05,1.4175603853819221e-12
2013-03-22,0.9999801321910199,1.9867804510342142e-05,1.4658153250752488e-12
2013-03-25,0.9999876577382981,1.2342262788553674e-05,3.5498605706771244e-13
2013-03-26,0.9999890144048066,1.0985591634242812e-05,2.143189346824468e-13
2013-03-27,0.9999926564829793,7.343516260713697e-06,1.0195942733460382e-13
2013-03-28,0.9999929573125589,7.042689183995243e-06,1.0814194738126013e-13
2013-04-01,0.9999899620592204,1.0037943497999618e-05,9.677872578321992e-14
2013-04-02,0.9999916016666026,8.398330499573047e-06,5.467747023781506e-13
2013-04-03,0.9999681008552388,3.1899143987933956e-05,3.201342248559068e-13
2013-04-04,0.999991101296049,8.898705357199532e-06,5.858443334029311e-13
2013-04-05,0.999987303811047,1.2696190885792556e-05,1.5070172819087498e-13
2013-04-08,0.9999897164908701,1.0283509204844334e-05,2.1589959940705126e-13
2013-04-09,0.9999907538503973,9.246149324056544e-06,3.9006275407550517e-13
2013-04-10,0.9999720865492746,2.7913450035096085e-05,4.1925310958708e-12
2013-04-11,0.9999108310907289,8.91688289542347e-05,7.675443664848451e-11
2013-04-12,0.9975772818432357,0.0024227171474468364,1.011354917452847e-09
2013-04-15,0.9393419887117321,0.060657974633553526,3.665304821529706e-08
2013-04-16,0.9606223912524827,0.03937712500217972,4.837486756542253e-07
2013-04-17,0.9637676337077059,0.03623225248348307,1.1380758439261439e-07
2013-04-18,0.9877275724334575,0.012272415346457732,1.2219344478537149e-08
2013-04-19,0.99804375117451,0.0019562466224842005,2.205061747934831e-09
2013-04-22,0.9996693613226127,0.0003306383163032847,3.5893525516336213e-10
2013-04-23,0.9998665246777229,0.00013347523367623562,8.915744372436433e-11
2013-04-24,0.9999160737938666,8.392618285942221e-05,2.087256038614476e-11
2013-04-25,0.9999287951463579,7.120483418632676e-05,1.7693923443554157e-11
2013-04-26,0.9999008312942295,9.916869147441154e-05,1.4854013360071287e-11
2013-04-29,0.9999189002847102,8.109969049159851e-05,2.8160235789703427e-11
2013-04-30,0.9998838181539218,0.0001161817920253742,5.6619239985544704e-11
2013-05-01,0.9996463901385506,0.0003536097958801809,6.86211635896162e-11
2013-05-02,0.999864833281178,0.00013516662598524277,9.64327467222396e-11
2013-05-03,0.9999023965479439,9.76034204909221e-05,3.2647325402257924e-11
2013-05-06,0.9999286376112781,7.136237232665967e-05,1.2861151559233583e-11
2013-05-07,0.9999380467180935,6.19532755048083e-05,8.78705261356e-12
2013-05-08,0.9999439400924434,5.605989597172956e-05,1.0709728024491037e-11
2013-05-09,0.9999130977521389,8.69022420488573e-05,7.531695124853772e-12
2013-05-10,0.9999484518965485,5.1548100656287364e-05,3.1828208076578956e-12
2013-05-13,0.9999812869723559,1.8713028675848827e-05,1.4052757200574512e-12
2013-05-14,0.9999790265518032,2.097344456322894e-05,5.08076423512605e-13
2013-05-15,0.9999907424345253,9.257563525025374e-06,4.05058661650676e-13
2013-05-16,0.999987789555204,1.221044762152703e-05,2.100379883363827e-13
2013-05-17,0.9999868262524703,1.3173746857563454e-05,3.8328809764948737e-13
2013-05-20,0.9999909389854441,9.061011664029992e-06,1.6837518035254597e-13
2013-05-21,0.9999914098303336,8.590169896189877e-06,3.469759920303315e-13
2013-05-22,0.9999760259051811,2.3974091855293087e-05,3.893176659122516e-13
2013-05-23,0.999985922219779,1.4077778799630462e-05,5.355015122534267e-13
2013-05-24,0.9999882101514386,1.1789850053840813e-05,3.0873427013404717e-13
2013-05-28,0.9999877382748822,1.2261724111118238e-05,7.729826147358637e-13
2013-05-29,0.9999730605259032,2.6939473002002316e-05,8.164787632170741e-13
2013-05-30,0.999980937129094,1.906285424524218e-05,1.4119528898169876e-11
2013-05-31,0.9997620313962151,0.00023796859858120112,6.362348480500515e-12
2013-06-03,0.9999752287634178,2.477121429908825e-05,2.4589735454071234e-11
2013-06-04,0.9999575973892921,4.240258943898188e-05,1.9175135971471295e-11
2013-06-05,0.9997180427324108,0.0002819572519179263,1.8913314236936238e-11
2013-06-06,0.9999589951515949,4.1004810223241596e-05,3.521678521665215e-11
2013-06-07,0.9999557754010788,4.422459112005674e-05,9.327128322870615e-12
2013-06-10,0.9999605867178769,3.941326761862636e-05,1.7393461081032802e-11
2013-06-11,0.9997709061952045,0.00022909375063469861,5.222016566303576e-11
2013-06-12,0.9997626872552097,0.00023731233702156047,4.09740722208953e-10
2013-06-13,0.9995021424591787,0.0004978556491639087,1.8891489363680845e-09
2013-06-14,0.9981553876675499,0.001844609303617294,3.029663767595689e-09
2013-06-17,0.9923621189040623,0.007637863903586358,1.7195035925597457e-08
2013-06-18,0.9241838197725617,0.07581610847281564,7.175276706954165e-08
2013-06-19,0.2339021086938417,0.7660971075260935,7.837768820340201e-07
2013-06-20,0.0007706488766408395,0.9992097873439872,1.9563781807501447e-05
2013-06-21,0.0019620056752055965,0.9980316020718983,6.39225455978143e-06
2013-06-24,0.0009209960439944758,0.9990708061541865,8.197802972938422e-06
2013-06-25,0.002654717765790132,0.9973381049088625,7.177327891792049e-06
2013-06-26,0.0032809257281543433,0.9967119701067019,7.104166902493525e-06
2013-06-27,0.0035804769283886775,0.9964134741051779,6.048964415167708e-06
2013-06-28,0.003877232529357719,0.9961169575665964,5.809903917390309e-06
2013-07-01,0.006400488492300986,0.9935934188864444,6.092620098535097e-06
2013-07-02,0.009869094816813601,0.9901253206619535,5.584522081279895e-06
2013-07-03,0.01905478367543753,0.980939618395237,5.597927915229015e-06
2013-07-05,0.033570179615606155,0.9664223788541618,7.44153366081565e-06
2013-07-08,0.05927994641037215,0.9407141363276591,5.9172628492632006e-06
2013-07-09,0.09084787260114117,0.9091463246220697,5.802775403863942e-06
2013-07-10,0.13687848927117785,0.8631167729445486,4.737787117151503e-06
2013-07-11,0.20507383408550098,0.7949198596488696,6.306267662373681e-06
2013-07-12,0.35081695658999973,0.6491800435118881,2.99989819932127e-06
2013-07-15,0.502482197565454,0.4975154468878873,2.355549491331929e-06
2013-07-16,0.6194180980615978,0.38058067497250936,1.2269664567041458e-06
2013-07-17,0.7918836318981834,0.20811593075366924,4.3735126130658707e-07
2013-07-18,0.9267506612229016,0.07324928597299753,5.2801953001554445e-08
2013-07-19,0.9923582792264253,0.007641714445879262,6.3305364645192036e-09
2013-07-22,0.9993469047616209,0.0006530948943093874,3.4178063814003744e-10
2013-07-23,0.9999498949802866,5.010499651753696e-05,2.2191122868422834e-11
2013-07-24,0.99998136125122,1.8638748959471912e-05,1.039181954209345e-12
2013-07-25,0.9999892783518561,1.0721646931740093e-05,2.748122200243878e-13
2013-07-26,0.9999905048621849,9.495140710584148e-06,1.52637761559394e-13
2013-07-29,0.9999897524701112,1.0247529438520228e-05,1.0901463569476184e-13
2013-07-30,0.9999920315557643,7.968441544463477e-06,9.700950420863217e-14
2013-07-31,0.9999925424986709,7.457504569818307e-06,1.7162776231742221e-13
2013-08-01,0.9999827923991556,1.720760400459711e-05,2.5254769505554925e-13
2013-08-02,0.9999931579093176,6.842088904788638e-06,1.600136688063074e-13
2013-08-05,0.9999927360668224,7.263932832654474e-06,9.969048108683935e-14
2013-08-06,0.9999886696810573,1.1330315271468428e-05,1.166502387047707e-13
2013-08-07,0.9999911059744481,8.894022030410468e-06,9.509752078156245e-14
2013-08-08,0.999994114873553,5.885123489299637e-06,1.0114531210663052e-13
2013-08-09,0.9999933741129423,6.625887797667758e-06,5.1876886291586733e-14
2013-08-12,0.9999941108499723,5.889152328590916e-06,5.324425328128067e-14
2013-08-13,0.9999943155505792,5.6844459914498234e-06,1.009212255046795e-13
2013-08-14,0.9999898942334267,1.0105764079857244e-05,7.624744696180838e-13
2013-08-15,0.9999245589870117,7.544101486174175e-05,1.1097682912141678e-12
2013-08-16,0.9999884353178694,1.1564681856688985e-05,1.5406444905057227e-12
2013-08-19,0.9999852015102034,1.4798487859019851e-05,2.1652217594449126e-13
2013-08-20,0.9999906005765031,9.39942173455702e-06,3.7853102281834046e-13
2013-08-21,0.9999827846358424,1.721536396930685e-05,2.9935948657471554e-13
2013-08-22,0.9999835418320023,1.6458164935809663e-05,5.959264414881676e-13
2013-08-23,0.9999869216099191,1.3078389158690503e-05,1.0890260999064371e-12
2013-08-26,0.999953290832732,4.6709153089432024e-05,1.1360243286494381e-11
2013-08-27,0.9994178401231264,0.0005821598521984071,2.5394455059244148e-11
2013-08-28,0.9999391467898846,6.0853187718473336e-05,2.3748233097635178e-11
2013-08-29,0.9999739833984823,2.601659535171212e-05,4.31859094907305e-12
2013-08-30,0.9999608922160667,3.9107778728272685e-05,2.8253232712859576e-12
2013-09-03,0.999955280563381,4.471942510265786e-05,8.21293758435194e-12
2013-09-04,0.9999234122304732,7.658774945503207e-05,1.6821537990089984e-11
2013-09-05,0.9999160495305847,8.39504399028833e-05,3.006663046883342e-11
2013-09-06,0.9998716266460144,0.0001283732817815331,7.079613904986138e-11
2013-09-09,0.9997454888443704,0.0002545109339556122,2.225850922274801e-10
2013-09-10,0.9997031415703361,0.0002968580737817599,3.5766945318825465e-10
2013-09-11,0.9996937764105646,0.0003062232272224471,3.595594107246608e-10
2013-09-12,0.999664412744731,0.0003355870197380518,2.3197484348389268e-10
2013-09-13,0.9998041647619906,0.00019583502481443376,2.1104510206440916e-10
2013-09-16,0.9998326181994749,0.0001673816609919953,1.394295055254089e-10
2013-09-17,0.999854163693698,0.00014583614976510564,1.5880562623915597e-10
2013-09-18,0.9997703534656499,0.00022964635859496258,1.772402950339317e-10
2013-09-19,0.999857961349664,0.00014203850322074013,1.493195341304096e-10
2013-09-20,0.9997986771387204,0.0002013227615433424,1.0065050124722378e-10
2013-09-23,0.999848196957778,0.00015180297361913573,7.197885500865912e-11
2013-09-24,0.9999050858176812,9.491415833370974e-05,2.170565717205953e-11
2013-09-25,0.9999572601266352,4.273986339479303e-05,8.182143472589801e-12
2013-09-26,0.99997027384761,2.972614581927803e-05,4.775668503005754e-12
2013-09-27,0.9999609511199176,3.9048873741611875e-05,3.4977214341935933e-12
2013-09-30,0.9999593282968124,4.067169834227515e-05,3.6205290111456096e-12
2013-10-01,0.9999683100032664,3.1689994103793215e-05,3.5517368128599954e-12
2013-10-02,0.9999755275723637,2.447241991650799e-05,4.501240715308477e-12
2013-10-03,0.9999244844941048,7.551550356813727e-05,4.432823701979324e-12
2013-10-04,0.9999616852210914,3.831475714832042e-05,2.2471171368089497e-11
2013-10-07,0.9998956346575374,0.00010436530769926244,3.508066589018898e-11
2013-10-08,0.9997665087069935,0.00023349118629286764,1.0427922543552326e-10
2013-10-09,0.999844878982807,0.00015512061293490164,4.0736071442772787e-10
2013-10-10,0.9989435928852943,0.0010564064827074209,6.334219356517306e-10
2013-10-11,0.9997442982194418,0.0002557014468231588,3.361439748893521e-10
2013-10-14,0.9998568846687449,0.00014311514384652944,1.9091383069783592e-10
2013-10-15,0.9996788218217614,0.0003211780113989194,1.6409772841406132e-10
2013-10-16,0.9997021808112305,0.0002978188778127358,3.132321682062744e-10
2013-10-17,0.9998507138491484,0.00014928605244939888,9.82846026323939e-11
2013-10-18,0.9998923781240465,0.00010762183398315648,4.3763336388129467e-11
2013-10-21,0.9999061928665759,9.380710808383757e-05,2.2908142958774083e-11
2013-10-22,0.9999177236329355,8.227633358624822e-05,3.1237970343217397e-11
2013-10-23,0.9998715299900558,0.00012846999000390926,1.7544392894262376e-11
2013-10-24,0.9999358719259525,6.412806385118991e-05,1.2789732881921526e-11
2013-10-25,0.9999538003079954,4.6199690526408964e-05,5.031203319480205e-12
2013-10-28,0.999962490595409,3.750940403420697e-05,2.771847462075413e-12
2013-10-29,0.9999663311457085,3.366885335293118e-05,4.297030802659566e-12
2013-10-30,0.9999362489201418,6.37510797390696e-05,3.405927833019202e-12
2013-10-31,0.9999618662036189,3.813379640208071e-05,2.596784674749567e-12
2013-11-01,0.9999780369555015,2.1963041529637852e-05,9.033159340808854e-13
2013-11-04,0.999983284849442,1.6715146650636142e-05,5.462294887269439e-13
2013-11-05,0.9999818069026926,1.8193095297050606e-05,4.610189102301467e-13
2013-11-06,0.9999832484266077,1.6751572242522223e-05,3.0876154244742156e-12
2013-11-07,0.9998947786944529,0.00010522129923869729,5.87419443638434e-12
2013-11-08,0.9999587730475692,4.122693921922352e-05,1.1559988411166936e-11
2013-11-11,0.9999842374896543,1.5762507427656872e-05,1.0866102535780811e-12
2013-11-12,0.9999840877309906,1.591227222429646e-05,4.090299230342434e-13
2013-11-13,0.9999859137361319,1.4086260823817563e-05,5.431991351643409e-13
2013-11-14,0.9999886245269769,1.1375475664584557e-05,3.2947392116037573e-13
2013-11-15,0.9999889719136819,1.1028087870677416e-05,3.6609803787052885e-13
2013-11-18,0.9999842387410993,1.5761259554748066e-05,3.2505790372075097e-13
2013-11-19,0.9999864143223656,1.3585679474399208e-05,4.234895566906438e-13
2013-11-20,0.9999858940331164,1.4105966233390332e-05,3.7418349874468973e-13
2013-11-21,0.9999861692714723,1.3830729543806323e-05,4.5731318252157e-13
2013-11-22,0.9999887905770065,1.1209422335674351e-05,3.2065558366547164e-13
2013-11-25,0.9999880345773908,1.1965425850147219e-05,1.9245520793668638e-13
2013-11-26,0.9999893971742531,1.060282867348842e-05,1.7092465357370775e-13
2013-11-27,0.9999905092495457,9.49075081510889e-06,1.6764358397414118e-13
2013-11-29,0.9999897583999559,1.0241598586138785e-05,1.762520082835398e-13
2013-12-02,0.9999878246103404,1.2175392637831042e-05,2.5405853081069953e-13
2013-12-03,0.999985011224918,1.498877685783483e-05,2.3873613570852767e-13
2013-12-04,0.9999897199396386,1.0280060312962422e-05,3.1971617564992035e-13
2013-12-05,0.9999851293264987,1.487067367657236e-05,3.206246019468926e-13
2013-12-06,0.9999832739720672,1.6726027673936092e-05,5.353375827520584e-13
2013-12-09,0.9999929671714121,7.0328255874291005e-06,2.929115494079924e-13
2013-12-10,0.9999899044705957,1.0095532456430552e-05,5.666291568509083e-13
2013-12-11,0.9999547040861025,4.529591407512858e-05,6.735297649647974e-13
2013-12-12,0.9999887824061977,1.1217591075875271e-05,5.610887555369982e-13
2013-12-13,0.9999922869544259,7.713047035812027e-06,1.343066811522393e-13
2013-12-16,0.9999912872387844,8.712761030870132e-06,1.6737184434373224e-13
2013-12-17,0.9999888410279323,1.11589733196912e-05,8.0173395813476e-13
2013-12-18,0.9999360222448838,6.397775023716395e-05,2.651440074658823e-12
2013-12-19,0.999985263100275,1.4736898355661251e-05,9.536712140700147e-13
2013-12-20,0.9999884383155293,1.1561684470032068e-05,2.609052959335796e-13
2013-12-23,0.9999886770005877,1.1323002050335872e-05,1.8431096080184773e-13
2013-12-24,0.999989142998677,1.0857001705156967e-05,1.5958185504953207e-13
2013-12-26,0.9999883667500402,1.163324703976153e-05,1.882313741507244e-13
2013-12-27,0.9999878309548982,1.216904406774665e-05,1.7553333258869127e-13
2013-12-30,0.9999875661496783,1.243384796750456e-05,2.0068018825049997e-13
2013-12-31,0.9999866243400508,1.3375655899918249e-05,9.743358957614245e-13
2014-01-02,0.9999432799383815,5.672005718968258e-05,9.215232628947626e-13
2014-01-03,0.9999830434372328,1.6956560966759323e-05,1.332718637536466e-12
2014-01-06,0.9999814040403301,1.859595587902438e-05,3.5216556112492504e-13
2014-01-07,0.9999862783802296,1.3721618383369199e-05,3.977009887440985e-13
2014-01-08,0.9999868334555734,1.3166546500605694e-05,2.1572533265115781e-13
2014-01-09,0.9999873879928113,1.2612010031958175e-05,2.1735493451407815e-13
2014-01-10,0.9999870475696578,1.2952428055030233e-05,2.1823188307340625e-12
2014-01-13,0.9998624559606776,0.00013754403357003775,3.3551522358485355e-12
2014-01-14,0.9999677145070127,3.2285486555005595e-05,6.643596107254696e-12
2014-01-15,0.9999851194095161,1.48805923320034e-05,7.531008849636496e-13
2014-01-16,0.999984770146981,1.5229853604051832e-05,2.7338649392284506e-13
2014-01-17,0.9999860988047999,1.3901194678251174e-05,2.335420358937169e-13
2014-01-21,0.9999900508468439,9.949149373451056e-06,6.076727870635363e-13
2014-01-22,0.9999676813660964,3.231862705614464e-05,1.026528262925408e-11
2014-01-23,0.9991466243405718,0.0008533753608759826,2.992558427375477e-10
2014-01-24,0.9894366004605046,0.010563392684628406,6.857243039266558e-09
2014-01-27,0.9953567893113169,0.004643179653026734,3.103708068993799e-08
2014-01-28,0.9945273114529911,0.005472649414404959,3.91337224318447e-08
2014-01-29,0.9742902445579702,0.025709707961861256,4.748365635099139e-08
2014-01-30,0.9318496104853881,0.06815011286884294,2.7664346740369437e-07
2014-01-31,0.7080019528705965,0.2919975064787331,5.406484039634397e-07
2014-02-03,0.015613484128788787,0.9843807206770294,5.79519654183636e-06
2014-02-04,0.015248285140429568,0.9847447793045236,6.935554456654571e-06
2014-02-05,0.010967995427659923,0.9890258767770934,6.1277978980546165e-06
2014-02-06,0.0049596478106688725,0.9950305115995095,9.840590917409115e-06
2014-02-07,0.001891550334875568,0.9980993364924167,9.113174198325302e-06
2014-02-10,0.0008497640139001014,0.9991440429507247,6.193033421774175e-06
2014-02-11,0.0004325696584778187,0.9995591718699387,8.258469701971427e-06
2014-02-12,0.0003365621639433283,0.9996573151349198,6.122700752029051e-06
2014-02-13,0.000299332856156348,0.9996940877844274,6.5793559401271506e-06
2014-02-14,0.0002527884597297813,0.9997405563581352,6.655178581910267e-06
2014-02-18,0.00025453541145252826,0.9997392938931804,6.170696966612968e-06
2014-02-19,0.00043120122126753916,0.9995619729735905,6.825808358518223e-06
2014-02-20,0.004293111988920842,0.9957002606219648,6.627388537045748e-06
2014-02-21,0.02246451829699221,0.9775301127520654,5.368950267995746e-06
2014-02-24,0.1317560879953917,0.8682388682598526,5.043741468790747e-06
2014-02-25,0.30296505334737994,0.6970319241741132,3.022480921289617e-06
2014-02-26,0.5288368451525428,0.4711616068274386,1.5480229034090312e-06
2014-02-27,0.7590341556767272,0.24096497176583234,8.725566133947793e-07
2014-02-28,0.885659995844123,0.11433954278167291,4.613726152685177e-07
2014-03-03,0.9355671026419198,0.06443277767830126,1.1967661964142593e-07
2014-03-04,0.9830539664561733,0.016946005896543194,2.7645886648990333e-08
2014-03-05,0.9987483892037028,0.0012516100280506519,7.665614717598796e-10
2014-03-06,0.9999164437380531,8.355623213750965e-05,3.187334015166962e-11
2014-03-07,0.9999837970393239,1.6202957715406192e-05,1.430574418152947e-12
2014-03-10,0.9999888864366782,1.1113560692311021e-05,3.5829976000891056e-13
2014-03-11,0.9999839027500048,1.6097247492698944e-05,2.0915436781442803e-13
2014-03-12,0.9999894702240956,1.0529773876720927e-05,1.2145513136289742e-12
2014-03-13,0.9999408459732702,5.915402858215421e-05,9.040905529279597e-13
2014-03-14,0.9999835974557844,1.6402540391023995e-05,1.5713105979327479e-12
2014-03-17,0.9999815798242125,1.8420177372775226e-05,7.335361299969214e-13
2014-03-18,0.9999839336650516,1.6066330963094406e-05,7.851346602561998e-13
2014-03-19,0.9999786368597626,2.1363143401833673e-05,4.197423508833977e-13
2014-03-20,0.9999863514589478,1.3648539490065809e-05,6.284801685633441e-13
2014-03-21,0.9999822773649392,1.7722633140212514e-05,3.950113720321252e-13
2014-03-24,0.9999818661715667,1.8133829106924027e-05,3.915197174261704e-13
2014-03-25,0.9999865309543884,1.3469044357444925e-05,8.619188536087488e-13
2014-03-26,0.9999673397273307,3.266027123396108e-05,5.856196638010567e-13
2014-03-27,0.9999831801501675,1.6819852367244446e-05,6.461351933713925e-13
2014-03-28,0.9999858427019609,1.4157297541054437e-05,4.3155121063591104e-13
2014-03-31,0.9999829106605426,1.70893385797123e-05,3.929491730413221e-13
2014-04-01,0.9999873118581539,1.2688142312469985e-05,3.467878902836276e-13
2014-04-02,0.999988866675397,1.1133322216314152e-05,2.9518246948670033e-13
2014-04-03,0.9999830153015822,1.698469554386872e-05,2.013261010196627e-12
2014-04-04,0.9998618559515164,0.0001381440287002273,1.8485365432404535e-11
2014-04-07,0.9998135363390881,0.00018646352555573253,1.3764061925525564e-10
2014-04-08,0.9998125720475545,0.00018742740546985923,5.449755202322816e-10
2014-04-09,0.9977266071735553,0.00227339054869998,2.276900897366569e-09
2014-04-10,0.9783153791773099,0.021684605191651815,1.563136065466769e-08
2014-04-11,0.9906042339296153,0.009395756612525662,9.454360805066666e-09
2014-04-14,0.9985799290017517,0.0014200691539137328,1.8460828387686796e-09
2014-04-15,0.9997224796067634,0.00027752001224807274,3.8249209661254256e-10
2014-04-16,0.9998594662052308,0.0001405337013695132,9.309144445226068e-11
2014-04-17,0.9999132795989117,8.672037824272915e-05,2.467373345231955e-11
2014-04-21,0.9999252209766692,7.477900607416077e-05,1.659375849370785e-11
2014-04-22,0.9999199780073103,8.002197367517506e-05,2.2304414934628555e-11
2014-04-23,0.9998783335782178,0.00012166639386864759,2.871404050029703e-11
2014-04-24,0.999874804592338,0.00012519531727362614,8.951844168000732e-11
2014-04-25,0.9996559999334318,0.0003439999933512413,7.494495329562283e-11
2014-04-28,0.9998636298775038,0.0001363700440019694,8.170653968425217e-11
2014-04-29,0.9998986206943684,0.00010137926514421829,4.227660219019046e-11
2014-04-30,0.9998864454914224,0.00011355446560719725,4.515914734283239e-11
2014-05-01,0.9998371629725183,0.000162836952727987,7.448098476257964e-11
2014-05-02,0.9997719800265799,0.00022801985146222588,1.2241934814213865e-10
2014-05-05,0.999763582255162,0.0002364174681475047,2.8004505438546744e-10
2014-05-06,0.9995320182187418,0.0004679815661960313,2.147950352944497e-10
2014-05-07,0.9997981771265829,0.0002018226947392482,1.8100379300564153e-10
2014-05-08,0.9998760120616677,0.00012398790870374378,2.603192326534756e-11
2014-05-09,0.9999600591955015,3.994078834842726e-05,1.3199721122484557e-11
2014-05-12,0.9999583183845504,4.1681611998933006e-05,4.6827754998679675e-12
2014-05-13,0.9999798289497293,2.017105042087745e-05,2.3210163745894644e-12
2014-05-14,0.9999726962213102,2.7303777415772697e-05,2.3400254680954785e-12
2014-05-15,0.9999516950654863,4.830493334475361e-05,2.2626230737240223e-12
2014-05-16,0.9999801157913374,1.9884205894550397e-05,2.0344460351281955e-12
2014-05-19,0.9999804540002831,1.954599589378581e-05,1.5984860179529973e-12
2014-05-20,0.9999635886205194,3.641137692906625e-05,1.9381498942591397e-12
2014-05-21,0.9999672248509944,3.277514644472175e-05,3.186473813433248e-12
2014-05-22,0.9999774727175403,2.2527284124568934e-05,1.323668134870987e-12
2014-05-23,0.9999807890370868,1.9210962490532727e-05,1.0290975502150057e-12
2014-05-27,0.9999794359177802,2.0564080026832442e-05,8.957851485331668e-13
2014-05-28,0.9999822207444421,1.77792575007058e-05,6.442520827513791e-13
2014-05-29,0.9999824004355886,1.7599565390076664e-05,5.896204585547784e-13
2014-05-30,0.9999849431375295,1.505685972717462e-05,4.068019048566075e-13
2014-06-02,0.9999861135384094,1.3886464375601754e-05,3.227940446136458e-13
2014-06-03,0.999986327223064,1.3672775206240177e-05,2.1265479551031054e-13
2014-06-04,0.999989862110399,1.013789064748577e-05,2.38384926652987e-13
2014-06-05,0.999988354970402,1.1645032049104955e-05,2.1346758301626117e-13
2014-06-06,0.9999904637679674,9.536235266249306e-06,1.6292852607757291e-13
2014-06-09,0.9999917575308698,8.24247137088356e-06,9.15682190531559e-14
2014-06-10,0.9999925636642739,7.436333683607227e-06,1.0097970190912407e-13
2014-06-11,0.9999905361994373,9.463800663097994e-06,1.6149211168879677e-13
2014-06-12,0.9999847727735617,1.5227223731636064e-05,1.3254374639422639e-13
2014-06-13,0.9999934618458617,6.5381540772895266e-06,1.3613175596283464e-13
2014-06-16,0.9999939993756883,6.000624139310534e-06,5.209148490437316e-14
2014-06-17,0.9999940129379921,5.987063019449822e-06,6.712614792264186e-14
2014-06-18,0.9999924107757252,7.589225135462355e-06,8.601413306987322e-14
2014-06-19,0.9999949529865295,5.047015986105721e-06,5.973633300652709e-14
2014-06-20,0.9999949558314145,5.0441653397101995e-06,4.348438642984763e-14
2014-06-23,0.999994886462787,5.113535356860756e-06,6.568665641708532e-14
2014-06-24,0.9999916648868693,8.3351141789323e-06,6.251791991282484e-14
2014-06-25,0.9999940810332739,5.9189649670606705e-06,9.144785296960528e-14
2014-06-26,0.9999946040261485,5.395975718026812e-06,4.859909094428223e-14
2014-06-27,0.999994719349461,5.2806492117798935e-06,5.001805199714959e-14
2014-06-30,0.9999945584789006,5.44151872453433e-06,5.997100158336235e-14
2014-07-01,0.9999928429134896,7.1570892109240885e-06,8.456339372238489e-14
2014-07-02,0.9999944396558904,5.560344390352414e-06,7.027749683149594e-14
2014-07-03,0.999993865709882,6.134292443274055e-06,8.43070835302513e-14
2014-07-07,0.999993239697801,6.760299623237044e-06,1.0713155682858155e-13
2014-07-08,0.9999897726315834,1.0227368221423759e-05,9.481278750306663e-14
2014-07-09,0.9999934856308119,6.51436776104084e-06,1.4022673768198146e-13
2014-07-10,0.9999922047585701,7.795241353722934e-06,5.550986132198904e-14
2014-07-11,0.9999945266103801,5.473387600324303e-06,7.194519257275721e-14
2014-07-14,0.9999937352600466,6.264739619876633e-06,6.660996842326656e-14
2014-07-15,0.9999938481385523,6.151864210963538e-06,5.757193518965699e-14
2014-07-16,0.9999936039734986,6.39602388971484e-06,3.2877066030417707e-13
2014-07-17,0.9999680541523578,3.194585047494174e-05,4.739074252628832e-13
2014-07-18,0.9999853068863437,1.469311153830816e-05,1.0223810285426463e-12
2014-07-21,0.9999909143856546,9.085612633433999e-06,1.5633908807931044e-13
2014-07-22,0.9999916813595002,8.318640186736643e-06,9.591777971231594e-14
2014-07-23,0.9999925359358061,7.464064873783525e-06,7.984585767822444e-14
2014-07-24,0.9999923296421409,7.670357300957619e-06,1.0332947433685658e-13
2014-07-25,0.9999884298318609,1.1570169848279585e-05,9.788131720485412e-14
2014-07-28,0.9999918377985757,8.16219895240582e-06,1.852976397607202e-13
2014-07-29,0.9999866823141074,1.331768614263382e-05,7.14664945529355e-13
2014-07-30,0.9999472379008563,5.2762076095588e-05,2.5622116638271745e-11
2014-07-31,0.9981899151175508,0.001810084829436991,5.385772646962675e-11
2014-08-01,0.9998580455350897,0.0001419543758053683,9.197784776254538e-11
2014-08-04,0.9999602460855773,3.9753880678361526e-05,3.654753954856743e-11
2014-08-05,0.9998834329149754,0.0001165670768095911,8.226727726652462e-12
2014-08-06,0.9999591064691878,4.089351598571413e-05,1.5453179184355086e-11
2014-08-07,0.9999258210238552,7.417896182424661e-05,1.2615390523018146e-11
2014-08-08,0.9998983006211165,0.00010169934941692424,3.163987714437577e-11
2014-08-11,0.9999242800333299,7.571993586375368e-05,2.8263201107967883e-11
2014-08-12,0.9998941326139583,0.00010586735632407111,2.920774340649853e-11
2014-08-13,0.9998735032255566,0.00012649672238587066,5.105107953799328e-11
2014-08-14,0.9998799199890333,0.0001200799453866217,6.208223028234456e-11
2014-08-15,0.9998630718587141,0.0001369280562529146,8.162821183293239e-11
2014-08-18,0.9997976268407275,0.00020237300926130537,1.5333464170995786e-10
2014-08-19,0.9997871172581237,0.0002128825462462903,1.9830785241662323e-10
2014-08-20,0.9997607321402499,0.0002392676356966217,2.2572668115861826e-10
2014-08-21,0.9997158341296442,0.00028416557229123454,3.0160052613109575e-10
2014-08-22,0.9996615261231921,0.0003384735423943791,3.343403701138398e-10
2014-08-25,0.9996775337443689,0.0003224658624848691,3.921614116157933e-10
2014-08-26,0.9997155307066413,0.00028446902067473463,2.694753307161993e-10
2014-08-27,0.9997704655260431,0.00022953438361226805,9.052203458797053e-11
2014-08-28,0.9999189479674702,8.105199791041086e-05,3.774312882045038e-11
2014-08-29,0.9999545867884341,4.541320239433543e-05,9.983235369058318e-12
2014-09-02,0.9999663133784185,3.368661657066191e-05,2.8006384507294166e-12
2014-09-03,0.9999793598783138,2.0640121546467697e-05,1.5228694358193025e-12
2014-09-04,0.999982698533646,1.730146210863709e-05,6.445854136693786e-13
2014-09-05,0.9999864591489324,1.3540852881131844e-05,5.039485676998777e-13
2014-09-08,0.9999895762336874,1.0423763608648117e-05,4.2584642705469817e-13
2014-09-09,0.999984666917272,1.5333083820610128e-05,2.513025754068213e-13
2014-09-10,0.9999903644084427,9.635588107690709e-06,2.6214622779048803e-13
2014-09-11,0.9999920371582071,7.962839732780762e-06,2.0420040550082954e-13
2014-09-12,0.9999879759775311,1.202402034906942e-05,1.357080542218797e-13
2014-09-15,0.9999919056827085,8.09432023449148e-06,2.0400524846534022e-13
2014-09-16,0.9999889968481139,1.1003150422374304e-05,1.9462949626033477e-13
2014-09-17,0.9999928368381085,7.163161636900052e-06,1.569325669260111e-13
2014-09-18,0.9999913833824553,8.616617744087442e-06,1.272990016711956e-13
2014-09-19,0.9999924271028503,7.572893347295924e-06,2.1851848946579475e-13
2014-09-22,0.9999834006516544,1.6599351179025887e-05,2.7789637913894474e-13
2014-09-23,0.9999859043138996,1.4095683461953089e-05,1.0676367243748712e-12
2014-09-24,0.9999707976429169,2.920234230686515e-05,1.5037819660190933e-11
2014-09-25,0.9996330179355414,0.0003669820488724656,1.7353484039010996e-11
2014-09-26,0.9999484742616894,5.1525694839985414e-05,4.290905976725591e-11
2014-09-29,0.999955871490406,4.412848207131575e-05,2.8550852537492596e-11
2014-09-30,0.9997113328456811,0.0002886669610866376,1.9106949054480586e-10
2014-10-01,0.9965216458614958,0.0034783514456304737,2.689623484633984e-09
2014-10-02,0.9940701725068342,0.005929799308780945,2.81811823738748e-08
2014-10-03,0.9677219603862405,0.032277960489760615,7.912155205095026e-08
2014-10-06,0.8513277980957858,0.14867194108026618,2.608217805484035e-07
2014-10-07,0.17459067008051865,0.8254075757904861,1.7541286646539438e-06
2014-10-08,0.061811515198412326,0.9381741399388759,1.4344860116041496e-05
2014-10-09,0.00029067099688624747,0.9996934041847981,1.5924821183485027e-05
2014-10-10,4.242462917273754e-05,0.9999485943088114,8.981064821324783e-06
2014-10-13,2.821195851378558e-06,0.9999848741988715,1.230460558812145e-05
2014-10-14,0.00010584988997811399,0.9998877947891275,6.355319437502141e-06
2014-10-15,2.881115391356544e-05,0.9999642688252599,6.920024255539842e-06
2014-10-16,3.791233188072845e-05,0.9999555903452985,6.497323106253449e-06
2014-10-17,1.4782275364560166e-05,0.9999757387518875,9.478969265497704e-06
2014-10-20,9.156825407665043e-06,0.9999814370216331,9.406152784533634e-06
2014-10-21,8.343917672333981e-07,0.9999804872798633,1.867832909317604e-05
2014-10-22,6.659343421657923e-07,0.9999890292403213,1.0304823033581215e-05
2014-10-23,2.506633756655655e-06,0.9999871592759945,1.0334090358250258e-05
2014-10-24,2.7175694709019245e-06,0.9999884992436958,8.78319040318366e-06
2014-10-27,1.4436875134101903e-06,0.9999903314777764,8.224837510914191e-06
2014-10-28,1.4170928506028116e-06,0.9999881002275729,1.048268042668273e-05
2014-10-29,1.759880862712632e-06,0.9999902129754075,8.027140555418923e-06
2014-10-30,3.1398259103345324e-06,0.9999885251603591,8.33501347671887e-06
2014-10-31,2.5892154054111028e-06,0.999987409827685,1.0000953841432529e-05
2014-11-03,3.2740507688978183e-06,0.9999891152557523,7.610693539974805e-06
2014-11-04,1.9048696529281366e-05,0.9999736333831571,7.317922016604304e-06
2014-11-05,0.0011156189143732916,0.9988771786481095,7.202434724881913e-06
2014-11-06,0.025102195383349013,0.9748921196986872,5.6849205790522575e-06
2014-11-07,0.17568724572647437,0.8243100711451151,2.683126674164922e-06
2014-11-10,0.594873221078655,0.40512573500738347,1.0439171542717966e-06
2014-11-11,0.8718372229478641,0.1281625932423147,1.8381041961002825e-07
2014-11-12,0.9765258911816173,0.023474088889943474,1.9926472190137096e-08
2014-11-13,0.9975490287727463,0.0024509696657192058,1.5588732420055933e-09
2014-11-14,0.9998017241737892,0.00019827573987913017,8.821871202737306e-11
2014-11-17,0.9999722144497715,2.7785543856205058e-05,3.593766488823105e-12
2014-11-18,0.9999882906516877,1.170935081044694e-05,4.2764093558148924e-13
2014-11-19,0.9999915977376185,8.40225881144823e-06,9.417066703949987e-14
2014-11-20,0.9999936768344748,6.323168935670175e-06,7.518408493632766e-14
2014-11-21,0.9999932397851119,6.7602171598026876e-06,6.901018699871349e-14
2014-11-24,0.9999942134258238,5.786573117757778e-06,5.6559561637948095e-14
2014-11-25,0.9999946655658678,5.334431123812137e-06,4.996275517437865e-14
2014-11-26,0.9999946576496681,5.342349336639471e-06,6.55663733035808e-14
2014-11-28,0.9999940096492789,5.990350293150789e-06,9.909220632118707e-14
2014-12-01,0.9999906224332745,9.377568321743668e-06,1.411148671746719e-13
2014-12-02,0.9999926023502537,7.397648875104723e-06,2.2177462956714267e-13
2014-12-03,0.9999938229347906,6.177066260162683e-06,1.3453148374077795e-13
2014-12-04,0.999994027504372,5.9724972769335665e-06,9.448459459284096e-14
2014-12-05,0.9999940482261758,5.951773136638173e-06,1.970610093754891e-13
2014-12-08,0.999988738445356,1.1261555247993255e-05,2.457156837673501e-13
2014-12-09,0.9999896232358848,1.037675858854824e-05,5.2427810299220516e-12
2014-12-10,0.9998040147393135,0.0001959852515397465,6.818893583365533e-12
2014-12-11,0.999967378790672,3.2621044416963093e-05,1.657305101315973e-10
2014-12-12,0.9995822152480902,0.00041778470874129583,4.314360363046241e-11
2014-12-15,0.9999058957298353,9.410406537803144e-05,2.0380859276497708e-10
2014-12-16,0.9998247339258166,0.00017526576737505808,3.0781624249388625e-10
2014-12-17,0.9990067646272732,0.0009932320061173193,3.369999213466511e-09
2014-12-18,0.9977992797008494,0.002200715461431106,4.836109708682288e-09
2014-12-19,0.9995914044692755,0.0004085950763606288,4.514860532195544e-10
2014-12-22,0.9998534283474286,0.00014657148463627503,1.683944407039725e-10
2014-12-23,0.9997970359781198,0.00020296383386221435,1.9138409578348183e-10
2014-12-24,0.9993029783228057,0.0006970209867597867,6.931993387834139e-10
2014-12-26,0.9968118904998611,0.003188105711712709,3.790231324179118e-09
2014-12-29,0.9813210442274326,0.018678937175382028,1.8598011992727305e-08
2014-12-30,0.8956560686910761,0.10434381802775972,1.132785135412629e-07
2014-12-31,0.6973297881422288,0.30266949535090626,7.16504781841882e-07
2015-01-02,0.5642457947690659,0.4357523906752263,1.8145564786495492e-06
2015-01-05,0.018034810813383637,0.9819598605571196,5.328632112393682e-06
2015-01-06,0.008818687303661745,0.9911746523807192,6.66031213629153e-06
2015-01-07,0.006359298276839925,0.9936321562646784,8.545456090839111e-06
2015-01-08,0.002100977470493784,0.9978870022156698,1.2020317460690843e-05
2015-01-09,0.0005536297320851569,0.999439661627856,6.708642901039951e-06
2015-01-12,0.00032080393637813886,0.9996727373037869,6.458757477749732e-06
2015-01-13,0.000791472488235316,0.9992029403291167,5.5871820002586224e-06
2015-01-14,0.0010335283531105013,0.9989604503508237,6.021295910048082e-06
2015-01-15,0.0019685858949128818,0.9980244883085183,6.9257983417549635e-06
2015-01-16,0.008904543893684386,0.9910863541317523,9.101975925767248e-06
2015-01-20,0.015482698419195784,0.9845106773374658,6.624246139567021e-06
2015-01-21,0.015220181257276625,0.9847725749746831,7.2437675640897386e-06
2015-01-22,0.009075155231098954,0.9909131676161204,1.1677151813304522e-05
2015-01-23,0.004842897107958231,0.9951506058476179,6.497042732286491e-06
2015-01-26,0.0027669884914105023,0.9972267201757253,6.2913340794517835e-06
2015-01-27,9.52320371043238e-05,0.9998954211886929,9.346771378609395e-06
2015-01-28,9.093588392193476e-06,0.9999813642925136,9.542116850799581e-06
2015-01-29,6.326737407155176e-05,0.9999286962731395,8.036354050519782e-06
2015-01-30,3.3879529472222844e-06,0.9999866386516681,9.973392940806613e-06
2015-02-02,2.1588417763654393e-05,0.9999686689877029,9.742595302065324e-06
2015-02-03,2.327943878384798e-05,0.9999658222170145,1.0898344041760128e-05
2015-02-04,3.910015288732857e-05,0.9999541721578021,6.7276883408360745e-06
2015-02-05,0.00014283440757092758,0.9998491148555146,8.05073977072185e-06
2015-02-06,0.0005287043129960685,0.9994649597444519,6.3359418476018835e-06
2015-02-09,0.0024523176975474827,0.9975412320243163,6.450275938891718e-06
2015-02-10,0.01443823284687776,0.9855536672899018,8.099866047175167e-06
2015-02-11,0.05843916682283499,0.9415556774174484,5.155756243558287e-06
2015-02-12,0.17280413581323067,0.8271912310866589,4.633100975251323e-06
2015-02-13,0.4163155964041386,0.58368216283245,2.24076510084097e-06
2015-02-17,0.6564346233068961,0.3435642596884948,1.1170021500312558e-06
2015-02-18,0.8206840860158783,0.17931543659268895,4.773940019383417e-07
2015-02-19,0.9209686990598384,0.07903115770683546,1.4323181982397345e-07
2015-02-20,0.9760936814369702,0.023906271243402947,4.732224757392368e-08
2015-02-23,0.9935135067744322,0.006486484672110394,8.55039201744501e-09
2015-02-24,0.9985887442784499,0.0014112544198955444,1.303393298183259e-09
2015-02-25,0.999746939018429,0.0002530608534086021,1.2482442420850135e-10
2015-02-26,0.9999493320168815,5.0667970136682164e-05,1.603636323046168e-11
2015-02-27,0.9999660290872682,3.397090993744973e-05,1.618666354035616e-12
2015-03-02,0.9999844965751786,1.5503424492860988e-05,9.757933543697265e-13
2015-03-03,0.999984504484022,1.5495512791159033e-05,2.908919357313718e-13
2015-03-04,0.9999881548911935,1.1845109187985126e-05,2.43602937867993e-13
2015-03-05,0.9999898941897714,1.010580988131787e-05,1.6282751635355504e-12
2015-03-06,0.9998871637872285,0.00011283620987318888,2.7775453391262328e-12
2015-03-09,0.9999719358684099,2.806406813554018e-05,6.292883336986666e-11
2015-03-10,0.9995702080456055,0.0004297919458251622,1.1168067670562188e-11
2015-03-11,0.9999635664733111,3.6433505393595275e-05,2.2516731422227032e-11
2015-03-12,0.999960357657958,3.9642331307029016e-05,7.211365060444186e-12
2015-03-13,0.9999607965991758,3.920339762952256e-05,5.335024667656116e-12
2015-03-16,0.9999428449118186,5.715508122516393e-05,9.511220970581115e-12
2015-03-17,0.9999580452492481,4.195474639702263e-05,7.281690591664829e-12
2015-03-18,0.9999350702617448,6.492972106116843e-05,1.3970013328152859e-11
2015-03-19,0.9999265968892709,7.340309603773469e-05,1.1061772558837855e-11
2015-03-20,0.9999365880673411,6.341190655747933e-05,2.9376020977273145e-11
2015-03-23,0.9998604415708048,0.0001395583514528538,8.026995266640602e-11
2015-03-24,0.9993431292315383,0.000656870236686315,5.307825442261518e-10
2015-03-25,0.9974961511666255,0.002503847261043968,1.574246670552712e-09
2015-03-26,0.9991219680205968,0.0008780302685481989,1.7139049508411666e-09
2015-03-27,0.9994904030009946,0.0005095955478932642,1.4519622864649784e-09
2015-03-30,0.9990692904696417,0.0009307069447169313,2.584060805805889e-09
2015-03-31,0.9982088298396423,0.0017911675946642035,2.5686139222362675e-09
2015-04-01,0.9986866461476791,0.001313351499999007,2.3553369319575213e-09
2015-04-02,0.9992156954451427,0.0007843031870481343,1.3655607352489955e-09
2015-04-06,0.9994874617075263,0.0005125373588252072,9.372573114997226e-10
2015-04-07,0.999560617802809,0.0004393819179540848,2.7846513053849757e-10
2015-04-08,0.9998192828611218,0.00018071700542907166,1.354044303012873e-10
2015-04-09,0.9998866603624513,0.00011333958776121655,4.957081176368772e-11
2015-04-10,0.9999096034631466,9.039649413770214e-05,4.086019894024973e-11
2015-04-13,0.9998810274247457,0.00011897255429237395,1.9674547024947427e-11
2015-04-14,0.9999380939434096,6.190604113839213e-05,1.7834384314741637e-11
2015-04-15,0.9999406428623976,5.935711879766691e-05,1.6465669222277186e-11
2015-04-16,0.9999074835521345,9.251639020094239e-05,5.7587362222559316e-11
2015-04-17,0.9995792369417654,0.000420762962739908,9.717759538807239e-11
2015-04-20,0.9998306422002425,0.0001693576143669731,1.8332224217473633e-10
2015-04-21,0.999898950494695,0.0001010494632810293,3.857528037676079e-11
2015-04-22,0.9999263334825965,7.36665052908144e-05,1.45630403169162e-11
2015-04-23,0.9999579451653794,4.2054827957889987e-05,7.474625513365734e-12
2015-04-24,0.9999631132123208,3.6886780910060004e-05,5.4552704530617774e-12
2015-04-27,0.9999500826251246,4.991737072455325e-05,3.5513867380684896e-12
2015-04-28,0.9999683780676951,3.1621930297399866e-05,5.501418809977703e-12
2015-04-29,0.9999588691953896,4.113079354431222e-05,1.0133173371854514e-11
2015-04-30,0.9998843736816497,0.0001156263008054784,1.8418730003457663e-11
2015-05-01,0.9999239009410613,7.609902513665592e-05,3.699104364813038e-11
2015-05-04,0.9999495822025902,5.041775228526485e-05,4.166267138878305e-11
2015-05-05,0.9997628326379997,0.00023716732796616444,3.1677365922019505e-11
2015-05-06,0.9999084878692833,9.151208934069142e-05,4.0507407982296364e-11
2015-05-07,0.9999405407358481,5.945923069426781e-05,3.6715575209724285e-11
2015-05-08,0.9998503838683103,0.00014961607003122766,5.971325904570676e-11
2015-05-11,0.9998819771666287,0.0001180227878168054,4.3991669931736315e-11
2015-05-12,0.9999117904425119,8.820953007477555e-05,2.4088854262300874e-11
2015-05-13,0.9999314500887252,6.854988566759495e-05,2.223588034417114e-11
2015-05-14,0.9999022167183934,9.778326280456035e-05,1.813994693282456e-11
2015-05-15,0.9999513349230468,4.8665068630596224e-05,8.253303786874484e-12
2015-05-18,0.9999639806931238,3.601930109164189e-05,3.957362503510749e-12
2015-05-19,0.9999648283483917,3.51716507372637e-05,2.576471607649933e-12
2015-05-20,0.9999666498583516,3.3350137583609284e-05,2.2762418836220564e-12
2015-05-21,0.9999691674407898,3.0832558235093505e-05,3.683955026708665e-12
2015-05-22,0.999947223604354,5.277638215822566e-05,1.3474873323499059e-11
2015-05-26,0.9997949485752915,0.00020505140116244727,2.5672872352728658e-11
2015-05-27,0.9999193776071374,8.062235578593864e-05,4.0358393506942136e-11
2015-05-28,0.9999479589322985,5.2041055816978296e-05,1.2270645163132315e-11
2015-05-29,0.9999317754618486,6.822453680780906e-05,4.896228266094505e-12
2015-06-01,0.9999713351241819,2.866487447882343e-05,3.705859646116655e-12
2015-06-02,0.9999707583538938,2.9241644780168294e-05,1.3006577026520702e-12
2015-06-03,0.9999773458131546,2.2654186384342585e-05,3.428634245947076e-12
2015-06-04,0.9999357218762369,6.427812334628301e-05,2.73188187051698e-12
2015-06-05,0.9999703015172546,2.969847543977517e-05,4.323931643315671e-12
2015-06-08,0.9999648676808359,3.5132320642445275e-05,2.0508201617004726e-12
2015-06-09,0.9999761189187976,2.3881074305999048e-05,4.1279984585390995e-12
2015-06-10,0.9999405061843806,5.9493811238568564e-05,5.585197481466771e-12
2015-06-11,0.9999682279767231,3.1772012052224866e-05,8.337272422333128e-12
2015-06-12,0.9999356958881872,6.430410882944379e-05,5.9083074892119356e-12
2015-06-15,0.9999531577544164,4.684223777328941e-05,6.9463063369306195e-12
2015-06-16,0.9999614697518859,3.853024551533721e-05,6.13524806903104e-12
2015-06-17,0.9999575377216957,4.246227221516931e-05,9.457883986008298e-12
2015-06-18,0.9999050326209302,9.496735015976693e-05,3.204911462298396e-11
2015-06-19,0.9998769199308037,0.00012308000042691205,6.762194696559769e-11
2015-06-22,0.9998007208222667,0.00019927888125614182,2.968663449714435e-10
2015-06-23,0.9992073926639152,0.0007926060280601809,1.3062455159124636e-09
2015-06-24,0.9944452378960762,0.005554754623922879,7.480461655469593e-09
2015-06-25,0.9779958183444555,0.022004127911236487,5.374285796052699e-08
2015-06-26,0.8876002415823973,0.11239951234512814,2.460700624237524e-07
2015-06-29,0.28542018701170185,0.7145777677105685,2.0452751697416012e-06
2015-06-30,0.2848577809392477,0.7151367154917846,5.503566695847058e-06
2015-07-01,0.2679217707472535,0.7320713403813196,6.888869993603313e-06
2015-07-02,0.23878489268262357,0.7612095426648996,5.564652390719175e-06
2015-07-06,0.18824396276808986,0.8117503015023101,5.735727723732758e-06
2015-07-07,0.12219288940385754,0.8777994690478171,7.641547547194593e-06
2015-07-08,0.009809600028549501,0.9901793806975338,1.1019276499808297e-05
2015-07-09,0.008211684010023484,0.991780608225103,7.707766517333895e-06
2015-07-10,0.00540668738390523,0.994581681933985,1.1630685408674284e-05
2015-07-13,0.004762999997555528,0.9952267887813717,1.0211217844430118e-05
2015-07-14,0.005342787264785815,0.9946499251902877,7.2875483592828555e-06
2015-07-15,0.005911250373525818,0.9940821080136872,6.641615060875971e-06
2015-07-16,0.006754156857148206,0.9932376919098874,8.151233324649405e-06
2015-07-17,0.007975635895204978,0.9920176056282484,6.7584754648909166e-06
2015-07-20,0.008943392359079552,0.9910499077131122,6.699927637976078e-06
2015-07-21,0.009456253255282208,0.9905370574705079,6.689276955199688e-06
2015-07-22,0.011162534045565477,0.9888308603381935,6.605618082588118e-06
2015-07-23,0.013502778608455905,0.9864903220050761,6.899388422817928e-06
2015-07-24,0.0198211818692788,0.9801713603434199,7.457786608195423e-06
2015-07-27,0.07366729107562194,0.9263275251186397,5.183807603720443e-06
2015-07-28,0.25997983898690563,0.7400143995939695,5.761421053121219e-06
2015-07-29,0.5390465535237526,0.4609510539184302,2.3925566498972946e-06
2015-07-30,0.7361609593931504,0.26383794023658463,1.100373463887438e-06
2015-07-31,0.850103031892949,0.14989639905124524,5.690524210161027e-07
2015-08-03,0.919384753354156,0.08061501353760679,2.331083722394305e-07
2015-08-04,0.9665204213453549,0.03347951497840367,6.367519981868458e-08
2015-08-05,0.9910511469683548,0.008948814362862989,3.8665522607878214e-08
2015-08-06,0.9957766216487516,0.004223369098344103,9.255439339989961e-09
2015-08-07,0.9988117937931031,0.001188201195532623,5.009419507778203e-09
2015-08-10,0.9991677279744874,0.0008322664101828577,5.614644815780124e-09
2015-08-11,0.9991683850284496,0.000831612783771843,2.1871633378110494e-09
2015-08-12,0.9993083132261272,0.0006916838156310037,2.9557981908746666e-09
2015-08-13,0.9982432687916285,0.0017567262599931808,4.945066008682375e-09
2015-08-14,0.9927122273623572,0.007287755401703081,1.7235261672005817e-08
2015-08-17,0.9655243147848052,0.034475600558320565,8.465973097881156e-08
2015-08-18,0.8544618078339135,0.14553742238305223,7.697847023692984e-07
2015-08-19,0.4855511875984007,0.5144165932594561,3.221914079759204e-05
2015-08-20,0.0032136462365134045,0.9951109966611561,0.0016753571026922112
2015-08-21,1.3933227829233507e-08,0.974642942873795,0.025357043193470923
2015-08-24,6.312950899969625e-16,0.9288469778214671,0.07115302217996033
2015-08-25,1.6346170874985708e-07,0.9284711796565799,0.07152865688190664
2015-08-26,9.864597173986952e-11,0.8982148513898399,0.10178514851162616
2015-08-27,4.226292784252855e-09,0.8845449087637351,0.1154550870110413
2015-08-28,5.704019171195426e-09,0.8521403287466006,0.14785966554763866
2015-08-31,1.2461747603619587e-10,0.6892613040434108,0.3107386958319213
2015-09-01,7.776317706279723e-17,0.21376738530459796,0.7862326146972235
2015-09-02,2.2707681121470294e-11,0.17948489902878834,0.8205151009493692
2015-09-03,3.181487864202603e-12,0.13017707206293203,0.8698229279375057
2015-09-04,2.522833973725941e-15,0.049837852367937384,0.9501621476305968
2015-09-08,1.6275091357571146e-14,0.020802574510383705,0.9791974254865912
2015-09-09,7.122756141689913e-17,0.007481851175618582,0.9925181488232744
2015-09-10,3.299784610119927e-15,0.004790878406943021,0.9952091215947659
2015-09-11,8.217269616159117e-16,0.0029977357783262017,0.9970022642228219
2015-09-14,6.342632739735255e-17,0.0020375811793888607,0.9979624188224712
2015-09-15,1.590955692648033e-16,0.0020392066357688356,0.9979607933612494
2015-09-16,7.780208373533347e-17,0.002774395719012706,0.9972256042810207
2015-09-17,1.4792606522616858e-17,0.005296498140702774,0.9947035018576035
2015-09-18,1.4026490760259972e-19,0.01656959100898305,0.9834304089907927
2015-09-21,2.154894595211276e-15,0.20631520901533026,0.793684790986691
2015-09-22,2.3437457081583502e-14,0.4962709135351968,0.5037290864671278
2015-09-23,6.468141463496785e-12,0.8335236107168571,0.16647638927712435
2015-09-24,1.3274223025205833e-10,0.9662764381072738,0.03372356176263193
2015-09-25,8.147885102922151e-10,0.9909188359670167,0.009081163220633091
2015-09-28,2.4113686604148013e-14,0.9937128513356648,0.006287148665780163
2015-09-29,1.692086730095757e-10,0.9988834758138121,0.0011165240202983327
2015-09-30,2.60982113833614e-10,0.9997406274258007,0.0002593723118639274
2015-10-01,1.932203778765516e-09,0.9999559850412718,4.401302871682399e-05
2015-10-02,9.850835560720483e-10,0.9999688809442816,3.1118068523427407e-05
2015-10-05,1.3991406392154681e-09,0.9999697760924424,3.0222506541352e-05
2015-10-06,9.061545639145604e-09,0.9999854878076637,1.4503132604864223e-05
2015-10-07,4.8303055977637355e-08,0.9999877157706215,1.2235925263926389e-05
2015-10-08,9.197492300633219e-08,0.9999881933368989,1.1714686266821086e-05
2015-10-09,1.7453657895302697e-07,0.9999903003151517,9.52514658926983e-06
2015-10-12,3.981644440840696e-07,0.9999907389275463,8.862907121551075e-06
2015-10-13,2.5784696514101245e-07,0.9999900464376574,9.695715277603241e-06
2015-10-14,4.9593527523754e-07,0.9999902590172177,9.245050967121496e-06
2015-10-15,5.856086640265135e-07,0.9999857019796669,1.371240873842954e-05
2015-10-16,4.42116207954316e-06,0.9999876619219221,7.916915552598775e-06
2015-10-19,6.593786408468156e-06,0.9999863700924211,7.036122189423428e-06
2015-10-20,2.331419671896702e-05,0.9999699819230833,6.703882664424014e-06
2015-10-21,0.0002101900461308779,0.9997824771272725,7.332823525393709e-06
2015-10-22,0.006022370841645445,0.993966410997401,1.1218162408304075e-05
2015-10-23,0.12283563107942408,0.8771611772141042,3.1917100779755286e-06
2015-10-26,0.6147911189141552,0.3852082056121946,6.754734985669216e-07
2015-10-27,0.8944934483358017,0.10550643460351529,1.1705794851404296e-07
2015-10-28,0.9814235048499574,0.018576471874763786,2.32738178219831e-08
2015-10-29,0.9979498149560747,0.00205018321547237,1.8284216034596729e-09
2015-10-30,0.999705178759477,0.0002948210693612506,1.6956899720697736e-10
2015-11-02,0.9999435127049172,5.648727523417457e-05,2.004360569336739e-11
2015-11-03,0.9999816302383955,1.8369756249755e-05,2.0089234121345233e-12
2015-11-04,0.9999750023921818,2.4997610738587224e-05,6.998832306003827e-13
2015-11-05,0.9999792899796341,2.0710020331523022e-05,1.096001141552963e-12
2015-11-06,0.9999736265002828,2.6373495736676095e-05,4.2314487473409195e-12
2015-11-09,0.9998822066741997,0.000117793322257165,6.817851106276427e-12
2015-11-10,0.9999567957731476,4.320417388564854e-05,4.99694802131308e-11
2015-11-11,0.9998056048440751,0.0001943950113159517,1.462409663784323e-10
2015-11-12,0.9987624306097468,0.0012375682096470442,1.1806231190880719e-09
2015-11-13,0.998964163184156,0.001035834654786566,2.1593670330824864e-09
2015-11-16,0.999597547367388,0.0004024515131667403,1.1167953487050722e-09
2015-11-17,0.9998601232921346,0.0001398765049677016,2.0417257937808642e-10
2015-11-18,0.9998224710947731,0.00017752880352137767,1.0269698593061664e-10
2015-11-19,0.9999328082286525,6.719175678770539e-05,1.7416596919617363e-11
2015-11-20,0.9999641678240305,3.583217194660886e-05,6.639328309512777e-12
2015-11-23,0.9999588204848582,4.117951010781147e-05,3.033419937522696e-12
2015-11-24,0.9999669920862148,3.3007908034027124e-05,2.539891751445684e-12
2015-11-25,0.9999722668861424,2.773311085501724e-05,1.8292289348883627e-12
2015-11-27,0.9999730451958736,2.695479691340728e-05,3.728300784829038e-12
2015-11-30,0.9999285678543773,7.143212336182218e-05,2.4115829975593167e-11
2015-12-01,0.9996561289427058,0.00034387052916631767,5.304194397313874e-10
2015-12-02,0.9955572416067278,0.004442755174510746,3.2173496770160742e-09
2015-12-03,0.9847656530641357,0.01523429877396757,4.816322263216059e-08
2015-12-04,0.9788724122357224,0.02112728846769047,2.9929535212932866e-07
2015-12-07,0.971191464916639,0.028808395051453623,1.400310219008357e-07
2015-12-08,0.9524373903799133,0.047562422765076516,1.8685161293359567e-07
2015-12-09,0.9125167615834442,0.08748292559298043,3.128263973579255e-07
2015-12-10,0.8541812541861039,0.14581817019513002,5.756155419418509e-07
2015-12-11,0.4957971720738968,0.5042008544718835,1.9734519418196114e-06
2015-12-14,0.5030591164452117,0.4969376408458958,3.2427104302281088e-06
2015-12-15,0.4740620506893541,0.5259333205567999,4.628755666560264e-06
2015-12-16,0.3282237468528593,0.6717700961472753,6.156997919396133e-06
2015-12-17,0.026234466735092294,0.9737584975643558,7.035697898138859e-06
2015-12-18,0.001473519666463291,0.9985143048123558,1.2175517997163681e-05
2015-12-21,0.002241529827345034,0.9977514761754985,6.9939951830500184e-06
2015-12-22,0.001756144081524341,0.9982368436400181,7.012278368400419e-06
2015-12-23,0.0008030239011901039,0.9991887398189557,8.236276534332887e-06
2015-12-24,0.0002939163444443141,0.9997002362597389,5.8473946960270605e-06
2015-12-28,0.00012105895383218898,0.9998729541204473,5.986924068565612e-06
2015-12-29,8.830666582999896e-05,0.9999039556128633,7.737722251869298e-06
2015-12-30,1.6674826436050575e-05,0.9999760211104399,7.304059846165232e-06
2015-12-31,4.939674823791938e-06,0.9999862920806699,8.768242814798199e-06
2016-01-04,1.2243708802237386e-06,0.9999872945561464,1.1481070280768707e-05
2016-01-05,5.032403289321249e-05,0.9999429555000594,6.720466766437409e-06
2016-01-06,1.9044658684429658e-06,0.9999853828607796,1.2712675505420978e-05
2016-01-07,2.172398853921416e-09,0.9999566328060274,4.3365020627605935e-05
2016-01-08,3.484316286296768e-07,0.9999853275133807,1.4324055763812061e-05
2016-01-11,2.2030102322638213e-06,0.9999892643821674,8.532604170671506e-06
2016-01-12,2.7200585272016853e-06,0.9999842344483519,1.3045491306334649e-05
2016-01-13,8.607219746359741e-11,0.999923366431829,7.663348012768331e-05
2016-01-14,1.3516078390264575e-07,0.9999670465886156,3.28182472474263e-05
2016-01-15,8.076465692069988e-11,0.9999362061547904,6.379376496690107e-05
2016-01-19,4.210283635573844e-08,0.9999818453336022,1.811256086278546e-05
2016-01-20,1.219909327750517e-09,0.9999746519617808,2.534682007513297e-05
2016-01-21,1.7585836842912896e-08,0.9999821923905399,1.7790025818378466e-05
2016-01-22,8.000147287437488e-10,0.9999543155458136,4.5683655912342855e-05
2016-01-25,2.5329411335368796e-11,0.9999410888886022,5.8911083700728164e-05
2016-01-26,2.567805136046526e-10,0.9999527995322122,4.72002137110083e-05
2016-01-27,7.192421738915378e-12,0.9999283813339939,7.161865696546413e-05
2016-01-28,4.069021324457965e-11,0.999914307202951,8.569275827853201e-05
2016-01-29,4.0420478641624544e-13,0.9997226266494388,0.00027737334747227467
2016-02-01,1.720240233542425e-12,0.9996755650488349,0.00032443494673227907
2016-02-02,3.645000268833648e-15,0.9993756702981219,0.0006243297013764196
2016-02-03,7.465799946079473e-13,0.9995560340249859,0.00044396597274263947
2016-02-04,5.393217557548595e-13,0.9995017365538706,0.0004982634429931516
2016-02-05,1.9263557862983467e-15,0.9991568436382186,0.0008431563635571762
2016-02-08,2.0103313838757983e-14,0.9993507726869895,0.0006492273164189991
2016-02-09,6.298429704192541e-13,0.9996825381979006,0.0003174618033117816
2016-02-10,4.995774502815818e-13,0.9997811566399616,0.0002188433577825562
2016-02-11,5.726849869487455e-14,0.9997629123708598,0.00023708763152287574
2016-02-12,2.7030469401832525e-13,0.9997959051679846,0.00020409483409206488
2016-02-16,1.630267542676589e-12,0.9998693982287513,0.0001306017697393498
2016-02-17,3.687972078201539e-12,0.9999061191971431,9.388079944335563e-05
2016-02-18,1.2916411887930028e-11,0.9999444463908014,5.555359519058873e-05
2016-02-19,7.215183422906503e-11,0.9999619146014445,3.8085325100619384e-05
2016-02-22,2.2536754572091235e-10,0.9999615053808781,3.849439223333201e-05
2016-02-23,4.0848508322731474e-11,0.9999559760049302,4.402395397620715e-05
2016-02-24,3.056311475017968e-09,0.9999794753526603,2.0521587467082825e-05
2016-02-25,7.291752687359465e-09,0.9999806412434099,1.935146385428342e-05
2016-02-26,1.1558702279462282e-08,0.9999844234674926,1.5564972295173954e-05
2016-02-29,1.4684077981036565e-08,0.9999828639860732,1.712133089466615e-05
2016-03-01,5.0247648103207075e-09,0.9999618495859656,3.814538951876922e-05
2016-03-02,2.6506090191938386e-07,0.9999878130344328,1.1921906520297613e-05
2016-03-03,6.160657930908899e-07,0.999990096233817,9.287701722394003e-06
2016-03-04,1.3177660829703702e-06,0.999990241664228,8.440570888613223e-06
2016-03-07,7.238701909742831e-06,0.9999855748050301,7.186493256002236e-06
2016-03-08,3.9935132395974293e-05,0.9999508456897583,9.219176645502343e-06
2016-03-09,0.00621120092543117,0.9937824804619206,6.318611312652807e-06
2016-03-10,0.04450755740592039,0.9554876431585535,4.7994336103997385e-06
2016-03-11,0.18857139573723006,0.8114241733742504,4.4308917004842565e-06
2016-03-14,0.6129450269341793,0.38705430483197656,6.68236083569493e-07
2016-03-15,0.8848593709992003,0.1151405304357205,9.856855832713179e-08
2016-03-16,0.9828190967834846,0.017180888462392956,1.4751471616164354e-08
2016-03-17,0.9979058323536908,0.002094166072957467,1.5704431656168643e-09
2016-03-18,0.9997596605032182,0.00024033937270919354,1.2416924321912056e-10
2016-03-21,0.9999523930801083,4.760691133287784e-05,1.0355302264023326e-11
2016-03-22,0.9999732627193385,2.673727664879284e-05,4.584938838559922e-12
2016-03-23,0.9999369351158471,6.306488279622157e-05,2.46827408366374e-12
2016-03-24,0.999972473313908,2.7526686660622663e-05,2.858951479079393e-12
2016-03-28,0.9999745092693274,2.549072662089978e-05,1.6679903966619923e-12
2016-03-29,0.999969365493545,3.063450627764036e-05,1.8858243869243048e-12
2016-03-30,0.9999825854235723,1.7414570955424205e-05,2.7154983624997635e-12
2016-03-31,0.9999755065089821,2.449348859262548e-05,2.031241645326387e-12
2016-04-01,0.9999719319467788,2.806804428444218e-05,8.77031484615384e-12
2016-04-04,0.9999452285349253,5.477143428772308e-05,3.140023294837102e-11
2016-04-05,0.9997976703712476,0.0002023295279315406,1.0424183885904461e-10
2016-04-06,0.9998509074262205,0.0001490914868034868,1.088321032221116e-09
2016-04-07,0.9995458891672883,0.0004541106478018532,1.8654371150283297e-10
2016-04-08,0.9999052121818022,9.478770540323284e-05,1.1100979605153537e-10
2016-04-11,0.9999508322371741,4.9167734164627474e-05,2.9466688799575344e-11
2016-04-12,0.9999507198946428,4.9280077062572567e-05,2.6980979889990026e-11
2016-04-13,0.9999460376647312,5.396231611725707e-05,2.0286518654027775e-11
2016-04-14,0.9999610332040694,3.896678812728164e-05,9.046962306381222e-12
2016-04-15,0.9999646065268227,3.539347068811442e-05,5.2984689025015964e-12
2016-04-18,0.9999691943246246,3.080566717873489e-05,4.935868067772008e-12
2016-04-19,0.9999737142751243,2.6285721118483113e-05,3.130439296153796e-12
2016-04-20,0.9999728797159679,2.712028096155144e-05,4.036426088729599e-12
2016-04-21,0.9999537723114044,4.622768244526444e-05,3.532427928878373e-12
2016-04-22,0.9999738150153903,2.6184981220719014e-05,3.917397424215923e-12
2016-04-25,0.9999729246801675,2.7075317299505027e-05,1.686619726561946e-12
2016-04-26,0.9999803126384758,1.968735705047913e-05,1.646866269562961e-12
2016-04-27,0.9999793099226211,2.069007171956606e-05,4.106060093443468e-12
2016-04-28,0.9999238555716435,7.614442254080906e-05,5.1129534899920495e-12
2016-04-29,0.9999627943334642,3.720566076100272e-05,5.773573856491015e-12
2016-05-02,0.9999774273020371,2.2572688628077704e-05,6.425457093006484e-12
2016-05-03,0.9999441734484524,5.582654951467472e-05,2.8421585483558295e-12
2016-05-04,0.9999744171071259,2.5582889597659487e-05,1.4319401060733048e-12
2016-05-05,0.9999898162796076,1.018372017385836e-05,3.445585855290312e-13
2016-05-06,0.9999910391089946,8.96089011924836e-06,1.4252925758861337e-13
2016-05-09,0.9999908563313179,9.143671664322834e-06,2.747863765051656e-13
2016-05-10,0.9999766810241889,2.3318971713023037e-05,1.7104484912021066e-12
2016-05-11,0.9999646438802677,3.535612098401887e-05,9.759834926303463e-13
2016-05-12,0.9999883345324753,1.1665463671625372e-05,1.5810070717806143e-12
2016-05-13,0.999962197676386,3.780231958343647e-05,9.522740383871628e-13
2016-05-16,0.9999750956312522,2.490436381195034e-05,6.9700576099240474e-12
2016-05-17,0.9999346678765664,6.533211867402218e-05,2.428996790963695e-12
2016-05-18,0.9999762335269514,2.3766468664237704e-05,3.2687538078580053e-12
2016-05-19,0.999966799890881,3.32001071646448e-05,1.7669199516224304e-12
2016-05-20,0.9999647371110966,3.526288737287862e-05,4.578827475542967e-12
2016-05-23,0.9999452806497565,5.4719340257326874e-05,1.1918645673170727e-11
2016-05-24,0.999851735998204,0.00014826395575747822,4.3929257933381577e-11
2016-05-25,0.9998953392481559,0.00010466070760638424,4.493938752865985e-11
2016-05-26,0.9999145538731847,8.54461020847558e-05,2.2872310091481923e-11
2016-05-27,0.9999243218014405,7.567817939974741e-05,2.1690656721382734e-11
2016-05-31,0.9999168292225292,8.317076137028202e-05,1.372526518751018e-11
2016-06-01,0.9999416102094917,5.8389776763883086e-05,1.1717706771467714e-11
2016-06-02,0.9999491079505936,5.089203615416637e-05,1.0145929374242812e-11
2016-06-03,0.9999367139989134,6.328599169115162e-05,7.511574855989165e-12
2016-06-06,0.9999504213113778,4.9578681369514635e-05,7.922542045865838e-12
2016-06-07,0.9999576850244893,4.2314971432937606e-05,4.104396762256539e-12
2016-06-08,0.999966031881141,3.3968113271070946e-05,3.772765305530421e-12
2016-06-09,0.9999641101859613,3.588980851298731e-05,8.920600328332659e-12
2016-06-10,0.9998797657063405,0.00012023428097815375,1.5795552887674144e-11
2016-06-13,0.9999159135980145,8.408638660362583e-05,1.4849338450796317e-11
2016-06-14,0.999968207852064,3.1792140793253016e-05,3.879942967592341e-12
2016-06-15,0.999978630413402,2.1369584143131227e-05,1.183983354682576e-12
2016-06-16,0.9999813785822281,1.862141708385867e-05,1.030469179802529e-12
2016-06-17,0.9999762442296307,2.3755767823154364e-05,1.3777443080362412e-12
2016-06-20,0.9999668719786783,3.312800734075663e-05,1.6085217003070208e-11
2016-06-21,0.9997634159006397,0.00023658389352595733,2.0923120748034537e-10
2016-06-22,0.9952426095056972,0.004757385302162158,5.190074261589844e-09
2016-06-23,0.8787483568046379,0.1212513210061543,3.221927019363033e-07
2016-06-24,3.9549794245843134e-07,0.9999787906702324,2.0813830046894545e-05
2016-06-27,4.104612212067815e-06,0.9999810377245713,1.4857662613003452e-05
2016-06-28,7.755592723005895e-05,0.9999081312781959,1.4312792830978482e-05
2016-06-29,7.140518719497177e-05,0.9999162114798175,1.2383330938824984e-05
2016-06-30,8.719437626637944e-05,0.9999035566814019,9.248944927128348e-06
2016-07-01,9.013139556195681e-05,0.9999038130178011,6.055588569407344e-06
2016-07-05,1.9232467145481282e-05,0.999973597746457,7.169783435464754e-06
2016-07-06,7.164687974386171e-05,0.9999219027533711,6.450367656792708e-06
2016-07-07,4.410455654668476e-05,0.9999495740684798,6.321376426029533e-06
2016-07-08,3.1021515986723394e-05,0.9999589411953073,1.003729176010647e-05
2016-07-11,6.258555815191459e-05,0.9999309994032529,6.415036998673102e-06
2016-07-12,0.00010670144582681872,0.9998866994226409,6.59913127481379e-06
2016-07-13,0.00017148716101373528,0.9998225782506079,5.934586092592833e-06
2016-07-14,0.0006565192481030389,0.9993374324686671,6.048285003065643e-06
2016-07-15,0.001972989573655464,0.9980213073186787,5.703109127990428e-06
2016-07-18,0.008693937554585298,0.9913006327710133,5.429676326207576e-06
2016-07-19,0.024782418472660918,0.9752125049078474,5.076616088787762e-06
2016-07-20,0.07558243519153392,0.924412977699145,4.5871107472162295e-06
2016-07-21,0.160309342882984,0.8396879908079281,2.6663059291698348e-06
2016-07-22,0.5127601210766727,0.4872394928605447,3.860651335942774e-07
2016-07-25,0.9271702276964646,0.07282974893524906,2.337077963358904e-08
2016-07-26,0.9963892418224234,0.003610756876471522,1.3043539502662206e-09
2016-07-27,0.9998505214651923,0.00014947849098143504,4.067951537354003e-11
2016-07-28,0.9999882870937861,1.1712905346096781e-05,1.3161091627902968e-12
2016-07-29,0.999993220955061,6.7790465068227305e-06,1.1729320778059754e-13
2016-08-01,0.9999926925641888,7.307439327358231e-06,1.0908049143331112e-13
2016-08-02,0.9999877136824473,1.2286316391024615e-05,1.0398794586125043e-13
2016-08-03,0.9999933131117197,6.686885220530287e-06,1.2453607587522964e-13
2016-08-04,0.9999933925137173,6.607485649365851e-06,8.333783828447824e-14
2016-08-05,0.9999915667714036,8.433230621917388e-06,1.5210773238888255e-13
2016-08-08,0.9999943690940484,5.630902548118812e-06,7.401626515536205e-14
2016-08-09,0.9999948913231018,5.108677436324578e-06,5.926122931668527e-14
2016-08-10,0.9999942775048138,5.722495313699298e-06,5.180158926651773e-14
2016-08-11,0.9999943281597421,5.671839464354629e-06,7.075581733287492e-14
2016-08-12,0.9999948784592746,5.121537759724633e-06,4.896167658748295e-14
2016-08-15,0.999994849770321,5.1502298188419726e-06,7.135843368163812e-14
2016-08-16,0.9999926979992895,7.302001806293018e-06,4.9719400972957175e-14
2016-08-17,0.9999948780736507,5.121925098606684e-06,5.968696883351566e-14
2016-08-18,0.9999949683823782,5.0316182416789094e-06,4.438506266642306e-14
2016-08-19,0.9999948978714303,5.1021305125535305e-06,3.7361013627455526e-14
2016-08-22,0.9999951538892773,4.8461137037331616e-06,3.932423621842798e-14
2016-08-23,0.9999950556497785,4.944353358127416e-06,5.791167241049964e-14
2016-08-24,0.9999929304935684,7.06950841476159e-06,4.6387261246853484e-14
2016-08-25,0.9999947176614478,5.282337775503767e-06,5.66241773978167e-14
2016-08-26,0.999994410923294,5.589074062951095e-06,4.7289359541982406e-14
2016-08-29,0.9999937823570264,6.217641727486819e-06,5.946821282356423e-14
2016-08-30,0.9999946263486662,5.373649342474023e-06,5.287804257829449e-14
2016-08-31,0.9999942080343704,5.791963296591895e-06,4.221058033150921e-14
2016-09-01,0.9999947948007458,5.205197330038727e-06,4.780681529961961e-14
2016-09-02,0.9999943673187247,5.632682037556652e-06,6.385924599400426e-14
2016-09-06,0.9999946253882449,5.374608342850152e-06,1.0858168932955169e-13
2016-09-07,0.9999909730075142,9.026992620363134e-06,2.5577187750674995e-12
2016-09-08,0.9997527604888731,0.0002472393897774651,1.227646742755053e-10
2016-09-09,0.9861654681004606,0.013834528986046788,2.915099878168885e-09
2016-09-12,0.9946256041939765,0.005374328214585618,6.758812461620713e-08
2016-09-13,0.9956002216487817,0.004399770305006237,8.045508175326223e-09
2016-09-14,0.9991139847062207,0.0008860121854042719,3.106015843430542e-09
2016-09-15,0.9993042554256841,0.0006957410089339255,3.5643121687317857e-09
2016-09-16,0.998344618646618,0.0016553777730797423,3.5767407204955983e-09
2016-09-19,0.9947609287993985,0.005239060735778935,1.0465185040763225e-08
2016-09-20,0.9774807256003162,0.02251923827007154,3.6129503469348616e-08
2016-09-21,0.9118060808647349,0.08819369116732115,2.2796799062702968e-07
2016-09-22,0.7996037706076274,0.2003955607312248,6.686622779606027e-07
2016-09-23,0.554893629932194,0.44510504913841265,1.3209318461611538e-06
2016-09-26,0.3511216735990832,0.6488752072669212,3.119135532295072e-06
2016-09-27,0.2734799249029415,0.7265152825148398,4.792581227427739e-06
2016-09-28,0.17809256809731447,0.8219022639420509,5.167960022763218e-06
2016-09-29,0.07601292354649311,0.9239809702827709,6.10616770628004e-06
2016-09-30,0.0603713143963238,0.939621714151114,6.971450179400862e-06
2016-10-03,0.05125874215686176,0.9487353443657202,5.913478258384105e-06
2016-10-04,0.05005841392122541,0.9499354792381405,6.106841527628444e-06
2016-10-05,0.06273837159206237,0.9372555302763971,6.098128067006601e-06
2016-10-06,0.09350287197953829,0.9064919439746608,5.184045643115406e-06
2016-10-07,0.18300842760739514,0.816986338571209,5.233822508896086e-06
2016-10-10,0.294561612014158,0.7054324341930598,5.953789534857175e-06
2016-10-11,0.36712261953879605,0.6328740447046888,3.3357549480777106e-06
2016-10-12,0.6851641093146651,0.31483450641876154,1.3842653932048182e-06
2016-10-13,0.8413080660534036,0.15869131118928506,6.22756640650411e-07
2016-10-14,0.9283613797476833,0.07163829802804977,3.2222372068622594e-07
2016-10-17,0.9643291413572515,0.03567072394567215,1.3469498383212995e-07
2016-10-18,0.9842506561980303,0.01574928043268325,6.33715781133915e-08
2016-10-19,0.9938552754000028,0.006144698754440647,2.5844528078997568e-08
2016-10-20,0.9972328951532996,0.002767094525393436,1.032355208616441e-08
2016-10-21,0.9986474231939706,0.0013525713454707673,5.4597797890332244e-09
2016-10-24,0.9991250534558397,0.0008749420334733804,4.511337007729432e-09
2016-10-25,0.9990601371818757,0.0009398588585483995,3.9618129295454994e-09
2016-10-26,0.9985783321421169,0.0014216615047524211,6.3557659906552064e-09
2016-10-27,0.9971428886835837,0.0028570975362720123,1.3780733043601748e-08
2016-10-28,0.9930140486021772,0.006985916600278487,3.4799370361151216e-08
2016-10-31,0.9814893551222194,0.018510550504329454,9.437638849891855e-08
2016-11-01,0.9473435067212362,0.052656257136898844,2.3614369047152586e-07
2016-11-02,0.899281010468131,0.10071832561926103,6.63911308956222e-07
2016-11-03,0.8286908532658901,0.17130785777093285,1.2889649649938566e-06
2016-11-04,0.7293995892126562,0.2705977747590812,2.6360269202892745e-06
2016-11-07,0.5771334734283926,0.4228560281014876,1.049846959214589e-05
2016-11-08,0.5980617200949557,0.4019339218703443,4.3580357413584825e-06
2016-11-09,0.6264164346748488,0.37357948282275866,4.082499975421777e-06
2016-11-10,0.6960107593321081,0.3039871216148198,2.1190530814192924e-06
2016-11-11,0.7681644583429511,0.23183429435087435,1.2473092537826037e-06
2016-11-14,0.8475037685939569,0.15249541431413036,8.170895991707367e-07
2016-11-15,0.904644304186054,0.09535513362504916,5.621923316531785e-07
2016-11-16,0.9487425753730976,0.05125723195915656,1.9266913768886687e-07
2016-11-17,0.9764902198039703,0.023509682896696457,9.729740142262607e-08
2016-11-18,0.9895452892656844,0.010454680050489563,3.0683501345196474e-08
2016-11-21,0.995945496363145,0.004054492784930253,1.0854078952215829e-08
2016-11-22,0.998805817078894,0.001194180820733254,2.100969193919285e-09
2016-11-23,0.9996413004186848,0.0003586991639050801,4.2035770139690987e-10
2016-11-25,0.9998615483738477,0.00013845148762508557,1.3686064248313653e-10
2016-11-28,0.9998804843247271,0.00011951564211395861,2.9637309308982395e-11
2016-11-29,0.9999426450527066,5.735493482586388e-05,1.3420131520882314e-11
2016-11-30,0.9999556579868746,4.434200882652159e-05,4.91426724039938e-12
2016-12-01,0.9999641124996328,3.588749909996026e-05,1.9247344961985677e-12
2016-12-02,0.9999806774551506,1.9322546367875563e-05,9.026534885168602e-13
2016-12-05,0.9999836656012879,1.6334397127141098e-05,2.9101559660917355e-13
2016-12-06,0.9999918691504217,8.130850039752166e-06,6.329518703078021e-13
2016-12-07,0.9999748620934082,2.5137904685889516e-05,4.696524872056002e-13
2016-12-08,0.9999925621363343,7.437862400322437e-06,2.7835650112307796e-13
2016-12-09,0.9999918304135391,8.16958564248554e-06,9.977924130452378e-14
2016-12-12,0.9999929411163915,7.058883120740348e-06,8.712096428931003e-14
2016-12-13,0.9999915585423649,8.441460350209563e-06,2.7617571038183687e-13
2016-12-14,0.9999811156413269,1.8884360115015598e-05,1.7417511327073813e-13
2016-12-15,0.9999923327780545,7.667219210012623e-06,2.3044166415631823e-13
2016-12-16,0.99999176632743,8.233670280298927e-06,7.330901038842672e-14
2016-12-19,0.9999929625439355,7.0374523827406e-06,8.142877154798406e-14
2016-12-20,0.9999929384243061,7.061576249646361e-06,1.0019760600628636e-13
2016-12-21,0.9999913338845433,8.666118848395057e-06,9.04668207851266e-14
2016-12-22,0.9999917755387165,8.224463375275424e-06,9.451913088364661e-14
2016-12-23,0.9999927594006492,7.240600131343457e-06,9.122606446463182e-14
2016-12-27,0.9999926862559797,7.313740756281014e-06,2.655055867413924e-13
2016-12-28,0.999978199998868,2.180000115939052e-05,2.209821723791712e-13
2016-12-29,0.9999911464065858,8.85358981430835e-06,3.794217773206909e-13
2016-12-30,0.9999887974890888,1.1202512198164548e-05,1.9322300983546927e-13
2017-01-03,0.9999886316646102,1.1368336606623947e-05,3.3068139922405613e-13
2017-01-04,0.9999898476095626,1.0152392406678192e-05,2.722797729736626e-13
2017-01-05,0.9999899396276685,1.006037195417744e-05,1.4274604630748495e-13
2017-01-06,0.9999921668729549,7.833126348887151e-06,2.1082297644778322e-13
2017-01-09,0.9999903918239872,9.608178723238012e-06,1.151572754891445e-13
2017-01-10,0.9999927900031058,7.20999690746769e-06,1.1572560120132036e-13
2017-01-11,0.9999930968062456,6.903197238430227e-06,9.697261691879971e-14
2017-01-12,0.9999926646974752,7.335301987762287e-06,6.727135282562992e-14
2017-01-13,0.9999942773301919,5.722669641776914e-06,9.258164494011313e-14
2017-01-17,0.9999931861907718,6.813812077861801e-06,5.674237255707796e-14
2017-01-18,0.9999944506206977,5.549379527095284e-06,8.01466464701372e-14
2017-01-19,0.999993107065275,6.892937515117678e-06,5.349597898550091e-14
2017-01-20,0.9999942113740157,5.788623529692e-06,7.59685295284322e-14
2017-01-23,0.9999937262451917,6.273756790648726e-06,6.248297776720977e-14
2017-01-24,0.9999926830254781,7.316973724682867e-06,1.3968622142404475e-13
2017-01-25,0.999990100046381,9.89995361953725e-06,1.5127314333593427e-13
2017-01-26,0.999993073457859,6.92653923585121e-06,7.861852577317192e-14
2017-01-27,0.9999937102600133,6.289743201292194e-06,9.889789989083469e-14
2017-01-30,0.9999892941114115,1.0705888208728306e-05,7.490649819863209e-14
2017-01-31,0.9999936315855815,6.3684129867757765e-06,8.04947106554162e-14
2017-02-01,0.9999940849622678,5.915037270529206e-06,5.0389190979844157e-14
2017-02-02,0.9999941014567664,5.8985435501414996e-06,7.145718141731089e-14
2017-02-03,0.9999914031146825,8.596886964195101e-06,1.0485633238737185e-13
2017-02-06,0.9999928292420631,7.170755455316854e-06,7.908012999173424e-14
2017-02-07,0.99999331675695,6.683245956971398e-06,6.785956242410158e-14
2017-02-08,0.9999932029835678,6.797019886971191e-06,8.586770937108623e-14
2017-02-09,0.9999911920264372,8.807977040170583e-06,1.172862813946569e-13
2017-02-10,0.9999922187428517,7.781255543388996e-06,1.3326124602882379e-13
2017-02-13,0.9999913509465163,8.64904998692234e-06,1.2017926080771643e-13
2017-02-14,0.9999924176587289,7.582343527953089e-06,1.2084821000594364e-13
2017-02-15,0.9999919686556139,8.031344110735933e-06,9.924863321992751e-14
2017-02-16,0.9999932804574408,6.71954262405321e-06,6.873243859465808e-14
2017-02-17,0.9999936996153542,6.300387058231466e-06,7.056081600531492e-14
2017-02-21,0.9999926237632387,7.37623540585477e-06,8.211648619086786e-14
2017-02-22,0.9999940477968968,5.9522034545939086e-06,5.2689443394661696e-14
2017-02-23,0.999994723038352,5.276958049635131e-06,4.5535065461395094e-14
2017-02-24,0.9999948231986611,5.176801607347051e-06,4.1002978275876285e-14
2017-02-27,0.999994941999889,5.058002898601971e-06,4.497447337190121e-14
2017-02-28,0.9999946399182543,5.360081915473847e-06,2.0446876071277355e-13
2017-03-01,0.9999759535838989,2.4046412412718325e-05,8.305595695213072e-13
2017-03-02,0.9999886993375249,1.1300662773856503e-05,2.928030527326006e-13
2017-03-03,0.9999937389125545,6.261089944537777e-06,1.1062590537303404e-13
2017-03-06,0.9999926055953068,7.394403004903972e-06,6.827083694847394e-14
2017-03-07,0.9999924416692073,7.558327790848065e-06,7.66357253535015e-14
2017-03-08,0.9999929122019404,7.087794652522667e-06,6.769372977775273e-14
2017-03-09,0.9999936306542648,6.369342581611547e-06,6.537881984619913e-14
2017-03-10,0.9999935517761139,6.4482235907385625e-06,6.884179954105625e-14
2017-03-13,0.9999936197185703,6.380281863188494e-06,8.153025075724557e-14
2017-03-14,0.9999915986325537,8.40137069936727e-06,1.1352599353069572e-13
2017-03-15,0.9999897215985398,1.0278397688490558e-05,2.1330330787640622e-13
2017-03-16,0.9999922989742153,7.701025989712554e-06,1.1700544852881846e-13
2017-03-17,0.9999924251456326,7.5748574274970295e-06,9.904492132581367e-14
2017-03-20,0.9999914614673626,8.538528915556066e-06,7.008819143967283e-13
2017-03-21,0.9999345332073988,6.546679456644373e-05,6.351737137193741e-13
2017-03-22,0.9999904581873611,9.541811852055701e-06,7.581600640975929e-13
2017-03-23,0.99999092932306,9.070675339599396e-06,1.0810452792713977e-13
2017-03-24,0.9999910725489967,8.927453974728878e-06,1.0168041543942615e-13
2017-03-27,0.9999907505835225,9.249419375897547e-06,1.2166794538470996e-13
2017-03-28,0.999988720663116,1.1279340287758009e-05,1.2676237601265286e-13
2017-03-29,0.9999928272993964,7.1727012074493685e-06,1.024471354402604e-13
2017-03-30,0.9999927010260657,7.298973956234699e-06,8.764574527517648e-14
2017-03-31,0.9999914363145922,8.563682862136061e-06,8.403415606256556e-14
2017-04-03,0.9999914092628138,8.590737834082708e-06,9.366882803079904e-14
2017-04-04,0.999991834131523,8.1658673687665e-06,1.181141721379272e-13
2017-04-05,0.9999898046745734,1.0195324517084323e-05,1.1375062579071722e-13
2017-04-06,0.9999906607699365,9.339228522761236e-06,1.607293684924126e-13
2017-04-07,0.9999899035465584,1.0096454138164855e-05,1.452176739338691e-13
2017-04-10,0.9999895419351813,1.0458065177752856e-05,1.8368826629911545e-13
2017-04-11,0.9999883796938184,1.1620305056992027e-05,2.542783089609239e-13
2017-04-12,0.9999852336840124,1.4766316562852094e-05,5.941690056652431e-13
2017-04-13,0.999976037451849,2.3962549770424896e-05,1.3592637490522594e-12
2017-04-17,0.9999684776796858,3.152231437685266e-05,3.2052676571566463e-12
2017-04-18,0.9999735075124172,2.649248471190402e-05,1.6087839129367602e-12
2017-04-19,0.9999802521109779,1.9747888235805768e-05,2.3440957826404707e-12
2017-04-20,0.9999667216187308,3.327837914188148e-05,3.451861272578673e-12
2017-04-21,0.9999705208081283,2.947918609187737e-05,5.965568648530374e-12
2017-04-24,0.9999381467490421,6.18532427531435e-05,9.236857951159407e-12
2017-04-25,0.9999650247705301,3.497522662307443e-05,6.2574258683496334e-12
2017-04-26,0.9999724358146554,2.7564184657762316e-05,2.5142418312901425e-12
2017-04-27,0.9999728790611495,2.71209350061192e-05,2.3618557063997297e-12
2017-04-28,0.9999682646391093,3.1735356018364414e-05,2.3135169154621183e-12
2017-05-01,0.9999703861123049,2.9613886595017992e-05,2.837921182253708e-12
2017-05-02,0.9999707684817307,2.9231516515571865e-05,2.6229854908669164e-12
2017-05-03,0.9999688668439146,3.113315726215432e-05,2.4178489162687645e-12
2017-05-04,0.9999713579700342,2.8642029717418557e-05,2.716925003417556e-12
2017-05-05,0.999969994932105,3.0005066776343584e-05,2.7139268370119922e-12
2017-05-08,0.9999720600000468,2.7939996809176584e-05,2.2886395351966986e-12
2017-05-09,0.9999723631953269,2.7636804574369776e-05,1.882448366150316e-12
2017-05-10,0.9999751735766479,2.482642205176877e-05,1.791006112906144e-12
2017-05-11,0.9999761185986631,2.3881400499878857e-05,1.1880688645854081e-12
2017-05-12,0.9999811422708292,1.885772992998675e-05,1.1041486292491845e-12
2017-05-15,0.999980417926791,1.9582067819683165e-05,3.271570057013209e-12
2017-05-16,0.9999525451040164,4.7454864985417734e-05,3.2236420965873473e-11
2017-05-17,0.9991309575156708,0.0008690424461458657,3.514415730519591e-11
2017-05-18,0.9999255648782502,7.443507677278052e-05,4.6401776691323926e-11
2017-05-19,0.9999721875440282,2.7812449518969442e-05,4.108087954170773e-12
2017-05-22,0.9999807266251233,1.927337108096982e-05,1.069168790778902e-12
2017-05-23,0.9999835943417256,1.6405660634626224e-05,5.877583962000681e-13
2017-05-24,0.999983746792376,1.6253208511714258e-05,5.27072133630607e-13
2017-05-25,0.9999827990201631,1.720097979739518e-05,5.513303453254568e-13
2017-05-26,0.9999842701581896,1.5729843013148236e-05,4.5067538954199527e-13
2017-05-30,0.999984354317871,1.5645683077227858e-05,3.971385429574801e-13
2017-05-31,0.9999848160794029,1.5183916930539118e-05,5.153126669506172e-13
2017-06-01,0.9999796972866648,2.0302711919412913e-05,6.578085953869523e-13
2017-06-02,0.9999852207912059,1.477920801038343e-05,5.123776748713246e-13
2017-06-05,0.9999850435951687,1.4956403150306357e-05,4.013355058589345e-13
2017-06-06,0.9999822198422395,1.778015634974104e-05,3.4592009222145687e-13
2017-06-07,0.9999865026003638,1.3497400898468586e-05,3.5409534714311877e-13
2017-06-08,0.9999866127350537,1.3387266072717618e-05,2.7399453104689133e-13
2017-06-09,0.9999858864589515,1.4113542567667483e-05,2.478051020903936e-13
2017-06-12,0.9999873654885585,1.263451331542894e-05,2.430165251700584e-13
2017-06-13,0.99998752852617,1.2471475372450178e-05,2.6360478893805293e-13
2017-06-14,0.9999876252151696,1.2374781998279066e-05,1.0842395965056138e-13
2017-06-15,0.9999936952207036,6.304780952991135e-06,1.1064825667906102e-13
2017-06-16,0.9999943278104981,5.6721872547721995e-06,9.68061658010301e-14
2017-06-19,0.9999904127276128,9.587269184922848e-06,2.342629282603307e-13
2017-06-20,0.9999895916003498,1.0408399152881506e-05,1.2293119494944225e-13
2017-06-21,0.9999938458902953,6.154109688591416e-06,8.788849327881037e-14
2017-06-22,0.9999939333831509,6.066618214473695e-06,4.9926980194609684e-14
2017-06-23,0.999994170090472,5.8299080064864064e-06,5.405647528379902e-14
2017-06-26,0.9999940288431403,5.971156666701826e-06,1.2381631058247068e-13
2017-06-27,0.9999854179885901,1.4582011100635112e-05,1.9556294545482564e-13
2017-06-28,0.9999870703576622,1.2929643299471812e-05,1.004881035906375e-12
2017-06-29,0.9999785267768817,2.1473225938457633e-05,3.249882365268545e-13
2017-06-30,0.9999914395232621,8.560475500644574e-06,2.534531737756918e-13
2017-07-03,0.9999913845902538,8.615406729836839e-06,1.1343023335746445e-13
2017-07-05,0.9999905764714824,9.423525187647502e-06,3.955892455709832e-13
2017-07-06,0.9999683875843468,3.1612413147137204e-05,4.98630451808675e-13
2017-07-07,0.999984685070508,1.5314928516560513e-05,8.809175210050751e-13
2017-07-10,0.9999871253413645,1.2874659420225175e-05,3.3349127906480784e-13
2017-07-11,0.9999854301901933,1.4569809426251504e-05,3.9294380329689995e-13
2017-07-12,0.9999803166037946,1.9683397736798142e-05,6.450300711318141e-13
2017-07-13,0.9999839347346001,1.6065263088180398e-05,5.839380372149544e-13
2017-07-14,0.9999823041763682,1.7695820979290005e-05,5.806131884054575e-13
2017-07-17,0.9999823172655844,1.7682737130495248e-05,4.986106425054394e-13
2017-07-18,0.9999834773899084,1.6522609364502517e-05,5.386469199408247e-13
2017-07-19,0.9999826959871049,1.7304015194748396e-05,6.013578929098947e-13
2017-07-20,0.9999847156872692,1.5284312369790117e-05,4.699212002229528e-13
2017-07-21,0.9999843092221923,1.5690776409998333e-05,3.995396156654962e-13
2017-07-24,0.9999848537246367,1.5146276452125605e-05,3.8557157540865034e-13
2017-07-25,0.999985517369451,1.4482632987369293e-05,3.278712763918849e-13
2017-07-26,0.9999878823516386,1.2117645729885623e-05,2.608244084559325e-13
2017-07-27,0.9999890071143772,1.0992883104379953e-05,1.805223250949404e-13
2017-07-28,0.9999910480874459,8.951912779184396e-06,1.609787471118882e-13
2017-07-31,0.9999914840008112,8.515995941439844e-06,1.2480025888771146e-13
2017-08-01,0.9999917348009657,8.265201628324928e-06,1.228120234532152e-13
2017-08-02,0.9999921394573617,7.860545689878481e-06,9.010055480883106e-14
2017-08-03,0.9999934343720258,6.565626526865998e-06,8.550114898015071e-14
2017-08-04,0.9999940343146277,5.965683546392625e-06,8.352597820312926e-14
2017-08-07,0.9999941921364953,5.807862029160948e-06,7.677193669711231e-14
2017-08-08,0.9999940536103524,5.946390213126694e-06,6.78421435765444e-14
2017-08-09,0.999993955014442,6.044986823580743e-06,7.899682968283354e-13
2017-08-10,0.999937951547193,6.204845251060125e-05,5.510081526980712e-13
2017-08-11,0.9999905110103108,9.488991350963147e-06,1.8744385465583384e-12
2017-08-14,0.9999813260944487,1.8673907880509878e-05,4.89934746815608e-13
2017-08-15,0.9999891704069122,1.0829591703266137e-05,5.713474148961928e-13
2017-08-16,0.9999811781406245,1.8821853486694623e-05,5.200856948695143e-12
2017-08-17,0.9997064983972345,0.0002935015919742005,8.319516369516539e-12
2017-08-18,0.9999616262662676,3.837371786889529e-05,1.2871659081710044e-11
2017-08-21,0.9999755975435382,2.440245113268473e-05,3.9986613805341455e-12
2017-08-22,0.9999478112671587,5.218872976550406e-05,6.365307242316634e-12
2017-08-23,0.9999513887115851,4.861128115582551e-05,6.597357033115264e-12
2017-08-24,0.9999529897313363,4.7010264338280755e-05,5.488897576379071e-12
2017-08-25,0.9999575022383578,4.2497758663377044e-05,5.89996430826984e-12
2017-08-28,0.9999523829451819,4.7617051043450555e-05,5.8962844806415335e-12
2017-08-29,0.9999487839541913,5.1216035552921025e-05,8.330524846665224e-12
2017-08-30,0.9999384979233034,6.15020655548011e-05,1.3392624197899885e-11
2017-08-31,0.9999251042717677,7.489570988990236e-05,2.195153139977938e-11
2017-09-01,0.9999102229260232,8.977702955771813e-05,4.5572314911235497e-11
2017-09-05,0.9997984875436325,0.00020151240564164215,5.2183376083853494e-11
2017-09-06,0.9998830058224897,0.0001169941043505041,7.378390384923387e-11
2017-09-07,0.9998940926731807,0.00010590729640887661,3.3021783579904954e-11
2017-09-08,0.9999210591868789,7.894077148520305e-05,4.065004695107089e-11
2017-09-11,0.999882843114749,0.0001171568479450392,3.6650027709025365e-11
2017-09-12,0.999939167226806,6.083274986177906e-05,2.00143322806179e-11
2017-09-13,0.9999487473070704,5.125268505517243e-05,8.727265397343516e-12
2017-09-14,0.99995237935103,4.7620645457828897e-05,3.7019680247440695e-12
2017-09-15,0.999975851853911,2.414814000475075e-05,2.5639193733307163e-12
2017-09-18,0.9999804465498482,1.9553452613439472e-05,1.0590927977446608e-12
2017-09-19,0.9999833090779762,1.6690922973919123e-05,5.973446737313781e-13
2017-09-20,0.9999865382520756,1.3461744143374859e-05,5.039254436901123e-13
2017-09-21,0.9999863768371419,1.3623163604320463e-05,3.256708792026447e-13
2017-09-22,0.9999889071147201,1.1092881432473916e-05,3.1386435102430973e-13
2017-09-25,0.999988631380851,1.136861789213954e-05,2.1778695489423054e-13
2017-09-26,0.99998992997257,1.0070029904148793e-05,2.2410468477424882e-13
2017-09-27,0.9999896075563589,1.0392444490738212e-05,2.0513289047677052e-13
2017-09-28,0.9999910253430062,8.974655403599574e-06,1.7410347662994299e-13
2017-09-29,0.9999908393202848,9.160676993220196e-06,1.85567248737384e-13
2017-10-02,0.99999058974998,9.410253123290247e-06,1.5172907730773467e-13
2017-10-03,0.9999928631405072,7.136856802773752e-06,1.2901045427144828e-13
2017-10-04,0.9999933913059164,6.608695608335657e-06,1.1209491258587864e-13
2017-10-05,0.9999917747892991,8.22521031044807e-06,1.1903115627888994e-13
2017-10-06,0.9999939470182129,6.052980096597279e-06,6.883788389563552e-14
2017-10-09,0.9999948485261387,5.15147205272639e-06,6.012132601863653e-14
2017-10-10,0.9999947799942493,5.220003197973827e-06,5.998027086668399e-14
2017-10-11,0.9999951074252382,4.892577520441519e-06,5.392236472267612e-14
2017-10-12,0.9999952054755682,4.794521517054746e-06,4.246887962419464e-14
2017-10-13,0.9999953326950852,4.667301735657392e-06,4.504966765089419e-14
2017-10-16,0.9999954054324967,4.594568544608913e-06,4.322257795177237e-14
2017-10-17,0.9999955214034589,4.478592950517402e-06,4.040507663581449e-14
2017-10-18,0.9999955746923352,4.4253063493839235e-06,3.853011909729639e-14
2017-10-19,0.9999957632552361,4.236746041745425e-06,4.948651197763273e-14
2017-10-20,0.9999946279930237,5.372008079642183e-06,6.920426664459501e-14
2017-10-23,0.9999949973332682,5.0026660809896955e-06,4.564115904103823e-14
2017-10-24,0.9999956280539737,4.371943925584818e-06,6.085074645035892e-14
2017-10-25,0.999994226595231,5.773405565840864e-06,3.946585374196162e-14
2017-10-26,0.9999954745537787,4.525444481067013e-06,8.440083921347889e-14
2017-10-27,0.9999922171276017,7.782869949348938e-06,1.106515160611621e-13
2017-10-30,0.999994163658563,5.836343536490398e-06,6.410597160163794e-14
2017-10-31,0.9999951608305073,4.83916593407927e-06,4.7553239136825444e-14
2017-11-01,0.9999951925535294,4.807449967711253e-06,3.7458998037292373e-14
2017-11-02,0.9999953819676414,4.618035415338432e-06,4.0409686902391786e-14
2017-11-03,0.9999950481046478,4.951894795669876e-06,4.386220588519026e-14
2017-11-06,0.9999953566910816,4.643308694879372e-06,4.1349533133437694e-14
2017-11-07,0.999995329857475,4.670145693154748e-06,3.5698464401977404e-14
2017-11-08,0.9999953303085822,4.669692784941876e-06,4.671595157469778e-14
2017-11-09,0.9999944280362508,5.571961609489023e-06,3.8052965903273494e-14
2017-11-10,0.9999952076437931,4.792358485373764e-06,4.18995801063216e-14
2017-11-13,0.9999952204566932,4.779540469112386e-06,4.15501318885677e-14
2017-11-14,0.9999946669337405,5.333068800747111e-06,5.259864257575278e-14
2017-11-15,0.9999928585639625,7.141432796361577e-06,8.778836892268923e-14
2017-11-16,0.9999905348170185,9.465179562624355e-06,1.6293032610105795e-13
2017-11-17,0.9999931471191464,6.852881835135031e-06,7.98864606727248e-14
2017-11-20,0.9999940901354432,5.90986432209897e-06,8.123744022701875e-14
2017-11-21,0.9999918955037262,8.104496140835705e-06,8.633136740005322e-14
2017-11-22,0.9999937535080342,6.246490943541754e-06,6.809880858268112e-14
2017-11-24,0.9999938563748857,6.143627909817004e-06,5.560184894890005e-14
2017-11-27,0.9999941489975941,5.85100131677822e-06,1.1776111430640593e-13
2017-11-28,0.9999869772047856,1.302279453060199e-05,1.9469608771543363e-13
2017-11-29,0.9999933040313853,6.695970768446275e-06,1.985286215290655e-13
2017-11-30,0.9999887884670025,1.1211533549341596e-05,1.7266537169924122e-13
2017-12-01,0.9999921556025849,7.844397028960416e-06,1.120179108102929e-13
2017-12-04,0.9999924978027975,7.502197517743344e-06,9.363216894384371e-14
2017-12-05,0.9999908052254602,9.19477197354653e-06,8.08201310051724e-14
2017-12-06,0.9999925614523992,7.4385476724761885e-06,8.896969124271764e-14
2017-12-07,0.9999924435391142,7.5564620404371435e-06,8.948818221458907e-14
2017-12-08,0.9999917146030746,8.285393354996309e-06,9.958297370042286e-14
2017-12-11,0.9999927986614331,7.201340583866523e-06,8.128422354495417e-14
2017-12-12,0.999993112340308,6.887657926172553e-06,6.417833291789423e-14
2017-12-13,0.9999932278453462,6.772151458481289e-06,7.277410186143841e-14
2017-12-14,0.9999916182556468,8.381743232873876e-06,9.665459593472963e-14
2017-12-15,0.9999904054808285,9.594518649322752e-06,1.8806427640459368e-13
2017-12-18,0.9999923927023838,7.607293949163448e-06,1.6748077180440197e-13
2017-12-19,0.999991803725545,8.19627725651896e-06,7.073589375858036e-14
2017-12-20,0.9999936602526723,6.339744605205689e-06,6.304466954805921e-14
2017-12-21,0.9999939960869753,6.003912009667122e-06,5.404660747725732e-14
2017-12-22,0.9999938364025049,6.163595237951804e-06,5.017587934400124e-14
2017-12-26,0.9999935947840229,6.40521815643069e-06,4.415157384498699e-14
2017-12-27,0.9999946077950742,5.392206089959539e-06,4.969085880288358e-14
2017-12-28,0.9999946172755959,5.382720809543684e-06,5.218738692014793e-14
2017-12-29,0.9999937849326994,6.2150666057715825e-06,6.553255285427125e-14
2018-01-02,0.9999926500874595,7.349912842623504e-06,1.2270656175344736e-13
2018-01-03,0.9999931133953146,6.8866065036799996e-06,1.0329840167742207e-13
2018-01-04,0.9999942159214629,5.784075539833736e-06,9.467411932002048e-14
2018-01-05,0.9999929390354823,7.060961234864139e-06,8.602936525985475e-14
2018-01-08,0.9999944902453437,5.509756494194767e-06,6.400233350085898e-14
2018-01-09,0.9999945133318303,5.486671548059019e-06,5.864366266735606e-14
2018-01-10,0.999994008375994,5.9916253759461195e-06,7.219650867115057e-14
2018-01-11,0.999992003187032,7.996811643210765e-06,1.4587201099094717e-13
2018-01-12,0.9999923013461591,7.698650353131655e-06,1.7837404907824942e-13
2018-01-16,0.9999921445868715,7.85541053990401e-06,1.7527488044661407e-13
2018-01-17,0.9999884900688188,1.1509929196482402e-05,3.169666213253126e-13
2018-01-18,0.99999256411538,7.435882188468325e-06,1.6585049459395316e-13
2018-01-19,0.9999926986104654,7.301392438371281e-06,2.2336295686670052e-13
2018-01-22,0.9999894214684182,1.057852891165721e-05,2.8948570388083503e-13
2018-01-23,0.9999922415164221,7.75848564818047e-06,2.4249522001828007e-13
2018-01-24,0.9999914633736472,8.536625093142407e-06,2.1156568979659322e-13
2018-01-25,0.9999903807137067,9.619287660937209e-06,1.0367886591805077e-12
2018-01-26,0.9999676040760995,3.239590365225167e-05,1.958749441679173e-11
2018-01-29,0.9998843256804334,0.00011567412750723322,1.9548708635887355e-10
2018-01-30,0.9989514263026059,0.0010485713959790316,2.3017550380493166e-09
2018-01-31,0.9954709957100011,0.004528969645312126,3.464168191039594e-08
2018-02-01,0.9345733652725413,0.06542636952711711,2.6519726100373995e-07
2018-02-02,0.017089440315822144,0.9828994168766172,1.1142807329561904e-05
2018-02-05,3.835390103120504e-12,0.9993374320178566,0.0006625679812004481
2018-02-06,8.484090005985111e-05,0.9998264864347126,8.867266586123794e-05
2018-02-07,6.303753519219904e-05,0.9998984220808826,3.854038597690243e-05
2018-02-08,7.273265547165995e-14,0.9995146120392812,0.00048538796072701313
2018-02-09,3.190142927209803e-05,0.9999270439932488,4.105457771504329e-05
2018-02-12,2.5698023899183665e-05,0.9999626427445389,1.1659230871785187e-05
2018-02-13,1.67164272815886e-05,0.9999760351599774,7.248412765767983e-06
2018-02-14,1.8175871787717917e-05,0.9999720409521221,9.783176031533979e-06
2018-02-15,1.2367870139151782e-05,0.9999773406546175,1.0291474067393004e-05
2018-02-16,4.681222271682659e-06,0.9999861419506297,9.176823987278796e-06
2018-02-20,8.665857507423453e-07,0.9999870981878406,1.2035228155043753e-05
2018-02-21,9.110234746624545e-07,0.9999868334337458,1.225554337985649e-05
2018-02-22,2.3089748144144563e-06,0.9999862852559153,1.1405768400458633e-05
2018-02-23,1.4573493427976946e-06,0.9999800842288613,1.845841944707725e-05
2018-02-26,1.2515022616257537e-06,0.9999792833077192,1.9465186574367607e-05
2018-02-27,6.752890083692654e-09,0.9999561776128602,4.381563475201251e-05
2018-02-28,1.1037113759395604e-08,0.9999512856235584,4.8703337330115275e-05
2018-03-01,7.618511016129823e-10,0.9999277877967834,7.22114417242374e-05
2018-03-02,7.786790282301471e-08,0.9999676760839218,3.224604489933074e-05
2018-03-05,1.0648922982908501e-07,0.999975131158869,2.4762352950432733e-05
2018-03-06,1.9814497402056666e-06,0.9999879821838483,1.0036365402046237e-05
2018-03-07,2.6117089265712707e-06,0.9999889791822834,8.40910573353389e-06
2018-03-08,5.439698093184199e-06,0.9999860844058801,8.47589548446882e-06
2018-03-09,3.947577218168997e-05,0.999946230263506,1.4293965970857965e-05
2018-03-12,0.00020423355921542503,0.9997893285571454,6.437884719839709e-06
2018-03-13,0.0002325669335983959,0.99976084665825,6.586405110190658e-06
2018-03-14,0.0004564003266901527,0.9995373066948036,6.292978009792508e-06
2018-03-15,0.0009674939777173529,0.999026397008087,6.1090106721743745e-06
2018-03-16,0.0010332397015375687,0.9989602315213126,6.528776491353419e-06
2018-03-19,0.00015361554494467493,0.9998371026719283,9.281783003934261e-06
2018-03-20,0.0005890683184646473,0.9994044913743226,6.440308801835047e-06
2018-03-21,0.0004684826190991472,0.9995238845926464,7.632790988033348e-06
2018-03-22,4.707126506704924e-08,0.9999609629210601,3.899000489474618e-05
2018-03-23,7.806514764922619e-08,0.9999663815591227,3.354037824526261e-05
2018-03-26,3.483331637533144e-07,0.9999509529757612,4.8698687638896243e-05
2018-03-27,4.4773474299175106e-08,0.9999749314460952,2.5023780752855756e-05
2018-03-28,2.6858588064952062e-06,0.9999879435562543,9.370584267827682e-06
2018-03-29,4.008090197814544e-06,0.9999826946046969,1.329730194828471e-05
2018-04-02,1.1475809525501999e-09,0.9999550186042766,4.498024686512472e-05
2018-04-03,1.1992672193302498e-06,0.999983398839971,1.5401894116490777e-05
2018-04-04,9.082897125637589e-07,0.9999864138567106,1.267785673265691e-05
2018-04-05,7.324216348597596e-07,0.999982386851615,1.6880727935792357e-05
2018-04-06,5.894868431915512e-11,0.9999180620535909,8.193788906288546e-05
2018-04-09,2.2331144863038557e-07,0.9999804932678596,1.9283419036978857e-05
2018-04-10,4.869466670443946e-08,0.999976556841048,2.3394461986636223e-05
2018-04-11,1.221365697444394e-08,0.9999788382394356,2.1149546693801476e-05
2018-04-12,3.740985078594158e-08,0.9999809774298557,1.8985162379815782e-05
2018-04-13,1.0052743083528587e-08,0.9999790859296496,2.0904014152676164e-05
2018-04-16,2.0799470064026e-08,0.999979393477993,2.0585719305151453e-05
2018-04-17,2.4299404015598467e-08,0.9999788958638021,2.107984022797585e-05
2018-04-18,1.9308566293096807e-08,0.9999803862624441,1.9594426642657715e-05
2018-04-19,6.57867052154373e-09,0.9999766281655909,2.3365258718353115e-05
2018-04-20,1.4369080085647118e-08,0.9999806334801135,1.935215169294477e-05
2018-04-23,4.2817775300130783e-07,0.9999887975618476,1.077426279580523e-05
2018-04-24,6.321946880242664e-08,0.9999849925550908,1.4944223624666203e-05
2018-04-25,4.637591720427426e-06,0.9999875637486422,7.798661612777944e-06
2018-04-26,6.471840247780261e-06,0.9999846622607305,8.865902450248704e-06
2018-04-27,1.1794100543723638e-05,0.9999813335812693,6.8723149195689044e-06
2018-04-30,1.842461788142766e-05,0.9999741755297148,7.399855260586218e-06
2018-05-01,0.00018554955110665531,0.9998079381056083,6.512340636344629e-06
2018-05-02,0.0005837781317679169,0.9994092475226763,6.974342323644705e-06
2018-05-03,0.005731964993505026,0.9942615390060601,6.4959968040690865e-06
2018-05-04,0.032484354725410246,0.9675047976937867,1.0847584413820185e-05
2018-05-07,0.12229114651260575,0.8777029821994794,5.871288992052422e-06
2018-05-08,0.2449774959089209,0.7550175546913258,4.949398367573249e-06
2018-05-09,0.3693827619027316,0.6306120728965166,5.165199609748138e-06
2018-05-10,0.5314388100390791,0.4685580982558132,3.091702086948201e-06
2018-05-11,0.714628573299592,0.28537003558232943,1.3911175326133975e-06
2018-05-14,0.83034449905598,0.16965465833161303,8.426126804046785e-07
2018-05-15,0.8903761529269534,0.10962347572362119,3.713477769960452e-07
2018-05-16,0.9534807473150061,0.046519092731653444,1.5995463185931619e-07
2018-05-17,0.98128228947786,0.018717660298460337,5.022200346878034e-08
2018-05-18,0.9933924591292955,0.006607526402950872,1.4465988116509499e-08
2018-05-21,0.9980545776649711,0.001945419173150394,3.160063247802388e-09
2018-05-22,0.9996251945999557,0.00037480506919557833,3.2868386275262555e-10
2018-05-23,0.9999215784383912,7.842151681118983e-05,4.6020792410982753e-11
2018-05-24,0.9999555385355066,4.4461449745223404e-05,1.1841192597433412e-11
2018-05-25,0.99994413058818,5.586938590979897e-05,2.3914520722764835e-11
2018-05-29,0.9997789322579114,0.0002210676904313778,5.293494761432511e-11
2018-05-30,0.999859099148448,0.0001409007169129541,1.3352068877709142e-10
2018-05-31,0.9999208774696481,7.912250761966197e-05,1.959612645074042e-11
2018-06-01,0.9999562917094337,4.3708283394720386e-05,5.8728286791690325e-12
2018-06-04,0.9999794713291382,2.052867037302289e-05,1.3404447073730748e-12
2018-06-05,0.9999827350219428,1.726498079793271e-05,5.77836071506185e-13
2018-06-06,0.9999801003084076,1.989968840997938e-05,5.603542715583423e-13
2018-06-07,0.9999858142824732,1.4185716964702923e-05,2.8781560746022564e-13
2018-06-08,0.9999886362775149,1.1363725886588587e-05,1.988170458116865e-13
2018-06-11,0.9999889455895579,1.1054406721665114e-05,1.4786551772112438e-13
2018-06-12,0.9999891539415986,1.0846057462207873e-05,1.7025753131494502e-13
2018-06-13,0.9999870337236899,1.2966276202253673e-05,1.4423177720841247e-13
2018-06-14,0.9999905016098628,9.498392800135223e-06,1.6814329322269047e-13
2018-06-15,0.9999893546758362,1.0645322302491125e-05,1.3298490449708148e-13
2018-06-18,0.9999887130379984,1.1286960388069625e-05,1.7794014204798201e-13
2018-06-19,0.9999870725476971,1.2927453226045109e-05,1.5487222965525374e-13
2018-06-20,0.9999907531737394,9.246826046636921e-06,3.006101857155799e-13
2018-06-21,0.9999805419430677,1.945805973778425e-05,2.7876600335723464e-13
2018-06-22,0.9999856206574547,1.4379335657983136e-05,3.705401856223405e-12
2018-06-25,0.9998377337368072,0.0001622662591879429,1.9945500473233116e-12
2018-06-26,0.9999839597780442,1.6040218140799358e-05,5.086230448645406e-12
2018-06-27,0.999973624630411,2.6375372495556695e-05,4.958519640927247e-13
2018-06-28,0.9999891370397325,1.0862963085041896e-05,3.498185425350058e-13
2018-06-29,0.9999916492509668,8.350745498496892e-06,1.1353117815074383e-13
2018-07-02,0.9999914972065619,8.502794247964087e-06,1.2804609991233859e-13
2018-07-03,0.9999880394303965,1.1960572488905896e-05,1.769192537602526e-13
2018-07-05,0.9999858897985688,1.411020026346398e-05,5.42868610452555e-13
2018-07-06,0.9999828111708033,1.7188829199228837e-05,7.986283287198007e-13
2018-07-09,0.9999792828202402,2.0717178349244083e-05,8.412048991157516e-13
2018-07-10,0.9999836748343274,1.63251626551786e-05,1.3892860473093466e-12
2018-07-11,0.9999578621283708,4.21378713740595e-05,1.476855157227199e-12
2018-07-12,0.9999700374296993,2.9962569320981308e-05,2.804368981183543e-12
2018-07-13,0.9999786552529907,2.1344746771458416e-05,1.1212032080468188e-12
2018-07-16,0.9999769370300964,2.3062966590828428e-05,7.855029825523487e-13
2018-07-17,0.9999784396928189,2.1560307367384403e-05,8.92699333981616e-13
2018-07-18,0.9999789692548403,2.1030747312849675e-05,1.1403979998205785e-12
2018-07-19,0.9999682990896759,3.1700909039728527e-05,1.0602771438707906e-12
2018-07-20,0.9999765005701126,2.349943153977696e-05,1.1037103080632253e-12
2018-07-23,0.9999799999240231,2.0000078656955706e-05,5.704112125401751e-13
2018-07-24,0.999985667019191,1.4332977813337225e-05,7.125951386154849e-13
2018-07-25,0.9999817212880606,1.8278709269612562e-05,5.096861450747053e-13
2018-07-26,0.9999880907034578,1.190929657695475e-05,5.629475120254906e-13
2018-07-27,0.9999787458512852,2.125414790500153e-05,4.957677386333189e-13
2018-07-30,0.9999815769138831,1.8423086777801334e-05,4.578388222546165e-13
2018-07-31,0.9999883016673586,1.169832913522765e-05,3.305658180640751e-13
2018-08-01,0.9999886245706322,1.1375432356583727e-05,1.56054414363359e-13
2018-08-02,0.9999897775864598,1.0222411590133193e-05,1.6390290795542173e-13
2018-08-03,0.9999911303850691,8.869615812151153e-06,1.1783077503426802e-13
2018-08-06,0.9999920985959058,7.901405176735585e-06,9.618507978009925e-14
2018-08-07,0.9999923457800912,7.654218338061865e-06,7.334682216271255e-14
2018-08-08,0.9999932380461698,6.761955193561924e-06,6.246192035311716e-14
2018-08-09,0.9999935074949223,6.492504828491945e-06,1.0773344317405359e-13
2018-08-10,0.9999878752212866,1.2124778907369251e-05,1.1566418933925965e-13
2018-08-13,0.999991065753313,8.934247156292597e-06,1.5642048536614577e-13
2018-08-14,0.999991028740848,8.971257864755818e-06,3.093590668653401e-13
2018-08-15,0.9999823945421668,1.7605454463422717e-05,2.481090468885834e-13
2018-08-16,0.9999879394526636,1.2060546485277024e-05,3.604112519967276e-13
2018-08-17,0.9999913161822921,8.683820102978894e-06,1.3685462961542347e-13
2018-08-20,0.9999916078729423,8.392127071471206e-06,8.889303506077773e-14
2018-08-21,0.9999917685902342,8.231410475936154e-06,8.560876588913389e-14
2018-08-22,0.9999919053334654,8.094663148899923e-06,8.600326025815999e-14
2018-08-23,0.9999915275033923,8.472493163121053e-06,9.149848080196974e-14
2018-08-24,0.9999910664809022,8.933519152571166e-06,1.6641173356689507e-13
2018-08-27,0.9999897256948619,1.0274307523635907e-05,1.613441617259068e-13
2018-08-28,0.9999929218061364,7.078190507978498e-06,9.965000201014593e-14
2018-08-29,0.9999922486031498,7.751393281661812e-06,1.1356494042516864e-13
2018-08-30,0.9999907880325306,9.211967895437828e-06,7.845103490837345e-14
2018-08-31,0.9999930732759613,6.926723091380536e-06,8.415752092156942e-14
2018-09-04,0.9999925568176488,7.443183682249413e-06,7.085137569877853e-14
2018-09-05,0.9999919196815378,8.080318344418523e-06,8.361280869729288e-14
2018-09-06,0.999991496639042,8.503360571956097e-06,8.564256814781767e-14
2018-09-07,0.9999921097571366,7.890243205338637e-06,6.902109808929279e-14
2018-09-10,0.9999935919245899,6.408077036030873e-06,6.523619217881142e-14
2018-09-11,0.9999936766889566,6.323313205534765e-06,5.6048113986419e-14
2018-09-12,0.9999940628798674,5.937121188188625e-06,5.431733446336177e-14
2018-09-13,0.9999934346048549,6.565397763840478e-06,6.834346647475368e-14
2018-09-14,0.9999949597676878,5.040232137404905e-06,7.44020840147636e-14
2018-09-17,0.9999924844878951,7.515511263446252e-06,5.769487082238872e-14
2018-09-18,0.9999936002118526,6.399789633797279e-06,8.607375952970167e-14
2018-09-19,0.9999945326348401,5.4673614749967225e-06,7.973265725667054e-14
2018-09-20,0.9999912630318847,8.7369648883242e-06,9.971846263140486e-14
2018-09-21,0.9999938682346238,6.1317684191029435e-06,8.042004445398871e-14
2018-09-24,0.9999929838550657,7.016141362494001e-06,5.013271015929797e-14
2018-09-25,0.9999943092641875,5.690735337514754e-06,6.347073593760008e-14
2018-09-26,0.9999933981598231,6.601839669999654e-06,4.84671038589716e-14
2018-09-27,0.9999940724258671,5.927571283797496e-06,6.129932876571273e-14
2018-09-28,0.999994217973271,5.782023199910535e-06,5.456579246131372e-14
2018-10-01,0.9999936422375156,6.3577659438811635e-06,6.259828595816533e-14
2018-10-02,0.9999938470326136,6.152970121783593e-06,5.6426776517270136e-14
2018-10-03,0.9999938705338124,6.129464072929469e-06,1.3568881721381175e-13
2018-10-04,0.999985430888675,1.4569109023529883e-05,4.928074384395033e-13
2018-10-05,0.9999704812644653,2.951871648582795e-05,1.679225100596683e-11
2018-10-08,0.9994423532453717,0.000557646292461758,4.6389555109568463e-10
2018-10-09,0.9758670818580139,0.02413290075856333,1.7380743214576814e-08
2018-10-10,6.210667070244213e-05,0.9999360052056814,1.8881262879682488e-06
2018-10-11,6.368512399402196e-06,0.9999745450661269,1.908642435575191e-05
2018-10-12,0.0005899953981818817,0.9993986746804764,1.1329923466378856e-05
2018-10-15,0.0004394285651847511,0.9995535865370518,6.9848964740127855e-06
2018-10-16,6.745514470684824e-05,0.9999130730087578,1.9471846733737847e-05
2018-10-17,0.00013441759834848256,0.9998590866646639,6.4957404702916444e-06
2018-10-18,3.6854060180659495e-06,0.9999856231967273,1.0691396256861426e-05
2018-10-19,4.780466791538615e-05,0.9999459180180722,6.27731369585739e-06
2018-10-22,1.831617160311032e-05,0.9999745846463296,7.0991805773569015e-06
2018-10-23,8.597435280343947e-06,0.9999762041400575,1.5198426645924879e-05
2018-10-24,1.0179514881390386e-11,0.9998377963435398,0.00016220364891210542
2018-10-25,3.0611712282284775e-07,0.9999553910729652,4.430280866391865e-05
2018-10-26,7.631498338795417e-10,0.9999511274810604,4.8871753602424496e-05
2018-10-29,1.9879126359988446e-08,0.9999776608259285,2.2319291845578582e-05
2018-10-30,1.1583512539799228e-08,0.9999729068108996,2.7081607455687596e-05
2018-10-31,4.641312798460716e-09,0.9999713174877664,2.8677869361814227e-05
2018-11-01,1.6482798168747967e-09,0.9999642854429535,3.571290607570835e-05
2018-11-02,1.3829749986738644e-10,0.9999517543980562,4.8245462094325244e-05
2018-11-05,3.202123136791565e-10,0.9999555489178364,4.445076351530604e-05
2018-11-06,1.4362942081710478e-10,0.9999475231179379,5.247673750003708e-05
2018-11-07,7.996981401710836e-11,0.9999302665614329,6.973335561177662e-05
2018-11-08,9.40904160227313e-10,0.9999665230426479,3.3476014846315694e-05
2018-11-09,2.0946202560148587e-10,0.9999513670812149,4.863270960971403e-05
2018-11-12,3.4935988258820925e-12,0.9998997415299375,0.00010025846496599983
2018-11-13,1.5516472861796598e-09,0.9999693116094551,3.068683884411666e-05
2018-11-14,3.8854494041268224e-10,0.9999725817518011,2.741786253490287e-05
2018-11-15,1.9070954905255266e-09,0.9999764408795608,2.3557209720447197e-05
2018-11-16,1.9889538322688284e-09,0.9999715093929383,2.8488619177063197e-05
2018-11-19,8.265891565679104e-12,0.9999014711805472,9.852880963013328e-05
2018-11-20,1.855839815265073e-12,0.9998757817479877,0.00012421825326314109
2018-11-21,5.453247941705055e-09,0.9999739363097109,2.6058236653693827e-05
2018-11-23,2.861194202786263e-09,0.999981816710505,1.8180425381133708e-05
2018-11-26,7.885382562394686e-09,0.9999788651162546,2.112699953872829e-05
2018-11-27,4.2374868795645826e-08,0.9999859749333513,1.3982695006695227e-05
2018-11-28,4.309956279000857e-09,0.9999642140610854,3.578162934439572e-05
2018-11-29,5.325536316151229e-08,0.9999862132030978,1.3733538488911541e-05
2018-11-30,1.5198211763416437e-07,0.9999841393167105,1.5708699808879657e-05
2018-12-03,1.3848472079421777e-07,0.9999262238347233,7.363768250639317e-05
2018-12-04,1.492093912129759e-14,0.9993685913243601,0.0006314086753743026
2018-12-06,2.153740578815729e-08,0.9998696503223382,0.00013032814025040897
2018-12-07,5.533026774383146e-12,0.9998365996942925,0.00016340030114956908
2018-12-10,1.381084045074072e-08,0.9999661350943749,3.385109133053135e-05
2018-12-11,8.972553654968787e-09,0.9999784257960396,2.156523103822319e-05
2018-12-12,2.0608882321177488e-08,0.9999678186080586,3.21607858430249e-05
2018-12-13,1.4048450091812186e-08,0.9998270914567409,0.00017289449476028652
2018-12-14,3.280041750800373e-11,0.9984684193678094,0.0015315805962331287
2018-12-17,9.881427550223034e-12,0.9954525405673007,0.004547459422694934
2018-12-18,2.8498173894802913e-09,0.9901920681395039,0.00980792900929377
2018-12-19,4.085450261551635e-11,0.9506895568863745,0.04931044306974106
2018-12-20,1.4379434511879339e-11,0.833672501336341,0.16632749864828214
2018-12-21,1.8449024588903478e-13,0.5265328837379399,0.47346711626522525
2018-12-24,5.636188218634475e-17,0.13656053348644628,0.8634394665167135
2018-12-26,4.244009930757105e-20,0.007730779027105222,0.9922692209740374
2018-12-27,1.2117162114208825e-14,0.006863402196596656,0.9931365978046474
2018-12-28,4.253092176263004e-15,0.005824776363831018,0.9941752236351229
2018-12-31,2.604000820445806e-15,0.004309472930041941,0.9956905270675417
2019-01-02,6.727149594294945e-17,0.0023168770575716507,0.9976831229459172
2019-01-03,4.452125918188546e-22,0.0002716722113770309,0.999728327790319
2019-01-04,3.6126647149705105e-20,0.0003207526827700063,0.9996792473141177
2019-01-07,3.608404054093648e-18,0.0017815085365107098,0.9982184914651907
2019-01-08,4.413296916795204e-17,0.00493457672691647,0.9950654232724174
2019-01-09,8.665158808958297e-17,0.010310620042665924,0.9896893799569839
2019-01-10,1.7409135828196206e-16,0.0201838597168499,0.9798161402832632
2019-01-11,2.1678237980079488e-16,0.03885270686758759,0.9611472931302122
2019-01-14,8.789432262233889e-17,0.07756081473747914,0.922439185261727
2019-01-15,5.170445337231533e-15,0.1983534076885468,0.801646592309687
2019-01-16,4.4513309536835455e-14,0.37566370826107887,0.6243362917420389
2019-01-17,3.6970067193597626e-13,0.555238685099954,0.444761314897552
2019-01-18,3.1817851008998702e-12,0.7054943638080702,0.29450563618646014
2019-01-22,1.7748790285354603e-13,0.806573528360951,0.1934264716415549
2019-01-23,2.327991925485171e-10,0.9529474074521717,0.04705259231529564
2019-01-24,9.40089688596182e-09,0.9940893205568251,0.005910670038913304
2019-01-25,1.164797650771805e-06,0.9995921337535354,0.00040670144993804817
2019-01-28,4.849092774630464e-07,0.9999625817742938,3.693331300837154e-05
2019-01-29,5.992151839520728e-06,0.9999847241418027,9.283703685217855e-06
2019-01-30,0.00024964004482818476,0.999738278369352,1.2081584194345565e-05
2019-01-31,0.018488287097796315,0.981506318489068,5.3944134436632684e-06
2019-02-01,0.29794342494285175,0.702055562783143,1.012272452471269e-06
2019-02-04,0.8277358407495792,0.17226391566107424,2.4358830057720287e-07
2019-02-05,0.9741194429200869,0.025880521595096802,3.548553702810423e-08
2019-02-06,0.9959735828026913,0.004026406441879134,1.0755018058190791e-08
2019-02-07,0.9984788800354029,0.0015211190166029946,9.44908224078193e-10
2019-02-08,0.9998444559661421,0.00015554395627159732,7.990081693995326e-11
2019-02-11,0.999960664502077,3.933548807796266e-05,1.169677865571885e-11
2019-02-12,0.9999529944241083,4.7005572364724384e-05,3.8131074399750975e-12
2019-02-13,0.9999795077882141,2.049221053384479e-05,1.7472818949914948e-12
2019-02-14,0.9999732706790234,2.6729316823635755e-05,1.0420021350775988e-12
2019-02-15,0.9999698144646838,3.0185530577639332e-05,1.5649561118185256e-12
2019-02-19,0.9999821304223143,1.786957750577246e-05,5.674333327228144e-13
2019-02-20,0.9999873033017364,1.2696700293811892e-05,5.702396071658597e-13
2019-02-21,0.9999791928112373,2.080718979011929e-05,4.573429381841272e-13
2019-02-22,0.9999834683242151,1.6531678145865578e-05,8.551315605302521e-13
2019-02-25,0.9999832877233972,1.671227741416116e-05,6.930028362666665e-13
2019-02-26,0.9999809300933771,1.9069905392922208e-05,1.0892196062582523e-12
2019-02-27,0.9999767204662362,2.327953154374968e-05,1.7378059889449579e-12
2019-02-28,0.9999751056790995,2.4894319910322092e-05,3.45856270467986e-12
2019-03-01,0.9999716712274658,2.8328764120216896e-05,1.001632828676169e-11
2019-03-04,0.9999551485106647,4.485148012534281e-05,1.1400574796617697e-11
2019-03-05,0.9999555403034857,4.445965891778157e-05,3.516937836488416e-11
2019-03-06,0.9999109584522932,8.904148064351943e-05,6.982864658957959e-11
2019-03-07,0.9998648223105171,0.0001351776116429019,7.995275276395215e-11
2019-03-08,0.9999364445945658,6.355524073313762e-05,1.6110205895924375e-10
2019-03-11,0.9998591378292644,0.00014086201618423506,1.5194922240659717e-10
2019-03-12,0.9999386677846527,6.133214666408019e-05,6.639621875707925e-11
2019-03-13,0.9999472462895928,5.2753667227952286e-05,3.972307292517097e-11
2019-03-14,0.999951253683661,4.8746300239812054e-05,1.9591785535142597e-11
2019-03-15,0.9999581668035794,4.1833179397151584e-05,1.6116163923392416e-11
2019-03-18,0.9999670089440522,3.299104466864124e-05,1.2514826596266007e-11
2019-03-19,0.9999677844194347,3.2215561899868955e-05,1.7639269726993836e-11
2019-03-20,0.9999318105732251,6.818931301044675e-05,1.1258680825186303e-10
2019-03-21,0.9995273255061053,0.0004726727708442992,1.7251985877393773e-09
2019-03-22,0.996060866332143,0.003939132891796547,7.763741861822835e-10
2019-03-25,0.9996617126665331,0.0003382870503503827,2.8046111924822787e-10
2019-03-26,0.9999498206237284,5.017932456790126e-05,4.9672228103053264e-11
2019-03-27,0.9999507490115906,4.925098811788995e-05,3.663446627187752e-12
2019-03-28,0.9999781253418972,2.1874655396540737e-05,1.9024179744926143e-12
2019-03-29,0.9999788065751386,2.1193426167270976e-05,1.5786386934295221e-12
2019-04-01,0.9999638015218614,3.619847948724135e-05,2.1579558943629357e-12
2019-04-02,0.9999755380058316,2.446199242847636e-05,1.1751695070008339e-12
2019-04-03,0.9999798172866046,2.018271074507078e-05,6.159919286779363e-13
2019-04-04,0.9999834217152023,1.657828415323198e-05,4.885575708061054e-13
2019-04-05,0.9999837239171373,1.627608214205475e-05,4.095440255016334e-13
2019-04-08,0.9999853355022649,1.4664493691068971e-05,6.54749547788313e-13
2019-04-09,0.9999729010048427,2.709899729530005e-05,4.835122279510165e-13
2019-04-10,0.9999860315031299,1.3968498249800834e-05,6.09613693663733e-13
2019-04-11,0.9999849728302659,1.5027168693195167e-05,3.108679586674789e-13
2019-04-12,0.9999849324711363,1.5067528183280595e-05,4.47006368457369e-13
2019-04-15,0.999984369036903,1.5630965694680798e-05,3.213754445772657e-13
2019-04-16,0.9999854512174046,1.4548784128634321e-05,3.8849210983016633e-13
2019-04-17,0.9999821496304994,1.785037244232329e-05,2.6860374641394756e-13
2019-04-18,0.9999885713621609,1.1428635162535125e-05,1.4677093171189447e-13
2019-04-22,0.9999937835357242,6.216465018910163e-06,1.8326251047844544e-13
2019-04-23,0.999989671744192,1.0328254774899789e-05,1.7908012413779917e-13
2019-04-24,0.9999925882350004,7.4117641822439385e-06,1.0634541887155488e-13
2019-04-25,0.9999936732620022,6.326736307624449e-06,8.325079117687706e-14
2019-04-26,0.9999932542787215,6.7457190047665415e-06,8.828062670174396e-14
2019-04-29,0.9999938756342274,6.124365763102466e-06,7.004860341970248e-14
2019-04-30,0.9999945498714896,5.450129502196664e-06,1.589594022914892e-13
2019-05-01,0.9999880749293697,1.1925072928067494e-05,1.1769845415924025e-13
2019-05-02,0.9999931824218514,6.817581421480816e-06,2.645640171765279e-13
2019-05-03,0.9999880020396982,1.1997958353306715e-05,6.21944019435575e-13
2019-05-06,0.9999828073146121,1.719268024477366e-05,6.680929971815411e-12
2019-05-07,0.9996906367756004,0.0003093632172995196,6.410356444756321e-12
2019-05-08,0.9999754779297211,2.4522036387355396e-05,3.501976724920445e-11
2019-05-09,0.9999195826853164,8.041725356743947e-05,6.282107617261974e-11
2019-05-10,0.9981985730587282,0.0018014258320533157,1.106417357843342e-09
2019-05-13,0.9414642562817275,0.05853573827134454,5.4494470320383015e-09
2019-05-14,0.9936600149613696,0.00633997318233906,1.1855000958768064e-08
2019-05-15,0.9987477719067062,0.001252221813547486,6.28119327496034e-09
2019-05-16,0.9987953627023473,0.0012046306835984193,6.616622244677317e-09
2019-05-17,0.9957468403940093,0.0042531523099726765,7.2961505058192806e-09
2019-05-20,0.9876705610160715,0.012329412009442833,2.697449108163635e-08
2019-05-21,0.9694560585386857,0.030543838210472955,1.0324845530978947e-07
2019-05-22,0.8717775306529338,0.1282222778187905,1.9152569372351465e-07
2019-05-23,0.5529009622332628,0.44709801865715953,1.019109656336739e-06
2019-05-24,0.46468679559252096,0.5353104505180017,2.753892270566701e-06
2019-05-28,0.19735370815016715,0.8026424894681096,3.802378444428608e-06
2019-05-29,0.09707098438666378,0.9029238117500582,5.203861439114808e-06
2019-05-30,0.05022003499264525,0.9497741504014685,5.814603441665737e-06
2019-05-31,0.001622761060724657,0.9983682403216877,8.998617836598162e-06
2019-06-03,0.0004025383049782662,0.9995902805319452,7.181163817251246e-06
2019-06-04,6.478513284680399e-06,0.999972115506778,2.140597681719143e-05
2019-06-05,2.5147246838030574e-05,0.9999661250757207,8.727678103792366e-06
2019-06-06,2.1744729352901175e-05,0.9999707747752501,7.48049458827556e-06
2019-06-07,1.4780864727532393e-05,0.9999767076099184,8.511525209294567e-06
2019-06-10,1.815533396902148e-05,0.9999747730161024,7.071648127901383e-06
2019-06-11,6.299792044377924e-05,0.999930375605887,6.626474095193835e-06
2019-06-12,8.711523727647346e-05,0.9999062374421873,6.647322946517776e-06
2019-06-13,0.00016292214481240493,0.9998299525201414,7.12533816234422e-06
2019-06-14,0.00030251039563896276,0.999690752965798,6.73663992165582e-06
2019-06-17,0.0009634954139133318,0.9990295560437937,6.948545868345034e-06
2019-06-18,0.0031366965324383534,0.9968536551518846,9.648317595845246e-06
2019-06-19,0.012353080196438429,0.987639876309519,7.043494718250029e-06
2019-06-20,0.03466176311336995,0.9653299130148061,8.323870788622094e-06
2019-06-21,0.09887038101591605,0.9011238682175771,5.750763905466253e-06
2019-06-24,0.19204058429724086,0.8079546145537619,4.801151554679737e-06
2019-06-25,0.2987548585881916,0.7012427104899494,2.430922778110815e-06
2019-06-26,0.6922733583859766,0.30772602205021926,6.195625701708908e-07
2019-06-27,0.9110435273692638,0.08895636909456428,1.0353522416320461e-07
2019-06-28,0.9863554828171521,0.013644499828085112,1.735124714764914e-08
2019-07-01,0.9982026985624389,0.0017973003579833309,1.0772426614181155e-09
2019-07-02,0.9999010757640169,9.892417253304153e-05,6.336853682589184e-11
2019-07-03,0.9999779266689643,2.2073329325312406e-05,3.8470364035961775e-12
2019-07-05,0.9999873441702722,1.2655827920641051e-05,5.361839754679846e-13
2019-07-08,0.9999830575086963,1.6942491130880947e-05,2.3076207663213777e-13
2019-07-09,0.9999902909365334,9.709062445211999e-06,2.04988140783695e-13
2019-07-10,0.9999904646192463,9.535382036127638e-06,1.219132813564248e-13
2019-07-11,0.9999917627840679,8.237218049959927e-06,9.903513483258664e-14
2019-07-12,0.9999917160145987,8.283988604783364e-06,9.268187418813785e-14
2019-07-15,0.9999922075452402,7.792454654541789e-06,1.0124121436410535e-13
2019-07-16,0.9999897945174403,1.0205479240068661e-05,1.710015667358064e-13
2019-07-17,0.9999842703982924,1.5729597935965377e-05,1.7748828316316445e-13
2019-07-18,0.9999919605429863,8.039455138566549e-06,2.7031676271130653e-13
2019-07-19,0.9999877768006061,1.2223201170242887e-05,1.0988057513456056e-13
2019-07-22,0.9999926175132372,7.382483708313152e-06,1.5531523651957427e-13
2019-07-23,0.9999905551385759,9.444858783924785e-06,1.1404145693873365e-13
2019-07-24,0.9999928208602201,7.1791370121785906e-06,1.856141625924844e-13
2019-07-25,0.9999893783151711,1.0621686523931718e-05,1.2736043059628687e-13
2019-07-26,0.9999908465525204,9.153445506924575e-06,2.472361734689184e-13
2019-07-29,0.999990756193234,9.24380428831653e-06,4.518149453913159e-13
2019-07-30,0.9999745605562466,2.5439434974974213e-05,1.2298895339979107e-11
2019-07-31,0.999347750948545,0.0006522487002483854,3.5256859560460947e-10
2019-08-01,0.9948082767162323,0.005191710835104113,1.2448563150513666e-08
2019-08-02,0.9353710917057868,0.06462879030599844,1.1799095485443062e-07
2019-08-05,0.015843755646421643,0.984152485225154,3.759127618342897e-06
2019-08-06,0.04412572652008283,0.9558619415989924,1.2331881272972033e-05
2019-08-07,0.04845762402024219,0.9515351944941064,7.181483880277804e-06
2019-08-08,0.03226886105095029,0.9677141082282419,1.703072158676094e-05
2019-08-09,0.018630391789840828,0.9813630450513898,6.563161507102162e-06
2019-08-12,0.004343252074137989,0.9956484892751054,8.258652968618372e-06
2019-08-13,0.0022097105022796416,0.9977744410438176,1.5848455573800294e-05
2019-08-14,5.1424927818301165e-09,0.999921156807976,7.883804762861232e-05
2019-08-15,0.00010365158710171855,0.9998872777813508,9.070631824615818e-06
2019-08-16,5.61317749618637e-05,0.9999340407520186,9.827472379231e-06
2019-08-19,3.9136756298773356e-05,0.9999521570811347,8.706162002168863e-06
2019-08-20,4.157762038037795e-06,0.9999870315045516,8.810734790340612e-06
2019-08-21,1.9666672762565696e-05,0.9999722474016685,8.085929016388765e-06
2019-08-22,7.919623354252037e-06,0.9999797983694967,1.2282007999141451e-05
2019-08-23,8.528624826554026e-11,0.9999052782266867,9.472168992447456e-05
2019-08-26,1.2286311145373174e-06,0.9999782877741109,2.048359483989806e-05
2019-08-27,1.6346927059919692e-07,0.9999845910156487,1.5245516995546804e-05
2019-08-28,3.8692986719684456e-07,0.9999856159281503,1.3997138651814071e-05
2019-08-29,2.1335375666475538e-07,0.9999822769138378,1.7509732186447077e-05
2019-08-30,1.1817475317058341e-07,0.999984761648792,1.5120179413285592e-05
2019-09-03,2.853239247433865e-07,0.9999877523827911,1.1962294686492146e-05
2019-09-04,1.48676302464778e-06,0.9999870327996553,1.1480437169349542e-05
2019-09-05,1.4180792002479564e-06,0.9999864970125039,1.2084909893472533e-05
2019-09-06,2.3290575978758123e-06,0.9999892567788734,8.414160829740006e-06
2019-09-09,2.925161433048262e-06,0.9999891158232708,7.959011975001517e-06
2019-09-10,9.473849714040602e-06,0.9999830671200736,7.459030833110372e-06
2019-09-11,0.000327146365331561,0.999665313882842,7.539748615431307e-06
2019-09-12,0.009732742267903785,0.9902609696829716,6.2880506078154455e-06
2019-09-13,0.0419656018135759,0.9580291496562038,5.248529383464328e-06
2019-09-16,0.1364645878724012,0.8635314686848835,3.9434403235511915e-06
2019-09-17,0.35814788903044176,0.6418494379312293,2.6730359280346195e-06
2019-09-18,0.5825612277498811,0.4174372061156406,1.5661348151450011e-06
2019-09-19,0.7526850494742175,0.24731409789104744,8.526351939554863e-07
2019-09-20,0.862954116356887,0.1370457698428952,1.138008738466651e-07
2019-09-23,0.9820050781361533,0.01799488351776614,3.834524894288359e-08
2019-09-24,0.9960525601676185,0.003947436427799635,3.405059951040308e-09
2019-09-25,0.9996308154846963,0.0003691841628552219,3.530728857763343e-10
2019-09-26,0.9999447965195949,5.520345461971911e-05,2.7723041868809288e-11
2019-09-27,0.9999646905538866,3.530943628507962e-05,7.683045708945634e-12
2019-09-30,0.999949393037248,5.060691712181144e-05,4.3707283439577606e-11
2019-10-01,0.9993803683485933,0.0006196313408759271,3.08404074003764e-10
2019-10-02,0.9981671348237658,0.0018328643149903405,8.634159957975935e-10
2019-10-03,0.9997406410501347,0.0002593578998520369,1.0521103978915463e-09
2019-10-04,0.9997500804523493,0.0002499186962943179,8.505336166565408e-10
2019-10-07,0.999509473654481,0.0004905254435265113,9.012320908189816e-10
2019-10-08,0.9977428578218964,0.0022571410939713193,1.0805351624466402e-09
2019-10-09,0.9993533301068227,0.0006466684822715564,1.4086134235279728e-09
2019-10-10,0.9997113502011048,0.0002886492352315942,5.664467284775358e-10
2019-10-11,0.9996899516144852,0.00031004796765075833,4.202235821255008e-10
2019-10-14,0.9996660340636534,0.000333965585958103,3.526416139789712e-10
2019-10-15,0.9995879351961416,0.00041206420811319586,5.979924540504132e-10
2019-10-16,0.9995381435958447,0.00046185589440469896,5.074894294382338e-10
2019-10-17,0.9995477397393262,0.0004522595679855324,6.927531632069559e-10
2019-10-18,0.9993850006142277,0.0006149987935563659,5.951784865218897e-10
2019-10-21,0.9995460453620801,0.0004539539024323687,7.328919666798228e-10
2019-10-22,0.9995752194674562,0.0004247802007896631,3.350883700907876e-10
2019-10-23,0.999750466811054,0.00024953297235209604,2.1595375758435247e-10
2019-10-24,0.9998097735224738,0.0001902263724789212,1.03661166640851e-10
2019-10-25,0.9998547414370466,0.000145258494093795,6.880943570257766e-11
2019-10-28,0.9998752702681856,0.00012472969173251783,4.0867351068686266e-11
2019-10-29,0.9999095288040218,9.047118381370598e-05,1.12737468695426e-11
2019-10-30,0.9999663816609827,3.361833199527998e-05,5.883443848291624e-12
2019-10-31,0.9999659839778644,3.40160179326827e-05,1.9719330319652766e-12
2019-11-01,0.9999711051450567,2.8894851323745824e-05,1.7553240393901729e-12
2019-11-04,0.999983376648669,1.6623349646325744e-05,4.13344310619695e-13
2019-11-05,0.9999909102165687,9.08978486385982e-06,1.5896213211879024e-13
2019-11-06,0.9999926513971222,7.348600804262836e-06,7.996682123064668e-14
2019-11-07,0.9999930144429774,6.985556538980572e-06,6.539646624131232e-14
2019-11-08,0.9999939377414231,6.0622552341615355e-06,6.477366968988311e-14
2019-11-11,0.9999935878209761,6.412180278916726e-06,4.2994313570915583e-14
2019-11-12,0.9999946894745373,5.310524206154981e-06,5.089976913701787e-14
2019-11-13,0.9999948760800486,5.123918509130712e-06,3.966329303380051e-14
2019-11-14,0.9999949035029927,5.096496433556019e-06,5.613242035846236e-14
2019-11-15,0.9999929501457911,7.049854385925225e-06,7.954310727666571e-14
2019-11-18,0.9999951987453397,4.801254054537738e-06,5.502359808409937e-14
2019-11-19,0.9999953253682301,4.674629611096144e-06,4.9039486321716116e-14
2019-11-20,0.9999941425147538,5.857486181022219e-06,4.3961428121938734e-14
2019-11-21,0.9999947519092,5.248089852669408e-06,4.86394725482232e-14
2019-11-22,0.9999949583416072,5.041654800293803e-06,7.567287647436698e-14
2019-11-25,0.9999923657087868,7.634293896073692e-06,9.957823086932209e-14
2019-11-26,0.9999947769965705,5.223000115682039e-06,8.370192369436733e-14
2019-11-27,0.9999942119851926,5.7880165279885415e-06,8.449264167297606e-14
2019-11-29,0.9999931996439259,6.800358487055496e-06,1.560650491792652e-13
2019-12-02,0.9999862489639371,1.3751034401483723e-05,2.6044977295104796e-13
2019-12-03,0.9999887561912169,1.124380852610042e-05,2.5623236147586317e-13
2019-12-04,0.9999924430734565,7.556927656795159e-06,1.7175602809069666e-13
2019-12-05,0.999993684474182,6.315523186462636e-06,1.3203061838748469e-13
2019-12-06,0.9999891061026973,1.0893899646920981e-05,2.06975769585544e-13
2019-12-09,0.9999911337901871,8.86621156028718e-06,1.3398766630721134e-13
2019-12-10,0.9999924590877183,7.540908749750678e-06,9.303391861546559e-14
2019-12-11,0.9999929243308758,7.075670858200986e-06,1.3140919487199654e-13
2019-12-12,0.9999890448616311,1.0955141658645329e-05,1.7361582109146206e-13
2019-12-13,0.9999921061773938,7.893821109416719e-06,1.4796785712643476e-13
2019-12-16,0.9999907402153788,9.259787863944604e-06,1.4831011525170755e-13
2019-12-17,0.9999921057844952,7.894218402419948e-06,1.0689431007595408e-13
2019-12-18,0.9999921231593449,7.876840819288308e-06,8.911206466761131e-14
2019-12-19,0.9999922766954049,7.723300861857531e-06,1.1039667209821343e-13
2019-12-20,0.9999921310609726,7.868936745234961e-06,1.112196316250077e-13
2019-12-23,0.9999923861977272,7.6138057473769615e-06,9.606603299714215e-14
2019-12-24,0.9999924697469159,7.530254552869625e-06,1.0150332088613723e-13
2019-12-26,0.9999918433064308,8.156692851112237e-06,1.2644058422181838e-13
2019-12-27,0.9999923368016282,7.663195838529112e-06,1.5680283559078502e-13
2019-12-30,0.9999877265316307,1.2273469537820479e-05,1.1063953110022932e-13
2019-12-31,0.9999933435322955,6.656468496819367e-06,2.5213099869678965e-13
2020-01-02,0.9999887567150799,1.1243287482096834e-05,5.654302658307549e-13
2020-01-03,0.999983825516961,1.6174481989992953e-05,2.7321315623338036e-13
2020-01-06,0.9999923308790442,7.669120904267354e-06,2.6862187924587037e-13
2020-01-07,0.9999917053117537,8.29468480195281e-06,1.1208243343805352e-13
2020-01-08,0.999992260826664,7.739170693099615e-06,1.8607546146891066e-13
2020-01-09,0.999991073815002,8.926188313130428e-06,2.2511514190065054e-13
2020-01-10,0.9999907188315377,9.281165886871042e-06,1.700335982739522e-13
2020-01-13,0.9999906556913655,9.344311308170339e-06,2.5951529110467766e-13
2020-01-14,0.9999915802681911,8.419728998346215e-06,1.380965510411433e-13
2020-01-15,0.9999926145592203,7.385442654407112e-06,1.994159756880907e-13
2020-01-16,0.9999888345305747,1.1165467280553826e-05,2.5116188914418867e-13
2020-01-17,0.9999919300496936,8.06994708538685e-06,2.29911405371428e-13
2020-01-21,0.9999907809821927,9.21901697816934e-06,1.38987122296765e-13
2020-01-22,0.999991760353918,8.239649116134143e-06,1.7355314154593308e-13
2020-01-23,0.9999908081867478,9.191812138483343e-06,1.0397961816970868e-12
2020-01-24,0.9999415322230589,5.8467765208583754e-05,1.483951011467463e-11
2020-01-27,0.9996154426709148,0.00038455729584850856,3.563913937723976e-11
2020-01-28,0.99995445137447,4.554860224756607e-05,2.6577893056080925e-11
2020-01-29,0.9999801868614806,1.981313563289501e-05,6.3735383611443655e-12
2020-01-30,0.9999234932347841,7.650672523680184e-05,4.227626881070475e-11
2020-01-31,0.9983611701837354,0.0016388297508033091,6.779725417708319e-11
2020-02-03,0.9998668997906448,0.0001330999638269322,2.4383986805821646e-10
2020-02-04,0.9999059947535799,9.400518724815077e-05,5.572947922622697e-11
2020-02-05,0.9999474325734012,5.2567415431574944e-05,1.2349987919262979e-11
2020-02-06,0.9999654482238179,3.455177189934063e-05,6.435960967679989e-12
2020-02-07,0.9999279834404498,7.201655882975063e-05,3.771154479710893e-12
2020-02-10,0.9999637900553674,3.6209938051845224e-05,4.863441021670681e-12
2020-02-11,0.9999681827871871,3.181721390336348e-05,1.9624015161304584e-12
2020-02-12,0.9999679642025714,3.203579645747148e-05,2.8516455401948823e-12
2020-02-13,0.999954004185481,4.599580964194573e-05,5.457718315108003e-12
2020-02-14,0.9999137273662654,8.627258291755967e-05,4.8030058868850226e-11
2020-02-18,0.9993057283356774,0.0006942712511333778,4.1343607451142206e-10
2020-02-19,0.994351647186177,0.0056483455894471395,7.226959960551e-09
2020-02-20,0.930055028023291,0.06994470699076903,2.649831551683134e-07
2020-02-21,0.5250222137429995,0.4749265401264092,5.124613154312666e-05
2020-02-24,4.97814384191138e-07,0.9942532315548563,0.00574627063188004
2020-02-25,4.933142508504388e-10,0.9791047562661301,0.02089524324206652
2020-02-26,3.0398658195291563e-05,0.9527268172364138,0.047242784102567166
2020-02-27,5.711938106383033e-18,0.30972839624628407,0.6902716037532063
2020-02-28,1.3547740574876646e-07,0.2949608906492209,0.7050389738709438
2020-03-02,1.0004802444890188e-12,0.06092083682667215,0.9390791631744114
2020-03-03,4.7386619038454925e-17,0.010156061165060975,0.989843938836145
2020-03-04,8.168545711950455e-17,0.0010827333992732922,0.9989172666016258
2020-03-05,2.755284948089475e-24,1.1389493247229616e-05,0.9999886105063662
2020-03-06,5.931696018277137e-32,1.9184868339346883e-05,0.9999808151281698
2020-03-09,3.5087711512797353e-74,5.0367666469117136e-17,1.0
2020-03-10,4.131670964400105e-51,4.507404442245997e-09,0.9999999954961822
2020-03-11,2.898807769331419e-81,5.871193718202897e-14,1.0
2020-03-12,1.6951141642284694e-139,1.6230957076985303e-29,1.0
2020-03-13,1.4152990235310903e-130,2.9466305406449005e-19,1.0
2020-03-16,1.0157940679587789e-207,2.0516837566691736e-46,1.0
2020-03-17,1.913552433741173e-144,8.539752342839663e-24,1.0
2020-03-18,4.3112804273036664e-156,1.0963038062678496e-33,1.0
2020-03-19,1.5009269037217924e-146,3.793207018724886e-27,1.0
2020-03-20,6.6203177994269606e-170,8.715340869153529e-35,1.0
2020-03-23,3.0574253952696456e-173,1.0238364708200395e-32,1.0
2020-03-24,1.0623922318486449e-180,6.351894376267264e-36,1.0
2020-03-25,2.218183440100347e-179,2.3490671950151286e-35,1.0
2020-03-26,8.29214252461183e-190,2.0477916388021158e-36,1.0
2020-03-27,1.6605670564195762e-209,3.7306631421772654e-43,1.0
2020-03-30,3.4393890123678415e-198,5.1914979614300655e-37,1.0
2020-03-31,2.750399219200203e-213,4.967948805072547e-41,1.0
2020-04-01,2.0578751227178543e-233,1.632459544641809e-46,1.0
2020-04-02,2.682430529648813e-212,1.5924900088372062e-38,1.0
2020-04-03,9.434913848034773e-216,1.8497871843714247e-42,1.0
2020-04-06,5.776813461610067e-208,1.9692293611178206e-38,1.0
2020-04-07,9.755444192476597e-201,1.4187283464131474e-38,1.0
2020-04-08,4.6602225356721065e-186,7.778722818437373e-36,1.0
2020-04-09,1.0617348637907937e-165,2.603137282992455e-30,1.0
2020-04-13,4.164920320557131e-147,1.056956495389201e-28,1.0
2020-04-14,6.282178944627319e-117,8.95540527700213e-19,1.0
2020-04-15,2.8205118463630064e-107,2.395650489675052e-20,1.0
2020-04-16,2.0646303796512335e-90,8.144271482364675e-16,1.0
2020-04-17,2.077411976153838e-80,8.086876010933638e-15,1.0
2020-04-20,2.6802445672134948e-80,5.028074506953045e-15,1.0
2020-04-21,2.198381023812567e-76,6.623830252943149e-16,1.0
2020-04-22,5.797695874175265e-54,1.0571389539499529e-09,0.9999999989449861
2020-04-23,6.137236072366649e-45,1.174277412136093e-09,0.9999999988285708
2020-04-24,6.789463050372016e-38,5.201405826508994e-08,0.9999999479841803
2020-04-27,1.0988072677985529e-32,3.005711953134877e-07,0.9999996994302361
2020-04-28,5.50733150585339e-31,3.4818959924081477e-07,0.999999651809109
2020-04-29,2.8781662044764713e-26,1.4683724529164731e-06,0.99999853162552
2020-04-30,6.955983939497452e-22,4.918166039994009e-05,0.9999508183407784
2020-05-01,9.155724968231255e-24,0.0007111269545644042,0.999288873048712
2020-05-04,6.083475094945476e-15,0.1970103113688848,0.8029896886276912
2020-05-05,5.550795661093585e-09,0.8011760938439282,0.19882390060625685
2020-05-06,3.5947882307385303e-09,0.9468675765843113,0.05313241981731235
2020-05-07,6.986536133745288e-07,0.9931638043224581,0.006835497023574618
2020-05-08,1.1035869211441466e-06,0.999058814661009,0.0009400817510518771
2020-05-11,1.1526408917184648e-06,0.9998805942222128,0.00011825313596346589
2020-05-12,1.2001074344379454e-09,0.9999121624294782,8.783637228680149e-05
2020-05-13,6.74784474379451e-09,0.9999542516949288,4.574155958743139e-05
2020-05-14,1.0125578580155759e-05,0.9999777813494812,1.2093075271692516e-05
2020-05-15,1.9486899641095276e-05,0.9999719179555052,8.595147511530768e-06
2020-05-18,4.7209875625662794e-07,0.9999539915622753,4.553633580050486e-05
2020-05-19,9.950717526560484e-07,0.9999881891823761,1.0815745577415782e-05
2020-05-20,2.097300064367722e-05,0.999968785806825,1.024119348248802e-05
2020-05-21,1.777334825627316e-06,0.9999915733779173,6.6492885362069555e-06
2020-05-22,1.1218049781301628e-05,0.9999833576296321,5.424321096171019e-06
2020-05-26,1.549140877304087e-05,0.9999769204485716,7.588143325615031e-06
2020-05-27,7.203792207071296e-06,0.9999837247102038,9.071496156876496e-06
2020-05-28,4.357958878942082e-06,0.9999898074976162,5.834542505733708e-06
2020-05-29,7.598094859862606e-06,0.999986113814892,6.2880930878982064e-06
2020-06-01,1.0871244962619084e-05,0.9999806369434022,8.491811331403937e-06
2020-06-02,5.51364544021077e-06,0.9999830147195155,1.1471632472395932e-05
2020-06-03,2.431738814168095e-06,0.9999807667803602,1.6801481111572697e-05
2020-06-04,4.873420647123818e-07,0.9999815596265265,1.7953028474762667e-05
2020-06-05,3.8869383310968e-08,0.9998811307237819,0.00011883040833315688
2020-06-08,3.768271748939188e-07,0.9998118504226496,0.00018777275337715732
2020-06-09,1.958700276498679e-08,0.9988019977440148,0.0011979826655077748
2020-06-10,4.888520496659326e-08,0.9849810255496013,0.015018925564907545
2020-06-11,2.7285363409171495e-29,0.8232322873082772,0.17676771269424657
2020-06-12,5.7797928398283896e-09,0.9885741097364404,0.01142588448600863
2020-06-15,7.269654017309656e-09,0.9993041136868591,0.0006958790407109141
2020-06-16,1.5779406699311373e-08,0.9999167874110795,8.319681307406213e-05
2020-06-17,4.926148169791318e-09,0.9999888337084006,1.1161366607122105e-05
2020-06-18,3.0077611541131265e-08,0.9999933730797631,6.596843328844337e-06
2020-06-19,8.82857997053575e-09,0.9999926760551617,7.315118851912141e-06
2020-06-22,1.0701773856390213e-07,0.999993185783321,6.707195405797902e-06
2020-06-23,1.3102251122105564e-07,0.9999912055959786,8.663377882554663e-06
2020-06-24,4.3266329230297563e-13,0.999941902293073,5.8097705797508074e-05
2020-06-25,2.2785910007903108e-07,0.9999855618758401,1.4210265598570395e-05
2020-06-26,1.3690181504921976e-12,0.9999411135089926,5.8886488594771363e-05
2020-06-29,2.902691837236232e-07,0.9999854798697092,1.4229860484986691e-05
2020-06-30,4.304405375771172e-07,0.9999894080589703,1.0161498652627043e-05
2020-07-01,5.435763542198729e-07,0.9999911552758997,8.30115137272654e-06
2020-07-02,5.874903468012696e-07,0.9999909391018583,8.473410849930916e-06
2020-07-06,1.7763727284104853e-06,0.9999869768555442,1.1246771711474888e-05
2020-07-07,3.295669411542262e-08,0.9999858246723933,1.4142368512045582e-05
2020-07-08,2.7878334108871832e-06,0.9999882011802886,9.01098776348651e-06
2020-07-09,1.2115879416621808e-05,0.9999768842078638,1.099991025453023e-05
2020-07-10,0.016793574267749307,0.983199207705218,7.218026901754672e-06
2020-07-13,0.03023830465510241,0.9697561604732149,5.534874648102865e-06
2020-07-14,0.1506526751431757,0.8493413621534448,5.962701868462808e-06
2020-07-15,0.29001650313697647,0.7099791493729684,4.347490934346606e-06
2020-07-16,0.38069568305321083,0.6193017306148281,2.586332343226147e-06
2020-07-17,0.5269448224563025,0.4730531252468946,2.0522978084414354e-06
2020-07-20,0.6264179272217716,0.3735800099183298,2.062857905947475e-06
2020-07-21,0.681445295901192,0.31855316407322953,1.5400265397585679e-06
2020-07-22,0.7180795365789252,0.28191892920765454,1.5342131668292372e-06
2020-07-23,0.7368006448700413,0.2631981435901328,1.2115383112221828e-06
2020-07-24,0.8468218233866001,0.15317801384188945,1.6277490606606653e-07
2020-07-27,0.9754760366603255,0.024523869446189225,9.389679495900549e-08
2020-07-28,0.9920344755406272,0.007965508529112385,1.5929345102722674e-08
2020-07-29,0.9982926873404826,0.0017073062443130923,6.415552860461117e-09
2020-07-30,0.9995507965113891,0.0004492030004169846,4.852242979491268e-10
2020-07-31,0.9998919964830122,0.00010800343728259368,8.035670463467077e-11
2020-08-03,0.9999522993993425,4.7700589904262917e-05,1.330859346128474e-11
2020-08-04,0.999966329465019,3.367053210709784e-05,4.96275983223811e-12
2020-08-05,0.9999661246682808,3.387532674035678e-05,4.082348469664899e-12
2020-08-06,0.9999664982833933,3.3501709852308434e-05,4.234175129783141e-12
2020-08-07,0.9999685958738983,3.1404121895926295e-05,3.1241194458441888e-12
2020-08-10,0.9999703028923698,2.9697099596750495e-05,9.870104059472726e-12
2020-08-11,0.9999049989437215,9.500103909549977e-05,1.6895690240523903e-11
2020-08-12,0.9999197105718225,8.028937877140025e-05,5.0317168504703204e-11
2020-08-13,0.9999594216944859,4.057829671734088e-05,9.008238334204969e-12
2020-08-14,0.9999682587821493,3.174121606824772e-05,3.368816104829017e-12
2020-08-17,0.9999742056368504,2.579436247722568e-05,2.6303614507510252e-12
2020-08-18,0.9999736724758473,2.6327522324508332e-05,3.184183197368627e-12
2020-08-19,0.9999582394509796,4.1760544104486096e-05,2.086758012665046e-12
2020-08-20,0.9999795827581478,2.041723629948472e-05,2.6112953551585638e-12
2020-08-21,0.9999804241839921,1.9575816734118126e-05,2.5915361703173163e-12
2020-08-24,0.9999666214612365,3.337853729082272e-05,4.613952637246236e-12
2020-08-25,0.9999749085856098,2.509140131552954e-05,1.1458182810291957e-11
2020-08-26,0.9999435436041642,5.645630212088817e-05,9.014898269074618e-11
2020-08-27,0.9998145532851652,0.00018544573000357938,9.813210030433728e-10
2020-08-28,0.998071750981482,0.0019282367528949266,1.226342259752261e-08
2020-08-31,0.9822301308902537,0.01776973498791139,1.3411953140651497e-07
2020-09-01,0.891274953528106,0.10872241804004773,2.628434183219059e-06
2020-09-02,0.5114602515572827,0.48851917511943665,2.0573322552735624e-05
2020-09-03,8.278309028672329e-08,0.9999208214783104,7.909573996916378e-05
2020-09-04,3.5994177091742496e-05,0.9999474589109836,1.6546912635859592e-05
2020-09-08,1.821719840168617e-09,0.999953394175612,4.6604003488413764e-05
2020-09-09,3.0674219165776115e-05,0.9999480016690503,2.1324113113618255e-05
2020-09-10,3.4191931312397865e-07,0.9999861506743821,1.3507404400027855e-05
2020-09-11,9.512741462988777e-05,0.9998991718724615,5.7007150179706465e-06
2020-09-14,0.00014793533371444862,0.9998440689745794,7.995691069256237e-06
2020-09-15,0.00015551853492940567,0.9998389385351716,5.54292933411392e-06
2020-09-16,4.679192519155064e-05,0.9999477584901181,5.4495881654687765e-06
2020-09-17,9.868349051836876e-06,0.9999835244791292,6.607172887149747e-06
2020-09-18,3.3793672726454138e-06,0.999988676171138,7.944458872670073e-06
2020-09-21,5.356634525448261e-06,0.9999866787853149,7.964579905156883e-06
2020-09-22,0.00013841099122601576,0.9998538454097512,7.743599650494602e-06
2020-09-23,9.8495993313652e-09,0.9999677219937314,3.2268156898307867e-05
2020-09-24,6.576003760975756e-05,0.999927227712343,7.0122512300045105e-06
2020-09-25,3.506477373241793e-05,0.9999542533246687,1.0681899841164241e-05
2020-09-28,1.588457291338929e-05,0.9999720187683478,1.2096661409307391e-05
2020-09-29,2.451261445800662e-06,0.9999876427354588,9.90599960041822e-06
2020-09-30,1.1459125552399259e-05,0.9999797470313783,8.79384247657923e-06
2020-10-01,8.740235520609477e-06,0.9999824402925838,8.819468842334772e-06
2020-10-02,2.1247131344287594e-06,0.9999877102336858,1.016505113228974e-05
2020-10-05,6.2277618762936436e-06,0.9999793970140356,1.4375225771081725e-05
2020-10-06,5.290537269298044e-07,0.9999853302636522,1.4140683569624157e-05
2020-10-07,1.3964254800965233e-05,0.9999728230887271,1.3212658914516316e-05
2020-10-08,6.045218604439074e-05,0.999931949519998,7.598291589053893e-06
2020-10-09,6.560322906440713e-05,0.9999269256147866,7.471158866717688e-06
2020-10-12,3.142097672637286e-05,0.9999575073313117,1.1071690510388805e-05
2020-10-13,1.1843395176174918e-05,0.9999806367615068,7.5198448999790734e-06
2020-10-14,1.310290189357286e-05,0.9999796897270983,7.207369302671282e-06
2020-10-15,5.018911500422911e-05,0.9999437258348025,6.085052945418253e-06
2020-10-16,8.054079529413517e-05,0.9999134361857792,6.023018693620579e-06
2020-10-19,6.411946901538418e-06,0.9999819236142121,1.1664437395145125e-05
2020-10-20,0.0009001439762567249,0.9990938252325394,6.030788594797414e-06
2020-10-21,0.002736591880730479,0.9972578354020436,5.5727138150446385e-06
2020-10-22,0.004353693473713425,0.9956402648088809,6.0417157007272005e-06
2020-10-23,0.003950620827796216,0.9960431378339831,6.241336605147804e-06
2020-10-26,7.740845098060459e-05,0.999908665721082,1.3925829751687846e-05
2020-10-27,0.0003490831894177991,0.9996367313266288,1.4185487191808173e-05
2020-10-28,3.0500374025994e-11,0.999806338212868,0.00019366175335690906
2020-10-29,8.526759391436653e-05,0.9998975088667679,1.7223539277525455e-05
2020-10-30,6.869876456603137e-06,0.9999835735910352,9.556529572629399e-06
2020-11-02,8.963052441757392e-05,0.9999022751386217,8.094336158896027e-06
2020-11-03,3.9185916762867435e-05,0.9999477666169382,1.3047466340315917e-05
2020-11-04,1.000427850533584e-05,0.9999696104457357,2.0385279198857886e-05
2020-11-05,1.344708676864371e-05,0.9999709990646656,1.555384910635748e-05
2020-11-06,2.553265114140432e-05,0.9999673890494376,7.078300094614576e-06
2020-11-09,4.071478938122853e-05,0.9999507236997811,8.561507765392666e-06
2020-11-10,2.6268508346422546e-05,0.9999670585862744,6.672905029224482e-06
2020-11-11,5.047840187024735e-05,0.9999425427586152,6.97883999407802e-06
2020-11-12,2.9970122526399866e-06,0.9999873446868587,9.65829916337865e-06
2020-11-13,2.9658505094421498e-05,0.9999606461164555,9.695376735891047e-06
2020-11-16,5.347767713298888e-05,0.9999380309738969,8.491351688741907e-06
2020-11-17,1.436053408291508e-05,0.9999782408161012,7.3986469671405935e-06
2020-11-18,2.502930783772788e-06,0.9999866755184534,1.0821553687391997e-05
2020-11-19,0.0002793530661877284,0.9997142654292022,6.381504773440156e-06
2020-11-20,0.0015337384467479186,0.9984591659774866,7.0955747668596805e-06
2020-11-23,0.0558158656088015,0.9441794323190753,4.702072672485564e-06
2020-11-24,0.1867263993961785,0.8132709343341076,2.666268761861652e-06
2020-11-25,0.7115659025860676,0.2884336243104569,4.7310364249638444e-07
2020-11-27,0.9154798504073246,0.08451994421793252,2.0537134835828804e-07
2020-11-30,0.9647390379009197,0.03526090102221186,6.107974002362458e-08
2020-12-01,0.9900612090991563,0.009938766368953156,2.453084320520564e-08
2020-12-02,0.997429129033966,0.002570866711331259,4.252041402301214e-09
2020-12-03,0.9993411956526039,0.0006588033820952751,9.656812975279146e-10
2020-12-04,0.9998100489378657,0.00018995056489949698,4.964253860981864e-10
2020-12-07,0.9998487820671094,0.00015121779049330884,1.4602850638842322e-10
2020-12-08,0.9998491536377928,0.0001508460602494051,3.0021769270129873e-10
2020-12-09,0.9995143369743522,0.00048566281001461033,2.1522867919241975e-10
2020-12-10,0.9998066855944447,0.00019331414894195134,2.5806221450879857e-10
2020-12-11,0.9998741493654718,0.00012585050868893675,1.277259617523677e-10
2020-12-14,0.9998735201763934,0.0001264797311208111,9.040665913108162e-11
2020-12-15,0.9998851937476482,0.00011480616000266884,8.887041717834428e-11
2020-12-16,0.9999508880119242,4.9111974479102085e-05,1.6437079126545306e-11
2020-12-17,0.9999653639274892,3.4636060172645165e-05,1.2721993138301339e-11
2020-12-18,0.9999477148293784,5.228516153763522e-05,8.138997638460104e-12
2020-12-21,0.9999532007533125,4.67992369120457e-05,8.830405493679085e-12
2020-12-22,0.9999645235547423,3.547644471441181e-05,3.831246236147355e-12
2020-12-23,0.9999803247381551,1.9675262374946057e-05,2.410970714483265e-12
2020-12-24,0.9999821994408172,1.780055413442581e-05,1.867761713059131e-12
2020-12-28,0.9999762387073101,2.376129265020582e-05,2.289269285905452e-12
2020-12-29,0.9999794007538008,2.0599245870368235e-05,1.209233878919479e-12
2020-12-30,0.9999852946701904,1.4705326934848006e-05,1.6185454207377693e-12
2020-12-31,0.9999774605596892,2.2539425385662488e-05,1.1310393275617506e-11
2021-01-04,0.9997849893721819,0.000215010621478049,8.275823298291751e-12
2021-01-05,0.9999731291363374,2.687085241985659e-05,1.2621138489231172e-11
2021-01-06,0.9999815574510552,1.844254536591062e-05,4.552402620941835e-12
2021-01-07,0.9999421039927473,5.7896005160252145e-05,5.200301031174862e-12
2021-01-08,0.9999776096479873,2.239034035108026e-05,8.307362524003664e-12
2021-01-11,0.9999475101237596,5.248987117724106e-05,2.489268857829977e-12
2021-01-12,0.9999756611338578,2.4338864253293453e-05,2.6302321922846e-12
2021-01-13,0.9999792445931516,2.0755403361423537e-05,1.763821864033291e-12
2021-01-14,0.9999723258270421,2.7674172853994464e-05,3.2946887076619462e-12
2021-01-15,0.9999487706471464,5.122935275232425e-05,3.4003228003343775e-12
2021-01-19,0.9999749795316948,2.5020455478658216e-05,9.613273420597627e-12
2021-01-20,0.9999456238670582,5.437612238618314e-05,1.1879947987914729e-11
2021-01-21,0.9999541139309835,4.5886022560102184e-05,4.5328393985028745e-11
2021-01-22,0.999647178239194,0.00035282147491463216,2.88036038010906e-10
2021-01-25,0.9965376950128357,0.0034622999140666226,5.076068733170489e-09
2021-01-26,0.9440404136918005,0.05595953702560866,4.928258191708484e-08
2021-01-27,0.23687072233021064,0.7631277873623393,1.4903075471527506e-06
2021-01-28,0.2637250890024719,0.7362676667512654,7.24424599506115e-06
2021-01-29,0.251403983169562,0.7485899276618072,6.0891653314459635e-06
2021-02-01,0.5993181007426156,0.40067979209752963,2.107162537412654e-06
2021-02-02,0.8418240359121244,0.15817542828682435,5.358003494792747e-07
2021-02-03,0.9495751492004846,0.050424761933052155,8.88644282101014e-08
2021-02-04,0.9843340743578372,0.01566589690439343,2.873588898560854e-08
2021-02-05,0.9963175926211302,0.003682402069802958,5.307444709216008e-09
2021-02-08,0.9990116638729276,0.0009883343606674041,1.7639551132065633e-09
2021-02-09,0.9995770293511215,0.0004229701847441411,4.610359413885502e-10
2021-02-10,0.9997591701198187,0.00024082971945237896,1.6133612523869616e-10
2021-02-11,0.999838982285734,0.00016101762875601146,8.674195448456891e-11
2021-02-12,0.9998486632104969,0.0001513366803115573,1.1057798983346866e-10
2021-02-16,0.9997034462406723,0.00029655352196386527,2.3900180452956287e-10
2021-02-17,0.9992528807884283,0.0007471182288197196,9.804086553820307e-10
2021-02-18,0.997188426619948,0.0028115695524004226,3.8255493979251565e-09
2021-02-19,0.9913098706465079,0.008690113427300219,1.5923422317639475e-08
2021-02-22,0.9660961708768968,0.03390377390745722,5.521482777731037e-08
2021-02-23,0.9340715523229038,0.06592824076852995,2.069065971651619e-07
2021-02-24,0.7602228945686834,0.239776456086162,6.493425344743949e-07
2021-02-25,0.012501346962734933,0.987493009072629,5.643961376931737e-06
2021-02-26,0.014111550787204748,0.9858811825568807,7.266657251786694e-06
2021-03-01,0.012054298930678532,0.9879120943135804,3.3606753458663506e-05
2021-03-02,0.014607627287476839,0.9853841644856978,8.208226120616106e-06
2021-03-03,0.015207657074103268,0.9847835569602289,8.785968722156416e-06
2021-03-04,0.023178569074435565,0.9768132071856034,8.223743131383292e-06
2021-03-05,0.055160535498693195,0.9448257932846089,1.367122005202055e-05
2021-03-08,0.08644183687936102,0.9135526083723882,5.5547470266596604e-06
2021-03-09,0.1117755558028015,0.8882161265230195,8.31767350273012e-06
2021-03-10,0.126450223064426,0.8735444358727694,5.341065634187881e-06
2021-03-11,0.1279193372596242,0.8720746395054488,6.0232353825245565e-06
2021-03-12,0.12174661019243853,0.8782487593851483,4.630425718239277e-06
2021-03-15,0.10896261635040322,0.8910323321267883,5.051524430660336e-06
2021-03-16,0.08293649920401437,0.9170587963241269,4.704473078776174e-06
2021-03-17,0.056602656614220294,0.9433922273617438,5.116027440077206e-06
2021-03-18,0.016345039081926672,0.9836459378006767,9.023114342467132e-06
2021-03-19,0.022241462433294876,0.977753189882102,5.34768290118214e-06
2021-03-22,0.03386705139017006,0.9661270427641082,5.905844837736216e-06
2021-03-23,0.04473750418608205,0.9552570062245955,5.489586098215951e-06
2021-03-24,0.1390192700050155,0.8609778769924407,2.853001123235945e-06
2021-03-25,0.5072433898384785,0.49275466290834313,1.947251897818837e-06
2021-03-26,0.6753767511327714,0.32462209928157587,1.1495848684991482e-06
2021-03-29,0.8932254544450372,0.10677435190775038,1.9364630896820026e-07
2021-03-30,0.966714019010133,0.03328595180533544,2.9182915414588098e-08
2021-03-31,0.9948481867434888,0.005151807784028256,5.475652971605612e-09
2021-04-01,0.9991321518809845,0.0008678465108168918,1.6050661873858091e-09
2021-04-05,0.999769889773625,0.00023011002356011914,2.060693939027885e-10
2021-04-06,0.9999542084340649,4.579155478312702e-05,8.369719741893639e-12
2021-04-07,0.9999784503736944,2.1549624096484724e-05,1.177650351557598e-12
2021-04-08,0.9999816187862486,1.8381215744550425e-05,6.000781816286559e-13
2021-04-09,0.9999811288614923,1.887113788660266e-05,6.112157694774687e-13
2021-04-12,0.9999816892307779,1.8310765821634073e-05,4.3122525306389017e-13
2021-04-13,0.9999832864574018,1.671354041772071e-05,6.648014568310172e-13
2021-04-14,0.9999731562822062,2.6843713428248488e-05,8.430760017469845e-13
2021-04-15,0.9999721702131793,2.782978844180549e-05,1.0818583370213507e-12
2021-04-16,0.9999872043426982,1.2795654800783631e-05,1.0426358532385532e-12
2021-04-19,0.9999739952725363,2.60047249417388e-05,1.3337352902617424e-12
2021-04-20,0.999953945209283,4.6054786265828294e-05,2.5217818614370556e-12
2021-04-21,0.9999733410865858,2.6658901556128165e-05,1.3745473729713144e-11
2021-04-22,0.9999151849578468,8.481503411616304e-05,6.287950878786749e-12
2021-04-23,0.9999607433121528,3.925668210026313e-05,9.031901942158734e-12
2021-04-26,0.9999800002368829,1.9999760264952016e-05,2.2186055506659747e-12
2021-04-27,0.9999780218800486,2.1978117063905484e-05,1.2896954229305387e-12
2021-04-28,0.9999763682017351,2.363179687602615e-05,1.8776176235483962e-12
2021-04-29,0.9999719653934177,2.8034598413490177e-05,6.3426748924618704e-12
2021-04-30,0.9999381094329645,6.189056290253075e-05,4.356316628646801e-12
2021-05-03,0.9999753634526177,2.463653730715606e-05,1.116338215508149e-11
2021-05-04,0.9999519545281864,4.8045467211092004e-05,3.992950757015208e-12
2021-05-05,0.9999734491607848,2.6550827248761627e-05,8.341735358584657e-12
2021-05-06,0.999955883182354,4.411677323269623e-05,4.198686766239689e-11
2021-05-07,0.9997670689341873,0.00023293059293736095,4.748873796097428e-10
2021-05-10,0.9971526961392072,0.0028473004212820315,3.4363152033648534e-09
2021-05-11,0.990350349678826,0.009649612859659453,3.7460844405739367e-08
2021-05-12,0.9687151739283939,0.03128478481403467,4.126034912251807e-08
2021-05-13,0.9936747424979594,0.0063252252020516795,3.229865696365008e-08
2021-05-14,0.9978407955451233,0.0021591936121106645,1.0840226337644742e-08
2021-05-17,0.9992528549199128,0.0007471428437836651,2.2359894909337147e-09
2021-05-18,0.9993892707580573,0.0006107287835897492,4.555655507662632e-10
2021-05-19,0.9998313250934961,0.00016867479965495248,1.0336974927163114e-10
2021-05-20,0.9999253770051999,7.462296219392525e-05,3.149247689831881e-11
2021-05-21,0.999947953948527,5.204604605032342e-05,8.562949759542038e-12
2021-05-24,0.9999454197220856,5.45802686971851e-05,1.0590854319000172e-11
2021-05-25,0.9999341525542906,6.584743796822826e-05,6.073258308069249e-12
2021-05-26,0.9999528641760463,4.713581930594416e-05,5.7455023261736096e-12
2021-05-27,0.9999526927625797,4.7307233208521457e-05,3.890400931133351e-12
2021-05-28,0.9999564551566906,4.354483700068211e-05,4.53948651937999e-12
2021-06-01,0.9999459929272831,5.4007070661849534e-05,4.342398021673126e-12
2021-06-02,0.999951221059858,4.877893147662374e-05,8.017933546998051e-12
2021-06-03,0.9999170220703157,8.297791884823809e-05,8.225582373977773e-12
2021-06-04,0.9999364032624785,6.359672259373255e-05,1.5023602722008202e-11
2021-06-07,0.9999358147114927,6.418527950815238e-05,7.103416945944059e-12
2021-06-08,0.9999492091540184,5.0790842859767325e-05,5.746428148567333e-12
2021-06-09,0.99995406004044,4.593995618452163e-05,1.5971160443402888e-12
2021-06-10,0.9999846403095033,1.5359692879920695e-05,7.841852695926552e-13
2021-06-11,0.9999886373834479,1.136261457727568e-05,1.6686125004697923e-13
2021-06-14,0.9999914674335969,8.532567640073692e-06,1.4626388883933683e-13
2021-06-15,0.9999903759480003,9.624052749485188e-06,1.409311652295457e-13
2021-06-16,0.9999875637922974,1.243621016655057e-05,1.7753034809723726e-13
2021-06-17,0.999989994327769,1.000566990341055e-05,1.4871119962931487e-12
2021-06-18,0.9999089080465728,9.10919499005074e-05,4.605663612823144e-12
2021-06-21,0.9999432448338779,5.675515453421521e-05,1.2439481779948965e-11
2021-06-22,0.9999844251627644,1.5574834748654223e-05,1.4956597157777756e-12
2021-06-23,0.9999854609452185,1.4539055281947083e-05,3.550141580482247e-13
2021-06-24,0.999984370673968,1.5629327880623594e-05,4.0785235624862243e-13
2021-06-25,0.9999854769375408,1.4523062090610471e-05,3.558553096371431e-13
2021-06-28,0.9999856127849818,1.438721364984739e-05,3.1054618516980994e-13
2021-06-29,0.9999855375453894,1.4462455250208026e-05,2.926290726713593e-13
2021-06-30,0.9999857948850456,1.4205114514959325e-05,3.0154168434869285e-13
2021-07-01,0.9999853587049538,1.4641292447671878e-05,4.1633745332827344e-13
2021-07-02,0.9999837788424489,1.622115940495803e-05,4.856038118315429e-13
2021-07-06,0.9999858544379144,1.4145564242796882e-05,2.9493832831510967e-13
2021-07-07,0.9999872577766487,1.2742222697842713e-05,7.587662496813968e-13
2021-07-08,0.9999624505354899,3.7549466449167054e-05,1.0052837503479838e-12
2021-07-09,0.9999738943285306,2.6105669732013966e-05,1.8818377020745107e-12
2021-07-12,0.9999855766822001,1.442331543486396e-05,7.067646296999899e-13
2021-07-13,0.999980355194715,1.964480363942363e-05,3.1886549375630903e-13
2021-07-14,0.9999861662810952,1.3833715397882689e-05,5.051376613753887e-13
2021-07-15,0.9999796006129834,2.0399383806144465e-05,1.5790906293812872e-12
2021-07-16,0.9999268353849583,7.316459910383496e-05,1.741399161332355e-11
2021-07-19,0.9996875624900009,0.0003124374562248446,5.02903709908672e-11
2021-07-20,0.9999242578069627,7.574215477650792e-05,4.178292356767648e-11
2021-07-21,0.9999793491974285,2.0650796686313695e-05,2.403288586264625e-12
2021-07-22,0.9999852887258205,1.47112746413744e-05,5.958949557577564e-13
2021-07-23,0.9999774626696692,2.253733050996793e-05,6.604169071097673e-13
2021-07-26,0.9999842486289698,1.575136753163403e-05,8.251096649504006e-13
2021-07-27,0.9999717230744722,2.827692662277015e-05,5.819478854131781e-13
2021-07-28,0.9999814472514397,1.8552747222870843e-05,6.472218091727785e-13
2021-07-29,0.9999835265309155,1.6473470213541474e-05,8.207061862427565e-13
2021-07-30,0.9999687262258697,3.127377608747557e-05,7.506529403372276e-13
2021-08-02,0.9999786214641654,2.1378534133733297e-05,9.905380276479655e-13
2021-08-03,0.9999793882757906,2.061172571316528e-05,1.4674264123084858e-12
2021-08-04,0.9999664626614989,3.353733501595541e-05,7.845315496661585e-13
2021-08-05,0.9999825659025182,1.7434094299998507e-05,7.876368777617369e-13
2021-08-06,0.9999857675278339,1.4232472567559547e-05,3.530061872022764e-13
2021-08-09,0.9999840686028025,1.5931398221153898e-05,2.645927461741228e-13
2021-08-10,0.9999860424169139,1.395758224497411e-05,2.6889672462209864e-13
2021-08-11,0.9999864547252101,1.3545276268167416e-05,2.3099537716279854e-13
2021-08-12,0.9999868627118143,1.3137288493937938e-05,1.9874752962878893e-13
2021-08-13,0.999988452779966,1.1547217007760934e-05,1.2098039918335714e-13
2021-08-16,0.9999924361686249,7.563830564831383e-06,2.0248134251861335e-13
2021-08-17,0.9999865806630625,1.3419333791476584e-05,5.680987341772909e-13
2021-08-18,0.9999636868933053,3.631310386346453e-05,5.305157287293575e-13
2021-08-19,0.9999917146685576,8.28532834636887e-06,4.499472293009562e-13
2021-08-20,0.9999900032261761,9.996775616361026e-06,2.3479371394385863e-13
2021-08-23,0.9999882770967375,1.1722900794198116e-05,2.0004044203749158e-13
2021-08-24,0.9999923011497098,7.698850346947556e-06,1.1111623430616123e-13
2021-08-25,0.99999225744337,7.742558000547576e-06,1.412111481324076e-13
2021-08-26,0.9999852312975335,1.4768705175202919e-05,1.8148846444224723e-13
2021-08-27,0.9999873085840145,1.2691414014973039e-05,3.3284885528865703e-13
2021-08-30,0.9999912534349804,8.746565639337627e-06,1.5799762369790455e-13
2021-08-31,0.9999911477453501,8.852257140432444e-06,8.194242733793855e-14
2021-09-01,0.9999924500073917,7.549991663108634e-06,7.721535773165113e-14
2021-09-02,0.9999927730284193,7.226973331435628e-06,7.601991554229593e-14
2021-09-03,0.9999924687064617,7.531290931249751e-06,8.615622701738684e-14
2021-09-07,0.9999902009992985,9.799003491652031e-06,8.928115356381834e-14
2021-09-08,0.9999916677244691,8.332276043988926e-06,1.4173545892364753e-13
2021-09-09,0.9999883082956785,1.169170756777256e-05,2.8128510580802394e-13
2021-09-10,0.9999776455613106,2.2354440715180678e-05,2.8301413905788077e-13
2021-09-13,0.9999905215385215,9.478461854003933e-06,4.622437709269636e-13
2021-09-14,0.9999831785640354,1.6821435130643625e-05,2.4382118916869264e-13
2021-09-15,0.9999855620722881,1.4437924212424237e-05,4.749916083871162e-13
2021-09-16,0.9999879871678193,1.2012828929922353e-05,1.8042717833654972e-12
2021-09-17,0.9999055160261386,9.448395175599568e-05,2.144138030250958e-11
2021-09-20,0.9994505088965192,0.0005494910550300187,4.995888053550842e-11
2021-09-21,0.9999481461038605,5.185380504568673e-05,9.107497781386114e-11
2021-09-22,0.9998841621649402,0.0001158376705291979,1.6188960995475288e-10
2021-09-23,0.9989890361173761,0.0010109625975490055,1.2850176238968019e-09
2021-09-24,0.9932813949181979,0.0067185965346025205,8.545540644848664e-09
2021-09-27,0.9209515211534578,0.07904841706024421,6.178295339278886e-08
2021-09-28,0.22155236431319889,0.7784463664558924,1.2692300171479258e-06
2021-09-29,0.19983298303191782,0.8001614168225235,5.6001491604065635e-06
2021-09-30,0.08210721743199863,0.9178854864435296,7.2961229594557404e-06
2021-10-01,0.046018986341594445,0.9539713292207641,9.684440563090892e-06
2021-10-04,0.005061684813784477,0.9949294093551662,8.90583381486068e-06
2021-10-05,0.0023646561183174345,0.9976267091522677,8.634727853626095e-06
2021-10-06,0.001038844463891439,0.9989544775296544,6.6780049343466116e-06
2021-10-07,0.00035179185800109986,0.9996405530097513,7.655130634559624e-06
2021-10-08,0.00012054441326786629,0.9998731323951526,6.323194374064158e-06
2021-10-11,2.5777604818988154e-05,0.9999671049107716,7.1174852181113725e-06
2021-10-12,3.6751243259410554e-05,0.9999567475210825,6.5012389060844306e-06
2021-10-13,4.3888686266818266e-05,0.9999489924215491,7.118895583297201e-06
2021-10-14,7.549981260209383e-06,0.9999787244749763,1.3725543082025971e-05
2021-10-15,3.312451288344461e-05,0.9999588754379045,8.00004977627879e-06
2021-10-18,0.00019218257360999986,0.9998010228671451,6.794560999445472e-06
2021-10-19,0.001037243042589639,0.9989551448880094,7.61207125857928e-06
2021-10-20,0.005536372370086176,0.994457019909062,6.6077182641582804e-06
2021-10-21,0.021720993793422887,0.9782728712976941,6.134907733350207e-06
2021-10-22,0.06607844091408764,0.9339165834917396,4.975592945872908e-06
2021-10-25,0.20586079776026317,0.794135752413811,3.449823985668465e-06
2021-10-26,0.5032717047438569,0.49672620085833546,2.0943975809818746e-06
2021-10-27,0.710880817311622,0.2891185256787003,6.570061564268227e-07
2021-10-28,0.9060451588634443,0.09395466586413735,1.7527503137376228e-07
2021-10-29,0.9846991160230554,0.015300873147288539,1.0831345995365038e-08
2021-11-01,0.9987583937963834,0.001241605374420308,8.321254584725538e-10
2021-11-02,0.9999066339011236,9.33660425890403e-05,5.518575552898347e-11
2021-11-03,0.9999776280411965,2.2371954093970505e-05,3.1492689041417577e-12
2021-11-04,0.999986319328758,1.3680670041923073e-05,4.169843102551001e-13
2021-11-05,0.9999896557445266,1.0344258548781278e-05,1.4805549034473168e-13
2021-11-08,0.9999925448051322,7.455192900756203e-06,1.1625941481975708e-13
2021-11-09,0.9999910611622247,8.93883520343634e-06,2.1550317781695576e-13
2021-11-10,0.9999789801903747,2.1019810216507397e-05,1.5396505837029898e-13
2021-11-11,0.9999935424047409,6.457593017129026e-06,2.3878557678555796e-13
2021-11-12,0.9999916431974207,8.356804740411688e-06,1.1606131090126312e-13
2021-11-15,0.9999936240768411,6.375920922821408e-06,8.19420237217082e-14
2021-11-16,0.9999934883228987,6.511676099925604e-06,9.611441570067348e-14
2021-11-17,0.9999925040455224,7.49595511275237e-06,8.076661414303977e-14
2021-11-18,0.9999930955547895,6.9044456974543065e-06,1.226417827892595e-13
2021-11-19,0.9999921810900648,7.818906903976943e-06,1.3115464205975063e-13
2021-11-22,0.9999905043455969,9.49565591441097e-06,8.099035099292064e-13
2021-11-23,0.9999617308614258,3.826910090196954e-05,3.461514537978634e-11
2021-11-24,0.9986420955027753,0.0013579030525460497,1.4474635673791558e-09
2021-11-26,0.9414846775897076,0.05851527718647769,4.5221308633943205e-08
2021-11-29,0.9434840199977953,0.05651459951495613,1.3804870418067737e-06
2021-11-30,0.9121075465861518,0.08789146652792634,9.868869326830544e-07
2021-12-01,0.922910049901232,0.07708924348217565,7.066178513781101e-07
2021-12-02,0.9318644462178676,0.0681344654120168,1.0883718690223542e-06
2021-12-03,0.9287327097359662,0.07126674749375568,5.427670904945202e-07
2021-12-06,0.9214284289865288,0.07857076378388941,8.072322540398463e-07
2021-12-07,0.8741356088691496,0.12586285401847877,1.5371129930108031e-06
2021-12-08,0.8454409633996067,0.1545582849348375,7.516683536345304e-07
2021-12-09,0.7401297297830368,0.2598693342785269,9.359391640271711e-07
2021-12-10,0.6449583024569596,0.3550398385369749,1.8590067711537483e-06
2021-12-13,0.3276925903480072,0.6723051245903717,2.285060140258481e-06
2021-12-14,0.19316850540876937,0.8068274440950274,4.050493992573008e-06
2021-12-15,0.1084603269577945,0.8915315199391285,8.153102024369284e-06
2021-12-16,0.020027778830637256,0.9799662867261352,5.934445567075825e-06
2021-12-17,0.002368532915280192,0.9976243293066,7.13778004842533e-06
2021-12-20,0.0008901553238291926,0.9991021830882818,7.661587215007283e-06
2021-12-21,0.002560053866193843,0.9974286016786267,1.1344454206706955e-05
2021-12-22,0.009368376992752227,0.9906247838089092,6.839196742242283e-06
2021-12-23,0.023528863825714764,0.9764654068761451,5.729294970184334e-06
2021-12-27,0.05687764195695236,0.9431148162436677,7.541802445492315e-06
2021-12-28,0.12224837762665454,0.8777475068247234,4.115548285598438e-06
2021-12-29,0.24282865600561668,0.7571676933035617,3.6506880847851703e-06
2021-12-30,0.31865417459046375,0.6813423922282041,3.4331793769102082e-06
2021-12-31,0.37193614542105347,0.628060489914084,3.3646643851379584e-06
2022-01-03,0.39782491588342367,0.6021712044502122,3.879666823820935e-06
2022-01-04,0.3923829747824594,0.6076133619304681,3.6632902000860693e-06
2022-01-05,0.3476819969980799,0.652310738207693,7.264794185163541e-06
2022-01-06,0.43197870986930775,0.5680180441672725,3.245962398562822e-06
2022-01-07,0.45833142007068023,0.5416654981523578,3.081773446131334e-06
2022-01-10,0.4686563383130747,0.5313405577860609,3.1039033302182817e-06
2022-01-11,0.45912733944881606,0.5408685173941006,4.1431539135015125e-06
2022-01-12,0.4089552513080053,0.5910412616766367,3.487018698224378e-06
2022-01-13,0.19177016463998753,0.8082245074543397,5.327902191032148e-06
2022-01-14,0.15413759427430682,0.8458571606095329,5.245114509367321e-06
2022-01-18,0.006049784021296304,0.9939397842925131,1.043168907894518e-05
2022-01-19,0.0021728068398629476,0.997819576819407,7.616338733313795e-06
2022-01-20,0.0007859372824414322,0.999205636303724,8.426415780553721e-06
2022-01-21,3.09523283742087e-05,0.999953806121217,1.5241548551715275e-05
2022-01-24,0.0006384357232995972,0.9993544865492986,7.077726718222129e-06
2022-01-25,0.00017125101039727078,0.9998199718427715,8.777147510190998e-06
2022-01-26,0.00025251983631582956,0.9997407406394393,6.739523260749816e-06
2022-01-27,9.594281169339835e-05,0.9998957430579973,8.314132468004406e-06
2022-01-28,6.779996117484757e-07,0.9999655289259546,3.3793077167451994e-05
2022-01-31,1.1538734604271722e-06,0.9999803321740375,1.8513954207716138e-05
2022-02-01,2.2299678813638516e-06,0.9999882084197811,9.561609193063183e-06
2022-02-02,9.699114786081194e-07,0.9999851986435185,1.3831448419727288e-05
2022-02-03,1.414247469118448e-10,0.999941118972915,5.888088371717087e-05
2022-02-04,3.037074587045675e-07,0.9999858214710173,1.3874819318762281e-05
2022-02-07,8.695379718089559e-08,0.9999879526438158,1.196040005278196e-05
2022-02-08,1.1457718280038014e-07,0.9999863012846302,1.3584137954683664e-05
2022-02-09,3.8313210934794575e-08,0.9999745781199616,2.5383566470854176e-05
2022-02-10,8.412641185057973e-11,0.9999247280165965,7.527190119579672e-05
2022-02-11,1.4193590920520068e-11,0.9999004668777213,9.953310747650896e-05
2022-02-14,2.182751337558382e-09,0.9999652067504334,3.479107041969326e-05
2022-02-15,2.272640622132905e-09,0.9999652181078081,3.477961712400925e-05
2022-02-16,4.034512397599914e-09,0.9999635249072806,3.647105500744677e-05
2022-02-17,1.510883124225187e-12,0.9998597073475336,0.00014029264931911023
2022-02-18,1.3459204469477312e-09,0.9999510946317178,4.8904023539582364e-05
2022-02-22,3.6678270002738457e-10,0.9999466489360616,5.335069933831232e-05
2022-02-23,1.5624062721099803e-11,0.9999075295610346,9.247042339058079e-05
2022-02-24,2.6404894507723345e-09,0.9999466360000991,5.336136086657399e-05
2022-02-25,6.035625132918238e-10,0.9999304346680002,6.956472747292714e-05
2022-02-28,3.0963894251998e-09,0.9999628088339083,3.718807209046644e-05
2022-03-01,6.623118511557229e-11,0.9999330598580456,6.694007673346941e-05
2022-03-02,9.81636701723665e-10,0.9999360634023435,6.393561626565942e-05
2022-03-03,4.4548520004948096e-10,0.9999168302047019,8.316934763923939e-05
2022-03-04,4.2872042838166817e-10,0.9997393052334411,0.0002606943406619168
2022-03-07,1.5459694082694297e-15,0.998720336297481,0.0012796637040045301
2022-03-08,3.532905763816639e-11,0.9993024931366931,0.0006975068310503692
2022-03-09,3.2467709946810664e-12,0.9993116873408922,0.0006883126545032519
2022-03-10,9.09155434196863e-12,0.9995519622732435,0.000448037714135472
2022-03-11,4.705315968117602e-13,0.9995511907275866,0.0004488092723918498
2022-03-14,3.552905765125035e-12,0.9996339811592848,0.00036601883910777845
2022-03-15,2.076012961675312e-12,0.9995504340406237,0.00044956595391581295
2022-03-16,1.2382406817340343e-12,0.9995483721706475,0.0004516278301441902
2022-03-17,3.786723377981565e-12,0.9996975862446111,0.0003024137531633472
2022-03-18,1.450259765779635e-11,0.9998222055185796,0.00017779446386630027
2022-03-21,1.9454569577638884e-11,0.9998801134480836,0.00011988652888929931
2022-03-22,1.3449672855565297e-10,0.999905918348659,9.40815196799606e-05
2022-03-23,1.3210984604432026e-11,0.9998898668678945,0.00011013311591443625
2022-03-24,1.875299833358364e-09,0.9999453237719984,5.4674353120769284e-05
2022-03-25,1.1297583196241785e-08,0.9999746972461941,2.5291453614064953e-05
2022-03-28,3.1186622758741474e-08,0.9999802899306593,1.9678879814958078e-05
2022-03-29,1.3210780889000587e-07,0.9999820321477157,1.783574706908831e-05
2022-03-30,7.935146077347275e-08,0.9999824129281881,1.7507723211022316e-05
2022-03-31,3.982187743955027e-09,0.9999678933297413,3.210269081254208e-05
2022-04-01,1.233082217301381e-06,0.999987075807284,1.1691109389707498e-05
2022-04-04,2.124605049685253e-05,0.9999706653917062,8.088561056841946e-06
2022-04-05,1.3161837770369413e-06,0.9999875647381601,1.1119077961649704e-05
2022-04-06,1.7607103520113064e-05,0.9999742065754247,8.186324066441063e-06
2022-04-07,0.0003077654872416813,0.9996862971752226,5.937337221603143e-06
2022-04-08,0.0003318667536925542,0.9996623931823474,5.740067393245254e-06
2022-04-11,4.8483280487645584e-05,0.9999394486146637,1.2068106541764635e-05
2022-04-12,0.0037805690071397594,0.9962136410301602,5.789960188408885e-06
2022-04-13,0.007402030887635483,0.9925895671485593,8.401963730342503e-06
2022-04-14,0.006743894664377535,0.9932481616762902,7.943658175297309e-06
2022-04-18,0.011961329200690506,0.98803273283855,5.9379625552500225e-06
2022-04-19,0.010987761235413146,0.9890010191768746,1.121958672612646e-05
2022-04-20,0.008602276133681369,0.9913917937722023,5.9300961636894305e-06
2022-04-21,0.0004859602893125062,0.9995019022757922,1.21374369590654e-05
2022-04-22,5.638531294075453e-08,0.9999530131879212,4.693042567428653e-05
2022-04-25,0.0003377085649956734,0.999643754478315,1.853695692440741e-05
2022-04-26,1.4771358446270238e-09,0.9997933233082184,0.00020667521104992837
2022-04-27,7.553297103667686e-05,0.9995463567772012,0.00037811024968454395
2022-04-28,1.4378683324971236e-06,0.9942322367052842,0.005766325425183142
2022-04-29,5.75482836808452e-15,0.9680563791797576,0.03194362081722261
2022-05-02,9.074308616033559e-07,0.9661521643565295,0.03384692821099971
2022-05-03,2.677973937015345e-07,0.93077013146231,0.0692296007380836
2022-05-04,8.094345646358385e-11,0.5442537383538112,0.45574626156257686
2022-05-05,3.9803269897249413e-19,0.03847562945155695,0.9615243705479469
2022-05-06,6.486371245373451e-13,0.026788057716894454,0.9732119422805107
2022-05-09,1.5501938462554905e-20,0.0018495648716883525,0.9981504351311995
2022-05-10,4.953865118245406e-14,0.0015876555685431643,0.9984123444324472
2022-05-11,2.1574152619643498e-17,0.0006808764453329238,0.9993191235576381
2022-05-12,7.456917104858669e-16,0.0005733579997683519,0.9994266419994392
2022-05-13,3.8355145863098887e-17,0.00025049600223443015,0.9997495039988055
2022-05-16,1.2841283988789361e-18,0.00012563018689423587,0.9998743698138167
2022-05-17,1.5768053929072678e-22,6.014735688745104e-05,0.9999398526460334
2022-05-18,1.7984876126033172e-36,1.4571870858549673e-08,0.9999999854262569
2022-05-19,5.795767221271121e-28,5.081750976158089e-06,0.9999949182512837
2022-05-20,1.0114528204954577e-24,1.0069504151996847e-05,0.9999899304964336
2022-05-23,4.537148556980247e-25,7.24111308819455e-06,0.99999275888406
2022-05-24,3.8341736139709e-26,5.454888245995354e-06,0.9999945451130393
2022-05-25,6.759651209970188e-25,1.091427160503015e-05,0.999989085730238
2022-05-26,6.782171944505447e-25,1.0195557611166167e-05,0.9999898044417452
2022-05-27,1.65432508337767e-24,1.3317233701743094e-05,0.9999866827652107
2022-05-31,8.56513964800269e-25,1.2926959867264239e-05,0.9999870730424558
2022-06-01,5.353474305543231e-25,1.0838909089609884e-05,0.9999891610937873
2022-06-02,1.9369028990015387e-23,2.7396186701000586e-05,0.9999726038119
2022-06-03,3.8577933580373585e-24,3.0186970994396008e-05,0.9999698130313635
2022-06-06,6.927936608423446e-21,0.0001746461279527564,0.9998253538744417
2022-06-07,6.868913640095582e-19,0.0003311029862359889,0.999668897015535
2022-06-08,7.235532905493941e-21,0.00018008030825498268,0.9998199196908233
2022-06-09,3.252087425918251e-25,2.160571354146636e-05,0.9999783942845475
2022-06-10,3.850788966762798e-30,1.929529145335241e-06,0.9999980704688339
2022-06-13,4.54237817580552e-34,1.249507575993466e-07,0.9999998750499877
2022-06-14,4.179671290516596e-24,3.803920822425015e-05,0.9999619607947411
2022-06-15,1.9975201858856515e-22,5.365952544361649e-05,0.9999463404737918
2022-06-16,4.2699693871744825e-29,1.4345477920992821e-06,0.9999985654513979
2022-06-17,5.515133450836132e-22,7.97772342560506e-05,0.9999202227655186
2022-06-21,4.364998763644586e-21,5.245001486462487e-05,0.9999475499866396
2022-06-22,1.8344527201964227e-20,8.969630421956245e-05,0.9999103036964558
2022-06-23,4.2830682967860734e-20,9.779477436302737e-05,0.9999022052235046
2022-06-24,4.315549952823419e-22,2.1253122973102673e-05,0.9999787468771734
2022-06-27,1.3571129144815612e-21,3.9915533903003026e-05,0.9999600844638933
2022-06-28,6.929020524264688e-24,1.5742421174500382e-05,0.9999842575782568
2022-06-29,2.289929351218912e-20,0.00012334218775212832,0.999876657810351
2022-06-30,3.105293497153492e-20,0.0002625979889090907,0.999737402013612
2022-07-01,1.875601484917543e-18,0.0009942073482370876,0.9990057926530533
2022-07-05,3.547725962558456e-18,0.0023058659915323586,0.9976941340089842
2022-07-06,7.125676117702367e-18,0.005005934788607446,0.994994065210615
2022-07-07,9.667174686838829e-18,0.010703571683956057,0.9892964283154062
2022-07-08,7.014861809332454e-18,0.02570536926469997,0.9742946307362629
2022-07-11,1.784615752822428e-18,0.0703479543285455,0.9296520456726284
2022-07-12,1.1421225681354944e-16,0.29073550765235484,0.7092644923492355
2022-07-13,1.038503176923888e-13,0.7186019194057517,0.28139808059542315
2022-07-14,1.7808605828422076e-12,0.9048307629924343,0.09516923700937714
2022-07-15,5.4979186050871285e-12,0.9656627909261105,0.03433720906509656
2022-07-18,1.300261526892303e-10,0.9924961268618657,0.007503873007346678
2022-07-19,7.538835150398296e-11,0.9971454020878291,0.0028545978385084952
2022-07-20,1.8982964852744203e-08,0.9997062780513656,0.0002937029622342267
2022-07-21,6.487533544068094e-08,0.9999572567070814,4.2678421125467716e-05
2022-07-22,1.4169970472797728e-08,0.9999793490155333,2.063681672217028e-05
2022-07-25,8.824796062865219e-07,0.9999895746329934,9.542884691706972e-06
2022-07-26,7.938611209762829e-08,0.9999835817690772,1.6338848417160167e-05
2022-07-27,8.21124216336721e-08,0.9999602789352205,3.963894891279758e-05
2022-07-28,3.91737823571072e-06,0.9999832076309976,1.287499200712148e-05
2022-07-29,9.070746200645016e-06,0.9999797190413365,1.1210213450371937e-05
2022-08-01,1.7716597632542325e-05,0.9999754360066822,6.847393323255579e-06
2022-08-02,1.4996320955524053e-05,0.9999776452848304,7.358390963150105e-06
2022-08-03,7.114099910139612e-05,0.9999186014926855,1.0257507110525042e-05
2022-08-04,0.0002282063749150475,0.999765951811722,5.8418136313177065e-06
2022-08-05,0.0006061843510048009,0.9993882430246152,5.572626399928475e-06
2022-08-08,0.0017929265756693234,0.9982017156119355,5.3578112723074314e-06
2022-08-09,0.0034864032254550274,0.9965077215219198,5.8752550525770085e-06
2022-08-10,0.006397338004361989,0.9935867744984793,1.588749972321686e-05
2022-08-11,0.01778367040459747,0.9822106790404809,5.650554048924602e-06
2022-08-12,0.02628104578799402,0.9737078569252097,1.1097288071654825e-05
2022-08-15,0.03524449342892194,0.9647495964634891,5.910107706240733e-06
2022-08-16,0.036258770616731134,0.9637348284991742,6.400886220693939e-06
2022-08-17,0.026112644521185502,0.973880732639124,6.622836539773171e-06
2022-08-18,0.019968811167258366,0.9800241634644203,7.025366097147619e-06
2022-08-19,0.0010572816776524014,0.9989326935542266,1.0024769725693693e-05
2022-08-22,1.805556077181518e-06,0.9999806809911977,1.751345221475113e-05
2022-08-23,0.0003992345901001514,0.9995939896404806,6.775771320836656e-06
2022-08-24,0.0010059350273765404,0.9989845135308353,9.551443541781496e-06
2022-08-25,0.0006454848313608941,0.9993249932597543,2.9521911445577927e-05
2022-08-26,3.260095437826332e-11,0.9998658427061754,0.00013415726370732584
2022-08-29,1.7140153421342425e-05,0.9999706581887194,1.2201659475032255e-05
2022-08-30,5.070506044219531e-06,0.9999870766003531,7.852893422715048e-06
2022-08-31,3.89777139539492e-05,0.9999545428145443,6.479468044667972e-06
2022-09-01,0.00020830149111149228,0.9997859213387762,5.777171933732919e-06
2022-09-02,2.8579869243156717e-05,0.9999643075610749,7.112572558574104e-06
2022-09-06,0.00018168803316464667,0.9998125684320813,5.743536267926222e-06
2022-09-07,0.000402123922386877,0.9995864624738491,1.1413601000550334e-05
2022-09-08,0.0011407461004858857,0.9988526341323833,6.619768294724936e-06
2022-09-09,0.0009642295380080719,0.999016705065981,1.9065393974457483e-05
2022-09-12,0.0008378236462487956,0.9990083961170567,0.00015378023873786968
2022-09-13,4.3752273838815055e-16,0.997127987750753,0.0028720122500244176
2022-09-14,1.5104680987833608e-05,0.9998137199427574,0.00017117537672445607
2022-09-15,2.3465395708084988e-07,0.9999662505089886,3.35148345652206e-05
2022-09-16,4.400629551184778e-07,0.9999835853924446,1.5974544198878167e-05
2022-09-19,2.4678446879839612e-06,0.9999841918773961,1.3340276112155481e-05
2022-09-20,4.587252011806024e-08,0.9999699985990776,2.9955531273114894e-05
2022-09-21,1.1343192623569803e-09,0.999922084077917,7.791478771635243e-05
2022-09-22,1.7077590845843926e-08,0.9998875745706272,0.00011240834850303238
2022-09-23,2.5548500256702705e-10,0.9995289721510902,0.00047102759446531525
2022-09-26,5.745917567537833e-09,0.9986719474151552,0.0013280468361976819
2022-09-27,9.508823668764968e-09,0.9926385861328784,0.007361404360938195
2022-09-28,8.761104487127543e-10,0.9401962497383224,0.05980374938465718
2022-09-29,2.0944280795360176e-13,0.7436386499607336,0.2563613500354379
2022-09-30,4.253413542889279e-13,0.5762525227815968,0.4237474772150252
2022-10-03,2.146505644709049e-13,0.3442392533276727,0.655760746675585
2022-10-04,4.313931053542058e-15,0.1451124224958447,0.8548875775071759
2022-10-05,1.1639152252723914e-14,0.08838426508550522,0.9116157349148637
2022-10-06,1.6276297570620505e-17,0.029964682977021352,0.9700353170230545
2022-10-07,6.16378451815615e-23,0.0014939874214485555,0.9985060125814992
2022-10-10,1.8412027018756663e-19,0.000992788641918409,0.999007211356304
2022-10-11,7.946957263845681e-19,0.0010270569443817153,0.9989729430536289
2022-10-12,1.0515721634095833e-19,0.0007756817228440106,0.99922431827636
2022-10-13,7.684207612212376e-23,0.00020408256543603346,0.9997959174327455
2022-10-14,3.6941376701277796e-27,1.3315610939642541e-05,0.9999866843877276
2022-10-17,1.1608296809704965e-25,1.923642586639177e-05,0.9999807635717246
2022-10-18,8.882324961028142e-25,3.3208316310853545e-05,0.9999667916838734
2022-10-19,1.2876988207804464e-25,2.280550966515539e-05,0.9999771944912277
2022-10-20,1.4586999826774284e-25,2.327219768759454e-05,0.9999767278002307
2022-10-21,3.546292763020695e-24,5.51301748605755e-05,0.9999448698280994
2022-10-24,9.218045717826325e-22,0.00030891444891457834,0.9996910855488572
2022-10-25,3.161336838513631e-20,0.0011247092893242262,0.998875290711137
2022-10-26,6.056675468909732e-20,0.003963971644772101,0.9960360283516528
2022-10-27,6.322127606248222e-18,0.016592907001638447,0.9834070929950441
2022-10-28,3.2407836385030374e-16,0.04203113125261844,0.9579688687475868
2022-10-31,4.103108063600519e-15,0.09245894561496035,0.9075410543870748
2022-11-01,2.1124148694521633e-13,0.14643206058656164,0.8535679394140073
2022-11-02,1.6811187576121495e-17,0.17074677238820615,0.8292532276109528
2022-11-03,5.907616621710604e-14,0.36189045822676946,0.6381095417738724
2022-11-04,3.422556114709502e-11,0.5467746335655205,0.45322536639681466
2022-11-07,3.965194472986972e-10,0.6054617676426575,0.3945382319602639
2022-11-08,2.5729977479561345e-09,0.6162321982910569,0.3837677991393098
2022-11-09,1.5203667657924937e-12,0.6047847581497002,0.3952152418466599
2022-11-10,1.0801578764707599e-16,0.5952395721239799,0.4047604278758916
2022-11-11,1.621458185686317e-08,0.9079824256115867,0.0920175581739925
2022-11-14,4.018403676665232e-09,0.977434153800962,0.022565842180636658
2022-11-15,2.7679218885011903e-07,0.9967475944315463,0.0032521287740700576
2022-11-16,2.8201319535678e-08,0.9994025191589408,0.0005974526416207998
2022-11-17,2.4786889835686915e-07,0.9999155516496262,8.420048261197983e-05
2022-11-18,3.0091729975326322e-06,0.999980270213203,1.672061248871427e-05
2022-11-21,1.0035292695067406e-06,0.9999863663089748,1.2630162925593536e-05
2022-11-22,7.135536977412589e-06,0.9999809446159116,1.1919849513683635e-05
2022-11-23,9.05144704726822e-06,0.9999819935931099,8.954961016569247e-06
2022-11-25,4.834259132192488e-06,0.9999859230419507,9.2426962077298e-06
2022-11-28,3.3861552173270335e-08,0.9999780498773185,2.191626235268135e-05
2022-11-29,5.27069046588302e-06,0.999982870876287,1.1858433178462927e-05
2022-11-30,1.902836793634699e-07,0.9999399410581561,5.9868655964337925e-05
2022-12-01,7.736062496361637e-06,0.999982703248385,9.560686765314829e-06
2022-12-02,9.076512215196096e-06,0.9999837443258665,7.179164013177624e-06
2022-12-05,9.209063028420024e-09,0.9999774736852209,2.2517108829754563e-05
2022-12-06,2.9874373947436616e-08,0.9999831863055241,1.6783818730016544e-05
2022-12-07,2.387860558822538e-06,0.9999903164894487,7.295652277639317e-06
2022-12-08,2.4434833658413386e-05,0.9999693110055692,6.254158134050475e-06
2022-12-09,0.00024424462064077365,0.9997487007964139,7.054579800123602e-06
2022-12-12,0.0008875363107227849,0.999101025701968,1.1437984823617956e-05
2022-12-13,0.0011104352726431191,0.9988818470935783,7.717630382019963e-06
2022-12-14,0.00033892431389193317,0.9996535744428938,7.50124379365842e-06
2022-12-15,3.8005260930200543e-08,0.9999727270268741,2.723496797933916e-05
2022-12-16,8.233812769803577e-06,0.9999829304726368,8.835716481675182e-06
2022-12-19,5.154914882063836e-05,0.9999420447771585,6.406076015478008e-06
2022-12-20,0.0003641339237034513,0.9996305883622748,5.277713671739024e-06
2022-12-21,0.0003411135314927859,0.9996498117918945,9.074675808719915e-06
2022-12-22,1.2966155418448758e-05,0.9999774903831676,9.543464277672644e-06
2022-12-23,0.0003127766357337152,0.9996816046547391,5.6187063047579895e-06
2022-12-27,0.00016515508027980692,0.9998292511209496,5.593801779078528e-06
2022-12-28,1.7515140241558056e-05,0.9999734866819027,8.99817877597257e-06
2022-12-29,0.00033147169165295476,0.9996559511649193,1.2577143529060553e-05
2022-12-30,0.00046482040569116584,0.9995294794974872,5.700098992642553e-06
2023-01-03,0.00036105692075820336,0.9996331933817971,5.749693988654969e-06
2023-01-04,0.0004229179788175628,0.9995705154391052,6.566581660735748e-06
2023-01-05,3.058733824591315e-05,0.9999604172602417,8.995404504095182e-06
2023-01-06,8.267611544940717e-06,0.9999707186065006,2.101378307833814e-05
2023-01-09,3.703304112962757e-05,0.9999560894830517,6.877475454432526e-06
2023-01-10,4.8236455552131245e-05,0.9999447853661676,6.978175167254277e-06
2023-01-11,2.749341192702486e-05,0.9999634667381229,9.039850595604684e-06
2023-01-12,2.567747074632315e-05,0.9999675815359134,6.740992122380909e-06
2023-01-13,2.243187216404723e-05,0.9999708363644332,6.73176173131534e-06
2023-01-17,3.7035912380795644e-05,0.9999564172142246,6.546871552634073e-06
2023-01-18,8.160940590189829e-07,0.9999864468381789,1.273706515320749e-05
2023-01-19,1.181958081111207e-05,0.9999801735249146,8.006892678469514e-06
2023-01-20,1.2450015287190174e-05,0.9999726952536343,1.4854731607632556e-05
2023-01-23,7.781767393339548e-05,0.9999130523904866,9.129935020404512e-06
2023-01-24,0.00033292400993077914,0.9996610319111568,6.04408125752891e-06
2023-01-25,0.001178185603233058,0.9988159128996602,5.90150030131354e-06
2023-01-26,0.0033992447303506264,0.996592879793507,7.875473521634614e-06
2023-01-27,0.007932922680090337,0.992061086854761,5.990468296656812e-06
2023-01-30,0.010844651656905124,0.9891472287761859,8.119568950745896e-06
2023-01-31,0.05172923167387405,0.9482611948030715,9.573520071169245e-06
2023-02-01,0.10567533765601274,0.8943175038451135,7.15849557852219e-06
2023-02-02,0.1386011311526709,0.8613903576924351,8.511152225212369e-06
2023-02-03,0.16764387278858245,0.8323509121016025,5.215107683635017e-06
2023-02-06,0.2901091328656577,0.7098868733607482,3.993770157206075e-06
2023-02-07,0.37387237057972744,0.6261217370068819,5.892415468702249e-06
2023-02-08,0.4019043310775106,0.5980920244682917,3.6444520853541743e-06
2023-02-09,0.5026424624632956,0.4973554083699089,2.1291693698322137e-06
2023-02-10,0.6733820314502412,0.3266163234854168,1.645064255779252e-06
2023-02-13,0.7178917506857181,0.2821060284825186,2.2208348337509307e-06
2023-02-14,0.7302194066106378,0.26977912145739125,1.471934893345187e-06
2023-02-15,0.7263453667692803,0.27365289486470445,1.7383633765189136e-06
2023-02-16,0.6663404989393302,0.3336571269645473,2.37409272687829e-06
2023-02-17,0.6647795448521863,0.33521834804095624,2.1071038865290276e-06
2023-02-21,0.629677243593753,0.3703206135270327,2.142880180344916e-06
2023-02-22,0.8394169536774304,0.16058251167624543,5.346447820849899e-07
2023-02-23,0.9117995898193624,0.0881999551306358,4.550465331840383e-07
2023-02-24,0.926663305991192,0.07333648240093715,2.11605146967287e-07
2023-02-27,0.9699273179346761,0.030072562204811876,1.1986346816649647e-07
2023-02-28,0.9793993835282935,0.02060052142131032,9.504816596470504e-08
2023-03-01,0.982386514600809,0.01761338673742411,9.866043067314314e-08
2023-03-02,0.9796275096200265,0.020372348822672803,1.4155397678477414e-07
2023-03-03,0.9497244294589865,0.050275278795694635,2.9174272615256e-07
2023-03-06,0.8738962797913145,0.1261033906500653,3.2955630616633984e-07
2023-03-07,0.38374654166148153,0.6162522358525531,1.2224870925828194e-06
2023-03-08,0.33015234308016944,0.6698436360314254,4.020888533248229e-06
2023-03-09,0.010105733562014264,0.9898853820064444,8.884431274079705e-06
2023-03-10,0.0023521488203522927,0.9976384919696705,9.35920667432933e-06
2023-03-13,0.0024880348104485894,0.9975058616486817,6.103540880960629e-06
2023-03-14,0.0011475116113212505,0.9988403113297932,1.2177058207983496e-05
2023-03-15,0.0003594888833687385,0.9996336481006396,6.863016410935882e-06
2023-03-16,6.956623821398935e-05,0.9999174754268195,1.2958335431042116e-05
2023-03-17,6.3393399230897775e-06,0.9999842167680538,9.443891839511708e-06
2023-03-20,4.1908039941102826e-05,0.9999500646325798,8.027328999519317e-06
2023-03-21,3.6324041010195273e-05,0.9999535110584302,1.0164902083413379e-05
2023-03-22,2.3537852553810593e-07,0.9999838019723433,1.5962648339423547e-05
2023-03-23,2.0869305414255934e-05,0.9999720717140113,7.058984003807605e-06
2023-03-24,2.3646448987990745e-05,0.9999692214194564,7.132134190785119e-06
2023-03-27,1.7102287101064764e-05,0.9999762318098663,6.6659051862406556e-06
2023-03-28,9.783029801361919e-06,0.9999831727797465,7.044190825930598e-06
2023-03-29,7.55729403611554e-06,0.9999814929654343,1.0949738656561907e-05
2023-03-30,1.385718652108553e-05,0.9999785067829797,7.63603357781495e-06
2023-03-31,8.335737860402964e-06,0.9999810138526073,1.065040768915667e-05
2023-04-03,1.2656291346364826e-05,0.9999801662272739,7.17748001808989e-06
2023-04-04,1.4490774909951809e-05,0.9999782221391246,7.287086327385206e-06
2023-04-05,0.000364886981107702,0.9996284627587116,6.650260913353411e-06
2023-04-06,0.009709285241366066,0.9902846410434678,6.073712513184425e-06
2023-04-10,0.05985940621336969,0.9401354825674071,5.111218518200226e-06
2023-04-11,0.17356712184275058,0.8264289099461744,3.968209792182342e-06
2023-04-12,0.34183766847399194,0.6581597206511504,2.6108733708298484e-06
2023-04-13,0.581397075752282,0.4186012538572531,1.6703927898453024e-06
2023-04-14,0.841687142156435,0.15831266749847417,1.903468975011706e-07
2023-04-17,0.9705763634464585,0.029423602344831015,3.421104194203038e-08
2023-04-18,0.9954246860939057,0.00457530998347053,3.9251148143861455e-09
2023-04-19,0.9994173902363407,0.0005826093649852056,3.962203745073269e-10
2023-04-20,0.9999131314368956,8.686853107810232e-05,2.962069961683318e-11
2023-04-21,0.9999778351539937,2.216484039847835e-05,6.390429894748167e-12
2023-04-24,0.9999549855656399,4.5014415229517334e-05,2.0631765524715306e-11
2023-04-25,0.9992819264645245,0.0007180734752230098,5.902937037093419e-11
2023-04-26,0.9998313431784759,0.00016865643445194755,3.8482588161481047e-10
2023-04-27,0.9996872076579212,0.00031279215487814383,1.9064673090094622e-10
2023-04-28,0.9999421812007422,5.781876845023362e-05,3.0315243663256704e-11
2023-05-01,0.999958675095395,4.13248867542295e-05,2.0166283758448408e-11
2023-05-02,0.9997690844453149,0.00023091552219146704,3.191923493765873e-11
2023-05-03,0.9998653641070825,0.00013463579088312342,1.0412455282464303e-10
2023-05-04,0.9998440768313883,0.00015592304911636045,1.167211848925104e-10
2023-05-05,0.9997156389930153,0.0002843608255721172,1.8186448274255714e-10
2023-05-08,0.9999031269612294,9.687297884018427e-05,5.90509255159262e-11
2023-05-09,0.9998896654479377,0.00011033453590492226,1.53414596789791e-11
2023-05-10,0.9999461952898591,5.3804697348273366e-05,1.1194395738293971e-11
2023-05-11,0.9999472740968361,5.272589741814425e-05,5.44078045551001e-12
2023-05-12,0.9999503720701393,4.9627924088900714e-05,4.80318991460452e-12
2023-05-15,0.9999539568648305,4.60431230697902e-05,1.1382169423876485e-11
2023-05-16,0.9998646999090859,0.00013530007385123468,1.7327721366964526e-11
2023-05-17,0.999894313373279,0.00010568657739967749,4.8954686670953725e-11
2023-05-18,0.9999134375244396,8.656244309669794e-05,3.589593401001481e-11
2023-05-19,0.9998894041607863,0.00011059580576133741,3.622308090882885e-11
2023-05-22,0.9998243088880392,0.00017569098360986377,1.2794026382176935e-10
2023-05-23,0.9993674466669716,0.0006325530610518784,2.746856751811993e-10
2023-05-24,0.9996387112047992,0.00036128865265128444,1.4026797940806882e-10
2023-05-25,0.9999263741449287,7.362579100342659e-05,6.42693387532523e-11
2023-05-26,0.9999232529137687,7.674706637753791e-05,1.8448455005140722e-11
2023-05-30,0.9999508982705206,4.9101719396483034e-05,9.987860814766173e-12
2023-05-31,0.9999282161161196,7.178387839920014e-05,6.401416888627086e-12
2023-06-01,0.9999542513748012,4.574861198831767e-05,1.4378845480424838e-11
2023-06-02,0.9999251492629206,7.485072822849095e-05,8.659710084429113e-12
2023-06-05,0.9999708063156051,2.919368142914736e-05,2.4428909884230302e-12
2023-06-06,0.9999795090687563,2.0490928302144544e-05,1.178770314725648e-12
2023-06-07,0.999970703072786,2.929692568417235e-05,7.512065112243826e-13
2023-06-08,0.9999798399434795,2.0160057697190792e-05,9.032581091343554e-13
2023-06-09,0.9999811644184268,1.883558065898446e-05,6.390370623256771e-13
2023-06-12,0.9999764468020508,2.3553194743198113e-05,8.630904538548325e-13
2023-06-13,0.9999802768996762,1.9723099564212412e-05,6.910953833817604e-13
2023-06-14,0.9999828591912994,1.714081138654195e-05,8.165046207089949e-13
2023-06-15,0.9999686313940085,3.136860314387141e-05,1.978562828441931e-12
2023-06-16,0.9999737743511289,2.622564556539143e-05,2.033249999295116e-12
2023-06-20,0.9999637675298185,3.623247132186346e-05,2.305100695511996e-12
2023-06-21,0.9999618942877447,3.81057093822064e-05,1.3796214705966389e-12
2023-06-22,0.9999842210462494,1.5778953643844428e-05,2.4301702464842906e-12
2023-06-23,0.9999565416422364,4.345835590495148e-05,1.4713953513673418e-12
2023-06-26,0.9999729949421902,2.7005053372509066e-05,2.271565020787825e-12
2023-06-27,0.9999756705487179,2.4329446167282038e-05,1.833250112251191e-12
2023-06-28,0.999983788002731,1.6211996250042543e-05,6.332658127195089e-13
2023-06-29,0.9999848620118269,1.5137984506322065e-05,9.69462579224712e-13
2023-06-30,0.9999700108077684,2.998918740833882e-05,1.4415528420137867e-12
2023-07-03,0.9999849488199669,1.5051178647314995e-05,1.2375602316638898e-12
2023-07-05,0.9999810130886463,1.8986912099030327e-05,1.884955405957819e-12
2023-07-06,0.9999483542000307,5.1645797006722024e-05,2.4337087117452302e-12
2023-07-07,0.9999750713810898,2.4928617844850015e-05,2.389836035587988e-12
2023-07-10,0.9999829638323335,1.7036168859777175e-05,1.1813594934420532e-12
2023-07-11,0.9999807381500181,1.9261849630172353e-05,1.225130620065227e-12
2023-07-12,0.9999782081404871,2.1791858039858832e-05,1.7958480626200916e-12
2023-07-13,0.9999776882338489,2.231176376030311e-05,1.9104954513558146e-12
2023-07-14,0.9999787899572038,2.1210044494176473e-05,9.41218967564162e-13
2023-07-17,0.9999843623867818,1.563761271830687e-05,1.0788614983905038e-12
2023-07-18,0.9999816199503805,1.8380048639876808e-05,1.0092182137405716e-12
2023-07-19,0.9999841003036454,1.5899694998058688e-05,1.806482849531009e-12
2023-07-20,0.999964009395743,3.599060525522559e-05,1.380638400105023e-12
2023-07-21,0.9999822066511629,1.779334591449834e-05,1.464695854224147e-12
2023-07-24,0.9999851039410604,1.4896059993269126e-05,9.245822952812292e-13
2023-07-25,0.9999851950201453,1.4804977663335948e-05,8.634113912433194e-13
2023-07-26,0.9999841338743806,1.5866124944744052e-05,2.0489750793737995e-12
2023-07-27,0.9999641346104747,3.5865386604460254e-05,2.8916200896255014e-12
2023-07-28,0.9999709447584944,2.905523545932173e-05,5.4146586661727105e-12
2023-07-31,0.9999833301924529,1.6669806907011957e-05,4.121433176385763e-12
2023-08-01,0.9999671427372315,3.285724454943549e-05,1.6937965766720683e-11
2023-08-02,0.9997324374306946,0.00026756255085685075,1.9335795227010333e-11
2023-08-03,0.999960836498964,3.9163474957345986e-05,2.4033738661895524e-11
2023-08-04,0.999971058798547,2.8941197078664185e-05,3.5232887622099097e-12
2023-08-07,0.9999764105759118,2.358942175110138e-05,3.853358466463065e-12
2023-08-08,0.9999716810351789,2.831895978000176e-05,2.6405153707359444e-12
2023-08-09,0.9999651353539482,3.486464590270544e-05,1.4550539807736789e-12
2023-08-10,0.9999867563896481,1.3243609954952866e-05,7.772748532069631e-13
2023-08-11,0.9999878857130903,1.2114287849829208e-05,3.0520212224598476e-13
2023-08-14,0.9999865205499091,1.3479447015662304e-05,1.774491244417172e-12
2023-08-15,0.9999205526966518,7.9447297762472e-05,3.199727294646579e-12
2023-08-16,0.9999638223958284,3.61775993150952e-05,6.990640180406655e-12
2023-08-17,0.9999662749190028,3.372507896004853e-05,1.3950385815306375e-12
2023-08-18,0.9999859512504417,1.4048751212941087e-05,7.231969756550217e-13
2023-08-21,0.999982644721596,1.7355277258823138e-05,8.262581848551286e-13
2023-08-22,0.9999676568687391,3.234312293970904e-05,5.135219527879257e-12
2023-08-23,0.9998336116748027,0.00016638821683392937,1.102002390338382e-10
2023-08-24,0.9990269916966297,0.000973007885094012,4.205442866250783e-10
2023-08-25,0.9995123091773493,0.00048768861870980947,2.2049880457159882e-09
2023-08-28,0.9990160665745117,0.0009839306000967245,2.8242487953860755e-09
2023-08-29,0.9966493577503601,0.003350632096269218,1.0151195957658273e-08
2023-08-30,0.9951296367229252,0.004870341894799572,2.1381231463707458e-08
2023-08-31,0.9900597206618663,0.009940247618585708,3.171594578231757e-08
2023-09-01,0.9794753642746431,0.020524564935955177,7.079298311051671e-08
2023-09-05,0.953454233404935,0.04654561977382462,1.4682461361642015e-07
2023-09-06,0.917489178648466,0.08251047979776106,3.41553971819037e-07
2023-09-07,0.8904100017975589,0.10958940709735722,5.911074975784216e-07
2023-09-08,0.8553038013632543,0.14469536239726252,8.362410137451231e-07
2023-09-11,0.7963576156515462,0.20364110348500816,1.2808639452263097e-06
2023-09-12,0.7134345153129351,0.28656397172280423,1.5129631472534327e-06
2023-09-13,0.6546484571439084,0.34534920597548646,2.336879677091773e-06
2023-09-14,0.547021135446146,0.45297501966773673,3.8448835235842095e-06
2023-09-15,0.3752704711671685,0.6247251775420857,4.351294048439475e-06
2023-09-18,0.33549594717113135,0.6644992926030803,4.760227353352539e-06
2023-09-19,0.24976611351204145,0.7502288366173122,5.049873442225097e-06
2023-09-20,0.09025792411972307,0.9097357073073167,6.368571038808227e-06
2023-09-21,0.01272604935512718,0.9872628146222469,1.1136022966528356e-05
2023-09-22,0.011303007154252802,0.9886894459773589,7.546865168281503e-06
2023-09-25,0.008091472499608761,0.9918999446870281,8.582815819945048e-06
2023-09-26,0.001390050731642662,0.99859893631983,1.1012947404120418e-05
2023-09-27,0.0017990273831206324,0.9981924247043029,8.547913085094494e-06
2023-09-28,0.001343155171031673,0.9986472253231106,9.619506844324012e-06
2023-09-29,0.0006651333346359921,0.9993268090161687,8.057647183196354e-06
2023-10-02,0.0002657649815335583,0.9997259284633115,8.306557938312926e-06
2023-10-03,9.370536884774623e-06,0.9999795291790913,1.1100285203323872e-05
2023-10-04,2.7544304072622085e-05,0.9999627910011997,9.664694783169654e-06
2023-10-05,2.0769113307179005e-05,0.9999712150306753,8.015854309840703e-06
2023-10-06,6.78737952239663e-06,0.9999813969900583,1.1815628222260027e-05
2023-10-09,8.508447936114986e-06,0.9999824296625964,9.061889295793977e-06
2023-10-10,7.331251496366623e-06,0.9999841865587551,8.482191461327815e-06
2023-10-11,6.418595957609529e-06,0.9999854078751566,8.17353211879394e-06
2023-10-12,2.556035950037089e-06,0.9999891527920097,8.29117470834534e-06
2023-10-13,3.1330765119431874e-06,0.999988487638677,8.37928179951321e-06
2023-10-16,2.512551906476305e-06,0.9999863647737686,1.1122675755800747e-05
2023-10-17,3.4303026000120314e-06,0.9999883426450734,8.227050790327645e-06
2023-10-18,2.422482584538051e-07,0.9999877507093414,1.2007042941526278e-05
2023-10-19,1.4132793207433966e-06,0.9999889655400133,9.621178769525313e-06
2023-10-20,4.3843267911868003e-07,0.9999884831931181,1.107837720360687e-05
2023-10-23,3.3926913467158118e-06,0.9999885436774589,8.06362860258769e-06
2023-10-24,5.842246759818322e-06,0.9999841508125413,1.0006937654817458e-05
2023-10-25,3.096868628344522e-07,0.9999868734509866,1.2816865598534865e-05
2023-10-26,4.782163948151059e-07,0.9999884459551965,1.1075828118184588e-05
2023-10-27,2.007904377009715e-06,0.9999896462858795,8.345806298352777e-06
2023-10-30,1.4084912031466584e-06,0.999987085891631,1.1505617582233452e-05
2023-10-31,3.524993156698806e-06,0.9999874495830176,9.025424120307436e-06
2023-11-01,2.704812339736329e-06,0.9999859271819123,1.1368008456994684e-05
2023-11-02,4.826389384728637e-07,0.9999797519134469,1.9765450025419742e-05
2023-11-03,3.66134961463332e-06,0.9999864842360948,9.854413176026122e-06
2023-11-06,5.468262980398322e-06,0.999987101694807,7.430044094853443e-06
2023-11-07,6.834827030957634e-06,0.9999858791539932,7.2860198573625315e-06
2023-11-08,6.719167841876917e-06,0.9999861040652442,7.176767293735721e-06
2023-11-09,1.947448126876252e-06,0.9999893818221454,8.670733107950206e-06
2023-11-10,2.4669513360616876e-06,0.9999842350085919,1.3298037772089698e-05
2023-11-13,6.302976361942942e-06,0.9999857989158688,7.898107537019213e-06
2023-11-14,1.4845887811627974e-06,0.9999806810712317,1.7834340995235828e-05
2023-11-15,0.00010644270302014576,0.9998862430027108,7.3142953915838364e-06
2023-11-16,0.0023346259647256,0.9976590372521105,6.33678320511197e-06
2023-11-17,0.028132371230629047,0.9718620988880299,5.52987976451081e-06
2023-11-20,0.1364832615855875,0.863512112844837,4.625571907990123e-06
2023-11-21,0.373300799823554,0.6266980468594775,1.153315911911734e-06
2023-11-22,0.8067847048966953,0.1932151035675676,1.9153260277904914e-07
2023-11-24,0.9724553793990189,0.02754459979234459,2.0805101554447974e-08
2023-11-27,0.9972204213447298,0.002779577342456362,1.3141416424257601e-09
2023-11-28,0.9998124946749768,0.00018750523716900964,8.662510304893175e-11
2023-11-29,0.9999701330038193,2.9866991219920493e-05,4.1803088899959276e-12
2023-11-30,0.9999847082804576,1.529171814641022e-05,4.84639803412577e-13
2023-12-01,0.999988362238999,1.1637759689690213e-05,5.148652044976639e-13
2023-12-04,0.9999796740550041,2.032594459658056e-05,3.319123493637605e-13
2023-12-05,0.9999865706296516,1.3429367204505414e-05,6.52178248864166e-13
2023-12-06,0.9999789310714186,2.1068928147781626e-05,5.28151888319432e-13
2023-12-07,0.9999822954817528,1.7704519591973625e-05,9.088750871304565e-13
2023-12-08,0.9999848398423199,1.5160159104342979e-05,6.522436369826826e-13
2023-12-11,0.999985923325709,1.4076673271131673e-05,9.454266043585407e-13
2023-12-12,0.9999817404525828,1.825954135546944e-05,3.3225110498668033e-12
2023-12-13,0.9999475036994263,5.24962855964768e-05,1.3491961267624225e-11
2023-12-14,0.9999802513761207,1.9748613406609643e-05,8.313899758589623e-12
2023-12-15,0.9999771964265883,2.2803570897778845e-05,4.0407114760889325e-12
2023-12-18,0.999972417145063,2.758283677701858e-05,1.8446133412401805e-11
2023-12-19,0.9999372599596439,6.273988936607168e-05,1.5325987183503082e-10
2023-12-20,0.999525971073186,0.00047402878244672984,1.4532090067602718e-10
2023-12-21,0.999885792679545,0.00011420703853139647,2.810621786114405e-10
2023-12-22,0.9999504891854234,4.9510773708841575e-05,4.2755776667350804e-11
2023-12-26,0.9999541325420293,4.5867432546940106e-05,2.2835027566195233e-11
2023-12-27,0.999949209248601,5.0790723650186215e-05,2.493653339553997e-11
2023-12-28,0.999937864241123,6.213570997606542e-05,4.7148976622582804e-11
2023-12-29,0.9998988570008166,0.00010114288871779932,1.1087024977677706e-10
2024-01-02,0.9998216454860039,0.00017835422987613224,2.8351853352469314e-10
2024-01-03,0.9997309776614429,0.0002690220132490461,3.2596278271021913e-10
2024-01-04,0.9998539271140913,0.00014607263182617172,2.5649680565667173e-10
2024-01-05,0.9998927338583203,0.00010726584501132564,2.9760260810737264e-10
2024-01-08,0.9997663161355603,0.00023368337926410134,4.840201781298781e-10
2024-01-09,0.999853730561003,0.00014626923336911454,2.0913354047275867e-10
2024-01-10,0.9998958624440207,0.00010413740651152549,1.4813433682286607e-10
2024-01-11,0.9998979556958318,0.00010204423765297071,6.652672865992326e-11
2024-01-12,0.9999263680917777,7.363183339383422e-05,7.521790867350079e-11
2024-01-16,0.9999118888702643,8.811106887237874e-05,5.902373416926083e-11
2024-01-17,0.9999047608897583,9.523906887602729e-05,4.08412549764373e-11
2024-01-18,0.9999448690059615,5.513094164647833e-05,5.112497675566117e-11
2024-01-19,0.9999340410066604,6.595897781873552e-05,1.688301792548608e-11
2024-01-22,0.9999748096569012,2.5190338161074945e-05,4.645174128904042e-12
2024-01-23,0.9999815578148464,1.8442182596588793e-05,1.4560745567016175e-12
2024-01-24,0.9999836223828066,1.6377618303701037e-05,7.871065197368504e-13
2024-01-25,0.9999849457641107,1.5054236962662683e-05,7.497422581907562e-13
2024-01-26,0.9999848120413077,1.5187958872578325e-05,5.720488032361955e-13
2024-01-29,0.9999829866420723,1.701335786954224e-05,2.0585573381599735e-12
2024-01-30,0.9999600323555662,3.9967622011642285e-05,1.9615069869515997e-11
2024-01-31,0.9993253153526149,0.0006746845995953727,4.596533510552225e-11
2024-02-01,0.9998910662581549,0.0001089336066640975,1.336945682195599e-10
2024-02-02,0.999963403374125,3.6596611179783466e-05,1.656485117088513e-11
2024-02-05,0.9999643057348747,3.569426460182546e-05,1.7200848999778348e-12
2024-02-06,0.9999821391896866,1.786080623256486e-05,1.3854554203679061e-12
2024-02-07,0.9999788290428198,2.117095543092928e-05,1.0134901643083102e-12
2024-02-08,0.9999806985113653,1.9301488431371165e-05,8.085807370406283e-13
2024-02-09,0.9999797661522077,2.023384561964547e-05,2.335106530064319e-12
2024-02-12,0.9999487126316343,5.1287350419703114e-05,1.953859644311914e-11
2024-02-13,0.9994920109112649,0.0005079890565305868,3.462900396554632e-11
2024-02-14,0.9999227561932867,7.724374511999537e-05,6.081197974777189e-11
2024-02-15,0.9999637254253783,3.627456286624406e-05,1.4873230333256913e-11
2024-02-16,0.9999386927614835,6.130722986897181e-05,9.999766981995873e-12
2024-02-20,0.9999257835845554,7.421639960320081e-05,1.6311108456355905e-11
2024-02-21,0.9999338250850565,6.617485108290124e-05,6.67702251600897e-11
2024-02-22,0.9995885055126925,0.00041149429729523865,1.8705402756351208e-10
2024-02-23,0.9998849088757252,0.00011509102002258583,1.066310298230772e-10
2024-02-26,0.999891591474281,0.00010840850019731434,2.417637726869237e-11
2024-02-27,0.9999420445006882,5.795548021852273e-05,1.6550422090796997e-11
2024-02-28,0.9999384674461919,6.153254601740418e-05,5.103721254681197e-12
2024-02-29,0.9999695268256996,3.0473167076791022e-05,5.209470839900226e-12
2024-03-01,0.999965368802212,3.46311957531092e-05,5.465389430971214e-12
2024-03-04,0.999959455926478,4.0544061931789704e-05,1.3989779855713688e-11
2024-03-05,0.9998388108263162,0.00016118916000650588,1.1124506786915014e-11
2024-03-06,0.999962659813298,3.734017329235154e-05,1.6441859809915312e-11
2024-03-07,0.9999589170692227,4.108292130698916e-05,1.204625022388447e-11
2024-03-08,0.9999239694389916,7.603055783996758e-05,6.537844055037767e-12
2024-03-11,0.9999610394684247,3.8960526303802555e-05,7.424858056133896e-12
2024-03-12,0.9999570689881406,4.293100638986418e-05,5.1981956662204085e-12
2024-03-13,0.9999693776076434,3.062239174725001e-05,3.2422873489175817e-12
2024-03-14,0.9999683479243564,3.165206896377027e-05,4.519289108991407e-12
2024-03-15,0.9999387007790973,6.129921703018282e-05,3.220028258788071e-12
2024-03-18,0.9999759731848575,2.4026811290947362e-05,3.2203751015167674e-12
2024-03-19,0.9999786623250706,2.1337676522868104e-05,1.6942309216305384e-12
2024-03-20,0.9999716534091505,2.8346592299244247e-05,1.2538570280517908e-12
2024-03-21,0.9999853519165847,1.4648078874584126e-05,1.2095433236214744e-12
2024-03-22,0.9999824354396053,1.7564557575482797e-05,6.828480712823305e-13
2024-03-25,0.9999811022174387,1.8897779359641305e-05,8.032314400574205e-13
2024-03-26,0.9999824253844085,1.7574615096359553e-05,8.736209388951973e-13
2024-03-27,0.9999808403461554,1.9159650406296045e-05,1.1406721452203134e-12
2024-03-28,0.9999836140228683,1.6385978224222542e-05,7.112562982580962e-13
2024-04-01,0.9999834893295577,1.6510672301225774e-05,1.0684103566035588e-12
2024-04-02,0.9999708471980182,2.9152802968409592e-05,8.583822493213109e-13
2024-04-03,0.9999851383558279,1.4861639092962378e-05,5.989679420934812e-12
2024-04-04,0.9998907589406816,0.00010924105880121315,3.4211518763219846e-12
2024-04-05,0.9999746162959413,2.538369618803416e-05,5.43227854894228e-12
2024-04-08,0.9999875634212282,1.2436576688604406e-05,5.318770003108734e-13
2024-04-09,0.9999872397397797,1.2760258772951734e-05,9.660400232868033e-13
2024-04-10,0.9999486796950641,5.132030091321402e-05,2.0131181684446053e-12
2024-04-11,0.9999699044510152,3.009551081507311e-05,3.7446410816010074e-11
2024-04-12,0.9996466124350338,0.00035338748944883014,7.40180458771446e-11
2024-04-15,0.9996759828952513,0.00032401701194207316,9.309194402128975e-11
2024-04-16,0.9999563404707715,4.3659507421530605e-05,2.0156086052034246e-11
2024-04-17,0.9999581564794274,4.184352088769588e-05,2.846167308136668e-12
2024-04-18,0.9999738452389273,2.615475357045396e-05,5.8014681901006115e-12
2024-04-19,0.9999072941255708,9.270586115344275e-05,1.6800591276247753e-11
2024-04-22,0.9998363514501155,0.00016364828895321903,2.582481450960216e-10
2024-04-23,0.9989205283466829,0.0010794702501543596,1.4002936803389066e-09
2024-04-24,0.9950039371469452,0.004996055960650462,6.892905098981969e-09
2024-04-25,0.9727976927028938,0.027202271491917687,3.580764180457758e-08
2024-04-26,0.8916794015697611,0.1083203371050831,2.6132174869766324e-07
2024-04-29,0.670176913226454,0.32982228354780596,8.032281257217925e-07
2024-04-30,0.07241698048304872,0.9275794594827481,3.56003564497163e-06
2024-05-01,0.049782128494043856,0.9502118745088967,5.99699901221809e-06
2024-05-02,0.03521631866528418,0.9647750568292157,8.62450302815771e-06
2024-05-03,0.02549717615480346,0.9744922910878024,1.0532755887745303e-05
2024-05-06,0.023475535693574294,0.9765155860810106,8.878226017424813e-06
2024-05-07,0.027129193483031395,0.9728645396980938,6.266816158044957e-06
2024-05-08,0.04024759218234345,0.9597464021653048,6.0056559114600225e-06
2024-05-09,0.07556593152285002,0.924427926358898,6.14212108936102e-06
2024-05-10,0.1666299023218124,0.8333654010427356,4.696635129167049e-06
2024-05-13,0.3275469295865824,0.6724494089853369,3.6614245413452254e-06
2024-05-14,0.50410893545138,0.4958881707451108,2.893803764017617e-06
2024-05-15,0.6508050761552719,0.34919297912408803,1.9447201653856604e-06
2024-05-16,0.8449052277327739,0.15509450428345606,2.6798129417080507e-07
2024-05-17,0.9631440079953096,0.03685594130320326,5.07029177904244e-08
2024-05-20,0.9935717506689751,0.006428242475892897,6.854947004675469e-09
2024-05-21,0.9991193530364343,0.0008806457298445359,1.231786777533816e-09
2024-05-22,0.9998023669646874,0.00019763276720349926,2.662857741951949e-10
2024-05-23,0.9998642073935231,0.0001357925694392718,3.4798166917947484e-11
2024-05-24,0.9999555455637691,4.445442609934083e-05,1.0660702434807974e-11
2024-05-28,0.9999696989914529,3.030100365719258e-05,2.9015172829649867e-12
2024-05-29,0.9999644204653616,3.557953063834666e-05,2.670880917473608e-12
2024-05-30,0.9999673198427881,3.2680152036673906e-05,1.7414065962103566e-12
2024-05-31,0.9999801899900804,1.9810005608806546e-05,9.419900952580942e-13
2024-06-03,0.9999894347614523,1.0565240792470974e-05,2.267458880097618e-13
2024-06-04,0.9999908690568515,9.130940480181874e-06,2.9150426490625084e-13
2024-06-05,0.9999777609117706,2.2239090121630307e-05,4.5330652645876596e-13
2024-06-06,0.9999895727412642,1.0427255873226607e-05,2.72461041036542e-13
2024-06-07,0.9999897153776601,1.0284622818367587e-05,1.1606906820226797e-13
2024-06-10,0.999990918984018,9.081014507023133e-06,1.158194672475211e-13
2024-06-11,0.9999910574442437,8.942558123770055e-06,1.3497490023596236e-13
2024-06-12,0.9999878014003184,1.2198600528268949e-05,1.5130351997124797e-13
2024-06-13,0.9999922708237524,7.729178455783278e-06,1.1566304825477523e-13
2024-06-14,0.999992333112746,7.666886050497915e-06,9.868454466229006e-14
2024-06-17,0.9999894846448919,1.0515356223098262e-05,1.3942758299564958e-13
2024-06-18,0.9999920224172344,7.977579505873276e-06,1.3958207905848194e-13
2024-06-20,0.999989810640798,1.0189355770675386e-05,1.0256322611921437e-13
2024-06-21,0.9999909045122699,9.095487061718448e-06,1.318310209361566e-13
2024-06-24,0.9999902918023639,9.70819584965389e-06,1.086959093649948e-13
2024-06-25,0.9999923954017436,7.604595194627756e-06,1.2115387637922712e-13
2024-06-26,0.9999924813738087,7.518626811207963e-06,8.07765241677558e-14
2024-06-27,0.9999930021685227,6.997833377312179e-06,1.2034540464980182e-13
2024-06-28,0.9999908137091489,9.186291354303988e-06,1.0786259221829207e-13
2024-07-01,0.9999931723228912,6.827676556999168e-06,2.0091164230933722e-13
2024-07-02,0.9999907165978394,9.283399077784073e-06,2.4097239852486535e-13
2024-07-03,0.9999914339499262,8.566047673702633e-06,2.8537093657622284e-13
2024-07-05,0.999990898873454,9.101127474300213e-06,3.5645416744034897e-13
2024-07-08,0.9999920279687458,7.972033017731426e-06,2.9564114943666117e-13
2024-07-09,0.9999913011575702,8.698839256371154e-06,6.681787248780673e-13
2024-07-10,0.9999806636965807,1.9336298893653306e-05,3.720117753899873e-12
2024-07-11,0.9999667468727396,3.3253124512721316e-05,2.0544317868071865e-12
2024-07-12,0.9999857798822341,1.422011404024377e-05,2.1514966822229552e-12
2024-07-15,0.9999883236332179,1.1676365172964368e-05,1.2559725095011992e-12
2024-07-16,0.9999796993748222,2.0300614092306535e-05,1.152135046074562e-11
2024-07-17,0.9998042961546093,0.00019570382669766972,2.0467761478139625e-11
2024-07-18,0.9999368031092064,6.319684453405845e-05,4.683735437109694e-11
2024-07-19,0.9999497607601551,5.023919638630131e-05,4.316705901113998e-11
2024-07-22,0.9998467551047575,0.00015324453650259216,3.5548282221483735e-10
2024-07-23,0.9981395566187182,0.0018604414992887531,1.8789711361839225e-09
2024-07-24,0.96476708947507,0.03523289507394969,1.544817550806976e-08
2024-07-25,0.9872081638620039,0.012791764537980773,7.159847465195573e-08
2024-07-26,0.9907625960375798,0.00923729946524481,1.0449857643462608e-07
2024-07-29,0.9866774134253125,0.01332251701648445,6.95600579974768e-08
2024-07-30,0.9408481868628441,0.05915170974879056,1.0339028075455121e-07
2024-07-31,0.7243293106729054,0.27566976170510105,9.276223613581124e-07
2024-08-01,0.11680670269536132,0.8831905928439386,2.7044577160323343e-06
2024-08-02,0.0019474960082591225,0.9980369537955233,1.5550195506927286e-05
2024-08-05,3.1519653844258516e-08,0.9999393507080355,6.0617770093717574e-05
2024-08-06,0.0002676974254038442,0.999723120026326,9.182545090314045e-06
2024-08-07,7.553293759946062e-05,0.9999173260782988,7.140983082693599e-06
2024-08-08,1.0145460542052651e-05,0.9999696672546879,2.018728481684055e-05
2024-08-09,4.162502540662056e-05,0.9999512475357766,7.127440666937909e-06
2024-08-12,2.091562961493017e-05,0.9999721262166891,6.958155602850834e-06
2024-08-13,6.679113960103357e-06,0.999980849731961,1.2471154150440523e-05
2024-08-14,9.15717084345862e-06,0.9999827126196563,8.130207514735918e-06
2024-08-15,3.0519538655254882e-06,0.9999828267265335,1.4121318366144454e-05
2024-08-16,4.888805638012386e-06,0.9999865266034244,8.584588984908877e-06
2024-08-19,5.7925309887987455e-06,0.9999848474383045,9.360029108866937e-06
2024-08-20,2.472151095915944e-06,0.9999887556600779,8.77218879637614e-06
2024-08-21,1.3274637881007462e-05,0.9999795078464205,7.217518123272273e-06
2024-08-22,2.3227453421984274e-06,0.9999886097860546,9.0674705319112e-06
2024-08-23,1.6363864270746745e-05,0.9999750722760102,8.563861709009231e-06
2024-08-26,8.919154314742127e-06,0.9999838137155487,7.267127950414856e-06
2024-08-27,1.734133252684673e-05,0.9999759004925143,6.758174546703573e-06
2024-08-28,7.754990710592108e-06,0.9999847553260812,7.489681647172353e-06
2024-08-29,4.1239082739642756e-05,0.9999524166603646,6.344260003284055e-06
2024-08-30,0.00012561179328021804,0.9998664797546826,7.908449061476052e-06
2024-09-03,8.850533510034638e-05,0.9998946682497688,1.6826418764582978e-05
2024-09-04,0.02492033540385004,0.9750737076333859,5.956963664098716e-06
2024-09-05,0.050706549046935855,0.9492880536143151,5.397337806391785e-06
2024-09-06,0.0691897605101074,0.9308056923823177,4.547108553621981e-06
2024-09-09,0.5915706902606053,0.40842813499026,1.1747457018538806e-06
2024-09-10,0.8659190474227363,0.1340806986419794,2.5393612646530906e-07
2024-09-11,0.9591513294141808,0.040848585226126,8.535830812800838e-08
2024-09-12,0.9897023523589494,0.010297634362626118,1.3276432048829115e-08
2024-09-13,0.9981664981389692,0.0018334995239314953,2.336446694646911e-09
2024-09-16,0.999592146430357,0.0004078531178180234,4.5349670812961204e-10
2024-09-17,0.9998334920561451,0.00016650775413276634,1.9251600118613346e-10
2024-09-18,0.9997758261883992,0.0002241736209748784,1.939178353218522e-10
2024-09-19,0.999528496571348,0.0004715030035522721,4.272203816652439e-10
2024-09-20,0.9997723262759766,0.00022767359720300408,1.23473757126248e-10
2024-09-23,0.9998932106735445,0.00010678928472761872,4.524060041813268e-11
2024-09-24,0.9999129846790392,8.701529222740485e-05,2.7477323243057608e-11
2024-09-25,0.9998884461254574,0.00011155385951378879,1.785694407341587e-11
2024-09-26,0.9999264824759669,7.351750228377823e-05,2.072338203490376e-11
2024-09-27,0.9999160412948922,8.395869277899884e-05,1.1325264662274442e-11
2024-09-30,0.9999381935087304,6.180647664890661e-05,1.7643957116753157e-11
2024-10-01,0.9998967816805028,0.00010321831248495055,7.490553447685585e-12
2024-10-02,0.9999715647031938,2.8435294196023508e-05,3.800837733122572e-12
2024-10-03,0.9999747231770513,2.5276821963080773e-05,7.776361029583104e-13
2024-10-04,0.999983130325249,1.686967396331255e-05,2.5416784955995765e-12
2024-10-07,0.9999590324102466,4.096758601867609e-05,1.0743114093568578e-12
2024-10-08,0.9999819939423495,1.8006056128168936e-05,1.3554094311395032e-12
2024-10-09,0.9999871978089719,1.280219366036836e-05,4.403833876627696e-13
2024-10-10,0.9999870307769653,1.296922641256476e-05,2.2435746282834182e-13
2024-10-11,0.9999880370584626,1.1962938340479387e-05,3.785823348150263e-13
2024-10-14,0.9999839878991696,1.6012102279311524e-05,1.2349401480535035e-12
2024-10-15,0.9999578281656324,4.217183614893538e-05,8.680685009107922e-13
2024-10-16,0.9999850357154245,1.4964284959643438e-05,7.860078426301846e-13
2024-10-17,0.9999893802214517,1.0619779729804406e-05,2.461892057429129e-13
2024-10-18,0.9999899700335899,1.0029966076837751e-05,2.2610449734973514e-13
2024-10-21,0.9999882128289593,1.178717443154851e-05,2.0703587776384384e-13
2024-10-22,0.9999881170639386,1.1882932103449449e-05,7.897794769985681e-13
2024-10-23,0.999958612597504,4.13874043798412e-05,6.30499241218396e-13
2024-10-24,0.999988131790302,1.1868207899348682e-05,7.35804291514194e-13
2024-10-25,0.9999883419029344,1.1658095281871483e-05,1.858851788214312e-13
2024-10-28,0.9999896660762796,1.0333926074765412e-05,1.9718251753302278e-13
2024-10-29,0.9999889129863527,1.1087013308739402e-05,1.4357295587889953e-12
2024-10-30,0.9999084419767439,9.155798981961531e-05,3.1598327831495435e-11
2024-10-31,0.9977207512154508,0.00227924872043238,6.299513528253651e-11
2024-11-01,0.9998851525268061,0.00011484739908002081,7.428709656587258e-11
2024-11-04,0.9999705113205594,2.9488658056658786e-05,2.4850657882950145e-11
2024-11-05,0.9998703242212171,0.0001296756562722052,1.2277274473155221e-10
2024-11-06,0.9987563447803329,0.0012436547353363578,4.815272789184864e-10
2024-11-07,0.9998372954825141,0.00016270441592023923,1.0238401058666127e-10
2024-11-08,0.9999523041575918,4.7695832613507616e-05,1.184364251173045e-11
2024-11-11,0.9999596187121665,4.0381283290295e-05,4.448006210405409e-12
2024-11-12,0.9999464789569473,5.3521040290100606e-05,5.165827779781383e-12
2024-11-13,0.9999421904697763,5.7809503458721214e-05,2.3723615616036156e-11
2024-11-14,0.9997266923752482,0.00027330750264245563,1.2007484141462286e-10
2024-11-15,0.9991436938220165,0.00085630600269735,1.7555415691773362e-10
2024-11-18,0.9998617091939108,0.0001382907297604916,7.75850924503346e-11
2024-11-19,0.9999421012862477,5.789870311451053e-05,1.280532695803387e-11
2024-11-20,0.9999518952247071,4.810476763246072e-05,4.444754661041307e-12
2024-11-21,0.9999594481851729,4.055181228760506e-05,3.7066373339619624e-12
2024-11-22,0.9999597290839926,4.027090971097103e-05,2.8962905678825296e-12
2024-11-25,0.9999602114388452,3.9788556092730646e-05,3.0368146016315306e-12
2024-11-26,0.9999579843083859,4.2015683538825866e-05,4.84390069135228e-12
2024-11-27,0.9999353070278872,6.469297094434649e-05,2.184249516673432e-12
2024-11-29,0.9999789355460382,2.1064455533973617e-05,1.931331304689063e-12
2024-12-02,0.9999817486160583,1.8251384432299987e-05,5.366736414330043e-13
2024-12-03,0.9999814853185444,1.8514684332945745e-05,4.052949568244683e-13
2024-12-04,0.9999841940310454,1.5805969475868754e-05,2.610139452030521e-13
2024-12-05,0.9999916691068896,8.330892683172508e-06,1.5082248842504965e-13
2024-12-06,0.9999931551954041,6.844803625952313e-06,1.2828164753939365e-13
2024-12-09,0.9999890080820689,1.0991918460280348e-05,1.1042810432296723e-13
2024-12-10,0.9999909123120255,9.087684441231303e-06,1.5781578852069998e-13
2024-12-11,0.9999899222092014,1.0077790288160725e-05,2.71621112908851e-13
2024-12-12,0.9999868381776077,1.316182367891258e-05,2.3521603221111e-13
2024-12-13,0.9999871929705221,1.2807026462715104e-05,4.5129793968528525e-12
2024-12-16,0.9997805454988948,0.00021945430643822704,1.970023230544623e-10
2024-12-17,0.9883581651368457,0.011641829752460134,5.108166482375374e-09
2024-12-18,0.4899402634956273,0.5100596835632768,5.294239195574144e-08
2024-12-19,0.9563786450527552,0.04362131183971978,4.310800806025187e-08
2024-12-20,0.9941579167154762,0.005842074149995056,9.133945830741147e-09
2024-12-23,0.9992391404186314,0.0007608570728372516,2.509201200991321e-09
2024-12-24,0.9995247921347846,0.0004752054232558183,2.4410958326441788e-09
2024-12-26,0.9986487272229201,0.001351270330679562,2.444950733302827e-09
2024-12-27,0.9908215091373116,0.009178480313020265,1.055074932618092e-08
2024-12-30,0.9838431345227496,0.016156679237120396,1.8623820364604738e-07
2024-12-31,0.9808374105040594,0.019158566815237282,4.0226803224048614e-06
