Date,portfolio_value,daily_return,SPY_weight,QQQ_weight,IWM_weight,TLT_weight,GLD_weight
2019-01-03,0.9865080714225769,-0.013491928577423096,0.22145256400108337,0.22461643815040588,0.22365637123584747,0.16402782499790192,0.16624674201011658
2019-01-04,1.0102054812846362,0.024021506309509277,0.1913410723209381,0.28019168972969055,0.23889529705047607,0.12231097370386124,0.16726098954677582
2019-01-07,1.0186410872798717,0.008350386284291744,0.2040567249059677,0.22519052028656006,0.22603872418403625,0.16044394671916962,0.18427006900310516
2019-01-08,1.0254215687912498,0.006656398996710777,0.2096530795097351,0.23140887916088104,0.22957536578178406,0.1537523865699768,0.1756102591753006
2019-01-09,1.0312310963090359,0.005665501579642296,0.2074255347251892,0.23534663021564484,0.23114383220672607,0.1504693627357483,0.17561465501785278
2019-01-10,1.0319002340086352,0.0006488726940006018,0.20315855741500854,0.24270741641521454,0.23409374058246613,0.1440529227256775,0.1759873777627945
2019-01-11,1.031982773231532,7.998759974725544e-05,0.1998170167207718,0.24835707247257233,0.2360781729221344,0.1394563466310501,0.17629125714302063
2019-01-14,1.0258406095964905,-0.005951808299869299,0.19369448721408844,0.2600853741168976,0.23869380354881287,0.13128650188446045,0.17623981833457947
2019-01-15,1.0347446022433613,0.008679703809320927,0.1865401417016983,0.2727220952510834,0.24185822904109955,0.12247367203235626,0.1764058768749237
2019-01-16,1.0377522607849547,0.002906667534261942,0.1932823210954666,0.2513558864593506,0.2383851855993271,0.1358206570148468,0.18115589022636414
2019-01-17,1.0433889105608025,0.005431594792753458,0.19520112872123718,0.254408061504364,0.23906750977039337,0.13382621109485626,0.1774970293045044
2019-01-18,1.0487930843637214,0.005179443396627903,0.19707351922988892,0.24928168952465057,0.23815284669399261,0.13727624714374542,0.17821575701236725
2019-01-22,1.03851892163405,-0.00979617703706026,0.20163674652576447,0.2409290224313736,0.23672141134738922,0.14284873008728027,0.17786407470703125
2019-01-23,1.0382930280243055,-0.0002175151603296399,0.18840761482715607,0.27457576990127563,0.2446725219488144,0.11988812685012817,0.17245601117610931
2019-01-24,1.0422567994967555,0.0038175845984369516,0.18742573261260986,0.26605960726737976,0.24394577741622925,0.12471674382686615,0.1778521090745926
2019-01-25,1.0524072388523307,0.009738904424011707,0.19268985092639923,0.25622662901878357,0.2446005642414093,0.12943817675113678,0.1770447939634323
2019-01-28,1.0467954318927097,-0.005332353059202433,0.2006102353334427,0.23942062258720398,0.24315302073955536,0.13936543464660645,0.17745064198970795
2019-01-29,1.0450446791585026,-0.0016724879387766123,0.19637653231620789,0.2554371953010559,0.24847234785556793,0.12736772000789642,0.17234623432159424
2019-01-30,1.058797628306616,0.013160154223442078,0.19172821938991547,0.26018252968788147,0.24895133078098297,0.12469156086444855,0.17444635927677155
2019-01-31,1.0679160777045558,0.008612079545855522,0.2013951539993286,0.23429733514785767,0.24445396661758423,0.14115048944950104,0.1787029653787613
2019-02-01,1.065892146748432,-0.0018952153623104095,0.20663763582706451,0.23161953687667847,0.24497675895690918,0.14224965870380402,0.1745164692401886
2019-02-04,1.0722522889908435,0.005966966040432453,0.20404471457004547,0.23991608619689941,0.24735525250434875,0.1363430619239807,0.17234089970588684
2019-02-05,1.076799959028246,0.0042412313632667065,0.20848707854747772,0.22775796055793762,0.2467692792415619,0.14358538389205933,0.17340034246444702
2019-02-06,1.0742452062253742,-0.0023725416976958513,0.20815889537334442,0.23088036477565765,0.24979601800441742,0.13960765302181244,0.17155712842941284
2019-02-07,1.0678314072733872,-0.005970516707748175,0.20430590212345123,0.23880361020565033,0.25226035714149475,0.13380278646945953,0.17082735896110535
2019-02-08,1.0701625962083712,0.0021831057965755463,0.19523245096206665,0.2555348873138428,0.2555265724658966,0.12297946959733963,0.17072664201259613
2019-02-11,1.070826507838126,0.0006203838856890798,0.19581258296966553,0.24824731051921844,0.2537969648838043,0.12779046595096588,0.1743527054786682
2019-02-12,1.080736075124529,0.009254129603505135,0.20053334534168243,0.2409157007932663,0.2517513632774353,0.13305062055587769,0.17374897003173828
2019-02-13,1.081050096390913,0.0002905623987317085,0.20798055827617645,0.22559605538845062,0.24789944291114807,0.14381253719329834,0.1747114062309265
2019-02-14,1.083360793502237,0.002137456089258194,0.2088061273097992,0.2304166704416275,0.24976204335689545,0.13991320133209229,0.17110204696655273
2019-02-15,1.0924873566475022,0.00842430628836155,0.20451904833316803,0.2375682145357132,0.25192415714263916,0.13471408188343048,0.17127443850040436
2019-02-19,1.0973823238378444,0.004480571020394564,0.20688948035240173,0.22954706847667694,0.2474077194929123,0.14221036434173584,0.1739453822374344
2019-02-20,1.098324325019443,0.0008584074676036835,0.20583738386631012,0.23492059111595154,0.24988584220409393,0.13743266463279724,0.17192353308200836
2019-02-21,1.092027475035464,-0.005733142606914043,0.20621715486049652,0.23393192887306213,0.2510835528373718,0.13734382390975952,0.17142359912395477
2019-02-22,1.099251514263387,0.00661525409668684,0.2040775567293167,0.23862692713737488,0.2538519501686096,0.13294731080532074,0.17049624025821686
2019-02-25,1.099912287570026,0.0006011120276525617,0.2051919549703598,0.23250332474708557,0.2517504096031189,0.13763564825057983,0.17291861772537231
2019-02-26,1.0991456614347863,-0.000696988427080214,0.2061198651790619,0.23302289843559265,0.2531956732273102,0.13623230159282684,0.17142923176288605
2019-02-27,1.0963045944550116,-0.0025847957003861666,0.202769473195076,0.23950223624706268,0.25616785883903503,0.1307542324066162,0.17080627381801605
2019-02-28,1.09276959731365,-0.0032244662288576365,0.20352044701576233,0.23593367636203766,0.2549363374710083,0.13358938694000244,0.17202024161815643
2019-03-01,1.0940141339701461,0.0011388829443603754,0.2031312733888626,0.23824141919612885,0.2566336393356323,0.13125191628932953,0.17074176669120789
2019-03-04,1.0914136410441053,-0.0023770194966346025,0.20834986865520477,0.22619344294071198,0.2532070577144623,0.14017042517662048,0.17207925021648407
2019-03-05,1.0905303874370762,-0.0008092748466879129,0.20418785512447357,0.23827524483203888,0.25795745849609375,0.13034185767173767,0.16923758387565613
2019-03-06,1.0824754289733363,-0.0073862760327756405,0.20151828229427338,0.23947900533676147,0.2585623264312744,0.12941667437553406,0.1710236519575119
2019-03-07,1.075540928183214,-0.006406150758266449,0.19583936035633087,0.25071245431900024,0.2623443901538849,0.12102993577718735,0.17007382214069366
2019-03-08,1.0771746358321963,0.0015189637197181582,0.19173970818519592,0.2566601037979126,0.2618750333786011,0.11860599368810654,0.1711191087961197
2019-03-11,1.0892352564207097,0.011196532286703587,0.19411706924438477,0.24909383058547974,0.2592638432979584,0.12407732009887695,0.17344790697097778
2019-03-12,1.0937981912344266,0.0041891178116202354,0.20764164626598358,0.22184813022613525,0.25164422392845154,0.14360515773296356,0.17526084184646606
2019-03-13,1.099284652412308,0.0050159720703959465,0.20903076231479645,0.2284110188484192,0.25372248888015747,0.13839095830917358,0.17044472694396973
2019-03-14,1.0942746998368416,-0.004557466134428978,0.20888811349868774,0.2266070693731308,0.25259265303611755,0.14022570848464966,0.17168650031089783
2019-03-15,1.100307825382853,0.005513355601578951,0.20746496319770813,0.232393279671669,0.255048930644989,0.13553835451602936,0.16955448687076569
2019-03-18,1.1035402879564398,0.002937780227512121,0.20685966312885284,0.22994956374168396,0.25460246205329895,0.13718827068805695,0.1714000701904297
2019-03-19,1.1032020664055515,-0.00030648772371932864,0.20813573896884918,0.22870458662509918,0.25360190868377686,0.13861404359340668,0.1709437072277069
2019-03-20,1.1039242499385389,0.0006546248914673924,0.20676547288894653,0.23205357789993286,0.25616922974586487,0.1349475383758545,0.17006416618824005
2019-03-21,1.113812702413442,0.008957546204328537,0.2026745080947876,0.23867729306221008,0.25943657755851746,0.12927930057048798,0.1699323207139969
2019-03-22,1.0962191450226575,-0.015795795246958733,0.20956386625766754,0.22143715620040894,0.2537727952003479,0.14252275228500366,0.17270344495773315
2019-03-25,1.0983702738895718,0.001962316455319524,0.1923297494649887,0.2643490433692932,0.264822393655777,0.11285465210676193,0.165644109249115
2019-03-26,1.1031377051696782,0.004340459126979113,0.19305504858493805,0.2497646063566208,0.25836849212646484,0.12470057606697083,0.17411130666732788
2019-03-27,1.0995903982468032,-0.003215651959180832,0.20352035760879517,0.2328488975763321,0.2539811134338379,0.13635334372520447,0.17329631745815277
2019-03-28,1.1014041906439866,0.0016495164018124342,0.2024691104888916,0.2416449785232544,0.25738590955734253,0.12940934300422668,0.16909067332744598
2019-03-29,1.1056479668979668,0.0038530598394572735,0.20527037978172302,0.2327754646539688,0.2543046772480011,0.136370450258255,0.17127904295921326
2019-04-01,1.1117536532259102,0.005522269755601883,0.2085288166999817,0.22717946767807007,0.2533118724822998,0.1397443413734436,0.17123548686504364
2019-04-02,1.1130684843255458,0.0011826640693470836,0.2152428925037384,0.21443255245685577,0.2490919828414917,0.1497344970703125,0.17149806022644043
2019-04-03,1.1146793344848658,0.0014472156763076782,0.21345657110214233,0.22380506992340088,0.2533927261829376,0.14160943031311035,0.1677362024784088
2019-04-04,1.1175230834937036,0.0025511812418699265,0.2129085212945938,0.22161954641342163,0.25286614894866943,0.14334824681282043,0.1692575216293335
2019-04-05,1.1226069452062877,0.004549222998321056,0.21178792417049408,0.2251017987728119,0.25352373719215393,0.1410675048828125,0.1685190051794052
2019-04-08,1.1232003704071654,0.0005286135128699243,0.2131994068622589,0.22118227183818817,0.2525721490383148,0.14395222067832947,0.16909398138523102
2019-04-09,1.1190480636784312,-0.0036968530621379614,0.21195144951343536,0.22459113597869873,0.25505906343460083,0.14019010961055756,0.16820824146270752
2019-04-10,1.1261035995005653,0.006304944399744272,0.20539744198322296,0.23656456172466278,0.25970178842544556,0.13056503236293793,0.1677711457014084
2019-04-11,1.1216637615880465,-0.003942654933780432,0.20833317935466766,0.22587652504444122,0.25522246956825256,0.1395554095506668,0.17101238667964935
2019-04-12,1.124107885274013,0.0021790163591504097,0.21016138792037964,0.22741933166980743,0.25670915842056274,0.1375741809606552,0.16813592612743378
2019-04-15,1.123107378976691,-0.0008900447282940149,0.21165932714939117,0.22207053005695343,0.2545124888420105,0.1419145166873932,0.1698431372642517
2019-04-16,1.122158326337696,-0.0008450239547528327,0.21002636849880219,0.22805249691009521,0.2571788430213928,0.13683578372001648,0.1679064780473709
2019-04-17,1.1195157317847104,-0.00235492130741477,0.21059973537921906,0.224765807390213,0.25646400451660156,0.13919775187969208,0.1689727008342743
2019-04-18,1.1203712086861153,0.0007641490665264428,0.20837435126304626,0.22971519827842712,0.2597229480743408,0.1341668963432312,0.16802065074443817
2019-04-22,1.1198100065616257,-0.0005009073065593839,0.20704863965511322,0.23028109967708588,0.2595570385456085,0.1340429037809372,0.16907036304473877
2019-04-23,1.1293959577351471,0.008560337126255035,0.20990800857543945,0.224950909614563,0.2606049180030823,0.1362382471561432,0.1682978719472885
2019-04-24,1.1309016244070882,0.00133316102437675,0.2168329805135727,0.2111603021621704,0.2560463547706604,0.147101029753685,0.1688593327999115
2019-04-25,1.1292541314908493,-0.001456795958802104,0.21491974592208862,0.22093378007411957,0.258652001619339,0.13994215428829193,0.16555233299732208
2019-04-26,1.1352089439441837,0.00527322618290782,0.21180778741836548,0.22349262237548828,0.2614688575267792,0.13647466897964478,0.16675612330436707
2019-04-29,1.135598793390428,0.0003434164682403207,0.213172048330307,0.21915128827095032,0.2583874762058258,0.14109210669994354,0.1681971400976181
2019-04-30,1.1338542699354581,-0.0015362146077677608,0.21594418585300446,0.21624606847763062,0.2581581175327301,0.14281931519508362,0.1668323576450348
2019-05-01,1.1277907660647228,-0.005347692407667637,0.21204811334609985,0.2253650724887848,0.2608616352081299,0.13600781559944153,0.16571733355522156
2019-05-02,1.1261190974860489,-0.0014822506345808506,0.2076714038848877,0.23144228756427765,0.26477882266044617,0.13023915886878967,0.16586831212043762
2019-05-03,1.1395741988660149,0.011948204599320889,0.2085026502609253,0.22659237682819366,0.261903315782547,0.13480854034423828,0.16819307208061218
2019-05-06,1.1381350577262683,-0.0012628762051463127,0.21658828854560852,0.20982399582862854,0.25537315011024475,0.14837932586669922,0.16983525454998016
2019-05-07,1.1250061927847355,-0.011535419151186943,0.2148822695016861,0.22166578471660614,0.2585696280002594,0.13957442343235016,0.165307879447937
2019-05-08,1.121474377504187,-0.003139374079182744,0.2002202868461609,0.24834252893924713,0.2652377784252167,0.12119735777378082,0.1650020033121109
2019-05-09,1.119316869974101,-0.001923813484609127,0.20030327141284943,0.23907150328159332,0.2626340687274933,0.12760958075523376,0.17038163542747498
2019-05-10,1.1217537250108895,0.0021770913153886795,0.20223747193813324,0.23770184814929962,0.26253804564476013,0.12825727462768555,0.16926538944244385
2019-05-13,1.100525342304763,-0.018924281001091003,0.20699800550937653,0.22777605056762695,0.25946322083473206,0.13547281920909882,0.17028993368148804
2019-05-14,1.1086433838250287,0.007376514840871096,0.18899311125278473,0.26934579014778137,0.2668866515159607,0.1095283180475235,0.1652461141347885
2019-05-15,1.1153209153479313,0.006023155525326729,0.19845442473888397,0.23640155792236328,0.2566719651222229,0.1329716145992279,0.17550040781497955
2019-05-16,1.1198569099316595,0.004066986031830311,0.20840667188167572,0.22548869252204895,0.25599154829978943,0.1387345790863037,0.1713784784078598
2019-05-17,1.1108227481648592,-0.008067246526479721,0.21341156959533691,0.218478262424469,0.2529348134994507,0.1446855217218399,0.1704898476600647
2019-05-20,1.1024883474064817,-0.007502907887101173,0.2060297429561615,0.23816385865211487,0.25835341215133667,0.13045808672904968,0.16699491441249847
2019-05-21,1.110441012441958,0.007213377859443426,0.19839568436145782,0.24822989106178284,0.25818729400634766,0.1255294531583786,0.1696576625108719
2019-05-22,1.1069482170958094,-0.003145412774756551,0.2064530998468399,0.22731874883174896,0.25244075059890747,0.14049135148525238,0.17329609394073486
2019-05-23,1.097258251090792,-0.008753766305744648,0.20512530207633972,0.2375749796628952,0.2568320631980896,0.13177114725112915,0.16869649291038513
2019-05-24,1.1005824868254703,0.0030295837204903364,0.19343285262584686,0.2583578824996948,0.26152491569519043,0.11807709187269211,0.1686072051525116
2019-05-28,1.0955831992576897,-0.004542401526123285,0.1979483962059021,0.24232825636863708,0.2554379999637604,0.13046574592590332,0.17381957173347473
2019-05-29,1.0899782922076207,-0.005115911830216646,0.19866468012332916,0.24684838950634003,0.259210467338562,0.12546280026435852,0.16981369256973267
2019-05-30,1.0933338744269705,0.003078577108681202,0.19590502977371216,0.25023767352104187,0.25948700308799744,0.12353596836328506,0.17083436250686646
2019-05-31,1.0864359471785474,-0.006309076678007841,0.19852672517299652,0.2424173355102539,0.2576437294483185,0.1286313682794571,0.1727808266878128
2019-06-03,1.0841015989622913,-0.0021486293990164995,0.19173824787139893,0.25999337434768677,0.26080578565597534,0.11764669418334961,0.16981583833694458
2019-06-04,1.1019974594573,0.016507549211382866,0.1902979612350464,0.2596506178379059,0.2560400068759918,0.12116143107414246,0.17284992337226868
2019-06-05,1.1053645791924296,0.00305546959862113,0.20892199873924255,0.2172236293554306,0.2448188215494156,0.1513211876153946,0.17771440744400024
2019-06-06,1.1092575217009106,0.003521862905472517,0.2146025449037552,0.2206590622663498,0.2476220428943634,0.14701570570468903,0.170100599527359
2019-06-07,1.1207698429123236,0.010378402657806873,0.2113790065050125,0.22630120813846588,0.24995051324367523,0.14236149191856384,0.17000776529312134
2019-06-10,1.1228976611456118,0.0018985327333211899,0.21225973963737488,0.221186563372612,0.24873489141464233,0.146065816283226,0.17175298929214478
2019-06-11,1.1222204109839662,-0.0006031272350810468,0.21422038972377777,0.2197924703359604,0.24817268550395966,0.1472858339548111,0.1705285608768463
2019-06-12,1.1217297250607037,-0.00043724558781832457,0.21055938303470612,0.22921453416347504,0.25209957361221313,0.13946259021759033,0.16866393387317657
2019-06-13,1.128911965760608,0.006402826402336359,0.20547983050346375,0.23651817440986633,0.253035306930542,0.13501892983913422,0.1699477881193161
2019-06-14,1.125391283080667,-0.003118651220574975,0.20732469856739044,0.2297503799200058,0.2511140704154968,0.14000685513019562,0.1718040257692337
2019-06-17,1.1292060458507303,0.0033897212706506252,0.20450209081172943,0.23873184621334076,0.2552204728126526,0.13220956921577454,0.16933608055114746
2019-06-18,1.1404697776238994,0.009974912740290165,0.20593003928661346,0.23188644647598267,0.25391218066215515,0.13691280782222748,0.17135852575302124
2019-06-19,1.1443965519787471,0.0034431200474500656,0.2118358016014099,0.22032810747623444,0.2509308159351349,0.14521703124046326,0.1716882586479187
2019-06-20,1.155686505606747,0.009865420870482922,0.21204030513763428,0.22440870106220245,0.25230059027671814,0.1419907808303833,0.16925957798957825
2019-06-21,1.1519197310798375,-0.0032593393698334694,0.2106565684080124,0.2237362414598465,0.2505905330181122,0.14340785145759583,0.17160876095294952
2019-06-24,1.1520938714238373,0.00015117402654141188,0.20828405022621155,0.23151354491710663,0.25448673963546753,0.13645301759243011,0.16926264762878418
2019-06-25,1.1440151393774483,-0.007012216839939356,0.20214003324508667,0.24067537486553192,0.2578677833080292,0.129328191280365,0.16998858749866486
2019-06-26,1.1417514067780652,-0.001978761050850153,0.19630004465579987,0.2520528733730316,0.25895482301712036,0.12307179719209671,0.16962046921253204
2019-06-27,1.1499278392893895,0.007161307148635387,0.20037303864955902,0.23959507048130035,0.25769495964050293,0.13033340871334076,0.17200349271297455
2019-06-28,1.1554299509576262,0.004784745164215565,0.20673096179962158,0.22902771830558777,0.2527567148208618,0.13947027921676636,0.17201434075832367
2019-07-01,1.1579914314178725,0.002216906752437353,0.2109181433916092,0.22466039657592773,0.2510586082935333,0.1429678201675415,0.17039503157138824
2019-07-02,1.1632943079273341,0.0045793745666742325,0.2157876193523407,0.21692587435245514,0.2516605854034424,0.1467694342136383,0.16885653138160706
2019-07-03,1.1708099652159507,0.006460667122155428,0.2101077139377594,0.2279859036207199,0.25534605979919434,0.13795164227485657,0.1686086803674698
2019-07-05,1.1663472545252163,-0.003811643924564123,0.2110874056816101,0.22343489527702332,0.2538626492023468,0.14164435863494873,0.16997075080871582
2019-07-08,1.159257760117319,-0.0060783736407756805,0.21144990622997284,0.22531141340732574,0.2543453276157379,0.14033494889736176,0.16855841875076294
2019-07-09,1.1619582296612643,0.0023294815327972174,0.2053283154964447,0.23771212995052338,0.2586887776851654,0.130774587392807,0.16749615967273712
2019-07-10,1.1685328888225086,0.005658257752656937,0.20516155660152435,0.23211929202079773,0.25732162594795227,0.13461270928382874,0.1707848161458969
2019-07-11,1.163567584727294,-0.004249177873134613,0.20791469514369965,0.22608335316181183,0.2555321455001831,0.13876666128635406,0.17170314490795135
2019-07-12,1.169893630449325,0.005436766892671585,0.20914869010448456,0.22781792283058167,0.2562709152698517,0.1373407244682312,0.1694217324256897
2019-07-15,1.1701940732700749,0.0002568120835348964,0.20990438759326935,0.22485288977622986,0.2542761266231537,0.14052070677280426,0.17044584453105927
2019-07-16,1.1657680991227177,-0.003782256506383419,0.20810002088546753,0.23068867623806,0.2574559450149536,0.13515524566173553,0.1686001420021057
2019-07-17,1.1655121691411174,-0.00021953764371573925,0.20560041069984436,0.23458516597747803,0.2576726973056793,0.13312941789627075,0.16901230812072754
2019-07-18,1.1706081370462162,0.004372299183160067,0.19936977326869965,0.2449922114610672,0.26013943552970886,0.12594996392726898,0.1695486158132553
2019-07-19,1.1621594310231531,-0.007217364851385355,0.2013648897409439,0.23708230257034302,0.2567836046218872,0.13225813210010529,0.17251107096672058
2019-07-22,1.1649321066711265,0.002385796280577779,0.2024124711751938,0.2405077964067459,0.25949347019195557,0.12876588106155396,0.168820321559906
2019-07-23,1.168408654811042,0.0029843354132026434,0.20415690541267395,0.23301659524440765,0.2583899199962616,0.13334786891937256,0.17108877003192902
2019-07-24,1.1780032046299627,0.008211638778448105,0.20966894924640656,0.2237716019153595,0.25514137744903564,0.14048542082309723,0.1709326207637787
2019-07-25,1.1684852403712134,-0.008079743944108486,0.21338993310928345,0.21927087008953094,0.25254926085472107,0.14497670531272888,0.16981323063373566
2019-07-26,1.1771554287853634,0.007420023903250694,0.20739904046058655,0.23529842495918274,0.2579802870750427,0.13244760036468506,0.16687467694282532
2019-07-29,1.1751833580313684,-0.0016752849332988262,0.20949284732341766,0.22387325763702393,0.2540973722934723,0.141384556889534,0.17115192115306854
2019-07-30,1.1776985634336683,0.002140266355127096,0.20667636394500732,0.23374369740486145,0.25746598839759827,0.1335075944662094,0.16860634088516235
2019-07-31,1.1673979368680023,-0.008746403269469738,0.2061796635389328,0.23257096111774445,0.25585243105888367,0.13557599484920502,0.16982096433639526
2019-08-01,1.166970898635629,-0.00036580348387360573,0.20094648003578186,0.24605104327201843,0.2607799172401428,0.12527552247047424,0.16694708168506622
2019-08-02,1.1579223623594532,-0.007753866259008646,0.19197386503219604,0.25659337639808655,0.26318007707595825,0.11811544746160507,0.17013725638389587
2019-08-05,1.1361493912047822,-0.01880348101258278,0.19000689685344696,0.25995561480522156,0.2630023658275604,0.1166788637638092,0.17035628855228424
2019-08-06,1.148740477156706,0.011082245036959648,0.1738077700138092,0.29409271478652954,0.26537495851516724,0.09888150542974472,0.1678430289030075
2019-08-07,1.1535158948148025,0.0041570900939404964,0.18730078637599945,0.2540707290172577,0.2543102502822876,0.12514103949069977,0.1791772097349167
2019-08-08,1.1716039825315046,0.01568083092570305,0.19702042639255524,0.24491608142852783,0.2543689012527466,0.1292993128299713,0.17439524829387665
2019-08-09,1.1628073437236162,-0.007508201524615288,0.20927074551582336,0.22018834948539734,0.24605968594551086,0.14853204786777496,0.1759491264820099
2019-08-12,1.1578579491030527,-0.004256418440490961,0.2044280767440796,0.24219846725463867,0.2532225251197815,0.13160660862922668,0.1685442477464676
2019-08-13,1.1694163040827195,0.009982532821595669,0.19133959710597992,0.26286447048187256,0.25729161500930786,0.11857354640960693,0.16993077099323273
2019-08-14,1.1508579230006464,-0.015869781374931335,0.20131728053092957,0.23288603127002716,0.24945037066936493,0.1392364501953125,0.17710982263088226
2019-08-15,1.152501348168634,0.0014280000468716025,0.18405337631702423,0.2818724811077118,0.2594468593597412,0.10780559480190277,0.16682173311710358
2019-08-16,1.1643637111686378,0.010292710736393929,0.18346001207828522,0.26848921179771423,0.25352099537849426,0.11803629249334335,0.17649346590042114
2019-08-19,1.1695225176852206,0.004430579952895641,0.20002660155296326,0.2354237288236618,0.24463486671447754,0.14108511805534363,0.17882969975471497
2019-08-20,1.1671076381607188,-0.002064842265099287,0.21036292612552643,0.2238781601190567,0.24268288910388947,0.1485963761806488,0.17447969317436218
2019-08-21,1.1723158457899507,0.004462491255253553,0.20082519948482513,0.2492676079273224,0.24901355803012848,0.13064810633659363,0.1702454835176468
2019-08-22,1.1690591363067095,-0.002778013702481985,0.2018817514181137,0.23835204541683197,0.24540768563747406,0.1389373391866684,0.1754210889339447
2019-08-23,1.151192741190538,-0.015282712876796722,0.2007681429386139,0.24510690569877625,0.24756267666816711,0.13371215760707855,0.1728500872850418
2019-08-26,1.1612350758612269,0.008723417297005653,0.17869850993156433,0.29154151678085327,0.2551499605178833,0.10558745265007019,0.16902251541614532
2019-08-27,1.1597705953319666,-0.0012611404526978731,0.1881239265203476,0.2561308741569519,0.2460181713104248,0.1290939897298813,0.18063302338123322
2019-08-28,1.1653943822424062,0.004849051125347614,0.18828226625919342,0.26662883162498474,0.25106799602508545,0.11990310996770859,0.17411784827709198
2019-08-29,1.1756138839832506,0.008769135922193527,0.1939435452222824,0.25108084082603455,0.24580104649066925,0.13174985349178314,0.17742471396923065
2019-08-30,1.1738491601029464,-0.0015011084033176303,0.204485684633255,0.23250800371170044,0.24157845973968506,0.1446664184331894,0.1767614483833313
2019-09-03,1.168403234721389,-0.00463937409222126,0.2021872103214264,0.24461698532104492,0.24555820226669312,0.13530533015727997,0.172332301735878
2019-09-04,1.1791293679929344,0.009180163964629173,0.19263069331645966,0.2610742449760437,0.2503528892993927,0.12343710660934448,0.17250506579875946
2019-09-05,1.1846481027855016,0.004680347163230181,0.1980653703212738,0.2423938661813736,0.2463717758655548,0.13587777316570282,0.17729121446609497
2019-09-06,1.182752531957162,-0.0016001129988580942,0.21028730273246765,0.222280815243721,0.24121709167957306,0.15066960453987122,0.17554521560668945
2019-09-09,1.1825157318066282,-0.0002002110704779625,0.2056998610496521,0.24009619653224945,0.2469409853219986,0.13689547777175903,0.1703675240278244
2019-09-10,1.1805981596063577,-0.0016216039657592773,0.20339630544185638,0.2384619563817978,0.24360574781894684,0.14026781916618347,0.1742681860923767
2019-09-11,1.191686561590988,0.009392189793288708,0.20487001538276672,0.23746787011623383,0.24296925961971283,0.1413002461194992,0.17339254915714264
2019-09-12,1.1930335815040094,0.0011303474893793464,0.2075086236000061,0.2306065708398819,0.2408510446548462,0.14660651981830597,0.17442725598812103
2019-09-13,1.1870372823994995,-0.005026094149798155,0.20734159648418427,0.2345203459262848,0.2454950511455536,0.14099909365177155,0.1716439574956894
2019-09-16,1.1898989290985078,0.0024107471108436584,0.20508970320224762,0.23753133416175842,0.246756449341774,0.1385069340467453,0.17211562395095825
2019-09-17,1.192388307206394,0.002092092065140605,0.1997368037700653,0.2477446049451828,0.24962960183620453,0.13124001026153564,0.17164897918701172
2019-09-18,1.1899148197222635,-0.002074397634714842,0.19861696660518646,0.24612170457839966,0.2513153851032257,0.13076113164424896,0.17318478226661682
2019-09-19,1.1902101282847473,0.0002481762203387916,0.1975872665643692,0.2485884130001068,0.2533431649208069,0.12805888056755066,0.17242224514484406
2019-09-20,1.1897243942904985,-0.0004081077640876174,0.19619455933570862,0.24919721484184265,0.2538110911846161,0.12734392285346985,0.17345325648784637
2019-09-23,1.1906901827201735,0.0008117749239318073,0.19179555773735046,0.2590472102165222,0.2540991008281708,0.12222199141979218,0.1728360652923584
2019-09-24,1.1831715077366758,-0.0063145519234240055,0.19529493153095245,0.24969163537025452,0.2546132504940033,0.1267920434474945,0.17360816895961761
2019-09-25,1.1854821098392223,0.0019528885604813695,0.19024868309497833,0.26284903287887573,0.25888684391975403,0.11732541769742966,0.17069002985954285
2019-09-26,1.181557014101584,-0.0033109700307250023,0.20055748522281647,0.23598738014698029,0.2530020773410797,0.13525225222110748,0.17520074546337128
2019-09-27,1.1735308284852295,-0.006792888976633549,0.1989801824092865,0.24676181375980377,0.25707247853279114,0.12650910019874573,0.1706763654947281
2019-09-30,1.1749872429739747,0.0012410534545779228,0.19411756098270416,0.2548159062862396,0.2579706013202667,0.12202762067317963,0.17106829583644867
2019-10-01,1.1654809334270189,-0.008090564049780369,0.19927272200584412,0.24081459641456604,0.2559298276901245,0.13061891496181488,0.17336387932300568
2019-10-02,1.1566081411981763,-0.007612987887114286,0.1924414485692978,0.2580111026763916,0.2607133090496063,0.11839088797569275,0.17044323682785034
2019-10-03,1.1648477424585986,0.0071239350363612175,0.18504713475704193,0.2695101797580719,0.2597619891166687,0.11355475336313248,0.172125905752182
2019-10-04,1.1759951170219045,0.009569812566041946,0.19375638663768768,0.24750153720378876,0.25575536489486694,0.1271355152130127,0.17585113644599915
2019-10-07,1.170507550716367,-0.004666317254304886,0.20395398139953613,0.23127220571041107,0.25196507573127747,0.13804323971271515,0.174765482544899
2019-10-08,1.159847674997375,-0.009107054211199284,0.20412306487560272,0.23790104687213898,0.25421226024627686,0.13304567337036133,0.17071788012981415
2019-10-09,1.1656643929149069,0.005015070550143719,0.19238236546516418,0.2604568600654602,0.2589262127876282,0.11839862912893295,0.16983595490455627
2019-10-10,1.1664513226545699,0.0006750911707058549,0.19819676876068115,0.24019819498062134,0.2534094452857971,0.1323850303888321,0.17581051588058472
2019-10-11,1.174143299639312,0.006594340316951275,0.20604774355888367,0.23008644580841064,0.25140905380249023,0.13896651566028595,0.1734902709722519
2019-10-14,1.1748514847105223,0.0006031504599377513,0.21259096264839172,0.2189265787601471,0.24655622243881226,0.14868609607219696,0.17324015498161316
2019-10-15,1.180784366854409,0.005049899686127901,0.20751690864562988,0.2350892871618271,0.2517475485801697,0.1362307220697403,0.16941553354263306
2019-10-16,1.181416949609833,0.0005357309710234404,0.2099526822566986,0.22374209761619568,0.24755315482616425,0.14538027346134186,0.17337174713611603
2019-10-17,1.186241874466496,0.004084015265107155,0.2061491310596466,0.23634777963161469,0.25058531761169434,0.13637852668762207,0.17053918540477753
2019-10-18,1.1808689107607144,-0.004529399797320366,0.20568415522575378,0.23362603783607483,0.2486981898546219,0.1393054723739624,0.17268617451190948
2019-10-21,1.1857009328149293,0.004091920796781778,0.200861394405365,0.24625077843666077,0.2526093125343323,0.12986132502555847,0.17041714489459991
2019-10-22,1.184588473502799,-0.0009382292628288269,0.20438562333583832,0.2331930249929428,0.24942483007907867,0.13895457983016968,0.1740420162677765
2019-10-23,1.186839103657495,0.001899925759062171,0.20166754722595215,0.24402321875095367,0.25221899151802063,0.13128714263439178,0.17080314457416534
2019-10-24,1.1907051784383482,0.003257454838603735,0.2013608068227768,0.24076586961746216,0.252334862947464,0.13286077976226807,0.172677680850029
2019-10-25,1.1952317372756311,0.003801578190177679,0.20289677381515503,0.2367025911808014,0.2533034086227417,0.1341344714164734,0.1729627549648285
2019-10-28,1.1986255522556473,0.002839461900293827,0.20603106915950775,0.23100189864635468,0.25198203325271606,0.1381431668996811,0.1728418469429016
2019-10-29,1.1969820611296615,-0.0013711464125663042,0.21062247455120087,0.22387383878231049,0.25032442808151245,0.14327466487884521,0.1719045341014862
2019-10-30,1.2015819942643673,0.0038429424166679382,0.20817551016807556,0.23322249948978424,0.25246384739875793,0.13698408007621765,0.16915403306484222
2019-10-31,1.203498325112392,0.0015948398504406214,0.20514243841171265,0.23579159379005432,0.2557457685470581,0.13335779309272766,0.16996243596076965
2019-11-01,1.2133340552165333,0.008172616362571716,0.20085476338863373,0.24235905706882477,0.258433997631073,0.12805016338825226,0.17030197381973267
2019-11-04,1.214788239668275,0.0011985029559582472,0.20781424641609192,0.22505305707454681,0.25228074193000793,0.14159685373306274,0.17325513064861298
2019-11-05,1.2096890617279616,-0.004197585862129927,0.21261507272720337,0.22138060629367828,0.2522132098674774,0.14345577359199524,0.17033526301383972
2019-11-06,1.2092487052573078,-0.0003640245122369379,0.2129659354686737,0.22373351454734802,0.2547250986099243,0.14065027236938477,0.16792519390583038
2019-11-07,1.205764038393657,-0.002881679218262434,0.20697121322155,0.23352330923080444,0.25771093368530273,0.13331444561481476,0.16848012804985046
2019-11-08,1.2062814707043874,0.0004291323130019009,0.21019574999809265,0.224222332239151,0.2558763027191162,0.13965889811515808,0.17004667222499847
2019-11-11,1.2044709374032465,-0.0015009210910648108,0.21192674338817596,0.22300958633422852,0.25637704133987427,0.1399659663438797,0.16872061789035797
2019-11-12,1.2071865288106722,0.0022545927204191685,0.20920692384243011,0.22903567552566528,0.25853845477104187,0.13529956340789795,0.16791944205760956
2019-11-13,1.2078674656158082,0.0005640692543238401,0.20822684466838837,0.22846314311027527,0.2588817775249481,0.13538993895053864,0.16903837025165558
2019-11-14,1.2104059130563334,0.0021015943493694067,0.20644833147525787,0.23198269307613373,0.26051583886146545,0.1323544681072235,0.16869871318340302
2019-11-15,1.2152035155916279,0.003963631112128496,0.20536430180072784,0.2330779731273651,0.2605441212654114,0.13183270394802094,0.16918087005615234
2019-11-18,1.215733454707604,0.00043609083513729274,0.20995527505874634,0.22299137711524963,0.2579994797706604,0.13891643285751343,0.17013739049434662
2019-11-19,1.2187146587912094,0.002452185610309243,0.2103647142648697,0.22578753530979156,0.2600509226322174,0.1360204964876175,0.16777628660202026
2019-11-20,1.2167134766283436,-0.001642043236643076,0.20993730425834656,0.22595582902431488,0.2604537904262543,0.1358921378850937,0.1677609235048294
2019-11-21,1.2119871980185979,-0.003884463105350733,0.2062552124261856,0.2336951494216919,0.26267433166503906,0.13033638894557953,0.1670389026403427
2019-11-22,1.2135296919025484,0.0012726981658488512,0.20597101747989655,0.2314225435256958,0.2625924348831177,0.13150709867477417,0.16850696504116058
2019-11-25,1.2248699106173155,0.00934482179582119,0.20853710174560547,0.2264382690191269,0.2609787881374359,0.13526283204555511,0.16878299415111542
2019-11-26,1.2282247613070845,0.002738944487646222,0.21617081761360168,0.21203601360321045,0.25519415736198425,0.14728619158267975,0.16931281983852386
2019-11-27,1.2319115354887142,0.0030017097014933825,0.2152470052242279,0.21941983699798584,0.2577677071094513,0.14120420813560486,0.16636128723621368
2019-11-29,1.228540306315796,-0.0027365838177502155,0.21632887423038483,0.21517673134803772,0.25665920972824097,0.144407257437706,0.1674278825521469
2019-12-02,1.2179815698640075,-0.00859453808516264,0.21150897443294525,0.22620154917240143,0.26040440797805786,0.13573041558265686,0.166154682636261
2019-12-03,1.21825342230101,0.00022319913841784,0.20599758625030518,0.23419822752475739,0.26279720664024353,0.1299152374267578,0.16709180176258087
2019-12-04,1.2216528293487494,0.0027903940062969923,0.20081213116645813,0.24210970103740692,0.2644166648387909,0.12494713813066483,0.16771438717842102
2019-12-05,1.222266342026935,0.0005021988763473928,0.2077706903219223,0.2244824916124344,0.25929996371269226,0.1374978870153427,0.17094895243644714
2019-12-06,1.2282007023155534,0.004855210427194834,0.2117813527584076,0.22207236289978027,0.2594515085220337,0.1385076940059662,0.16818706691265106
2019-12-09,1.2259171201005874,-0.0018592907581478357,0.21791280806064606,0.2104993760585785,0.2555197477340698,0.14771802723407745,0.1683499962091446
2019-12-10,1.2261783485623086,0.00021308819123078138,0.21429437398910522,0.22261874377727509,0.25903335213661194,0.1386273056268692,0.16542623937129974
2019-12-11,1.2309955178131355,0.003928604070097208,0.2110670506954193,0.2249237596988678,0.25955232977867126,0.13709580898284912,0.1673610359430313
2019-12-12,1.2344871991289696,0.0028364695608615875,0.21063299477100372,0.22415514290332794,0.2600662112236023,0.13703876733779907,0.16810691356658936
2019-12-13,1.2373101726581008,0.002286758041009307,0.21611836552619934,0.2126707136631012,0.25540927052497864,0.1464739590883255,0.1693277209997177
2019-12-16,1.242561472825323,0.004244125913828611,0.21373574435710907,0.22227588295936584,0.25943443179130554,0.138384610414505,0.16616930067539215
2019-12-17,1.2440664374204249,0.0012111791875213385,0.21587972342967987,0.21378649771213531,0.25613126158714294,0.1453757882118225,0.16882669925689697
2019-12-18,1.2434639539054406,-0.00048428564332425594,0.21575386822223663,0.2181345820426941,0.25691112875938416,0.1425115019083023,0.16668887436389923
2019-12-19,1.2484493246080528,0.004009260330349207,0.21444137394428253,0.2196217030286789,0.2573752999305725,0.14140018820762634,0.16716141998767853
2019-12-20,1.2516256663554717,0.002544229617342353,0.21508942544460297,0.21748897433280945,0.2573222219944,0.14262008666992188,0.1674792468547821
2019-12-23,1.253780955936936,0.0017219921573996544,0.21520239114761353,0.21795059740543365,0.2579197883605957,0.14191359281539917,0.16701364517211914
2019-12-24,1.2571422433338877,0.0026809207629412413,0.21446380019187927,0.21908831596374512,0.2583695948123932,0.14100831747055054,0.16706998646259308
2019-12-26,1.2630757751100792,0.0047198571264743805,0.2130456417798996,0.2216162383556366,0.2593501806259155,0.13901042938232422,0.16697753965854645
2019-12-27,1.2612805384605388,-0.0014213214162737131,0.2141241580247879,0.2178165763616562,0.25948765873908997,0.1408759206533432,0.16769567131996155
2019-12-30,1.2569260025207079,-0.0034524721559137106,0.2128617763519287,0.22241543233394623,0.2618176341056824,0.1368342936038971,0.1660708636045456
2019-12-31,1.2573043699786846,0.0003010260406881571,0.20964020490646362,0.2273886799812317,0.2627691924571991,0.13367611169815063,0.16652579605579376
2020-01-02,1.268089880064168,0.008578280918300152,0.21240828931331635,0.21974629163742065,0.2610754370689392,0.1388845145702362,0.1678854078054428
2020-01-03,1.2677908205633208,-0.00023583462461829185,0.21660280227661133,0.21232357621192932,0.2608659267425537,0.14289045333862305,0.16731727123260498
2020-01-06,1.2723482987861081,0.0035948187578469515,0.2098258137702942,0.22926004230976105,0.26434770226478577,0.131632462143898,0.1649339497089386
2020-01-07,1.2704202122249892,-0.0015153763815760612,0.21120326220989227,0.22020040452480316,0.26143214106559753,0.13836009800434113,0.16880403459072113
2020-01-08,1.2722514676899102,0.001441456493921578,0.21255062520503998,0.22144395112991333,0.2629777789115906,0.13656754791736603,0.1664600372314453
2020-01-09,1.2762321032852504,0.00312881194986403,0.216643825173378,0.21274018287658691,0.26073116064071655,0.1429336667060852,0.16695114970207214
2020-01-10,1.2763907342007,0.00012429628986865282,0.2188974916934967,0.2108767181634903,0.26032567024230957,0.14420998096466064,0.1656901240348816
2020-01-13,1.2815831009319467,0.004068007227033377,0.2138933539390564,0.22173680365085602,0.262971967458725,0.13657940924167633,0.16481849551200867
2020-01-14,1.28207731029224,0.000385624123737216,0.21775317192077637,0.2104421854019165,0.2596958875656128,0.14505474269390106,0.16705408692359924
2020-01-15,1.286838230636781,0.0037134424783289433,0.21645767986774445,0.21762245893478394,0.2606831192970276,0.14049123227596283,0.1647454798221588
2020-01-16,1.2951944998088014,0.0064936438575387,0.21513353288173676,0.21796941757202148,0.26023727655410767,0.14066080749034882,0.16599901020526886
2020-01-17,1.2952430696331225,3.7500023609027267e-05,0.22016049921512604,0.20733322203159332,0.2563244104385376,0.14926375448703766,0.16691814363002777
2020-01-21,1.2939876586961443,-0.0009692473686300218,0.2203485667705536,0.21055510640144348,0.25823935866355896,0.14584395289421082,0.165012925863266
2020-01-22,1.2952484973333622,0.0009743822738528252,0.21430830657482147,0.22210726141929626,0.26273784041404724,0.13652783632278442,0.16431868076324463
2020-01-23,1.2979852796334825,0.002112939953804016,0.212419331073761,0.22136302292346954,0.26251137256622314,0.13716408610343933,0.166542187333107
2020-01-24,1.291570254501031,-0.004942294210195541,0.21247561275959015,0.22112923860549927,0.2626640498638153,0.137127086520195,0.1666039526462555
2020-01-27,1.2810035608311807,-0.008181276731193066,0.20581534504890442,0.23481318354606628,0.2664494216442108,0.1273404210805893,0.1655815988779068
2020-01-28,1.2882942928709336,0.005691422149538994,0.1956777125597,0.2522752285003662,0.2681935727596283,0.1175694465637207,0.1662840098142624
2020-01-29,1.2895580796015844,0.0009809767361730337,0.2069367617368698,0.22243395447731018,0.2599838078022003,0.13831964135169983,0.17232583463191986
2020-01-30,1.2915137639655685,0.0015165539225563407,0.2088599056005478,0.22784405946731567,0.26226672530174255,0.13349927961826324,0.16753001511096954
2020-01-31,1.2777351406994941,-0.010668584145605564,0.2101089060306549,0.22386997938156128,0.2604389190673828,0.13695743680000305,0.16862477362155914
2020-02-03,1.2866693267978946,0.006992205046117306,0.19883228838443756,0.24908417463302612,0.2669993042945862,0.11958053708076477,0.16550371050834656
2020-02-04,1.2968990183961735,0.00795052107423544,0.20679178833961487,0.2238035649061203,0.2592258155345917,0.13806632161140442,0.17211252450942993
2020-02-05,1.304108148731767,0.005558744538575411,0.22017954289913177,0.20329055190086365,0.251652330160141,0.15440165996551514,0.17047592997550964
2020-02-06,1.3087437881094073,0.003554643364623189,0.22337017953395844,0.20517639815807343,0.2475208342075348,0.15647000074386597,0.16746263206005096
2020-02-07,1.3048778172795885,-0.002953955437988043,0.2191764861345291,0.21550269424915314,0.25228723883628845,0.14720065891742706,0.16583293676376343
2020-02-10,1.313508651733368,0.00661428552120924,0.20847389101982117,0.23440825939178467,0.2587611973285675,0.13252340257167816,0.16583332419395447
2020-02-11,1.3146490831865139,0.0008682329207658768,0.2097897231578827,0.22343212366104126,0.25544869899749756,0.14061737060546875,0.17071205377578735
2020-02-12,1.3204479994529483,0.004410999361425638,0.21241696178913116,0.22262202203273773,0.25437605381011963,0.14178702235221863,0.16879798471927643
2020-02-13,1.322656983432212,0.0016729049384593964,0.215129554271698,0.21686120331287384,0.2527860999107361,0.1460234820842743,0.16919967532157898
2020-02-14,1.324390282867652,0.00131046783644706,0.21226978302001953,0.22531375288963318,0.2547476291656494,0.1400836855173111,0.16758516430854797
2020-02-18,1.3271395866263407,0.002075901487842202,0.2093454897403717,0.22858373820781708,0.25677862763404846,0.13684390485286713,0.16844822466373444
2020-02-19,1.334446840077295,0.005506017245352268,0.2059122771024704,0.23355163633823395,0.25808900594711304,0.13328713178634644,0.1691599041223526
2020-02-20,1.333714096417981,-0.0005490991752594709,0.20923952758312225,0.22462570667266846,0.25578591227531433,0.13961343467235565,0.1707354485988617
2020-02-21,1.3263048299780629,-0.005555363371968269,0.20675310492515564,0.2344251424074173,0.2570883333683014,0.1336340457201004,0.16809943318367004
2020-02-24,1.2981891447568479,-0.021198509261012077,0.1967073231935501,0.25276440382003784,0.25985097885131836,0.12229135632514954,0.16838593780994415
2020-02-25,1.2650671310762123,-0.025514012202620506,0.17707031965255737,0.2911706268787384,0.2645852863788605,0.10087836533784866,0.16629540920257568
2020-02-26,1.26265063858377,-0.0019101693760603666,0.1677062213420868,0.30336737632751465,0.264568954706192,0.09545325487852097,0.1689041703939438
2020-02-27,1.2244617599854088,-0.030245007947087288,0.17809517681598663,0.2736029624938965,0.25825318694114685,0.1127621978521347,0.17728649079799652
2020-02-28,1.2128953952958281,-0.009446080774068832,0.16335958242416382,0.3184688985347748,0.26065585017204285,0.09050155431032181,0.16701407730579376
2020-03-02,1.2496630231109265,0.03031393140554428,0.169869065284729,0.29464802145957947,0.2559839189052582,0.10440860688686371,0.17509035766124725
2020-03-03,1.237418576204561,-0.009798198938369751,0.1984383761882782,0.22529159486293793,0.23570483922958374,0.1527746170759201,0.18779055774211884
2020-03-04,1.26868455506391,0.02526709996163845,0.18437594175338745,0.2850295305252075,0.24720388650894165,0.11329026520252228,0.1701003760099411
2020-03-05,1.2515741798177153,-0.013486705720424652,0.19930194318294525,0.22968345880508423,0.23020076751708984,0.1540840119123459,0.1867298036813736
2020-03-06,1.2422640492812431,-0.007438736502081156,0.1795472949743271,0.29759976267814636,0.24596582353115082,0.10797125101089478,0.16891588270664215
2020-03-09,1.1696225631560533,-0.0584750771522522,0.1626402884721756,0.32008668780326843,0.245510995388031,0.0979924127459526,0.17376956343650818
2020-03-10,1.2036479818987131,0.029090939089655876,0.12311507016420364,0.414310097694397,0.24309974908828735,0.06007679924368858,0.15939827263355255
2020-03-11,1.1545882281361184,-0.04075922071933746,0.16350090503692627,0.2853173017501831,0.21461176872253418,0.13496924936771393,0.20160073041915894
2020-03-12,1.058819836121399,-0.08294592797756195,0.15192900598049164,0.3550860583782196,0.23079942166805267,0.0891781747341156,0.1730072796344757
2020-03-13,1.117010272112611,0.05495782569050789,0.1067817434668541,0.46461021900177,0.22214671969413757,0.05139017477631569,0.15507113933563232
2020-03-16,1.0325904630588245,-0.07557657361030579,0.15560457110404968,0.2946159243583679,0.1886623203754425,0.14888280630111694,0.21223440766334534
2020-03-17,1.0837407651904942,0.049535904079675674,0.10318448394536972,0.4966340959072113,0.20425495505332947,0.04836053028702736,0.14756588637828827
2020-03-18,1.0363790548032104,-0.04370206594467163,0.13585104048252106,0.3450460731983185,0.17604738473892212,0.1285683810710907,0.21448707580566406
2020-03-19,1.0456950224456618,0.008988957852125168,0.12722796201705933,0.41832223534584045,0.19569869339466095,0.07975853979587555,0.17899267375469208
2020-03-20,1.0293636592999806,-0.01561771146953106,0.13069914281368256,0.39078572392463684,0.1833907514810562,0.10028113424777985,0.19484329223632812
2020-03-23,1.0345633423586011,0.005051356740295887,0.11276925355195999,0.45592960715293884,0.18580470979213715,0.0706079974770546,0.17488841712474823
2020-03-24,1.1031417159939911,0.06628726422786713,0.10887869447469711,0.45301908254623413,0.17986087501049042,0.07447066903114319,0.18377064168453217
2020-03-25,1.1013412044596989,-0.001632167026400566,0.14628535509109497,0.3157404363155365,0.1597951352596283,0.15465234220027924,0.2235267609357834
2020-03-26,1.1459095293694332,0.04046731814742088,0.15326541662216187,0.3517909348011017,0.17605145275592804,0.12393853813409805,0.19495372474193573
2020-03-27,1.123827311607315,-0.01927047222852707,0.15935882925987244,0.30910930037498474,0.16879339516162872,0.1515221744775772,0.2112162858247757
2020-03-30,1.1497857651372312,0.023098258301615715,0.1315435767173767,0.4144585132598877,0.1844807267189026,0.0882953330874443,0.18122175335884094
2020-03-31,1.1340632023443251,-0.013674341142177582,0.1337587982416153,0.3740413784980774,0.17409169673919678,0.11223264038562775,0.2058754861354828
2020-04-01,1.0965510526929625,-0.033077653497457504,0.13013297319412231,0.40376806259155273,0.17963539063930511,0.09514246881008148,0.19132103025913239
2020-04-02,1.1151016474187754,0.016917219385504723,0.10344812273979187,0.4791502356529236,0.1795165091753006,0.06338509917259216,0.17450009286403656
2020-04-03,1.1023675632036034,-0.011419662274420261,0.11489720642566681,0.4267810583114624,0.1684516817331314,0.09153237193822861,0.19833770394325256
2020-04-06,1.1639880373986387,0.05589830130338669,0.11363669484853745,0.44629427790641785,0.1734827607870102,0.0798930823802948,0.1866932213306427
2020-04-07,1.161397679509129,-0.0022254162468016148,0.14177954196929932,0.3378521800041199,0.16181865334510803,0.14024507999420166,0.2183046042919159
2020-04-08,1.1821443274291366,0.017863517627120018,0.1436711847782135,0.37175872921943665,0.17667506635189056,0.11237592250108719,0.19551904499530792
2020-04-09,1.201405353366739,0.016293294727802277,0.1466631442308426,0.34802743792533875,0.17196251451969147,0.12760202586650848,0.2057448923587799
2020-04-13,1.2013057993219232,-8.286465890705585e-05,0.14806921780109406,0.3524206876754761,0.17456720769405365,0.12390720844268799,0.20103569328784943
2020-04-14,1.232086512380351,0.025622712448239326,0.13669008016586304,0.3855080306529999,0.18710482120513916,0.098410464823246,0.19228656589984894
2020-04-15,1.2162205045957977,-0.012877348810434341,0.14857117831707,0.34124478697776794,0.1881384551525116,0.11943435668945312,0.20261123776435852
2020-04-16,1.2248574734828392,0.0071014827117323875,0.13400563597679138,0.39656516909599304,0.2008589655160904,0.08586595952510834,0.18270426988601685
2020-04-17,1.2379110982788268,0.010657260194420815,0.1348496377468109,0.378732293844223,0.19788354635238647,0.09555003046989441,0.19298449158668518
2020-04-20,1.229801465647992,-0.006551062222570181,0.15117411315441132,0.3365918695926666,0.18986783921718597,0.12160061299800873,0.20076560974121094
2020-04-21,1.2011316047574194,-0.02331259287893772,0.1431637704372406,0.3723813593387604,0.20022743940353394,0.0974942073225975,0.18673327565193176
2020-04-22,1.2251138175797815,0.019966349005699158,0.12630343437194824,0.41341283917427063,0.19976688921451569,0.08007384836673737,0.18044298887252808
2020-04-23,1.2296321076837191,0.003688057418912649,0.14185617864131927,0.3550797700881958,0.19550439715385437,0.1084781289100647,0.19908154010772705
2020-04-24,1.242454700147782,0.010427990928292274,0.14766602218151093,0.35452887415885925,0.2000955045223236,0.10581210255622864,0.19189748167991638
2020-04-27,1.253953107432606,0.00925458874553442,0.1551353484392166,0.3328537046909332,0.2016538828611374,0.11549275368452072,0.19486431777477264
2020-04-28,1.2499545005121395,-0.003188800998032093,0.16485340893268585,0.3104984164237976,0.19960573315620422,0.12857355177402496,0.19646891951560974
2020-04-29,1.2826723735898609,0.026175251230597496,0.1577942669391632,0.3383798897266388,0.20516051352024078,0.11117572337388992,0.1874895691871643
2020-04-30,1.2638438791645061,-0.01467911433428526,0.16850820183753967,0.29541584849357605,0.19903972744941711,0.13693808019161224,0.2000981867313385
2020-05-01,1.2378570854817097,-0.020561711862683296,0.15963129699230194,0.33486899733543396,0.2158171683549881,0.10521215200424194,0.18447043001651764
2020-05-04,1.245308362853488,0.006019497290253639,0.1352042555809021,0.3861014246940613,0.21534493565559387,0.08235088735818863,0.18099844455718994
2020-05-05,1.254161516170152,0.007109205704182386,0.14180143177509308,0.35737255215644836,0.2077481895685196,0.09962117671966553,0.19345666468143463
2020-05-06,1.248099754955566,-0.004833317827433348,0.15391013026237488,0.333449125289917,0.20938991010189056,0.10994519293308258,0.1933056265115738
2020-05-07,1.2652040092939134,0.013704236596822739,0.15581849217414856,0.33359628915786743,0.21477895975112915,0.10647028684616089,0.18933600187301636
2020-05-08,1.2809339724817101,0.012432748451828957,0.15783236920833588,0.32427799701690674,0.21276551485061646,0.11214064061641693,0.19298343360424042
2020-05-11,1.280180280254401,-0.0005883927224203944,0.16932137310504913,0.2979077100753784,0.20832420885562897,0.1288510411977768,0.1955956518650055
2020-05-12,1.2597486548580479,-0.015959959477186203,0.16722677648067474,0.31146520376205444,0.21655865013599396,0.11612562090158463,0.18862372636795044
2020-05-13,1.2441978036752337,-0.012344407849013805,0.1465151607990265,0.36004555225372314,0.22205594182014465,0.08995045721530914,0.18143290281295776
2020-05-14,1.2554233296830928,0.009022300131618977,0.13608165085315704,0.37686336040496826,0.21958141028881073,0.08401871472597122,0.18345487117767334
2020-05-15,1.26434543780091,0.007106852252036333,0.14586156606674194,0.34711992740631104,0.21322773396968842,0.10108141601085663,0.19270937144756317
2020-05-18,1.2888453336832844,0.019377533346414566,0.15638983249664307,0.32780611515045166,0.21277329325675964,0.11066363751888275,0.19236716628074646
2020-05-19,1.2835353555041646,-0.004119949880987406,0.17543935775756836,0.2802256941795349,0.20295868813991547,0.14248403906822205,0.19889216125011444
2020-05-20,1.3046401677683928,0.016442719846963882,0.165997713804245,0.3207595944404602,0.21910564601421356,0.11023756116628647,0.18389944732189178
2020-05-21,1.2960266375451306,-0.006602226756513119,0.16832895576953888,0.2991408109664917,0.21349869668483734,0.12470453977584839,0.19432704150676727
2020-05-22,1.3015119106360586,0.00423237681388855,0.16301800310611725,0.32273122668266296,0.21862438321113586,0.10973412543535233,0.1858922690153122
2020-05-26,1.3055104953686962,0.003072261344641447,0.15860973298549652,0.3250737488269806,0.21784144639968872,0.10881756246089935,0.18965746462345123
2020-05-27,1.3195532981277551,0.01075656060129404,0.16548755764961243,0.30869656801223755,0.21276836097240448,0.1205521896481514,0.19249527156352997
2020-05-28,1.3121544987667204,-0.005607048515230417,0.1713743358850479,0.29775336384773254,0.21176855266094208,0.12688781321048737,0.19221587479114532
2020-05-29,1.3203714108945117,0.006262152921408415,0.16278620064258575,0.32243138551712036,0.22202321887016296,0.10737694054841995,0.18538226187229156
2020-06-01,1.3254751165705363,0.0038653560914099216,0.16009972989559174,0.3193318545818329,0.22281882166862488,0.10819921642541885,0.1895502805709839
2020-06-02,1.3302640350701034,0.003612982574850321,0.16375961899757385,0.3116410970687866,0.22159498929977417,0.11296211183071136,0.19004221260547638
2020-06-03,1.3353022144694369,0.0037873529363423586,0.16781581938266754,0.304195761680603,0.2220202386379242,0.11652006953954697,0.18944810330867767
2020-06-04,1.3317397014544081,-0.002667945111170411,0.17513076961040497,0.28893548250198364,0.219569131731987,0.1264248639345169,0.18993976712226868
2020-06-05,1.350564914129847,0.014135804958641529,0.1698424369096756,0.30487582087516785,0.2238069325685501,0.11531321704387665,0.1861615926027298
2020-06-08,1.3654787924772571,0.011042696423828602,0.1814030259847641,0.2719641625881195,0.21706262230873108,0.1374662071466446,0.1921040117740631
2020-06-09,1.3651648318586393,-0.00022992712911218405,0.18423065543174744,0.2753034830093384,0.2212177813053131,0.13293075561523438,0.18631738424301147
2020-06-10,1.3658196792386184,0.0004796837456524372,0.17292436957359314,0.3007015883922577,0.23190972208976746,0.11270797252655029,0.18175633251667023
2020-06-11,1.3059583469206029,-0.04382813721895218,0.1659805327653885,0.3085841238498688,0.2386806458234787,0.10486011207103729,0.18189457058906555
2020-06-12,1.318957743051677,0.009953913278877735,0.1340695172548294,0.3871656060218811,0.24174723029136658,0.06976336985826492,0.16725432872772217
2020-06-15,1.3323511014780933,0.010154501534998417,0.15271587669849396,0.3239048421382904,0.2231210172176361,0.10864263772964478,0.19161558151245117
2020-06-16,1.3477318474474334,0.011544063687324524,0.1725294589996338,0.29236140847206116,0.22252152860164642,0.12407365441322327,0.18851393461227417
2020-06-17,1.3436300641554348,-0.0030434713698923588,0.1865692287683487,0.26470187306404114,0.22134363651275635,0.13940513134002686,0.18798011541366577
2020-06-18,1.345874325736793,0.001670297235250473,0.18039031326770782,0.28737056255340576,0.23276005685329437,0.1196185052394867,0.17986059188842773
2020-06-19,1.3456373182835786,-0.00017609924543648958,0.17652803659439087,0.28905948996543884,0.23410893976688385,0.11828497797250748,0.1820184737443924
2020-06-22,1.3565995617587563,0.008146506734192371,0.17337310314178467,0.29415956139564514,0.23537679016590118,0.1147126704454422,0.18237784504890442
2020-06-23,1.3631955803540672,0.0048621706664562225,0.17915278673171997,0.2785206735134125,0.2328285276889801,0.12432674318552017,0.18517126142978668
2020-06-24,1.3394607013985647,-0.017411205917596817,0.1834626942873001,0.2726832628250122,0.23351281881332397,0.12681008875370026,0.18353115022182465
2020-06-25,1.3509601916248737,0.008585164323449135,0.16753266751766205,0.3140701949596405,0.24262121319770813,0.1010296568274498,0.17474624514579773
2020-06-26,1.330348837337331,-0.015256818383932114,0.1739012598991394,0.2855689227581024,0.23340369760990143,0.12080074101686478,0.18632543087005615
2020-06-29,1.3481518652027018,0.013382225297391415,0.1645733267068863,0.31880736351013184,0.24060137569904327,0.10012905299663544,0.17588886618614197
2020-06-30,1.3631582362209969,0.01113106869161129,0.1771409511566162,0.2775551676750183,0.22854578495025635,0.1284889429807663,0.18826909363269806
2020-07-01,1.3645996868974255,0.001057434594258666,0.18958237767219543,0.25982776284217834,0.22902053594589233,0.1369805634021759,0.1845887005329132
2020-07-02,1.3704892582079198,0.004315969999879599,0.19037455320358276,0.26404863595962524,0.2354409247636795,0.13028207421302795,0.17985379695892334
2020-07-06,1.3863575067462959,0.011578528210520744,0.188247412443161,0.2655530571937561,0.235319584608078,0.12974166870117188,0.1811382919549942
2020-07-07,1.3796450979915866,-0.004841758869588375,0.19404903054237366,0.25038617849349976,0.23410531878471375,0.1384517103433609,0.18300777673721313
2020-07-08,1.3899831776870242,0.007493289187550545,0.18356133997440338,0.28085020184516907,0.24237051606178284,0.11729009449481964,0.17592781782150269
2020-07-09,1.3869948907794873,-0.002149872714653611,0.18518544733524323,0.2659459412097931,0.2374507337808609,0.12809838354587555,0.18331941962242126
2020-07-10,1.3961630788429589,0.006610109470784664,0.18219558894634247,0.2788187861442566,0.24475696682929993,0.11661561578512192,0.1776130199432373
2020-07-13,1.3830739909461762,-0.009375042282044888,0.19118094444274902,0.2552828788757324,0.2405751794576645,0.1321338415145874,0.18082715570926666
2020-07-14,1.3960236667410946,0.009362966753542423,0.18502800166606903,0.27718955278396606,0.24640601873397827,0.11706351488828659,0.17431290447711945
2020-07-15,1.410641694954875,0.010471189394593239,0.1909821480512619,0.2552272379398346,0.2406465709209442,0.13227607309818268,0.18086795508861542
2020-07-16,1.403999779680791,-0.004708435386419296,0.20164048671722412,0.2389141172170639,0.23520608246326447,0.14523173868656158,0.1790076196193695
2020-07-17,1.407830418757731,0.0027283758390694857,0.1974983811378479,0.2559862434864044,0.2437058687210083,0.1300669014453888,0.17274266481399536
2020-07-20,1.420258921620881,0.008828124962747097,0.19357170164585114,0.25545236468315125,0.24345523118972778,0.13031025230884552,0.1772104650735855
2020-07-21,1.4252847565600213,0.0035386751405894756,0.19757188856601715,0.2441004365682602,0.24556268751621246,0.13433684408664703,0.17842821776866913
2020-07-22,1.432692444932884,0.005197339225560427,0.19538909196853638,0.2528381943702698,0.24231840670108795,0.13225416839122772,0.1772001087665558
2020-07-23,1.4244686649679612,-0.005740087479352951,0.1939702033996582,0.25450223684310913,0.2432592511177063,0.13062314689159393,0.17764514684677124
2020-07-24,1.4159158286324185,-0.006004229187965393,0.18552549183368683,0.27647310495376587,0.2461131513118744,0.11803723871707916,0.17385105788707733
2020-07-27,1.4327064039548438,0.011858455836772919,0.1807413548231125,0.27995964884757996,0.24854479730129242,0.11453945934772491,0.17621475458145142
2020-07-28,1.4262620461497646,-0.004498030990362167,0.19062767922878265,0.2529376745223999,0.24479591846466064,0.1306011974811554,0.1810375303030014
2020-07-29,1.4432587202080949,0.011916936375200748,0.18880373239517212,0.26728132367134094,0.24995389580726624,0.11989011615514755,0.17407093942165375
2020-07-30,1.4420639891870393,-0.0008278010063804686,0.19692416489124298,0.2428809553384781,0.2428094744682312,0.13764703273773193,0.1797383427619934
2020-07-31,1.4494262126835633,0.005105337593704462,0.19831283390522003,0.2493833601474762,0.2488240748643875,0.12998096644878387,0.1734987497329712
2020-08-03,1.4613449051498981,0.008223041892051697,0.19704698026180267,0.2453765720129013,0.24934417009353638,0.131271094083786,0.1769612431526184
2020-08-04,1.4736132187091293,0.008395221084356308,0.20279356837272644,0.23454727232456207,0.24493299424648285,0.1404133290052414,0.17731283605098724
2020-08-05,1.4840969343086956,0.007114292588084936,0.20101217925548553,0.2424735426902771,0.24579955637454987,0.13559973239898682,0.1751149743795395
2020-08-06,1.4952128151472648,0.007489996496587992,0.20320963859558105,0.23660531640052795,0.24190641939640045,0.14176371693611145,0.17651495337486267
2020-08-07,1.491527760779246,-0.0024645684752613306,0.2035788595676422,0.23810745775699615,0.24581456184387207,0.13800089061260223,0.17449824512004852
2020-08-10,1.4928286221614995,0.0008721670601516962,0.2028229683637619,0.24208350479602814,0.24425190687179565,0.1375613957643509,0.173280268907547
2020-08-11,1.4645274290742345,-0.01895809918642044,0.20202286541461945,0.2425139993429184,0.24449053406715393,0.1371755450963974,0.17379708588123322
2020-08-12,1.4764984358120175,0.008173972368240356,0.196766659617424,0.25738954544067383,0.24860219657421112,0.126852348446846,0.1703893095254898
2020-08-13,1.479915803540286,0.002314508194103837,0.20072974264621735,0.2366659939289093,0.2449968010187149,0.1396820843219757,0.17792533338069916
2020-08-14,1.4773718805734253,-0.0017189646605402231,0.19811739027500153,0.2470516413450241,0.2465682476758957,0.13265715539455414,0.17560550570487976
2020-08-17,1.4904835578187081,0.008875001221895218,0.1962500512599945,0.2514209449291229,0.24754540622234344,0.13000896573066711,0.174774631857872
2020-08-18,1.4948932059144997,0.0029585352167487144,0.19611230492591858,0.24766843020915985,0.24660801887512207,0.1325104832649231,0.17710071802139282
2020-08-19,1.4815583172791005,-0.008920295163989067,0.19479340314865112,0.2523820400238037,0.2500303089618683,0.127579927444458,0.17521430552005768
2020-08-20,1.489612035100167,0.0054359775967895985,0.19423285126686096,0.2555646300315857,0.24989104270935059,0.12660272419452667,0.17370878159999847
2020-08-21,1.489490388362578,-8.166336920112371e-05,0.19364452362060547,0.252128005027771,0.25042757391929626,0.12773187458515167,0.1760680079460144
2020-08-24,1.4968713227014117,0.004955342039465904,0.19434669613838196,0.25235769152641296,0.2516845166683197,0.1267518848180771,0.17485922574996948
2020-08-25,1.4999198346677436,0.0020365891978144646,0.19866162538528442,0.24244709312915802,0.247029647231102,0.13526301085948944,0.17659863829612732
2020-08-26,1.510530439868807,0.007074114866554737,0.20076720416545868,0.24127764999866486,0.2478688657283783,0.13519912958145142,0.17488712072372437
2020-08-27,1.5043678936907503,-0.004079723265022039,0.20182263851165771,0.23685584962368011,0.2488304227590561,0.13655570149421692,0.17593534290790558
2020-08-28,1.5156647276074227,0.007509355898946524,0.2019229531288147,0.2407636195421219,0.2479850798845291,0.13542018830776215,0.17390814423561096
2020-08-31,1.5154503847366076,-0.00014141839346848428,0.20076324045658112,0.24080882966518402,0.24621032178401947,0.13668391108512878,0.1755337417125702
2020-09-01,1.5315374248292963,0.010615352541208267,0.19747066497802734,0.24968364834785461,0.2522937059402466,0.12787732481956482,0.17267471551895142
2020-09-02,1.5408215648503958,0.006061973981559277,0.20048615336418152,0.23842394351959229,0.24871951341629028,0.13638727366924286,0.17598313093185425
2020-09-03,1.4980096634328663,-0.02778511308133602,0.20498013496398926,0.23404084146022797,0.24718594551086426,0.13982410728931427,0.17396894097328186
2020-09-04,1.4851270923989994,-0.008599791675806046,0.1781221330165863,0.2971748113632202,0.25433647632598877,0.1036122590303421,0.16675424575805664
2020-09-08,1.4504499385429659,-0.023349620401859283,0.17663151025772095,0.2836320698261261,0.2490302473306656,0.11342739313840866,0.17727872729301453
2020-09-09,1.4758187125413178,0.01749027892947197,0.16675323247909546,0.31379130482673645,0.25006240606307983,0.09858892858028412,0.17080411314964294
2020-09-10,1.45881097055417,-0.011524275876581669,0.18557654321193695,0.2575964629650116,0.24112825095653534,0.1315741389989853,0.18412460386753082
2020-09-11,1.454035729953406,-0.0032733785919845104,0.18466033041477203,0.2786099314689636,0.24895232915878296,0.11550526320934296,0.17227214574813843
2020-09-14,1.4757569493631868,0.014938573352992535,0.1834159791469574,0.27349036931991577,0.24740548431873322,0.11900591850280762,0.17668217420578003
2020-09-15,1.4818006011409208,0.0040952893905341625,0.19603462517261505,0.24363397061824799,0.23936203122138977,0.13998214900493622,0.18098726868629456
2020-09-16,1.4783776701995406,-0.0023099808022379875,0.2021525502204895,0.2407023161649704,0.2425130307674408,0.13905102014541626,0.17558112740516663
2020-09-17,1.466430303631181,-0.008081403560936451,0.19653670489788055,0.25495368242263794,0.24225258827209473,0.13202638924121857,0.1742306351661682
2020-09-18,1.4569769438373361,-0.00644651148468256,0.18928875029087067,0.2693532109260559,0.2465105950832367,0.12179413437843323,0.1730533242225647
2020-09-21,1.4377699607183951,-0.013182763941586018,0.18523931503295898,0.27302929759025574,0.24726086854934692,0.1194719672203064,0.17499856650829315
2020-09-22,1.4493059367540195,0.00802352000027895,0.1806427538394928,0.28080442547798157,0.2545118033885956,0.11062867194414139,0.17341239750385284
2020-09-23,1.4151919401762212,-0.02353816106915474,0.18994465470314026,0.253231018781662,0.24652546644210815,0.12965251505374908,0.1806463599205017
2020-09-24,1.4192492172988946,0.0028669447638094425,0.17910794913768768,0.29027754068374634,0.2531525492668152,0.10704324394464493,0.17041867971420288
2020-09-25,1.4371843391439623,0.012637048959732056,0.1811654269695282,0.27273237705230713,0.2467944473028183,0.11963716894388199,0.17967064678668976
2020-09-28,1.4594640114570827,0.015502306632697582,0.19619692862033844,0.24309208989143372,0.24044543504714966,0.13912522792816162,0.18114030361175537
2020-09-29,1.4572063376635638,-0.0015469198115170002,0.20645520091056824,0.22821858525276184,0.23484539985656738,0.1513388305902481,0.17914190888404846
2020-09-30,1.4595692270980243,0.001621520146727562,0.1996545046567917,0.25183242559432983,0.241514652967453,0.13386301696300507,0.1731353998184204
2020-10-01,1.47527460654151,0.010760284028947353,0.19848667085170746,0.24688749015331268,0.2403114140033722,0.13734370470046997,0.17697061598300934
2020-10-02,1.462876770113333,-0.008403748273849487,0.20172269642353058,0.2395109385251999,0.23848265409469604,0.14264681935310364,0.17763693630695343
2020-10-05,1.4831611922545433,0.013866118155419827,0.19439026713371277,0.263105183839798,0.2419169843196869,0.12818430364131927,0.1724032610654831
2020-10-06,1.4697140826392263,-0.00906651932746172,0.20362330973148346,0.2308853566646576,0.23358386754989624,0.15132226049900055,0.18058517575263977
2020-10-07,1.4875032349322028,0.012103818356990814,0.19831180572509766,0.2586058974266052,0.24394111335277557,0.1293182373046875,0.16982294619083405
2020-10-08,1.4981279990386542,0.007142683025449514,0.2030564844608307,0.23403789103031158,0.2372375875711441,0.14705194532871246,0.17861607670783997
2020-10-09,1.5127536765575014,0.009762635454535484,0.20600777864456177,0.23640891909599304,0.23940110206604004,0.14405809342861176,0.1741241067647934
2020-10-12,1.5309061657424943,0.01199963316321373,0.20448744297027588,0.23616576194763184,0.24052950739860535,0.14310583472251892,0.17571140825748444
2020-10-13,1.5236977563010246,-0.0047085899859666824,0.20941738784313202,0.22522540390491486,0.24055320024490356,0.14901845157146454,0.17578552663326263
2020-10-14,1.5161231271049374,-0.004971215035766363,0.20203061401844025,0.24707059562206268,0.24709472060203552,0.1328342705965042,0.17096972465515137
2020-10-15,1.5175747961362647,0.0009574875584803522,0.19067974388599396,0.26373085379600525,0.24864022433757782,0.1230568215250969,0.1738923192024231
2020-10-16,1.5128447003142151,-0.003116878215223551,0.1904716044664383,0.26018211245536804,0.24478083848953247,0.12757742404937744,0.17698799073696136
2020-10-19,1.4968523032020957,-0.010571076534688473,0.19142280519008636,0.2606523334980011,0.24607042968273163,0.12636277079582214,0.175491601228714
2020-10-20,1.499235639210399,0.0015922319144010544,0.18525120615959167,0.27461138367652893,0.2500531077384949,0.11677110195159912,0.1733132004737854
2020-10-21,1.4965606934357436,-0.0017842063680291176,0.18935087323188782,0.25908172130584717,0.2463308423757553,0.12692761421203613,0.17830891907215118
2020-10-22,1.4999801683173348,0.0022848888766020536,0.19208379089832306,0.2580574154853821,0.24981671571731567,0.12498744577169418,0.1750546544790268
2020-10-23,1.5048022057749229,0.0032147341407835484,0.19919373095035553,0.2427748739719391,0.24486222863197327,0.13678574562072754,0.1763833910226822
2020-10-26,1.4872795023917404,-0.011644522659480572,0.20133499801158905,0.24310043454170227,0.24662354588508606,0.13536256551742554,0.17357847094535828
2020-10-27,1.4879888495197338,0.0004769427177961916,0.1884920299053192,0.27104175090789795,0.2550387382507324,0.11547727882862091,0.16995029151439667
2020-10-28,1.4468241806220115,-0.027664635330438614,0.18700315058231354,0.2632018029689789,0.2540172040462494,0.11988247185945511,0.1758953332901001
2020-10-29,1.458930132001398,0.008367258124053478,0.1718091368675232,0.30231693387031555,0.257673442363739,0.09901899844408035,0.16918149590492249
2020-10-30,1.4409645400160647,-0.012314223684370518,0.18478168547153473,0.2597379684448242,0.2464248687028885,0.12675683200359344,0.18229863047599792
2020-11-02,1.4548155576383837,0.009612323716282845,0.1836506724357605,0.27710995078086853,0.2488609254360199,0.11592020839452744,0.17445828020572662
2020-11-03,1.4763076603744205,0.014773077331483364,0.1905950903892517,0.2564237117767334,0.2425953596830368,0.13092337548732758,0.1794624775648117
2020-11-04,1.5028201534789525,0.01795865036547184,0.2044355869293213,0.23067417740821838,0.23642700910568237,0.1491546481847763,0.17930856347084045
2020-11-05,1.533863124406199,0.02065647765994072,0.21245954930782318,0.220487579703331,0.24038150906562805,0.15155234932899475,0.17511895298957825
2020-11-06,1.528627116160051,-0.003413608530536294,0.21420592069625854,0.21546107530593872,0.2333941012620926,0.1598948836326599,0.17704404890537262
2020-11-09,1.5216663864453877,-0.004553582519292831,0.20740589499473572,0.23832426965236664,0.24068956077098846,0.141715407371521,0.17186486721038818
2020-11-10,1.52075152441895,-0.0006012237863615155,0.20689749717712402,0.23605622351169586,0.23153936862945557,0.15060003101825714,0.1749068796634674
2020-11-11,1.5309575111369196,0.006711146794259548,0.20037366449832916,0.2518189251422882,0.2335798144340515,0.1403590440750122,0.17386852204799652
2020-11-12,1.5257850346671284,-0.0033785891719162464,0.19993749260902405,0.245809406042099,0.23856867849826813,0.13939961791038513,0.17628483474254608
2020-11-13,1.5426034446217243,0.011022791266441345,0.18793627619743347,0.272259384393692,0.24594371020793915,0.12033529579639435,0.17352528870105743
2020-11-16,1.557405887217445,0.009595753625035286,0.19189941883087158,0.25313830375671387,0.23740892112255096,0.13597512245178223,0.18157820403575897
2020-11-17,1.556663927782732,-0.00047640723641961813,0.2004467099905014,0.24199163913726807,0.2342921793460846,0.14431481063365936,0.17895470559597015
2020-11-18,1.5437703871332276,-0.008282802999019623,0.1962767392396927,0.2571375370025635,0.23973681032657623,0.13254229724407196,0.17430666089057922
2020-11-19,1.5516242937746167,0.005087483674287796,0.1854594647884369,0.27599936723709106,0.245221346616745,0.11901269108057022,0.17430707812309265
2020-11-20,1.549800619548969,-0.001175332348793745,0.18731220066547394,0.2641719579696655,0.24172015488147736,0.12724395096302032,0.17955172061920166
2020-11-23,1.5522023570010306,0.0015497073763981462,0.1853773444890976,0.273033082485199,0.24316197633743286,0.12171236425638199,0.17671522498130798
2020-11-24,1.5630787387197262,0.007007064297795296,0.19188441336154938,0.2573610842227936,0.23861894011497498,0.1332325041294098,0.1789030134677887
2020-11-25,1.5627886354201284,-0.000185597367817536,0.20150814950466156,0.23885966837406158,0.23491589725017548,0.1456591933965683,0.17905710637569427
2020-11-27,1.568091050622205,0.0033929189667105675,0.20012691617012024,0.2482900321483612,0.24209989607334137,0.13540837168693542,0.17407475411891937
2020-11-30,1.5583986743094504,-0.006181003525853157,0.19774828851222992,0.24950286746025085,0.2438678741455078,0.13370539247989655,0.17517562210559845
2020-12-01,1.5732150722142653,0.00950745027512312,0.19180241227149963,0.2611405849456787,0.24962353706359863,0.12352623790502548,0.17390720546245575
2020-12-02,1.5751811703234375,0.0012497325660660863,0.19477960467338562,0.2461037039756775,0.2427675873041153,0.1357334703207016,0.18061567842960358
2020-12-03,1.5816726084697972,0.004121073987334967,0.1972920298576355,0.24907204508781433,0.2444750815629959,0.13313373923301697,0.1760270595550537
2020-12-04,1.591067478711971,0.0059398324228823185,0.19612693786621094,0.25183340907096863,0.24620923399925232,0.13094578683376312,0.174884632229805
2020-12-07,1.5990947579159087,0.00504521606490016,0.2032029926776886,0.23551177978515625,0.24120154976844788,0.1434798389673233,0.17660385370254517
2020-12-08,1.608368184919405,0.0057991729117929935,0.20075617730617523,0.24538764357566833,0.24665066599845886,0.13415013253688812,0.17305536568164825
2020-12-09,1.5881253567084528,-0.012585941702127457,0.20190443098545074,0.24071168899536133,0.24669033288955688,0.13682760298252106,0.17386594414710999
2020-12-10,1.5947331481116986,0.004160749260336161,0.19491325318813324,0.2596288323402405,0.251350075006485,0.12389067560434341,0.17021715641021729
2020-12-11,1.592764497614229,-0.0012344701681286097,0.19534705579280853,0.2504728436470032,0.25001463294029236,0.1295555830001831,0.17460986971855164
2020-12-14,1.5926707442139425,-5.8862060541287065e-05,0.19500041007995605,0.25296637415885925,0.25239866971969604,0.12630930542945862,0.17332516610622406
2020-12-15,1.614182380127673,0.01350664347410202,0.19719897210597992,0.2465793639421463,0.25315243005752563,0.12915049493312836,0.17391876876354218
2020-12-16,1.6162541905320973,0.0012835045345127583,0.20493799448013306,0.2288941591978073,0.2449929565191269,0.1442584991455078,0.17691636085510254
2020-12-17,1.6276918593940328,0.007076652254909277,0.20537136495113373,0.2361939549446106,0.24962098896503448,0.13683633506298065,0.17197734117507935
2020-12-18,1.6220836655935071,-0.0034454886335879564,0.20593102276325226,0.23197714984416962,0.24781475961208344,0.14064621925354004,0.17363086342811584
2020-12-21,1.619927779887686,-0.0013290841598063707,0.2023814618587494,0.24257059395313263,0.25218823552131653,0.1319783478975296,0.17088142037391663
2020-12-22,1.6239818359843259,0.0025026153307408094,0.198798269033432,0.24666939675807953,0.2536483705043793,0.12900686264038086,0.17187711596488953
2020-12-23,1.6261321778612328,0.001324116950854659,0.20106250047683716,0.2407112866640091,0.25237149000167847,0.13317890465259552,0.17267580330371857
2020-12-24,1.6308396596396137,0.0028948949184268713,0.20211952924728394,0.2394292652606964,0.250836580991745,0.13472743332386017,0.1728871762752533
2020-12-28,1.6351114812965264,0.002619400154799223,0.2027302384376526,0.23862852156162262,0.25263866782188416,0.13375920057296753,0.17224335670471191
2020-12-29,1.6274599632094944,-0.0046795085072517395,0.20454353094100952,0.23392720520496368,0.2532691955566406,0.1356646716594696,0.17259539663791656
2020-12-30,1.6347569528274284,0.00448366766795516,0.19922694563865662,0.24547849595546722,0.25806936621665955,0.12617483735084534,0.1710503250360489
2020-12-31,1.6380060705233306,0.0019875233992934227,0.200326606631279,0.23969987034797668,0.25414445996284485,0.13222765922546387,0.1736014485359192
2021-01-04,1.6283960891789375,-0.005866877734661102,0.20248354971408844,0.23776273429393768,0.25451186299324036,0.13284914195537567,0.17239269614219666
2021-01-05,1.6398050777169222,0.007006273604929447,0.19299453496932983,0.25773146748542786,0.25796809792518616,0.12022646516561508,0.17107944190502167
2021-01-06,1.6435448544347129,0.002280622720718384,0.20076866447925568,0.2357899397611618,0.2513267993927002,0.1363103836774826,0.17580421268939972
2021-01-07,1.6616186863148577,0.010996859520673752,0.2107936292886734,0.22418025135993958,0.24164532124996185,0.1500283181667328,0.1733524054288864
2021-01-08,1.656488675205594,-0.0030873576179146767,0.21851059794425964,0.2108238786458969,0.2403871864080429,0.1581745594739914,0.17210376262664795
2021-01-11,1.6474641402642243,-0.0054479907266795635,0.21812976896762848,0.21871590614318848,0.24660451710224152,0.1491548717021942,0.1673949807882309
2021-01-12,1.6558308554030832,0.0050785415805876255,0.2045762985944748,0.2426811009645462,0.24978415668010712,0.13398976624011993,0.16896866261959076
2021-01-13,1.657786637465102,0.0011811484582722187,0.20240765810012817,0.23949380218982697,0.24671366810798645,0.13784654438495636,0.17353832721710205
2021-01-14,1.660498883901853,0.0016360648442059755,0.20116367936134338,0.24364244937896729,0.25167372822761536,0.1318242996931076,0.17169584333896637
2021-01-15,1.645998952380855,-0.008732274174690247,0.20205903053283691,0.23958301544189453,0.24779358506202698,0.13695286214351654,0.17361155152320862
2021-01-19,1.6629571506979954,0.010302678681910038,0.19636009633541107,0.2548556625843048,0.25452807545661926,0.1241825520992279,0.17007362842559814
2021-01-20,1.6834223347980692,0.012306501157581806,0.19971276819705963,0.23850753903388977,0.24924984574317932,0.13618430495262146,0.17634551227092743
2021-01-21,1.6812990282300901,-0.0012613035505637527,0.2058863490819931,0.22843341529369354,0.2474387139081955,0.14235147833824158,0.1758900284767151
2021-01-22,1.6822516896554958,0.0005666222423315048,0.2043677419424057,0.23689113557338715,0.2509939968585968,0.13531909883022308,0.17242799699306488
2021-01-25,1.6894219451157018,0.004262296482920647,0.20189574360847473,0.24162644147872925,0.24971888959407806,0.13432170450687408,0.17243720591068268
2021-01-26,1.6853942105922985,-0.002384090330451727,0.20034612715244293,0.24290287494659424,0.25102919340133667,0.1325625777244568,0.1731591671705246
2021-01-27,1.656179478690648,-0.017334064468741417,0.19853340089321136,0.24652178585529327,0.2531172037124634,0.12922489643096924,0.17260274291038513
2021-01-28,1.6593822753964989,0.001933846389874816,0.18441489338874817,0.2776887118816376,0.25739049911499023,0.1110757514834404,0.16943006217479706
2021-01-29,1.6362373040844425,-0.013947944156825542,0.18891917169094086,0.25690004229545593,0.2516942620277405,0.12483064085245132,0.17765581607818604
2021-02-01,1.6653021469189344,0.01776321977376938,0.18421660363674164,0.2751963436603546,0.2551094591617584,0.1134195551276207,0.17205801606178284
2021-02-02,1.676878384227913,0.006951433606445789,0.1971057802438736,0.23787806928157806,0.2441883385181427,0.13997586071491241,0.1808520257472992
2021-02-03,1.6742119994295588,-0.001590088359080255,0.21027198433876038,0.22386930882930756,0.24238048493862152,0.1488417387008667,0.17463651299476624
2021-02-04,1.6841736514911065,0.005950054153800011,0.20739500224590302,0.23544703423976898,0.24491384625434875,0.14085978269577026,0.17138433456420898
2021-02-05,1.6931810760269765,0.005348275415599346,0.21221640706062317,0.22290973365306854,0.24184146523475647,0.15040358901023865,0.1726287454366684
2021-02-08,1.7126689588312674,0.011509627103805542,0.21186640858650208,0.22590778768062592,0.24218834936618805,0.14842835068702698,0.171609029173851
2021-02-09,1.715431497351647,0.0016130020376294851,0.21327434480190277,0.22266647219657898,0.24046838283538818,0.1517242193222046,0.17186664044857025
2021-02-10,1.71427537219271,-0.0006739558884873986,0.20976950228214264,0.23262812197208405,0.24539688229560852,0.14252597093582153,0.1696794182062149
2021-02-11,1.712834912505593,-0.0008402732200920582,0.20259176194667816,0.24374714493751526,0.2501964867115021,0.1330195516347885,0.1704450398683548
2021-02-12,1.714251648729716,0.0008271294645965099,0.20261967182159424,0.2390957772731781,0.2508202791213989,0.13495945930480957,0.17250481247901917
2021-02-16,1.7022166124792573,-0.007020577322691679,0.20532211661338806,0.23308774828910828,0.24934668838977814,0.13903328776359558,0.17321018874645233
2021-02-17,1.6951113976434724,-0.004174095578491688,0.20467981696128845,0.23772133886814117,0.25158753991127014,0.134993776679039,0.1710175722837448
2021-02-18,1.684212551128617,-0.0064295753836631775,0.2002297192811966,0.24591125547885895,0.25395727157592773,0.1292206048965454,0.1706811636686325
2021-02-19,1.6890875059898234,0.002894500968977809,0.1952599585056305,0.252468466758728,0.2563859224319458,0.12404265999794006,0.1718430519104004
2021-02-22,1.6757316702225074,-0.007907130755484104,0.1998526006937027,0.24023571610450745,0.24923266470432281,0.1355786919593811,0.17510031163692474
2021-02-23,1.6698429849057657,-0.0035140980035066605,0.19391141831874847,0.2591181695461273,0.25140246748924255,0.1240341067314148,0.17153377830982208
2021-02-24,1.6851436421312427,0.009162931703031063,0.19405622780323029,0.25401610136032104,0.25271186232566833,0.12579010426998138,0.17342568933963776
2021-02-25,1.6377488937035662,-0.02812504954636097,0.2042352855205536,0.2312125563621521,0.245235875248909,0.1432066261768341,0.1761096864938736
2021-02-26,1.636786267716946,-0.0005877738585695624,0.18933674693107605,0.2739892601966858,0.25690731406211853,0.11309408396482468,0.16667255759239197
2021-03-01,1.6686323939442007,0.019456496462225914,0.18608923256397247,0.2675628066062927,0.2557058036327362,0.11750629544258118,0.1731358766555786
2021-03-02,1.6538399075837362,-0.008865036070346832,0.20466424524784088,0.22208450734615326,0.24017512798309326,0.15180934965610504,0.18126678466796875
2021-03-03,1.6271383969639392,-0.016145160421729088,0.19828590750694275,0.2552606463432312,0.2500710189342499,0.1265457272529602,0.16983669996261597
2021-03-04,1.6004357819290318,-0.01641078293323517,0.18606573343276978,0.2743096947669983,0.2508583068847656,0.11678308248519897,0.17198309302330017
2021-03-05,1.6215078544776897,0.013166459277272224,0.17859767377376556,0.2849350571632385,0.25404542684555054,0.10933132469654083,0.17309053242206573
2021-03-08,1.605486775802829,-0.00988035835325718,0.1921778917312622,0.2482146918773651,0.2435320019721985,0.13484948873519897,0.1812259554862976
2021-03-09,1.643004205042294,0.02336825802922249,0.19300438463687897,0.2623717486858368,0.24479533731937408,0.12663838267326355,0.1731901615858078
2021-03-10,1.6527371690518982,0.005923882592469454,0.20107388496398926,0.23393595218658447,0.2403639554977417,0.14456157386302948,0.18006469309329987
2021-03-11,1.6718227999702728,0.011547892354428768,0.2036260962486267,0.23991283774375916,0.2394043505191803,0.14207293093204498,0.17498379945755005
2021-03-12,1.6660397316955493,-0.003459139494225383,0.20885774493217468,0.22621901333332062,0.23656171560287476,0.1518123596906662,0.17654915153980255
2021-03-15,1.6763934014507986,0.006214539520442486,0.20530825853347778,0.23993425071239471,0.23838602006435394,0.14282095432281494,0.17355060577392578
2021-03-16,1.6707162790954426,-0.0033865096047520638,0.2017664909362793,0.2432413548231125,0.24104507267475128,0.13907857239246368,0.17486852407455444
2021-03-17,1.6772647128892173,0.003919536713510752,0.19530993700027466,0.255172997713089,0.24670325219631195,0.12846045196056366,0.17435336112976074
2021-03-18,1.6427708027845045,-0.020565573126077652,0.19497807323932648,0.2507097125053406,0.2431717813014984,0.13327664136886597,0.17786379158496857
2021-03-19,1.6492608663002535,0.003950681071728468,0.18148329854011536,0.2857670485973358,0.24940094351768494,0.11135484278202057,0.17199388146400452
2021-03-22,1.6587244571142903,0.005738080013543367,0.1829233318567276,0.2714172899723053,0.24485498666763306,0.12167846411466599,0.17912594974040985
2021-03-23,1.6389765150761701,-0.011905498802661896,0.18964992463588715,0.2591593563556671,0.24636511504650116,0.12643030285835266,0.17839521169662476
2021-03-24,1.6218730104620167,-0.010435478761792183,0.1808944195508957,0.28143730759620667,0.2530750632286072,0.11074360460042953,0.17384962737560272
2021-03-25,1.6297272797658626,0.004842715337872505,0.17308050394058228,0.29299935698509216,0.2504516541957855,0.10694912821054459,0.17651939392089844
2021-03-26,1.6481754822617543,0.011319809593260288,0.18553826212882996,0.2639544904232025,0.24117976427078247,0.12797638773918152,0.18135112524032593
2021-03-29,1.6311565083055157,-0.010325947776436806,0.19940605759620667,0.2406841516494751,0.23790955543518066,0.14231421053409576,0.17968595027923584
2021-03-30,1.631168551801088,7.383408956229687e-06,0.19567285478115082,0.25716665387153625,0.2482006549835205,0.1261598914861679,0.17279991507530212
2021-03-31,1.6472189320169608,0.009839804843068123,0.1941981315612793,0.2550748586654663,0.24465203285217285,0.13043570518493652,0.17563936114311218
2021-04-01,1.6699489682989397,0.013799037784337997,0.19842664897441864,0.24289724230766296,0.2422131448984146,0.13817198574543,0.17829102277755737
2021-04-05,1.6837140825885524,0.00824283529073,0.20238304138183594,0.2383091002702713,0.2422334998846054,0.14058370888233185,0.1764906346797943
2021-04-06,1.686067079371203,0.0013975037727504969,0.2065722495317459,0.23045183718204498,0.24182485044002533,0.1450655162334442,0.17608556151390076
2021-04-07,1.6783132159137077,-0.0045987870544195175,0.2005814015865326,0.24696224927902222,0.24638645350933075,0.1331472545862198,0.17292258143424988
2021-04-08,1.6926933771980706,0.008568222634494305,0.1957683116197586,0.25247883796691895,0.25050804018974304,0.1273425966501236,0.17390215396881104
2021-04-09,1.6946008904511727,0.0011269100941717625,0.19703727960586548,0.24565084278583527,0.24804693460464478,0.1327046900987625,0.17656025290489197
2021-04-12,1.6906405314571533,-0.002337045269086957,0.20054057240486145,0.24174487590789795,0.24817770719528198,0.1346430480480194,0.1748938262462616
2021-04-13,1.6991029488722256,0.005005450453609228,0.19842985272407532,0.24788448214530945,0.25009092688560486,0.13021595776081085,0.1733788102865219
2021-04-14,1.6950784708510256,-0.002368589863181114,0.19735212624073029,0.24631349742412567,0.2507482171058655,0.1304890662431717,0.17509710788726807
2021-04-15,1.7152484890565451,0.011899164877831936,0.1964186131954193,0.25113245844841003,0.24854199588298798,0.12981465458869934,0.17409229278564453
2021-04-16,1.7175870303275094,0.0013633833732455969,0.19809585809707642,0.24397772550582886,0.24762210249900818,0.1338932365179062,0.17641115188598633
2021-04-19,1.704985239472495,-0.007336915470659733,0.2002630978822708,0.24277104437351227,0.24838337302207947,0.13404305279254913,0.1745394766330719
2021-04-20,1.6924508769621007,-0.007351595908403397,0.19473370909690857,0.2560938000679016,0.2527896463871002,0.12422353029251099,0.1721593141555786
2021-04-21,1.7130490806944505,0.012170636095106602,0.18690691888332367,0.26786497235298157,0.25619927048683167,0.11605043709278107,0.1729784458875656
2021-04-22,1.7021817639682637,-0.006343844346702099,0.19604241847991943,0.2430175542831421,0.24713091552257538,0.13511358201503754,0.1786954700946808
2021-04-23,1.7176327681926407,0.009077176451683044,0.19535821676254272,0.2561434209346771,0.25240275263786316,0.12470636516809464,0.17138923704624176
2021-04-26,1.7258119305715929,0.004761880729347467,0.2023686170578003,0.23448318243026733,0.24651816487312317,0.14025479555130005,0.17637526988983154
2021-04-27,1.7217522660270639,-0.002352321520447731,0.20618952810764313,0.23315231502056122,0.2474626898765564,0.14017000794410706,0.1730254590511322
2021-04-28,1.722012892097422,0.00015137257287278771,0.20429514348506927,0.23871129751205444,0.24952882528305054,0.13577646017074585,0.1716882288455963
2021-04-29,1.7222059562710956,0.00011211540549993515,0.20163272321224213,0.24249283969402313,0.2512393593788147,0.13265560567378998,0.1719794124364853
2021-04-30,1.7107817101006253,-0.0066334959119558334,0.2024417668581009,0.23886938393115997,0.25230103731155396,0.13367435336112976,0.17271344363689423
2021-05-03,1.7152511575665481,0.0026125176809728146,0.19710808992385864,0.25107598304748535,0.25711914896965027,0.12410629540681839,0.17059053480625153
2021-05-04,1.69952777976048,-0.009166807867586613,0.19641102850437164,0.24722512066364288,0.25368064641952515,0.12846635282039642,0.1742168366909027
2021-05-05,1.697928590291229,-0.0009409610647708178,0.19241413474082947,0.2601800262928009,0.2571890354156494,0.11963426321744919,0.170582577586174
2021-05-06,1.7093694586127426,0.006738132797181606,0.19267675280570984,0.25389358401298523,0.2558533251285553,0.12364684045314789,0.17392951250076294
2021-05-07,1.7221672290960928,0.007486836984753609,0.19772052764892578,0.2425122857093811,0.25342127680778503,0.1308240294456482,0.17552189528942108
2021-05-10,1.6958592005797564,-0.015276117250323296,0.20481711626052856,0.23117879033088684,0.2498868852853775,0.13936249911785126,0.17475470900535583
2021-05-11,1.6898174202530678,-0.003562666242942214,0.19361023604869843,0.26100584864616394,0.25649014115333557,0.1192852109670639,0.16960859298706055
2021-05-12,1.6521241091418317,-0.02230614423751831,0.19154329597949982,0.25625333189964294,0.2557423710823059,0.12247966974973679,0.17398123443126678
2021-05-13,1.668549515934703,0.009941993281245232,0.1810772866010666,0.28100085258483887,0.26048412919044495,0.10714426636695862,0.1702934205532074
2021-05-14,1.6972915293016195,0.01722574792802334,0.1914065033197403,0.24945592880249023,0.2495264708995819,0.1301470249891281,0.17946407198905945
2021-05-17,1.697577425170487,0.00016844240599311888,0.2055179625749588,0.22759084403514862,0.24388636648654938,0.14548639953136444,0.17751844227313995
2021-05-18,1.6885923960344087,-0.005292853806167841,0.20288829505443573,0.24242626130580902,0.2473161667585373,0.1350087970495224,0.17236047983169556
2021-05-19,1.6846209914828505,-0.002351902425289154,0.19588713347911835,0.25433048605918884,0.2514331340789795,0.12612837553024292,0.1722208708524704
2021-05-20,1.7021953221149058,0.010432216338813305,0.19397911429405212,0.25358322262763977,0.2528001666069031,0.12549927830696106,0.17413823306560516
2021-05-21,1.7016498674536344,-0.00032044187537394464,0.200282484292984,0.2376817911863327,0.2496749460697174,0.13580222427845,0.17655862867832184
2021-05-24,1.7161561741751268,0.008524848148226738,0.2005789577960968,0.2442738562822342,0.2508467733860016,0.13172303140163422,0.1725773960351944
2021-05-25,1.7166964971746652,0.0003148448886349797,0.2046562135219574,0.23213571310043335,0.24885758757591248,0.1395590454339981,0.17479144036769867
2021-05-26,1.725987972078693,0.005412415601313114,0.20052891969680786,0.24483957886695862,0.2535240948200226,0.1295422464609146,0.1715651899576187
2021-05-27,1.7281967403264733,0.0012797124218195677,0.2032352089881897,0.23552289605140686,0.24842047691345215,0.13841009140014648,0.17441131174564362
2021-05-28,1.730575726474995,0.0013765713665634394,0.20473739504814148,0.23679202795028687,0.24793218076229095,0.13806600868701935,0.17247243225574493
2021-06-01,1.7329218564380888,0.001355693326331675,0.20389428734779358,0.2380020022392273,0.25001972913742065,0.13584142923355103,0.17224258184432983
2021-06-02,1.7367960540536036,0.002235644729807973,0.20407399535179138,0.23783428966999054,0.24917979538440704,0.13678333163261414,0.1721285581588745
2021-06-03,1.7207005107074267,-0.009267376735806465,0.2035611867904663,0.23841474950313568,0.2508562505245209,0.13516537845134735,0.17200244963169098
2021-06-04,1.7390258134167567,0.0106499083340168,0.20028623938560486,0.2468796670436859,0.25404447317123413,0.12868477404117584,0.1701047718524933
2021-06-07,1.7462250051031498,0.004139784257858992,0.20207257568836212,0.23589500784873962,0.25176045298576355,0.13579745590686798,0.1744745671749115
2021-06-08,1.7518527262012062,0.0032227926421910524,0.20561273396015167,0.23284609615802765,0.24977658689022064,0.13893485069274902,0.172829732298851
2021-06-09,1.7500359713427696,-0.0010370477102696896,0.20686227083206177,0.2334262877702713,0.2504448890686035,0.13841065764427185,0.17085584998130798
2021-06-10,1.7553930710822823,0.003061136929318309,0.20289035141468048,0.24113363027572632,0.2544851005077362,0.13140223920345306,0.17008867859840393
2021-06-11,1.7580087789183876,0.0014900980750098825,0.20330117642879486,0.236017107963562,0.25656557083129883,0.13253048062324524,0.17158561944961548
2021-06-14,1.7577170381076197,-0.00016594957560300827,0.20750048756599426,0.22909116744995117,0.25418928265571594,0.13814391195774078,0.17107510566711426
2021-06-15,1.751735438509472,-0.003403050359338522,0.21021373569965363,0.22505943477153778,0.255917489528656,0.13895511627197266,0.16985422372817993
2021-06-16,1.7420156562870293,-0.0055486587807536125,0.20686425268650055,0.23340649902820587,0.2573872208595276,0.1336030513048172,0.1687389612197876
2021-06-17,1.7362208439279887,-0.0033264984376728535,0.2049514502286911,0.23605410754680634,0.25901612639427185,0.1313403844833374,0.16863790154457092
2021-06-18,1.720300183117349,-0.00916972104460001,0.204783096909523,0.23450425267219543,0.262317031621933,0.12990376353263855,0.16849187016487122
2021-06-21,1.7376081865587878,0.010061036795377731,0.19343963265419006,0.2559789717197418,0.2666647136211395,0.11607164889574051,0.16784502565860748
2021-06-22,1.7444558107050852,0.003940833266824484,0.20172154903411865,0.22944100201129913,0.2519760727882385,0.13947705924510956,0.17738433182239532
2021-06-23,1.744829426788523,0.0002141734294127673,0.20975996553897858,0.22580522298812866,0.25323742628097534,0.14041894674301147,0.17077846825122833
2021-06-24,1.7558749254725412,0.0063304174691438675,0.20834980905056,0.23010268807411194,0.2541224956512451,0.13769304752349854,0.16973192989826202
2021-06-25,1.7558135077092107,-3.49784386344254e-05,0.21064476668834686,0.22400611639022827,0.251338392496109,0.14312748610973358,0.17088325321674347
2021-06-28,1.7603700812242726,0.0025951352436095476,0.21016253530979156,0.22723256051540375,0.25199541449546814,0.14071881771087646,0.16989067196846008
2021-06-29,1.7571254026343164,-0.0018431798089295626,0.2078857123851776,0.2306857407093048,0.25654804706573486,0.1356291025876999,0.16925139725208282
2021-06-30,1.7593292073223574,0.0012542102485895157,0.2060498744249344,0.23296894133090973,0.2577396631240845,0.1336876004934311,0.16955390572547913
2021-07-01,1.7664787250755605,0.004063774831593037,0.20361556112766266,0.2364177703857422,0.25690168142318726,0.1324402540922165,0.1706247627735138
2021-07-02,1.7730605572939755,0.003725961782038212,0.20624327659606934,0.23072509467601776,0.25398215651512146,0.1375497579574585,0.17149968445301056
2021-07-06,1.7717822720395695,-0.0007209484465420246,0.20709386467933655,0.22999076545238495,0.2568458616733551,0.13562744855880737,0.1704421043395996
2021-07-07,1.7727586315424906,0.000551060657016933,0.2023390382528305,0.23938478529453278,0.261059045791626,0.12786969542503357,0.16934747993946075
2021-07-08,1.763686724628122,-0.005117395427078009,0.20012076199054718,0.2405172437429428,0.26061728596687317,0.12761268019676208,0.17113205790519714
2021-07-09,1.777661264619531,0.007923481985926628,0.19715961813926697,0.2475382685661316,0.26192373037338257,0.12329751253128052,0.17008087038993835
2021-07-12,1.780193539401881,0.0014244979247450829,0.20608246326446533,0.22530679404735565,0.2515765130519867,0.14214548468589783,0.1748887002468109
2021-07-13,1.7688052972229324,-0.006397193297743797,0.21009983122348785,0.2267819046974182,0.2537388801574707,0.13964740931987762,0.1697319597005844
2021-07-14,1.7687724974749994,-1.8543447367846966e-05,0.20382483303546906,0.23835794627666473,0.2588774263858795,0.12980163097381592,0.1691381186246872
2021-07-15,1.764378042021251,-0.0024844661820679903,0.1981339305639267,0.24512501060962677,0.2606813907623291,0.12508396804332733,0.1709757000207901
2021-07-16,1.749032008270266,-0.00869770161807537,0.19605539739131927,0.24917125701904297,0.2605910003185272,0.12336677312850952,0.17081555724143982
2021-07-19,1.7383772069372256,-0.006091827526688576,0.1952957808971405,0.25076067447662354,0.2623077929019928,0.12149175256490707,0.1701439768075943
2021-07-20,1.7601256346334195,0.01251076441258192,0.1898253709077835,0.26100385189056396,0.26578181982040405,0.11430461704730988,0.16908428072929382
2021-07-21,1.769255120512552,0.005186837632209063,0.20478227734565735,0.22407111525535583,0.25149062275886536,0.14313608407974243,0.17651990056037903
2021-07-22,1.7685980614270485,-0.00037137611070647836,0.21585966646671295,0.21468831598758698,0.24855244159698486,0.1500401347875595,0.17085936665534973
2021-07-23,1.7766903885655956,0.004575560335069895,0.21023237705230713,0.22987984120845795,0.256320595741272,0.13598529994487762,0.16758190095424652
2021-07-26,1.7777490759623409,0.0005958761321380734,0.21096892654895782,0.22165562212467194,0.25282323360443115,0.1429331749677658,0.17161907255649567
2021-07-27,1.769436048545008,-0.004676153417676687,0.21065592765808105,0.22630728781223297,0.2534131705760956,0.14004550874233246,0.16957810521125793
2021-07-28,1.7791342106283177,0.0054809339344501495,0.2016417682170868,0.24485662579536438,0.25822213292121887,0.12704357504844666,0.16823585331439972
2021-07-29,1.7868862593879467,0.004357202909886837,0.20349618792533875,0.23405741155147552,0.25395509600639343,0.13580204546451569,0.17268924415111542
2021-07-30,1.7786831733303765,-0.004590715281665325,0.20687566697597504,0.2299099862575531,0.25222939252853394,0.1389266848564148,0.17205825448036194
2021-08-02,1.777365990225824,-0.0007405383512377739,0.20385834574699402,0.24007004499435425,0.2569037973880768,0.1304362714290619,0.16873152554035187
2021-08-03,1.7846594991738824,0.004103549290448427,0.20054253935813904,0.24233181774616241,0.2583576440811157,0.12832045555114746,0.17044755816459656
2021-08-04,1.7783242151195922,-0.003549855900928378,0.2044888138771057,0.23200371861457825,0.25510337948799133,0.13583506643772125,0.17256902158260345
2021-08-05,1.7891523899163724,0.006088976748287678,0.20255827903747559,0.23959192633628845,0.25961363315582275,0.12865731120109558,0.16957877576351166
2021-08-06,1.778675272019626,-0.005855911411345005,0.20802801847457886,0.2250186651945114,0.2527482807636261,0.14143890142440796,0.17276610434055328
2021-08-09,1.7703421136755373,-0.00468503637239337,0.21238923072814941,0.22409045696258545,0.2524283826351166,0.14227181673049927,0.16882018744945526
2021-08-10,1.7685797545655435,-0.000995490700006485,0.20961734652519226,0.22959616780281067,0.2557286024093628,0.13698916137218475,0.16806869208812714
2021-08-11,1.7749461379662057,0.0035997151862829924,0.2065470814704895,0.23281991481781006,0.25480619072914124,0.13592666387557983,0.16990017890930176
2021-08-12,1.7761346262576476,0.0006695911870338023,0.20583106577396393,0.23288816213607788,0.25386202335357666,0.13647110760211945,0.1709476262331009
2021-08-13,1.7821848787086942,0.0034064154606312513,0.2070486694574356,0.231182262301445,0.25545305013656616,0.13621646165847778,0.17009955644607544
2021-08-16,1.7809729244258194,-0.0006800384726375341,0.20301714539527893,0.23833076655864716,0.25865688920021057,0.13015858829021454,0.1698365956544876
2021-08-17,1.7686302535113916,-0.006930296774953604,0.2019365280866623,0.23850227892398834,0.2597343623638153,0.12936776876449585,0.1704591065645218
2021-08-18,1.7574597056668912,-0.006315931677818298,0.1991085559129715,0.24516193568706512,0.26242125034332275,0.12430006265640259,0.16900815069675446
2021-08-19,1.7552138690672598,-0.001277887960895896,0.19576959311962128,0.2499581128358841,0.26366403698921204,0.12124224007129669,0.1693660467863083
2021-08-20,1.7704186486048665,0.008662636391818523,0.1980181783437729,0.24259407818317413,0.2637684941291809,0.12474270910024643,0.17087657749652863
2021-08-23,1.791603175319931,0.011965828947722912,0.20748555660247803,0.2236771434545517,0.2563570737838745,0.13982751965522766,0.1726527363061905
2021-08-24,1.79555790268339,0.0022073679137974977,0.2150893211364746,0.21348701417446136,0.25123196840286255,0.14891129732131958,0.1712803989648819
2021-08-25,1.7941036716686907,-0.0008099048282019794,0.21674759685993195,0.2166849970817566,0.25153130292892456,0.147036612033844,0.1679994910955429
2021-08-26,1.7855212100203102,-0.004783704411238432,0.21506577730178833,0.22033745050430298,0.2528448700904846,0.14416290819644928,0.16758902370929718
2021-08-27,1.811759849775825,0.014695227146148682,0.2067290097475052,0.2361946403980255,0.25841403007507324,0.13173000514507294,0.16693231463432312
2021-08-30,1.8151721362447575,0.0018834099173545837,0.2103913128376007,0.2207714468240738,0.25016286969184875,0.1460157036781311,0.17265869677066803
2021-08-31,1.8140271731520226,-0.0006307738367468119,0.21313795447349548,0.22246593236923218,0.25449901819229126,0.1415911465883255,0.16830599308013916
2021-09-01,1.818452822846174,0.002439682139083743,0.20979835093021393,0.22769011557102203,0.2548784613609314,0.13859295845031738,0.16904008388519287
2021-09-02,1.8229135025336987,0.0024530082009732723,0.20930734276771545,0.22782769799232483,0.25467973947525024,0.13878631591796875,0.16939884424209595
2021-09-03,1.8229101177034588,-1.8568243831396103e-06,0.2095550149679184,0.2278779149055481,0.25442996621131897,0.13898736238479614,0.1691497564315796
2021-09-07,1.8106846624175883,-0.00670655956491828,0.20814870297908783,0.22919856011867523,0.25632283091545105,0.13663704693317413,0.16969287395477295
2021-09-08,1.804508465704415,-0.003410973120480776,0.2080797404050827,0.23044492304325104,0.2590864896774292,0.13419121503829956,0.16819757223129272
2021-09-09,1.805352357761607,0.00046765757724642754,0.20297026634216309,0.23877784609794617,0.26108065247535706,0.1284255087375641,0.1687457263469696
2021-09-10,1.7909453781985096,-0.007980148307979107,0.20035338401794434,0.24162599444389343,0.26071107387542725,0.12734515964984894,0.16996435821056366
2021-09-13,1.7965818552225008,0.0031472076661884785,0.19880931079387665,0.24453532695770264,0.2615880072116852,0.12514878809452057,0.16991853713989258
2021-09-14,1.7922805478386583,-0.0023941616527736187,0.20202131569385529,0.23658794164657593,0.2583511769771576,0.1315317004919052,0.17150788009166718
2021-09-15,1.800167935920589,0.004400755278766155,0.1994878351688385,0.24447624385356903,0.2623974680900574,0.12460029125213623,0.16903814673423767
2021-09-16,1.7919556078561343,-0.004561978857964277,0.20647242665290833,0.22682501375675201,0.2567335367202759,0.13784171640872955,0.17212726175785065
2021-09-17,1.7823746387647035,-0.0053466553799808025,0.2103978842496872,0.2263317108154297,0.25802019238471985,0.13727596402168274,0.16797421872615814
2021-09-20,1.7613524707924262,-0.011794472113251686,0.20501334965229034,0.23680974543094635,0.25850313901901245,0.13150560855865479,0.1681681126356125
2021-09-21,1.7640955108817453,0.0015573487617075443,0.19109104573726654,0.2631876766681671,0.2642933428287506,0.11421863734722137,0.16720928251743317
2021-09-22,1.778713184566281,0.00828621443361044,0.19457148015499115,0.24693499505519867,0.25973251461982727,0.12536069750785828,0.17340031266212463
2021-09-23,1.7855702746699698,0.003855084767565131,0.20605359971523285,0.2276563048362732,0.2543240785598755,0.13907720148563385,0.172888845205307
2021-09-24,1.7813603081662972,-0.002357771387323737,0.21630871295928955,0.2121351957321167,0.2478313148021698,0.15211427211761475,0.171610489487648
2021-09-27,1.7835396179427794,0.0012233963934704661,0.2141527235507965,0.2231912612915039,0.25208884477615356,0.14278480410575867,0.16778230667114258
2021-09-28,1.747016209052344,-0.02047804743051529,0.21071863174438477,0.22793924808502197,0.2511079013347626,0.14136239886283875,0.16887180507183075
2021-09-29,1.7449449296430009,-0.0011856097262352705,0.19663310050964355,0.2577636241912842,0.2591360807418823,0.12017696350812912,0.1662902534008026
2021-09-30,1.740259212642335,-0.002685309387743473,0.19595903158187866,0.2481386810541153,0.2567776143550873,0.12659575045108795,0.1725289225578308
2021-10-01,1.7566341578902376,0.009409486316144466,0.1933947056531906,0.25399309396743774,0.25907689332962036,0.1217336356639862,0.17180167138576508
2021-10-04,1.7400474117124278,-0.00944234523922205,0.20133839547634125,0.23559749126434326,0.2519620656967163,0.13622863590717316,0.17487332224845886
2021-10-05,1.7476162745040524,0.004349802620708942,0.19599327445030212,0.2552525997161865,0.256307989358902,0.12300319969654083,0.16944296658039093
2021-10-06,1.7515575258884493,0.0022552155423909426,0.20239223539829254,0.23388224840164185,0.25204429030418396,0.13690005242824554,0.17478115856647491
2021-10-07,1.7611654487418198,0.005485359579324722,0.20424675941467285,0.2359338402748108,0.2541653513908386,0.13411472737789154,0.17153936624526978
2021-10-08,1.753553536120002,-0.004322088323533535,0.20970849692821503,0.22349466383457184,0.2485523521900177,0.14500738680362701,0.17323705554008484
2021-10-11,1.7440233887931327,-0.005434762686491013,0.2062094658613205,0.2365233302116394,0.25256654620170593,0.1350296139717102,0.16967105865478516
2021-10-12,1.7492380657415068,0.0029900269582867622,0.200031578540802,0.24614982306957245,0.25497913360595703,0.12853886187076569,0.1703006625175476
2021-10-13,1.7635091875672522,0.008158478885889053,0.19807778298854828,0.24726586043834686,0.2545118033885956,0.12847460806369781,0.17166993021965027
2021-10-14,1.7853144306799482,0.012364689260721207,0.2002459019422531,0.2401619255542755,0.2530515789985657,0.1329251527786255,0.1736154407262802
2021-10-15,1.7827416349916012,-0.0014410882722586393,0.20981505513191223,0.22176282107830048,0.2479267120361328,0.1463492512702942,0.17414607107639313
2021-10-18,1.7880527566356288,0.0029791875276714563,0.21226368844509125,0.22474609315395355,0.25024259090423584,0.1430041491985321,0.16974343359470367
2021-10-19,1.7931870378921653,0.002871437231078744,0.2099749594926834,0.22773905098438263,0.2524222731590271,0.14000512659549713,0.16985860466957092
2021-10-20,1.7980539958300321,0.002714138478040695,0.21048486232757568,0.22404834628105164,0.24996638298034668,0.14360935986042023,0.17189107835292816
2021-10-21,1.8020945750214135,0.002247195690870285,0.20981769263744354,0.22795213758945465,0.24944257736206055,0.14196468889713287,0.1708229035139084
2021-10-22,1.8018105960057371,-0.00015758274821564555,0.20998866856098175,0.22783660888671875,0.2513675391674042,0.14077942073345184,0.17002779245376587
2021-10-25,1.8142601087678976,0.006909445859491825,0.20382781326770782,0.2407560646533966,0.2541463077068329,0.13203991949558258,0.1692298948764801
2021-10-26,1.812218665994853,-0.0011252205586060882,0.20659683644771576,0.22936339676380157,0.2514566481113434,0.13993631303310394,0.17264682054519653
2021-10-27,1.8080775903397381,-0.0022850860841572285,0.207123801112175,0.2336263507604599,0.2567046582698822,0.13398492336273193,0.16856032609939575
2021-10-28,1.8249699543282376,0.009342720732092857,0.1992681473493576,0.2459087073802948,0.26201558113098145,0.12396346777677536,0.168844074010849
2021-10-29,1.825700280997058,0.00040018558502197266,0.2069096863269806,0.22457817196846008,0.25303035974502563,0.14151836931705475,0.17396347224712372
2021-11-01,1.8394875125510102,0.00755174970254302,0.21026752889156342,0.22687603533267975,0.2554611265659332,0.13839729130268097,0.16899804770946503
2021-11-02,1.8442350629633508,0.002580909291282296,0.21342001855373383,0.2186216562986374,0.24984265863895416,0.14730100333690643,0.170814648270607
2021-11-03,1.8539265812798842,0.005255034193396568,0.213693767786026,0.2228269875049591,0.2530990242958069,0.14249281585216522,0.16788740456104279
2021-11-04,1.8671442184649196,0.007129536475986242,0.2171398550271988,0.21319831907749176,0.24945539236068726,0.1505824625492096,0.1696239411830902
2021-11-05,1.8834005857836469,0.008706540800631046,0.21477192640304565,0.22015488147735596,0.2532639801502228,0.14369115233421326,0.16811800003051758
2021-11-08,1.885278121342555,0.0009968859376385808,0.21123912930488586,0.22556424140930176,0.2523914575576782,0.14159773290157318,0.16920742392539978
2021-11-09,1.8831480687398305,-0.0011298346798866987,0.20961974561214447,0.22867213189601898,0.25403687357902527,0.13869965076446533,0.16897164285182953
2021-11-10,1.8645417489291538,-0.009880433790385723,0.20343051850795746,0.24065881967544556,0.2581912875175476,0.12951169908046722,0.16820769011974335
2021-11-11,1.8712677019030173,0.0036072954535484314,0.1961464136838913,0.25046300888061523,0.2595374584197998,0.12322957068681717,0.1706235259771347
2021-11-12,1.8787556032984098,0.004001512657850981,0.20101094245910645,0.2376112937927246,0.25665080547332764,0.13204333186149597,0.17268364131450653
2021-11-15,1.8731033176842091,-0.003008526284247637,0.20762410759925842,0.22677429020404816,0.2557770907878876,0.13812018930912018,0.17170430719852448
2021-11-16,1.8756161116781342,0.0013415138237178326,0.2082003355026245,0.22906644642353058,0.25678205490112305,0.13616465032100677,0.16978654265403748
2021-11-17,1.873496600204577,-0.0011300347978249192,0.2099069207906723,0.2251124382019043,0.2563200294971466,0.13878291845321655,0.16987769305706024
2021-11-18,1.877197060284089,0.0019751624204218388,0.20396971702575684,0.23746497929096222,0.2604593336582184,0.12926898896694183,0.16883693635463715
2021-11-19,1.8746209471897175,-0.001372318947687745,0.2046026587486267,0.23199716210365295,0.2597200572490692,0.1326923668384552,0.17098774015903473
2021-11-22,1.8562329396813158,-0.009808920323848724,0.2035805732011795,0.23604930937290192,0.2620176076889038,0.12905065715312958,0.1693018227815628
2021-11-23,1.8476453918385554,-0.00462633091956377,0.20207877457141876,0.23941917717456818,0.25999000668525696,0.1288689225912094,0.16964314877986908
2021-11-24,1.8541524582782802,0.0035218156408518553,0.20313052833080292,0.2359192818403244,0.25745889544487,0.13230834901332855,0.17118299007415771
2021-11-26,1.8244702206418988,-0.016008520498871803,0.20405274629592896,0.23562338948249817,0.2580956816673279,0.13210953772068024,0.17011860013008118
2021-11-29,1.8370363173764448,0.006887531839311123,0.18583109974861145,0.2738903760910034,0.26767367124557495,0.1067616268992424,0.165843203663826
2021-11-30,1.8150867852342796,-0.011948338709771633,0.19423361122608185,0.24111106991767883,0.2579626739025116,0.12903252243995667,0.17766016721725464
2021-12-01,1.7945656288302458,-0.011305881664156914,0.1891118288040161,0.2653355896472931,0.26388850808143616,0.11294456571340561,0.1687195748090744
2021-12-02,1.8145463969681457,0.011134041473269463,0.18085570633411407,0.27603501081466675,0.2624518871307373,0.1086646169424057,0.17199274897575378
2021-12-03,1.800036041246669,-0.00799668487161398,0.19625070691108704,0.24026064574718475,0.24931997060775757,0.13563992083072662,0.17852871119976044
2021-12-06,1.8133799604838703,0.007413140032440424,0.19120262563228607,0.26420101523399353,0.2567223310470581,0.11785849183797836,0.17001554369926453
2021-12-07,1.8428912058251388,0.016274165362119675,0.20014379918575287,0.23616334795951843,0.24722367525100708,0.13901782035827637,0.17745135724544525
2021-12-08,1.8438384518233457,0.0005139999557286501,0.21430958807468414,0.21231704950332642,0.24056212604045868,0.1567147672176361,0.17609648406505585
2021-12-09,1.824435264495489,-0.010523257777094841,0.21469451487064362,0.22214151918888092,0.2428596466779709,0.14955858886241913,0.17074577510356903
2021-12-10,1.8323205949194707,0.0043220664374530315,0.19945375621318817,0.2542177438735962,0.2524661421775818,0.12576216459274292,0.16810019314289093
2021-12-13,1.8202253814510654,-0.0066010355949401855,0.19791251420974731,0.2438991814851761,0.24988757073879242,0.132620707154274,0.175680011510849
2021-12-14,1.8053627563675243,-0.008165266364812851,0.1904127597808838,0.26512807607650757,0.254811555147171,0.11851312220096588,0.17113448679447174
2021-12-15,1.8279272825467585,0.012498610652983189,0.18761099874973297,0.26573866605758667,0.25424617528915405,0.1187688559293747,0.1736353188753128
2021-12-16,1.8084089834911163,-0.010677831247448921,0.2000807374715805,0.2340642809867859,0.24572360515594482,0.14072246849536896,0.17940883338451385
2021-12-17,1.8082366673290382,-9.528605733066797e-05,0.1909160017967224,0.2668798863887787,0.2519274652004242,0.11921671777963638,0.17105987668037415
2021-12-20,1.7905320978341617,-0.009791068732738495,0.18879570066928864,0.2639274597167969,0.2503981590270996,0.12238571792840958,0.1744929999113083
2021-12-21,1.8188872550837383,0.015836162492632866,0.1865810751914978,0.26896512508392334,0.25281038880348206,0.11791082471609116,0.17373256385326385
2021-12-22,1.836137101640006,0.009483736008405685,0.20092903077602386,0.2325015515089035,0.24191483855247498,0.1444527953863144,0.18020175397396088
2021-12-23,1.84364465615064,0.0040887766517698765,0.2072734236717224,0.2311907410621643,0.2427053302526474,0.1443151980638504,0.1745152622461319
2021-12-27,1.861596278871593,0.009737029671669006,0.20751790702342987,0.2317451387643814,0.24254800379276276,0.14423340559005737,0.1739555150270462
2021-12-28,1.8540683604992143,-0.004043797496706247,0.210347518324852,0.2257164865732193,0.2422027736902237,0.14787089824676514,0.17386233806610107
2021-12-29,1.852118233310919,-0.001051809755153954,0.20475758612155914,0.2412104606628418,0.24725601077079773,0.13593101501464844,0.17084497213363647
2021-12-30,1.8540174841956671,0.001025447971187532,0.20208987593650818,0.24125447869300842,0.24752305448055267,0.13576854765415192,0.1733640432357788
2021-12-31,1.851850238452368,-0.0011689456878229976,0.1987289935350418,0.2485101968050003,0.25025200843811035,0.13013514876365662,0.17237362265586853
2022-01-03,1.8531413673242827,0.0006972101982682943,0.19581864774227142,0.2523437738418579,0.2513298988342285,0.1273975670337677,0.17311014235019684
2022-01-04,1.8480288133879916,-0.0027588580269366503,0.20507293939590454,0.23077018558979034,0.24658982455730438,0.14217330515384674,0.17539368569850922
2022-01-05,1.808540676361594,-0.02136770635843277,0.2018202543258667,0.2446700632572174,0.2490069568157196,0.13291777670383453,0.17158491909503937
2022-01-06,1.8072764375352743,-0.00069903809344396,0.18480704724788666,0.2791203558444977,0.25723394751548767,0.11021110415458679,0.16862758994102478
2022-01-07,1.7953287681412244,-0.006610869895666838,0.18834665417671204,0.260693222284317,0.2523306608200073,0.12283406406641006,0.17579537630081177
2022-01-10,1.7951148086763555,-0.00011917564552277327,0.18923985958099365,0.26269644498825073,0.25340399146080017,0.12056819349527359,0.17409153282642365
2022-01-11,1.8151406534256196,0.011155745945870876,0.19183175265789032,0.25599902868270874,0.2531772553920746,0.1241643875837326,0.17482757568359375
2022-01-12,1.8143580132284571,-0.00043117330642417073,0.199393630027771,0.23919740319252014,0.24923992156982422,0.13550181686878204,0.176667258143425
2022-01-13,1.79502966179319,-0.0106529975309968,0.20102792978286743,0.2418130487203598,0.251633882522583,0.13227063417434692,0.17325450479984283
2022-01-14,1.7946643406974518,-0.00020351813873276114,0.19079136848449707,0.2659660577774048,0.2551060914993286,0.11813661456108093,0.1699998676776886
2022-01-18,1.75950086979421,-0.019593341276049614,0.19502918422222137,0.2478504329919815,0.25199171900749207,0.12932610511779785,0.175802543759346
2022-01-19,1.7494167662042464,-0.005731229670345783,0.1856064796447754,0.27387598156929016,0.257928729057312,0.1120399609208107,0.17054882645606995
2022-01-20,1.7317679990063024,-0.01008837204426527,0.17958563566207886,0.2785532474517822,0.25684985518455505,0.11052577942609787,0.17448550462722778
2022-01-21,1.7048033151771416,-0.015570609830319881,0.17956547439098358,0.279572993516922,0.2580181360244751,0.10948877036571503,0.1733545958995819
2022-01-24,1.7185315788219555,0.008052696473896503,0.17411071062088013,0.29264378547668457,0.2585221230983734,0.10324271023273468,0.17148062586784363
2022-01-25,1.6991574945234245,-0.011273627169430256,0.18806703388690948,0.25577980279922485,0.2479221671819687,0.12823694944381714,0.17999404668807983
2022-01-26,1.6842109837309094,-0.008796424604952335,0.1872551143169403,0.27104097604751587,0.25338470935821533,0.11653532087802887,0.17178384959697723
2022-01-27,1.6682095478195413,-0.00950084999203682,0.1887684315443039,0.2620002031326294,0.2542697787284851,0.12043929845094681,0.1745222955942154
2022-01-28,1.6973372381030052,0.017460450530052185,0.1845494657754898,0.2729184925556183,0.2580561935901642,0.11261050403118134,0.17186537384986877
2022-01-31,1.7289554658640454,0.018628135323524475,0.19902364909648895,0.23255902528762817,0.2454753965139389,0.14159826934337616,0.18134364485740662
2022-02-01,1.7375849387092404,0.004991148132830858,0.2135343849658966,0.2130839079618454,0.23729369044303894,0.15828782320022583,0.17780016362667084
2022-02-02,1.742145942141407,0.0026249096263200045,0.21332833170890808,0.2249879240989685,0.23931671679019928,0.15029209852218628,0.17207491397857666
2022-02-03,1.7059932773031539,-0.020751800388097763,0.2055787891149521,0.23828963935375214,0.24399155378341675,0.13939762115478516,0.17274241149425507
2022-02-04,1.7129029442853043,0.004050231073051691,0.1853354424238205,0.2816951274871826,0.24998041987419128,0.11346369236707687,0.16952534019947052
2022-02-07,1.7127948040504568,-6.313272751867771e-05,0.18977905809879303,0.2562370300292969,0.2450777292251587,0.12924709916114807,0.1796591430902481
2022-02-08,1.7270253715387092,0.008308390155434608,0.1918729543685913,0.2597062587738037,0.24542701244354248,0.12709830701351166,0.17589545249938965
2022-02-09,1.7501220440550704,0.01337367296218872,0.19874580204486847,0.2424248307943344,0.2410912960767746,0.13923729956150055,0.17850074172019958
2022-02-10,1.722590233020647,-0.015731366351246834,0.20703496038913727,0.22880207002162933,0.23838259279727936,0.1485816091299057,0.17719875276088715
2022-02-11,1.7056618300884272,-0.009827295318245888,0.19455820322036743,0.2636052668094635,0.2466396689414978,0.12436047196388245,0.17083638906478882
2022-02-14,1.7030827707349165,-0.0015120578464120626,0.17629151046276093,0.2943582832813263,0.24771134555339813,0.10862905532121658,0.17300981283187866
2022-02-15,1.7253626874308914,0.013082110323011875,0.1802321970462799,0.27632275223731995,0.24505050480365753,0.11885804682970047,0.17953652143478394
2022-02-16,1.7311802742871565,0.0033718051854521036,0.1987629383802414,0.23760336637496948,0.2372923344373703,0.1444845348596573,0.18185685575008392
2022-02-17,1.705657399198826,-0.014743048697710037,0.1987638920545578,0.25014838576316833,0.24159979820251465,0.13449424505233765,0.17499366402626038
2022-02-18,1.6960293739653154,-0.00564475916326046,0.17896275222301483,0.2919413149356842,0.24867196381092072,0.10886011272668839,0.17156387865543365
2022-02-22,1.6830309358787081,-0.00766404066234827,0.17529363930225372,0.2897951304912567,0.24706320464611053,0.1111011877655983,0.17674687504768372
2022-02-23,1.655971742951275,-0.01607765629887581,0.17530696094036102,0.28968045115470886,0.24811986088752747,0.11028166860342026,0.1766110360622406
2022-02-24,1.685420917354624,0.017783621326088905,0.17153669893741608,0.29855018854141235,0.2480987310409546,0.10601407289505005,0.1758003830909729
2022-02-25,1.707005948367899,0.0128069082275033,0.19132313132286072,0.24806737899780273,0.23919254541397095,0.13756071031093597,0.18385614454746246
2022-02-28,1.717591505514273,0.006201242096722126,0.20549766719341278,0.23111066222190857,0.23472236096858978,0.1497357338666916,0.1789335161447525
2022-03-01,1.70582464800464,-0.006850789301097393,0.20041897892951965,0.24977269768714905,0.2414897233247757,0.13501979410648346,0.17329873144626617
2022-03-02,1.7195421085961555,0.008041542023420334,0.18406462669372559,0.2797950506210327,0.24821218848228455,0.1150738075375557,0.17285428941249847
2022-03-03,1.711463666282327,-0.004698019474744797,0.19684794545173645,0.2397245615720749,0.23610587418079376,0.14410439133644104,0.18321727216243744
2022-03-04,1.7038378457345664,-0.004455730319023132,0.19156333804130554,0.2670968174934387,0.24416005611419678,0.12390151619911194,0.17327821254730225
2022-03-07,1.6686968012834296,-0.020624641329050064,0.17949366569519043,0.28568702936172485,0.24755412340164185,0.11254832148551941,0.1747168004512787
2022-03-08,1.6725898345155392,0.002332978183403611,0.16549159586429596,0.3137533366680145,0.24850928783416748,0.0987243726849556,0.17352136969566345
2022-03-09,1.6976338455984208,0.014973193407058716,0.17110931873321533,0.29207974672317505,0.24174073338508606,0.11308057606220245,0.18198959529399872
2022-03-10,1.688250892203922,-0.005527077242732048,0.19691430032253265,0.23864075541496277,0.23300696909427643,0.1469527930021286,0.18448515236377716
2022-03-11,1.6670579125901934,-0.012553216889500618,0.19519193470478058,0.2589685320854187,0.23821696639060974,0.13208146393299103,0.17554110288619995
2022-03-14,1.638277748477766,-0.017264045774936676,0.18161790072917938,0.2859692871570587,0.24370582401752472,0.11495142430067062,0.17375557124614716
2022-03-15,1.6598017602944377,0.01313819456845522,0.1756986826658249,0.291456401348114,0.2437944859266281,0.11202051490545273,0.17702989280223846
2022-03-16,1.6982094960348935,0.02313995361328125,0.19123101234436035,0.25064167380332947,0.2365119755268097,0.13769382238388062,0.18392148613929749
2022-03-17,1.712853887607552,0.008623430505394936,0.2049505114555359,0.22839416563510895,0.23064884543418884,0.15409646928310394,0.18191005289554596
2022-03-18,1.7294331346015894,0.009679311886429787,0.20638738572597504,0.23462215065956116,0.23059645295143127,0.15075527131557465,0.17763873934745789
2022-03-21,1.7209798491124304,-0.004887893795967102,0.2049800455570221,0.23863597214221954,0.23390601575374603,0.14638356864452362,0.1760944426059723
2022-03-22,1.7323938630559967,0.0066322763450443745,0.19529102742671967,0.2570154368877411,0.23728668689727783,0.1335795521736145,0.1768272966146469
2022-03-23,1.7242340733620176,-0.004710123874247074,0.19813135266304016,0.24490855634212494,0.23503181338310242,0.14166858792304993,0.18025974929332733
2022-03-24,1.7451255663296796,0.012116390280425549,0.18302391469478607,0.28417733311653137,0.24349980056285858,0.11564459651708603,0.17365430295467377
2022-03-25,1.7423382825599445,-0.001597182359546423,0.18846282362937927,0.25730112195014954,0.23671174049377441,0.1337110996246338,0.18381324410438538
2022-03-28,1.7480213525960386,0.0032617489341646433,0.192191943526268,0.25936663150787354,0.23786969482898712,0.1317494809627533,0.17882224917411804
2022-03-29,1.772792866982897,0.014171173796057701,0.19350062310695648,0.2564399540424347,0.2401222586631775,0.1319735199213028,0.17796361446380615
2022-03-30,1.7618992859751703,-0.006144869606941938,0.19815081357955933,0.24404194951057434,0.2347283512353897,0.14261193573474884,0.1804669350385666
2022-03-31,1.7468208838374724,-0.008558038622140884,0.18681451678276062,0.27578601241111755,0.24305272102355957,0.11999697983264923,0.1743498295545578
2022-04-01,1.7502586856439006,0.001968033378943801,0.17649804055690765,0.29075485467910767,0.24444124102592468,0.11191271990537643,0.17639318108558655
2022-04-04,1.7635333125894959,0.0075843799859285355,0.18137256801128387,0.27606427669525146,0.23985040187835693,0.12236271053552628,0.18035002052783966
2022-04-05,1.73164206748623,-0.01808372139930725,0.19089967012405396,0.2560780942440033,0.24052055180072784,0.13176162540912628,0.18074004352092743
2022-04-06,1.710775999869036,-0.012049873359501362,0.18288446962833405,0.2810214161872864,0.24598123133182526,0.11534902453422546,0.17476381361484528
2022-04-07,1.7118124885705577,0.000605858804192394,0.17554959654808044,0.2915020287036896,0.24593329429626465,0.11050660908222198,0.17650841176509857
2022-04-08,1.7007188986451183,-0.006480610463768244,0.18111298978328705,0.2745397686958313,0.24338577687740326,0.12037300318479538,0.18058845400810242
2022-04-11,1.6795602675497112,-0.012440992519259453,0.18187464773654938,0.27799656987190247,0.24416829645633698,0.11805707216262817,0.1779034435749054
2022-04-12,1.6797036147107405,8.534803055226803e-05,0.1775863766670227,0.2882903814315796,0.24517638981342316,0.11262951791286469,0.17631731927394867
2022-04-13,1.7020977518185065,0.013332195580005646,0.18103007972240448,0.27710017561912537,0.2440604567527771,0.11897464841604233,0.17883461713790894
2022-04-14,1.678482036091224,-0.013874476775527,0.19447152316570282,0.24773527681827545,0.24087899923324585,0.13630162179470062,0.18061260879039764
2022-04-18,1.6760500143421786,-0.001448941184207797,0.18981413543224335,0.2685011029243469,0.24608828127384186,0.12190567702054977,0.17369084060192108
2022-04-19,1.6930053401164107,0.010116240940988064,0.18796977400779724,0.2648119330406189,0.24696950614452362,0.12312927097082138,0.17711955308914185
2022-04-20,1.6947332918771765,0.0010206416482105851,0.20060527324676514,0.23615047335624695,0.24068360030651093,0.14267650246620178,0.179884135723114
2022-04-21,1.668532952881752,-0.015459859743714333,0.19523678719997406,0.258932888507843,0.24448473751544952,0.12809109687805176,0.17325448989868164
2022-04-22,1.632642085913677,-0.02151043340563774,0.18239697813987732,0.28180187940597534,0.24997812509536743,0.11291881650686264,0.17290425300598145
2022-04-25,1.6395901678524645,0.004255728796124458,0.170631542801857,0.302333801984787,0.2528548538684845,0.10153791308403015,0.1726418137550354
2022-04-26,1.6031861636869607,-0.0222031120210886,0.1810162514448166,0.27162104845046997,0.24699825048446655,0.12013239413499832,0.18023201823234558
2022-04-27,1.597561908267094,-0.0035081736277788877,0.1676977574825287,0.31159406900405884,0.2522414028644562,0.09747349470853806,0.17099332809448242
2022-04-28,1.629440961407471,0.01995481550693512,0.17528298497200012,0.2833697497844696,0.24599753320217133,0.11475145071744919,0.18059833347797394
2022-04-29,1.5849482997435658,-0.027305476367473602,0.19492106139659882,0.24149836599826813,0.23837727308273315,0.14092393219470978,0.18427936732769012
2022-05-02,1.5906524706274097,0.003598963376134634,0.1767767071723938,0.29988014698028564,0.24829736351966858,0.10504459589719772,0.17000122368335724
2022-05-03,1.597835507457531,0.004515780135989189,0.18437236547470093,0.2648907005786896,0.24037054181098938,0.12759055197238922,0.1827758401632309
2022-05-04,1.6349033770621573,0.023198802024126053,0.18949727714061737,0.26291194558143616,0.2397049516439438,0.12872010469436646,0.1791657656431198
2022-05-05,1.5796679830284097,-0.03378511220216751,0.20120295882225037,0.23307617008686066,0.2310979813337326,0.1507183015346527,0.1839045286178589
2022-05-06,1.5637120541518943,-0.01010081171989441,0.17689396440982819,0.303798109292984,0.2436821311712265,0.10584333539009094,0.16978254914283752
2022-05-09,1.5175071836974,-0.029548196122050285,0.16875725984573364,0.3024405539035797,0.23985683917999268,0.10866320878267288,0.18028217554092407
2022-05-10,1.5234021083708356,0.0038846107199788094,0.1546337902545929,0.34054818749427795,0.24381929636001587,0.0890483483672142,0.1719502955675125
2022-05-11,1.5018175558035298,-0.014168650843203068,0.16495360434055328,0.30411195755004883,0.23699872195720673,0.11001436412334442,0.18392135202884674
2022-05-12,1.500223630951902,-0.0010613305494189262,0.15939314663410187,0.3281363248825073,0.23915156722068787,0.09701480716466904,0.17630411684513092
2022-05-13,1.528689011932633,0.018974091857671738,0.16955645382404327,0.29896268248558044,0.23362022638320923,0.114804707467556,0.1830560714006424
2022-05-16,1.5239276703400828,-0.0031146567780524492,0.19182541966438293,0.24795781075954437,0.22543838620185852,0.14655761420726776,0.1882207691669464
2022-05-17,1.5470930290251408,0.015201088041067123,0.18763424456119537,0.27507284283638,0.23264257609844208,0.12682759761810303,0.1778227835893631
2022-05-18,1.5081049936479636,-0.02520083449780941,0.195917546749115,0.24524278938770294,0.22497281432151794,0.1484590768814087,0.18540778756141663
2022-05-19,1.5085701864839982,0.0003084618365392089,0.16744476556777954,0.3263392448425293,0.23907704651355743,0.0983949527144432,0.16874398291110992
2022-05-20,1.5083450578904372,-0.0001492330920882523,0.1623769849538803,0.3143461048603058,0.2315552979707718,0.10820931196212769,0.18351233005523682
2022-05-23,1.5233143927945658,0.009924343787133694,0.16839295625686646,0.30508360266685486,0.23183760046958923,0.11224715411663055,0.1824387013912201
2022-05-24,1.5131919954968758,-0.0066449823789298534,0.18132875859737396,0.27234601974487305,0.22678829729557037,0.13181525468826294,0.1877216100692749
2022-05-25,1.5272522908062036,0.009291811846196651,0.17365257441997528,0.3033727705478668,0.2343430370092392,0.11139126867055893,0.17724034190177917
2022-05-26,1.5506284337729754,0.015306012704968452,0.17978370189666748,0.2781398296356201,0.22955429553985596,0.12747712433338165,0.18504498898983002
2022-05-27,1.580412487438215,0.019207730889320374,0.19322308897972107,0.25108250975608826,0.2261698693037033,0.1440110206604004,0.18551349639892578
2022-05-31,1.5650681071224912,-0.009709098376333714,0.2036137729883194,0.23412097990512848,0.2236720323562622,0.15552708506584167,0.18306605517864227
2022-06-01,1.5589864415476675,-0.0038858791813254356,0.19508543610572815,0.262166291475296,0.23276831209659576,0.13355609774589539,0.17642390727996826
2022-06-02,1.588614448388624,0.019004659727215767,0.18180999159812927,0.2831090986728668,0.23524121940135956,0.1210348978638649,0.17880477011203766
2022-06-03,1.566157030265649,-0.0141364810988307,0.18990063667297363,0.25504401326179504,0.2283650040626526,0.1402716487646103,0.18641872704029083
2022-06-06,1.565489783673113,-0.000426040671300143,0.1824365258216858,0.2879960834980011,0.2370847910642624,0.11772187054157257,0.17476074397563934
2022-06-07,1.5817544154608922,0.010389484465122223,0.182577982544899,0.27463415265083313,0.23420129716396332,0.12620951235294342,0.18237702548503876
2022-06-08,1.5675890416423863,-0.008955482393503189,0.1889967918395996,0.2634306848049164,0.2337683141231537,0.13239562511444092,0.18140864372253418
2022-06-09,1.5405736275875335,-0.01723373495042324,0.18297305703163147,0.28069719672203064,0.24056284129619598,0.11879423260688782,0.17697271704673767
2022-06-10,1.5080745694689055,-0.021095426753163338,0.16916976869106293,0.3088003695011139,0.24410513043403625,0.10328035801649094,0.1746443510055542
2022-06-13,1.445929513904972,-0.041208211332559586,0.1564233899116516,0.3319702446460724,0.24235402047634125,0.09360343962907791,0.17564888298511505
2022-06-14,1.4409642133973903,-0.0034339851699769497,0.14720185101032257,0.3537828028202057,0.2412954717874527,0.08487045019865036,0.17284947633743286
2022-06-15,1.466614073610181,0.017800483852624893,0.1598828136920929,0.31547340750694275,0.23468515276908875,0.10603403300046921,0.183924600481987
2022-06-16,1.4293458798576328,-0.02541104331612587,0.17718037962913513,0.27964141964912415,0.23199045658111572,0.12489055097103119,0.18629714846611023
2022-06-17,1.4367113569244534,0.005153040401637554,0.1589520126581192,0.3349343538284302,0.24231785535812378,0.0919952541589737,0.17180050909519196
2022-06-21,1.455597985732284,0.013145736418664455,0.16773799061775208,0.2985961437225342,0.23501470685005188,0.11386186629533768,0.18478921055793762
2022-06-22,1.4604864635786536,0.0033583983313292265,0.18724362552165985,0.258027046918869,0.22808235883712769,0.13865725696086884,0.18798968195915222
2022-06-23,1.473105215755419,0.008640102110803127,0.18449795246124268,0.27928847074508667,0.23533861339092255,0.12278681993484497,0.1780882030725479
2022-06-24,1.5024827093662352,0.01994256302714348,0.1861262321472168,0.2676349878311157,0.23286816477775574,0.13055472075939178,0.18281589448451996
2022-06-27,1.4976719616778795,-0.003201865591108799,0.20006580650806427,0.23440317809581757,0.22337311506271362,0.1553054004907608,0.18685249984264374
2022-06-28,1.4734946111770362,-0.01614328846335411,0.19553104043006897,0.261086106300354,0.23043745756149292,0.1358804702758789,0.17706488072872162
2022-06-29,1.472423998463389,-0.0007265806780196726,0.17430424690246582,0.30460286140441895,0.23755913972854614,0.10931709408760071,0.174216628074646
2022-06-30,1.4619137648462557,-0.0071380482986569405,0.16969400644302368,0.30168646574020386,0.23704533278942108,0.1107206791639328,0.1808534860610962
2022-07-01,1.4730208473181317,0.007597631774842739,0.1683739721775055,0.30640697479248047,0.23710830509662628,0.10837564617395401,0.17973510921001434
2022-07-05,1.4790394704434053,0.00408590491861105,0.1766568124294281,0.28420907258987427,0.23291335999965668,0.12203849852085114,0.1841822862625122
2022-07-06,1.4724611893066701,-0.004447671119123697,0.18518385291099548,0.2708413302898407,0.23509877920150757,0.1274653822183609,0.18141059577465057
2022-07-07,1.4916053806720915,0.013001491315662861,0.1856061965227127,0.2707115709781647,0.23626117408275604,0.12631377577781677,0.181107297539711
2022-07-08,1.4895722002654097,-0.001363081973977387,0.19275899231433868,0.2512623965740204,0.22968915104866028,0.1412387490272522,0.18505075573921204
2022-07-11,1.4726215053248506,-0.011379572562873363,0.1905345469713211,0.26507872343063354,0.23352797329425812,0.13116492331027985,0.1796937882900238
2022-07-12,1.4648009711535686,-0.0053106206469237804,0.1744348406791687,0.3011997938156128,0.23951677978038788,0.10938485711812973,0.17546378076076508
2022-07-13,1.4653692018745172,0.0003879235009662807,0.17002157866954803,0.301931768655777,0.23808689415454865,0.1101151555776596,0.17984452843666077
2022-07-14,1.4575694684042382,-0.005322708748281002,0.173493430018425,0.2937263250350952,0.2395526021718979,0.11320098489522934,0.18002671003341675
2022-07-15,1.4775947262987827,0.013738801702857018,0.17800910770893097,0.2837564945220947,0.24152275919914246,0.11661449074745178,0.18009710311889648
2022-07-18,1.4692358717852414,-0.005657068453729153,0.1896369606256485,0.25619497895240784,0.23519250750541687,0.1350245326757431,0.18395105004310608
2022-07-19,1.5004985045549355,0.021278157830238342,0.18932288885116577,0.2679287791252136,0.24135702848434448,0.12480726093053818,0.17658409476280212
2022-07-20,1.5112641179492043,0.0071746911853551865,0.2013748288154602,0.23184309899806976,0.23093214631080627,0.15165355801582336,0.18419648706912994
2022-07-21,1.5288408425013338,0.01163047831505537,0.20680247247219086,0.23514720797538757,0.23519648611545563,0.14687798917293549,0.17597584426403046
2022-07-22,1.5176911381168647,-0.007292913738638163,0.2001453936100006,0.2460772544145584,0.23802338540554047,0.13869482278823853,0.17705917358398438
2022-07-25,1.5150579985018087,-0.001734964083880186,0.1843322515487671,0.2810012102127075,0.24481117725372314,0.11616981029510498,0.1736854910850525
2022-07-26,1.5011175075385972,-0.0092012919485569,0.18365374207496643,0.27243053913116455,0.24149644374847412,0.1227022260427475,0.179717019200325
2022-07-27,1.5357752900532706,0.023087987676262856,0.17931947112083435,0.28632012009620667,0.24439138174057007,0.11392088979482651,0.17604820430278778
2022-07-28,1.5532384131175023,0.011370884254574776,0.1954643875360489,0.23903635144233704,0.23571549355983734,0.14402423799037933,0.18575944006443024
2022-07-29,1.5673430912310857,0.00908081978559494,0.20123180747032166,0.24221345782279968,0.23681269586086273,0.14145448803901672,0.17828750610351562
2022-08-01,1.5729498672023614,0.0035772486589848995,0.20243452489376068,0.23887930810451508,0.23731106519699097,0.14295153319835663,0.17842347919940948
2022-08-02,1.5634170833807515,-0.006060449872165918,0.19365620613098145,0.2611539959907532,0.2431458979845047,0.12740148603916168,0.17464247345924377
2022-08-03,1.5883924330227828,0.015974847599864006,0.18978434801101685,0.263077974319458,0.24345704913139343,0.1261674165725708,0.1775132119655609
2022-08-04,1.5938149280300502,0.003413825761526823,0.1967664659023285,0.2444133162498474,0.24052543938159943,0.1378437876701355,0.18045099079608917
2022-08-05,1.5847406912841369,-0.005693406797945499,0.1944219022989273,0.254958838224411,0.24367009103298187,0.12990693747997284,0.17704224586486816
2022-08-08,1.592801427894623,0.005086470395326614,0.1936241090297699,0.256165087223053,0.24150033295154572,0.13109640777111053,0.17761409282684326
2022-08-09,1.5815951801461425,-0.007035558577626944,0.19125095009803772,0.26207074522972107,0.24276681244373322,0.1274448037147522,0.1764666885137558
2022-08-10,1.6086556099430485,0.01710958033800125,0.1849404126405716,0.27438420057296753,0.2462264895439148,0.1186174601316452,0.17583148181438446
2022-08-11,1.601630484366476,-0.0043670786544680595,0.19871509075164795,0.23658743500709534,0.23690158128738403,0.1450004130601883,0.1827954649925232
2022-08-12,1.6271980923063554,0.015963487327098846,0.2006877064704895,0.24631424248218536,0.23986731469631195,0.1374242752790451,0.17570646107196808
2022-08-15,1.6290458930491227,0.0011355720926076174,0.2033572793006897,0.235742449760437,0.23713622987270355,0.1453046351671219,0.17845942080020905
2022-08-16,1.6290623390469134,1.0095478501170874e-05,0.20371100306510925,0.24112758040428162,0.24161233007907867,0.13934147357940674,0.17420755326747894
2022-08-17,1.6112102241729163,-0.010958521626889706,0.19752834737300873,0.2521737515926361,0.24465206265449524,0.13142332434654236,0.17422246932983398
2022-08-18,1.6153310282986015,0.0025575831532478333,0.18855896592140198,0.26838576793670654,0.24882280826568604,0.12011497467756271,0.17411743104457855
2022-08-19,1.5888703160263649,-0.01638098433613777,0.18996962904930115,0.2595638930797577,0.24600204825401306,0.12659041583538055,0.17787405848503113
2022-08-22,1.5602099077989717,-0.018038230016827583,0.18316881358623505,0.2783859372138977,0.2504923939704895,0.11399685591459274,0.1739560067653656
2022-08-23,1.5608027526187889,0.0003799776022788137,0.17247380316257477,0.29808560013771057,0.25134432315826416,0.10423685610294342,0.17385941743850708
2022-08-24,1.5653747729835006,0.0029292749240994453,0.17771805822849274,0.2794991731643677,0.2463255077600479,0.11627797782421112,0.18017931282520294
2022-08-25,1.5861813884778406,0.013291778974235058,0.1882694810628891,0.26134607195854187,0.24470479786396027,0.12646076083183289,0.1792188137769699
2022-08-26,1.5444957691877201,-0.026280486956238747,0.19780954718589783,0.2438465803861618,0.24271775782108307,0.13702702522277832,0.17859910428524017
2022-08-29,1.5333256879148842,-0.007232186384499073,0.17612233757972717,0.3006019592285156,0.2530743181705475,0.10224302858114243,0.16795827448368073
2022-08-30,1.518179317892162,-0.00987811665982008,0.1727907955646515,0.2909697890281677,0.2475946992635727,0.11001449823379517,0.1786303073167801
2022-08-31,1.5076118186146321,-0.006960639730095863,0.1745804250240326,0.29109424352645874,0.24885030090808868,0.1090298742055893,0.1764451116323471
2022-09-01,1.4989826700683815,-0.005723720416426659,0.17856690287590027,0.28105032444000244,0.24761465191841125,0.11469769477844238,0.17807050049304962
2022-09-02,1.490809509353259,-0.005452471785247326,0.18456992506980896,0.2686525881290436,0.2467995434999466,0.12101869285106659,0.1789592206478119
2022-09-06,1.4772896864167597,-0.009068779647350311,0.18084274232387543,0.2805960476398468,0.24835462868213654,0.11422847211360931,0.17597812414169312
2022-09-07,1.5034403248059776,0.01770176738500595,0.18289166688919067,0.2729393243789673,0.24705590307712555,0.11879250407218933,0.17832057178020477
2022-09-08,1.5065116474969193,0.0020428630523383617,0.19396784901618958,0.24752913415431976,0.24054856598377228,0.13639795780181885,0.18155643343925476
2022-09-09,1.5281707834068825,0.01437701191753149,0.20153765380382538,0.24158228933811188,0.2418207824230194,0.13888251781463623,0.1761767566204071
2022-09-12,1.5395656331003305,0.007456528954207897,0.2069000005722046,0.22873267531394958,0.23838424682617188,0.1485084891319275,0.17747454345226288
2022-09-13,1.4877381039302031,-0.033663734793663025,0.20928844809532166,0.2285652607679367,0.2385915070772171,0.14847753942012787,0.17507725954055786
2022-09-14,1.4933566570343455,0.0037765740416944027,0.17726513743400574,0.3046227991580963,0.2523003816604614,0.10130173712968826,0.16450993716716766
2022-09-15,1.4754903844142067,-0.01196383498609066,0.17843854427337646,0.27749255299568176,0.24456572532653809,0.11893726140260696,0.18056592345237732
2022-09-16,1.4655793139568998,-0.006717136595398188,0.1804003268480301,0.28312456607818604,0.2465524971485138,0.1146094873547554,0.1753131002187729
2022-09-19,1.4744844088780684,0.006076160352677107,0.17838135361671448,0.28292223811149597,0.2467820942401886,0.11414743959903717,0.1777668595314026
2022-09-20,1.459894103247313,-0.00989519152790308,0.18679006397724152,0.2632605731487274,0.2424505054950714,0.12692955136299133,0.18056929111480713
2022-09-21,1.4464445766822251,-0.009212672710418701,0.18586808443069458,0.27249518036842346,0.24733257293701172,0.11899661272764206,0.17530755698680878
2022-09-22,1.4266431970882978,-0.013689691200852394,0.1756773442029953,0.2926280200481415,0.2498360127210617,0.10782691836357117,0.17403170466423035
2022-09-23,1.4033471978517909,-0.016329240053892136,0.17435255646705627,0.2892703413963318,0.2481982409954071,0.11009664088487625,0.17808225750923157
2022-09-26,1.3886612964481768,-0.010464909486472607,0.17210663855075836,0.2978985905647278,0.2512798011302948,0.1044374331831932,0.17427752912044525
2022-09-27,1.3857261158422665,-0.0021136763971298933,0.17632780969142914,0.2839522659778595,0.2496705800294876,0.11209981888532639,0.17794948816299438
2022-09-28,1.4193441067528423,0.024260198697447777,0.18500874936580658,0.26566654443740845,0.24511508643627167,0.12389757484197617,0.18031202256679535
2022-09-29,1.394541351861826,-0.01747480034828186,0.1951582133769989,0.24628227949142456,0.23787641525268555,0.13911102712154388,0.1815720796585083
2022-09-30,1.3792100754411887,-0.010993776842951775,0.18244515359401703,0.28606680035591125,0.24669863283634186,0.11280760914087296,0.1719817817211151
2022-10-03,1.411947239653126,0.023736169561743736,0.17548905313014984,0.29056692123413086,0.24512438476085663,0.11176883429288864,0.17705078423023224
2022-10-04,1.447274382561603,0.025020157918334007,0.18818062543869019,0.255086749792099,0.23465237021446228,0.1364135593175888,0.18566666543483734
2022-10-05,1.4402857698969522,-0.0048288097605109215,0.2058660387992859,0.2248450368642807,0.22545599937438965,0.15994492173194885,0.18388797342777252
2022-10-06,1.431119051448404,-0.0063645136542618275,0.20184831321239471,0.25020164251327515,0.23582987487316132,0.1384219378232956,0.17369826138019562
2022-10-07,1.3936520387364006,-0.026180220767855644,0.18872691690921783,0.2708709239959717,0.23995646834373474,0.12483207136392593,0.1756136119365692
2022-10-10,1.3796686007397065,-0.010033665224909782,0.16949236392974854,0.3112814128398895,0.24486906826496124,0.101996511220932,0.17236070334911346
2022-10-11,1.3727568722724202,-0.005009701941162348,0.17066429555416107,0.29763588309288025,0.24064907431602478,0.11112773418426514,0.17992305755615234
2022-10-12,1.3729863221006025,0.00016714527737349272,0.17470769584178925,0.29262077808380127,0.2409617304801941,0.11341412365436554,0.17829559743404388
2022-10-13,1.3932697470160371,0.014773217029869556,0.17814409732818604,0.2838188111782074,0.24214741587638855,0.11682706326246262,0.1790625900030136
2022-10-14,1.3629377060247756,-0.021770400926470757,0.1949162781238556,0.24403268098831177,0.23318396508693695,0.1435597538948059,0.18430733680725098
2022-10-17,1.3924274065814632,0.02163686603307724,0.18231217563152313,0.28890669345855713,0.24471347033977509,0.11264126747846603,0.17142640054225922
2022-10-18,1.403073972686699,0.007646047510206699,0.19290193915367126,0.24467726051807404,0.2314002513885498,0.1445288509130478,0.1864916831254959
2022-10-19,1.3871867213112656,-0.011323174461722374,0.19881315529346466,0.2479781210422516,0.23297865688800812,0.1413361132144928,0.17889393866062164
2022-10-20,1.3753968066011528,-0.008499154821038246,0.19042697548866272,0.2677346169948578,0.240074023604393,0.12593260407447815,0.17583177983760834
2022-10-21,1.3987673376901029,0.01699184626340866,0.182576522231102,0.277972012758255,0.24168561398983002,0.119576096534729,0.17818976938724518
2022-10-24,1.4046930471582322,0.004236379638314247,0.19321325421333313,0.24595721065998077,0.2313278317451477,0.1431972086429596,0.18630452454090118
2022-10-25,1.4313245451386225,0.01895894482731819,0.1993958055973053,0.2464810013771057,0.23400817811489105,0.14112348854541779,0.17899151146411896
2022-10-26,1.4276405616425043,-0.002573828212916851,0.20085357129573822,0.2424195408821106,0.23183836042881012,0.1455284208059311,0.1793600618839264
2022-10-27,1.4205625663288723,-0.004957827273756266,0.18914015591144562,0.2741019129753113,0.2365039736032486,0.125662162899971,0.17459174990653992
2022-10-28,1.4427333952545274,0.015607076697051525,0.180416539311409,0.2865581512451172,0.23829366266727448,0.11821203678846359,0.17651957273483276
2022-10-31,1.4331993231819056,-0.0066083394922316074,0.19465185701847076,0.24557027220726013,0.23154549300670624,0.14395679533481598,0.1842755675315857
2022-11-01,1.4328458710133831,-0.0002466175938025117,0.19320321083068848,0.26390329003334045,0.23780226707458496,0.12976905703544617,0.17532213032245636
2022-11-02,1.3981909003174628,-0.024186111986637115,0.18523143231868744,0.27554619312286377,0.24004404246807098,0.12234574556350708,0.17683257162570953
2022-11-03,1.3831508899915022,-0.010756764560937881,0.16868050396442413,0.31181371212005615,0.24607115983963013,0.10085802525281906,0.17257656157016754
2022-11-04,1.4026730975945223,0.014114300720393658,0.16706641018390656,0.3060993254184723,0.24150878190994263,0.10646519064903259,0.17886030673980713
2022-11-07,1.4078471280962297,0.0036886930465698242,0.18131722509860992,0.26861149072647095,0.2344120889902115,0.12903985381126404,0.1866193264722824
2022-11-08,1.419910946942658,0.008568983525037766,0.1928514987230301,0.2558469772338867,0.23655830323696136,0.13429629802703857,0.18044695258140564
2022-11-09,1.3954647302542942,-0.017216725274920464,0.19009502232074738,0.26274630427360535,0.23877467215061188,0.12913396954536438,0.1792500615119934
2022-11-10,1.4715980655665641,0.054557692259550095,0.17489391565322876,0.2988600730895996,0.24583090841770172,0.10686168074607849,0.1735534518957138
2022-11-11,1.4841691173044462,0.008542449213564396,0.19552694261074066,0.22764255106449127,0.2221551090478897,0.16057036817073822,0.19410502910614014
2022-11-14,1.4746737905817486,-0.006397739052772522,0.20418576896190643,0.23998749256134033,0.22854560613632202,0.14850151538848877,0.1787797063589096
2022-11-15,1.4915893856995346,0.011470736935734749,0.18871772289276123,0.2739030718803406,0.2359570860862732,0.1254144161939621,0.17600767314434052
2022-11-16,1.4813884528917327,-0.006838968489319086,0.18647663295269012,0.26762622594833374,0.23315724730491638,0.1305856853723526,0.18215417861938477
2022-11-17,1.4726535344048295,-0.005896440241485834,0.17576444149017334,0.29696884751319885,0.2393190711736679,0.11158405244350433,0.17636354267597198
2022-11-18,1.4730686886264739,0.0002819089568220079,0.17332428693771362,0.29337695240974426,0.23752741515636444,0.11431991308927536,0.18145139515399933
2022-11-21,1.4652650541732037,-0.00529753603041172,0.179107666015625,0.28111132979393005,0.23453107476234436,0.12246329337358475,0.18278668820858002
2022-11-22,1.4812160885382146,0.010886108502745628,0.17759308218955994,0.289678692817688,0.23707012832164764,0.11663259565830231,0.17902550101280212
2022-11-23,1.492793603051374,0.007816222496330738,0.18323276937007904,0.2717650532722473,0.23430760204792023,0.12753447890281677,0.18316012620925903
2022-11-25,1.4903898179324881,-0.0016102595254778862,0.18521110713481903,0.2716992497444153,0.23638489842414856,0.12601608037948608,0.18068866431713104
2022-11-28,1.4711078675272307,-0.012937521561980247,0.18294230103492737,0.27751660346984863,0.2362927794456482,0.12320343405008316,0.18004494905471802
2022-11-29,1.4677466902997416,-0.002284793183207512,0.17370250821113586,0.29931536316871643,0.24203620851039886,0.10886532068252563,0.1760805994272232
2022-11-30,1.5087134602052352,0.027911335229873657,0.17418451607227325,0.29010239243507385,0.23693999648094177,0.11653770506381989,0.18223534524440765
2022-12-01,1.5202848634822526,0.00766971567645669,0.19265131652355194,0.24476338922977448,0.22855941951274872,0.14565201103687286,0.1883738487958908
2022-12-02,1.5218657463013296,0.0010398596059530973,0.18898676335811615,0.2709493041038513,0.2372111827135086,0.1258774995803833,0.17697520554065704
2022-12-05,1.4922112248105557,-0.019485635682940483,0.18316030502319336,0.27801379561424255,0.2373376339673996,0.12256520986557007,0.17892307043075562
2022-12-06,1.4762588240530927,-0.010690444149076939,0.17298850417137146,0.30043551325798035,0.24288764595985413,0.10772202163934708,0.17596633732318878
2022-12-07,1.4787442211205284,0.0016835781279951334,0.16375529766082764,0.31577223539352417,0.2411966472864151,0.10160618275403976,0.1776697188615799
2022-12-08,1.488329557529844,0.006482078693807125,0.16642573475837708,0.306409627199173,0.23863068222999573,0.10766498744487762,0.18086892366409302
2022-12-09,1.4754927985846227,-0.008624943904578686,0.1786041259765625,0.2787627875804901,0.23594294488430023,0.12286034226417542,0.18382972478866577
2022-12-12,1.487020358157196,0.007812684401869774,0.1835632622241974,0.2759654223918915,0.24269308149814606,0.11981388926506042,0.17796438932418823
2022-12-13,1.5026072864409923,0.01048198714852333,0.19203054904937744,0.25476041436195374,0.24037864804267883,0.13258738815784454,0.18024292588233948
2022-12-14,1.495715284771058,-0.0045866952277719975,0.1941906064748764,0.2531895339488983,0.24109511077404022,0.13271291553974152,0.17881181836128235
2022-12-15,1.4620681697317783,-0.02249566838145256,0.18855470418930054,0.2687910199165344,0.24581392109394073,0.12168848514556885,0.17515183985233307
2022-12-16,1.452584564414618,-0.006486431695520878,0.1720164716243744,0.30386441946029663,0.2501377463340759,0.10227997601032257,0.17170146107673645
2022-12-19,1.4361219217717451,-0.01133334543555975,0.17025476694107056,0.29618486762046814,0.24573710560798645,0.10836128145456314,0.17946197092533112
2022-12-20,1.4393853780388128,0.0022724089212715626,0.1732218861579895,0.2928406000137329,0.24531756341457367,0.10999361425638199,0.17862634360790253
2022-12-21,1.4548698817082315,0.010757719166576862,0.17995354533195496,0.27568480372428894,0.24080589413642883,0.12118301540613174,0.18237271904945374
2022-12-22,1.4339169997967731,-0.014401894062757492,0.19229955971240997,0.25334814190864563,0.23775926232337952,0.13499103486537933,0.18160204589366913
2022-12-23,1.4362253837001047,0.0016098448541015387,0.1838057041168213,0.28236493468284607,0.24484343826770782,0.11572430282831192,0.1732616126537323
2022-12-27,1.4259499705607543,-0.007154457271099091,0.18498967587947845,0.26775264739990234,0.24043437838554382,0.1257929503917694,0.18103040754795074
2022-12-28,1.4098910181699713,-0.01126193255186081,0.18397556245326996,0.27504342794418335,0.2419571429491043,0.12082173675298691,0.17820216715335846
2022-12-29,1.4359754861038263,0.018501052632927895,0.1786305010318756,0.28669577836990356,0.24607379734516144,0.11263910681009293,0.17596092820167542
2022-12-30,1.4331115681606847,-0.001994405873119831,0.19151823222637177,0.25071120262145996,0.2391425371170044,0.13590653240680695,0.18272151052951813
2023-01-03,1.4331192758237208,5.3782714530825615e-06,0.19366015493869781,0.2572386860847473,0.24352021515369415,0.12910261750221252,0.17647837102413177
2023-01-04,1.446084586748103,0.009046916849911213,0.18598970770835876,0.27258649468421936,0.24683453142642975,0.1192743331193924,0.17531494796276093
2023-01-05,1.4307254286385576,-0.010621203109622002,0.18890143930912018,0.26104360818862915,0.24356138706207275,0.12744183838367462,0.17905165255069733
2023-01-06,1.463036039827933,0.022583376616239548,0.1847005933523178,0.27676108479499817,0.24888505041599274,0.11612870544195175,0.17352454364299774
2023-01-09,1.4674650781027976,0.0030272926669567823,0.1929849088191986,0.2468348741531372,0.23994027078151703,0.13721893727779388,0.18302090466022491
2023-01-10,1.47560593524092,0.005547564476728439,0.19551929831504822,0.25348296761512756,0.24395975470542908,0.130789652466774,0.17624829709529877
2023-01-11,1.4929617383136145,0.01176181435585022,0.19830623269081116,0.24391095340251923,0.23982267081737518,0.13882799446582794,0.1791321039199829
2023-01-12,1.509098044706316,0.010808251798152924,0.20209172368049622,0.24002161622047424,0.24053502082824707,0.1405734419822693,0.17677827179431915
2023-01-13,1.5164224774449402,0.0048535168170928955,0.19941774010658264,0.24704189598560333,0.24105532467365265,0.13669267296791077,0.175792396068573
2023-01-17,1.5130761492435525,-0.0022067255340516567,0.19802214205265045,0.24726489186286926,0.24110490083694458,0.13624918460845947,0.17735892534255981
2023-01-18,1.5012915904561488,-0.007788476999849081,0.1972072273492813,0.25148382782936096,0.24536561965942383,0.13122674822807312,0.17471660673618317
2023-01-19,1.4944783131145238,-0.004538277164101601,0.1839037835597992,0.27941030263900757,0.25244784355163574,0.11269841343164444,0.17153958976268768
2023-01-20,1.5131764063885584,0.012511451728641987,0.1786499321460724,0.28060218691825867,0.2498951107263565,0.11343006044626236,0.1774226427078247
2023-01-23,1.5287454902333937,0.010289007797837257,0.19552935659885406,0.24091528356075287,0.24175208806991577,0.1390884667634964,0.18271473050117493
2023-01-24,1.5310411317388046,0.0015016505494713783,0.20553326606750488,0.23098434507846832,0.24107684195041656,0.14487126469612122,0.177534282207489
2023-01-25,1.5330509655897169,0.0013127236161381006,0.19901849329471588,0.2508264482021332,0.24660921096801758,0.13071748614311218,0.1728283315896988
2023-01-26,1.5427370466634007,0.0063181729055941105,0.19379153847694397,0.2558569014072418,0.24645082652568817,0.12828831374645233,0.1756124347448349
2023-01-27,1.5482316159971212,0.0035615721717476845,0.20013132691383362,0.23983603715896606,0.24500268697738647,0.13760603964328766,0.1774238497018814
2023-01-30,1.5298690022239159,-0.0118603790178895,0.20192348957061768,0.24027879536151886,0.2462523728609085,0.13652263581752777,0.17502272129058838
2023-01-31,1.5518328451083787,0.014356682077050209,0.19024281203746796,0.267438143491745,0.25122636556625366,0.11927178502082825,0.1718209683895111
2023-02-01,1.5749600926868506,0.014903182163834572,0.19692963361740112,0.24279619753360748,0.24318601191043854,0.13768406212329865,0.1794041395187378
2023-02-02,1.5945092109248946,0.012412453070282936,0.20419277250766754,0.2338579297065735,0.24283620715141296,0.14246580004692078,0.1766473352909088
2023-02-03,1.5713260005492284,-0.014539401978254318,0.21348541975021362,0.21705403923988342,0.2403404414653778,0.15380480885505676,0.17531535029411316
2023-02-06,1.5594174480349106,-0.00757866445928812,0.20270419120788574,0.24881970882415771,0.24637533724308014,0.13237348198890686,0.16972732543945312
2023-02-07,1.573325181592392,0.00891854427754879,0.190189391374588,0.26469266414642334,0.249247208237648,0.12195271998643875,0.1739179790019989
2023-02-08,1.5591086842976374,-0.009035956114530563,0.19682173430919647,0.2428930699825287,0.24463318288326263,0.13617095351219177,0.17948102951049805
2023-02-09,1.5432153876031725,-0.010193835012614727,0.18989339470863342,0.2680312991142273,0.2511519491672516,0.11907508224248886,0.17184825241565704
2023-02-10,1.5403826826255456,-0.0018355862703174353,0.18484090268611908,0.2716439962387085,0.2520909607410431,0.11680038273334503,0.1746237426996231
2023-02-13,1.5549592810848527,0.009462972171604633,0.18830040097236633,0.26192185282707214,0.24788552522659302,0.12437193840742111,0.1775202751159668
2023-02-14,1.5571412549387478,0.0014032353647053242,0.19823351502418518,0.24299442768096924,0.24533775448799133,0.13602419197559357,0.17741011083126068
2023-02-15,1.5602838636437224,0.0020181911531835794,0.19951389729976654,0.24511539936065674,0.24767276644706726,0.1331600397825241,0.17453785240650177
2023-02-16,1.5418722648750582,-0.011800159700214863,0.20275405049324036,0.2379004806280136,0.24583658576011658,0.13851529359817505,0.1749936193227768
2023-02-17,1.5416133237650935,-0.00016793940449133515,0.19402287900447845,0.26017212867736816,0.2500828802585602,0.12393821030855179,0.1717839241027832
2023-02-21,1.509729516780176,-0.02068210393190384,0.1907433569431305,0.2611243426799774,0.24933943152427673,0.12413337081670761,0.17465944588184357
2023-02-22,1.5107602860414513,0.0006827509496361017,0.18067283928394318,0.2831173837184906,0.2544620931148529,0.10961494594812393,0.17213274538516998
2023-02-23,1.520069469753475,0.006161919794976711,0.1841558963060379,0.2687680423259735,0.2506743371486664,0.11935950070619583,0.17704232037067413
2023-02-24,1.5023667255359514,-0.011646009981632233,0.19191795587539673,0.2544214427471161,0.2481638342142105,0.1280883401632309,0.17740847170352936
2023-02-27,1.5090310819892603,0.004435905255377293,0.1891968846321106,0.2662118673324585,0.25052890181541443,0.12045997381210327,0.1736024171113968
2023-02-28,1.5095700218752202,0.00035714299883693457,0.1918201744556427,0.25512808561325073,0.24817520380020142,0.127657949924469,0.17721860110759735
2023-03-01,1.5052690459373521,-0.002849139738827944,0.19293008744716644,0.25671669840812683,0.24972085654735565,0.12587469816207886,0.17475764453411102
2023-03-02,1.5097420688016652,0.0029715769924223423,0.19285069406032562,0.25641965866088867,0.24901817739009857,0.12656976282596588,0.17514170706272125
2023-03-03,1.534887486505715,0.016655439510941505,0.1988188922405243,0.24301908910274506,0.24785228073596954,0.13426661491394043,0.17604312300682068
2023-03-06,1.5268860060084493,-0.005213072989135981,0.20530377328395844,0.23148417472839355,0.2464342713356018,0.14155177772045135,0.17522601783275604
2023-03-07,1.5096697008770346,-0.01127543579787016,0.20282962918281555,0.2416658252477646,0.2521730661392212,0.1319323182106018,0.17139913141727448
2023-03-08,1.512347217667601,0.001773577881976962,0.19310522079467773,0.26050880551338196,0.2568337917327881,0.11967868357896805,0.1698734611272812
2023-03-09,1.4925079105869974,-0.01311822235584259,0.1938222348690033,0.25063833594322205,0.2536929249763489,0.12662535905838013,0.17522118985652924
2023-03-10,1.4823847059127957,-0.0067826807498931885,0.18346007168293,0.2761063873767853,0.25941798090934753,0.10997999459505081,0.17103557288646698
2023-03-13,1.485058790726605,0.0018039074493572116,0.17126493155956268,0.2956417202949524,0.26038622856140137,0.10025181621313095,0.17245528101921082
2023-03-14,1.5014514737093527,0.011038406752049923,0.17581643164157867,0.2786853611469269,0.25596538186073303,0.1106470376253128,0.178885817527771
2023-03-15,1.5014209978577737,-2.029759343713522e-05,0.19623123109340668,0.23834770917892456,0.24585849046707153,0.13797324895858765,0.18158936500549316
2023-03-16,1.5207637473564108,0.012882961891591549,0.194150909781456,0.25661587715148926,0.2540857195854187,0.12273147702217102,0.17241598665714264
2023-03-17,1.5163303115983107,-0.0029152692295610905,0.20164036750793457,0.23164081573486328,0.24532273411750793,0.14189772307872772,0.1794983446598053
2023-03-20,1.5240105425069486,0.005065011791884899,0.18946881592273712,0.26685741543769836,0.25435203313827515,0.11720211803913116,0.1721196174621582
2023-03-21,1.5331722454663805,0.006011574529111385,0.19293992221355438,0.25043436884880066,0.24578586220741272,0.13170641660690308,0.17913345992565155
2023-03-22,1.5197378818269471,-0.008762462064623833,0.20491771399974823,0.23189637064933777,0.24193933606147766,0.1445792019367218,0.17666740715503693
2023-03-23,1.5269187684109085,0.004725082311779261,0.18816865980625153,0.2732574939727783,0.25297674536705017,0.11536547541618347,0.1702316403388977
2023-03-24,1.5313924608050198,0.0029298823792487383,0.1867848038673401,0.2619875967502594,0.24954654276371002,0.1230921521782875,0.17858894169330597
2023-03-27,1.5262042843486996,-0.003387881675735116,0.19396182894706726,0.25205469131469727,0.24666473269462585,0.1303705871105194,0.17694811522960663
2023-03-28,1.5255485067743393,-0.00042967876652255654,0.1974034160375595,0.24795441329479218,0.24319662153720856,0.1349855661392212,0.17646008729934692
2023-03-29,1.5394472822905123,0.009110674262046814,0.19369986653327942,0.25795480608940125,0.24607540667057037,0.12776286900043488,0.1745070219039917
2023-03-30,1.5476629273173073,0.005336749833077192,0.2000076025724411,0.23961371183395386,0.24251355230808258,0.13989685475826263,0.17796820402145386
2023-03-31,1.5668424589796754,0.012392576783895493,0.19971977174282074,0.24500975012779236,0.24513886868953705,0.13494430482387543,0.17518730461597443
2023-04-03,1.5703595549572744,0.0022447030059993267,0.20366890728473663,0.2354239821434021,0.24200959503650665,0.14268279075622559,0.17621473968029022
2023-04-04,1.5665941835921033,-0.0023977765813469887,0.19942371547222137,0.2482679933309555,0.2444760501384735,0.1339343935251236,0.1738978624343872
2023-04-05,1.559582382908961,-0.004475824534893036,0.18956108391284943,0.2654949724674225,0.2500782310962677,0.12106182426214218,0.17380394041538239
2023-04-06,1.5626679110604325,0.0019784322939813137,0.18459422886371613,0.27275946736335754,0.2506831884384155,0.11724201589822769,0.17472103238105774
2023-04-10,1.5616359844418404,-0.0006603620713576674,0.19001133739948273,0.25829753279685974,0.2490033358335495,0.12574772536754608,0.1769399791955948
2023-04-11,1.564427126416058,0.001787319197319448,0.19695375859737396,0.2471303641796112,0.24645400047302246,0.13335934281349182,0.17610247433185577
2023-04-12,1.5579639978433415,-0.004131306894123554,0.19709904491901398,0.2504653036594391,0.2467775046825409,0.13144417107105255,0.17421400547027588
2023-04-13,1.5769813527446603,0.012206543236970901,0.19293610751628876,0.2590678632259369,0.2503061294555664,0.12455321103334427,0.17313671112060547
2023-04-14,1.564833201204465,-0.007703421171754599,0.20048780739307404,0.23596210777759552,0.24495072662830353,0.14017878472805023,0.17842057347297668
2023-04-17,1.567638370250437,0.0017926313448697329,0.2013413906097412,0.24494871497154236,0.25068238377571106,0.13149771094322205,0.17152976989746094
2023-04-18,1.5680460917319274,0.00026008643908426166,0.20270395278930664,0.23764488101005554,0.24726662039756775,0.13802027702331543,0.17436420917510986
2023-04-19,1.5668290471415862,-0.0007761535816825926,0.20046557486057281,0.244965061545372,0.2509174346923828,0.13146913051605225,0.1721828281879425
2023-04-20,1.562956784804026,-0.0024714006576687098,0.1997213214635849,0.24459092319011688,0.2517373263835907,0.1312602162361145,0.17269018292427063
2023-04-21,1.560366819780578,-0.0016570931766182184,0.1957765519618988,0.25319960713386536,0.255182683467865,0.12455649673938751,0.17128461599349976
2023-04-24,1.562395447603468,0.001300096744671464,0.198339581489563,0.2445238083600998,0.254097580909729,0.12978723645210266,0.17325179278850555
2023-04-25,1.5444417218604447,-0.01149115338921547,0.19817997515201569,0.2465043067932129,0.25487008690834045,0.12813563644886017,0.172310009598732
2023-04-26,1.5386016153619435,-0.003781370585784316,0.18578830361366272,0.27289971709251404,0.26084187626838684,0.11102257668972015,0.16944751143455505
2023-04-27,1.558403357574521,0.012869960628449917,0.18860110640525818,0.2576598823070526,0.2582753896713257,0.12011650949716568,0.17534708976745605
2023-04-28,1.5705426364090944,0.007789561524987221,0.20412158966064453,0.22539488971233368,0.24926242232322693,0.14278574287891388,0.1784352958202362
2023-05-01,1.5623680683146597,-0.005204932298511267,0.20817157626152039,0.23002544045448303,0.24973022937774658,0.14009293913841248,0.1719799041748047
2023-05-02,1.5579288961267048,-0.0028413101099431515,0.2070787250995636,0.23194845020771027,0.24975860118865967,0.13911083340644836,0.17210347950458527
2023-05-03,1.5579073760497835,-1.381326001137495e-05,0.19250358641147614,0.2620425820350647,0.2579880654811859,0.11803455650806427,0.16943125426769257
2023-05-04,1.549923808573172,-0.005124545656144619,0.18971998989582062,0.2596813142299652,0.25510773062705994,0.1213589608669281,0.17413195967674255
2023-05-05,1.5682250152177473,0.011807810515165329,0.19031979143619537,0.2586909830570221,0.2563474476337433,0.12069579213857651,0.17394599318504333
2023-05-08,1.5654452025695638,-0.0017725853249430656,0.20495645701885223,0.22644229233264923,0.246734157204628,0.1444479078054428,0.17741917073726654
2023-05-09,1.5616565674370613,-0.00242016464471817,0.20638900995254517,0.23402899503707886,0.24950961768627167,0.138006791472435,0.17206567525863647
2023-05-10,1.5708443527505873,0.005883358418941498,0.19969649612903595,0.24667589366436005,0.25157684087753296,0.13006004691123962,0.17199069261550903
2023-05-11,1.5683370074948717,-0.001596176763996482,0.2008758783340454,0.24042657017707825,0.25111737847328186,0.1337733417749405,0.1738068163394928
2023-05-12,1.5635833863778184,-0.003030994674190879,0.19895952939987183,0.24682296812534332,0.255052775144577,0.12772613763809204,0.1714385449886322
2023-05-15,1.5700437259934397,0.004131752531975508,0.19723883271217346,0.24731218814849854,0.2537887692451477,0.12827618420124054,0.17338404059410095
2023-05-16,1.5584699978477903,-0.007371596060693264,0.20226018130779266,0.23613035678863525,0.24987295269966125,0.13688042759895325,0.17485612630844116
2023-05-17,1.5741431278072318,0.010056741535663605,0.19969817996025085,0.24658477306365967,0.25599151849746704,0.12711073458194733,0.1706148087978363
2023-05-18,1.5809311742011911,0.004312216769903898,0.20554761588573456,0.22827763855457306,0.2474418729543686,0.14299774169921875,0.17573508620262146
2023-05-19,1.5783037811191405,-0.0016619275556877255,0.21211247146129608,0.22156812250614166,0.24737124145030975,0.14648868143558502,0.17245955765247345
2023-05-22,1.5831003732320754,0.0030390804167836905,0.2048458307981491,0.23834553360939026,0.25053101778030396,0.13507704436779022,0.17120051383972168
2023-05-23,1.5737814783135915,-0.005886483937501907,0.2042432576417923,0.2360217273235321,0.24867655336856842,0.1379581093788147,0.17310035228729248
2023-05-24,1.5620716766715828,-0.007440551184117794,0.19734252989292145,0.2532464861869812,0.2535497844219208,0.1256740838289261,0.1701871156692505
2023-05-25,1.568102021193296,0.0038604787550866604,0.19308340549468994,0.2565521001815796,0.255661278963089,0.12250926345586777,0.17219394445419312
2023-05-26,1.5888305965348586,0.013218894600868225,0.19966886937618256,0.23800794780254364,0.2551209330558777,0.13207869231700897,0.17512354254722595
2023-05-30,1.5930676245719066,0.0026667588390409946,0.20721161365509033,0.224729523062706,0.2504306733608246,0.1423388421535492,0.17528937757015228
2023-05-31,1.5873700792408008,-0.0035764616914093494,0.20433732867240906,0.23743638396263123,0.25328776240348816,0.13360099494457245,0.17133751511573792
2023-06-01,1.60219231695007,0.009337606839835644,0.19710297882556915,0.2508488595485687,0.25650012493133545,0.1246880516409874,0.17086000740528107
2023-06-02,1.6174170066684028,0.009502410888671875,0.20140784978866577,0.23583900928497314,0.2513294219970703,0.13605600595474243,0.17536766827106476
2023-06-05,1.6129499210740783,-0.0027618638705462217,0.21380841732025146,0.21602153778076172,0.2417173683643341,0.1542203724384308,0.1742323637008667
2023-06-06,1.6257363077119242,0.00792733021080494,0.20855730772018433,0.2351159155368805,0.2509797513484955,0.13668978214263916,0.16865715384483337
2023-06-07,1.6187296094631394,-0.004309861455112696,0.20770585536956787,0.2306002676486969,0.24664434790611267,0.1427963525056839,0.17225319147109985
2023-06-08,1.6302423297482462,0.007112194783985615,0.2075244039297104,0.23533479869365692,0.24563398957252502,0.141029492020607,0.17047731578350067
2023-06-09,1.627941755627788,-0.0014111853670328856,0.20477935671806335,0.23661109805107117,0.2499171495437622,0.13679645955562592,0.17189599573612213
2023-06-12,1.6395699414128848,0.00714287580922246,0.20260097086429596,0.24013924598693848,0.25298014283180237,0.1326492875814438,0.17163029313087463
2023-06-13,1.6449996260931217,0.003311651758849621,0.20586635172367096,0.23009996116161346,0.2512190639972687,0.13920091092586517,0.17361369729042053
2023-06-14,1.6457170641035,0.0004361326282378286,0.2105100154876709,0.22416019439697266,0.2484654188156128,0.1445271223783493,0.17233727872371674
2023-06-15,1.6619886972360947,0.009887260384857655,0.2063150852918625,0.23531194031238556,0.25397878885269165,0.1345212757587433,0.1698729395866394
2023-06-16,1.6537168480127546,-0.0049770791083574295,0.20693153142929077,0.2287987768650055,0.25056031346321106,0.14048472046852112,0.17322461307048798
2023-06-20,1.6481350802967456,-0.0033752862364053726,0.20340600609779358,0.24075829982757568,0.2544247508049011,0.13146430253982544,0.16994662582874298
2023-06-21,1.6400177179885609,-0.004925180226564407,0.19981315732002258,0.24520710110664368,0.25661152601242065,0.12793318927288055,0.1704351156949997
2023-06-22,1.637617357178286,-0.001463618827983737,0.19564121961593628,0.25231415033340454,0.2559628188610077,0.12471681833267212,0.17136499285697937
2023-06-23,1.6278080078959756,-0.005990013014525175,0.20062823593616486,0.23844146728515625,0.25561824440956116,0.13184955716133118,0.17346249520778656
2023-06-26,1.6220259094763658,-0.003552076406776905,0.19470833241939545,0.25473129749298096,0.25933292508125305,0.12098415940999985,0.17024332284927368
2023-06-27,1.6366334837651075,0.009005758911371231,0.19290517270565033,0.254894882440567,0.25627997517585754,0.12317989766597748,0.17274002730846405
2023-06-28,1.6398596090068744,0.0019711959175765514,0.2046157270669937,0.22902804613113403,0.25093916058540344,0.1403389722108841,0.17507809400558472
2023-06-29,1.6407653663004351,0.0005523383151739836,0.20737352967262268,0.2320261299610138,0.2525794506072998,0.1375308334827423,0.1704900562763214
2023-06-30,1.6570615995104094,0.009932092390954494,0.2088925689458847,0.2275625467300415,0.2491087019443512,0.1424405872821808,0.17199556529521942
2023-07-03,1.6581411286736756,0.0006514719570986927,0.2111605852842331,0.22389920055866241,0.24998554587364197,0.1436758190393448,0.17127881944179535
2023-07-05,1.650208812977719,-0.00478386040776968,0.21040618419647217,0.22745570540428162,0.25199776887893677,0.1403898298740387,0.16975049674510956
2023-07-06,1.6337197871320386,-0.009992084465920925,0.20647181570529938,0.23429609835147858,0.2556363046169281,0.13410040736198425,0.1694953739643097
2023-07-07,1.6368365828662899,0.0019077908946201205,0.20013155043125153,0.24473555386066437,0.2590664029121399,0.12628203630447388,0.16978447139263153
2023-07-10,1.6453881606536274,0.005224454216659069,0.20144794881343842,0.23820962011814117,0.25515347719192505,0.1325787603855133,0.17261019349098206
2023-07-11,1.6558875923228233,0.006381127517670393,0.20712843537330627,0.22977039217948914,0.25221043825149536,0.13922624289989471,0.1716645061969757
2023-07-12,1.6742874017196772,0.011111750267446041,0.21026141941547394,0.22577348351478577,0.25166529417037964,0.14168089628219604,0.1706189215183258
2023-07-13,1.6894636465505553,0.009064300917088985,0.2118474841117859,0.22225283086299896,0.25107795000076294,0.14395305514335632,0.17086859047412872
2023-07-14,1.6826178483922534,-0.004052054136991501,0.21431158483028412,0.21869298815727234,0.25163695216178894,0.14548879861831665,0.16986967623233795
2023-07-17,1.69233794617863,0.005776770878583193,0.2093602567911148,0.23033539950847626,0.25568142533302307,0.1361740231513977,0.16844886541366577
2023-07-18,1.707702474313458,0.009078877046704292,0.2100272923707962,0.2244424968957901,0.253243088722229,0.14125916361808777,0.17102794349193573
2023-07-19,1.713041207598945,0.0031262666452676058,0.21185967326164246,0.2219587117433548,0.25109586119651794,0.1440655142068863,0.17102016508579254
2023-07-20,1.6933123586382048,-0.011516856029629707,0.21005217730998993,0.22913658618927002,0.2535279393196106,0.13857224583625793,0.16871100664138794
2023-07-21,1.6898666156161224,-0.0020349128171801567,0.20123636722564697,0.24641773104667664,0.2560286223888397,0.1277422308921814,0.16857504844665527
2023-07-24,1.691064078185415,0.0007086136611178517,0.2003456950187683,0.24266880750656128,0.2567320168018341,0.12925146520137787,0.17100200057029724
2023-07-25,1.6958153807575955,0.002809652592986822,0.20455610752105713,0.2336985170841217,0.25555363297462463,0.13468194007873535,0.17150980234146118
2023-07-26,1.699629193562899,0.0022489551920443773,0.20712588727474213,0.22951456904411316,0.2561146318912506,0.1363832801580429,0.1708616018295288
2023-07-27,1.6815613732085817,-0.01063044834882021,0.20762020349502563,0.2304133176803589,0.2552919387817383,0.13668839633464813,0.16998620331287384
2023-07-28,1.7010568308742477,0.011593664065003395,0.20556165277957916,0.2351456880569458,0.2590043544769287,0.13151207566261292,0.1687762290239334
2023-07-31,1.7082883419028365,0.004251187201589346,0.21006940305233002,0.22068385779857635,0.2538219690322876,0.1429106891155243,0.17251405119895935
2023-08-01,1.6973529620460488,-0.006401366554200649,0.21226948499679565,0.22317561507225037,0.2530733048915863,0.1422012746334076,0.16928035020828247
2023-08-02,1.6739410864847066,-0.01379316858947277,0.21004994213581085,0.22836996614933014,0.2554522454738617,0.1376752406358719,0.168452650308609
2023-08-03,1.6661486275569772,-0.004655157215893269,0.19934237003326416,0.24957963824272156,0.25941377878189087,0.1239996999502182,0.1676645129919052
2023-08-04,1.6667600739426163,0.0003669818979687989,0.20020613074302673,0.23978395760059357,0.25698432326316833,0.13055002689361572,0.17247556149959564
2023-08-07,1.6706601766865226,0.0023399305064231157,0.199172705411911,0.24556976556777954,0.2591581642627716,0.12617087364196777,0.16992852091789246
2023-08-08,1.663976715690664,-0.004000490996986628,0.20458422601222992,0.23074623942375183,0.25560688972473145,0.13611310720443726,0.17294950783252716
2023-08-09,1.6536314499875333,-0.00621719378978014,0.20205281674861908,0.24258765578269958,0.25911039113998413,0.12766164541244507,0.16858747601509094
2023-08-10,1.6489087122927668,-0.0028559796046465635,0.19710420072078705,0.2495088279247284,0.2604263424873352,0.12337984144687653,0.16958077251911163
2023-08-11,1.6463082985714084,-0.001577051356434822,0.2004435509443283,0.23851285874843597,0.2583150863647461,0.1302099972963333,0.17251847684383392
2023-08-14,1.650453648570696,0.0025179670192301273,0.20257435739040375,0.2380971908569336,0.2574387490749359,0.13107827305793762,0.17081142961978912
2023-08-15,1.6346571505479703,-0.00957100372761488,0.2068513184785843,0.22859007120132446,0.2570647895336151,0.13626030087471008,0.17123359441757202
2023-08-16,1.6195356734986026,-0.009250549599528313,0.20150761306285858,0.24319307506084442,0.26149043440818787,0.1256839483976364,0.1681249588727951
2023-08-17,1.606379498694831,-0.008123423904180527,0.19716519117355347,0.24784404039382935,0.2620176076889038,0.12305156141519547,0.16992156207561493
2023-08-18,1.609047602406786,0.0016609423328191042,0.1950250118970871,0.25089114904403687,0.26255837082862854,0.12116461992263794,0.17036089301109314
2023-08-21,1.6146765429658598,0.0034983057994395494,0.1993943154811859,0.2405238151550293,0.25896239280700684,0.1289702206850052,0.17214921116828918
2023-08-22,1.6141743818332541,-0.0003109979734290391,0.20716241002082825,0.22531543672084808,0.2567426562309265,0.13805413246154785,0.17272540926933289
2023-08-23,1.6361769180212422,0.013630829751491547,0.20607194304466248,0.23381337523460388,0.2589954435825348,0.13216190040111542,0.16895736753940582
2023-08-24,1.6160539799247067,-0.012298754416406155,0.2079692929983139,0.22585655748844147,0.2554484009742737,0.1389492154121399,0.17177650332450867
2023-08-25,1.623514064734905,0.004616234917193651,0.1995202749967575,0.24909894168376923,0.2601432204246521,0.12356444448232651,0.16767306625843048
2023-08-28,1.6331758266173948,0.005951141472905874,0.20292562246322632,0.2341448962688446,0.2566740810871124,0.13374947011470795,0.1725059300661087
2023-08-29,1.6568662342180946,0.014505730010569096,0.2088298350572586,0.22560371458530426,0.254281610250473,0.13982795178890228,0.17145688831806183
2023-08-30,1.662321691652125,0.003292636014521122,0.21492734551429749,0.21422551572322845,0.25057166814804077,0.14863428473472595,0.17164115607738495
2023-08-31,1.6627626923123227,0.00026529200840741396,0.21527788043022156,0.2193893939256668,0.2521892189979553,0.14467434585094452,0.1684691458940506
2023-09-01,1.664566462305002,0.0010848030215129256,0.2111370861530304,0.22728154063224792,0.25558093190193176,0.1381685584783554,0.16783183813095093
2023-09-05,1.6488950748665097,-0.009414696134626865,0.21161551773548126,0.2229546159505844,0.2519782781600952,0.14314745366573334,0.1703041046857834
2023-09-06,1.6408584633909933,-0.004873937461525202,0.20750805735588074,0.23340873420238495,0.2588537037372589,0.1323797106742859,0.16784986853599548
2023-09-07,1.63373453215723,-0.004341587889939547,0.2017725110054016,0.2416675090789795,0.25949108600616455,0.12797965109348297,0.16908927261829376
2023-09-08,1.6347114831767064,0.0005979863926768303,0.19853487610816956,0.2457454353570938,0.26038628816604614,0.1251949518918991,0.170138418674469
2023-09-11,1.641447412041563,0.004120561294257641,0.20075708627700806,0.23933136463165283,0.2590859830379486,0.12935900688171387,0.17146652936935425
2023-09-12,1.6348635985077562,-0.004010980483144522,0.20715227723121643,0.226356640458107,0.2560688555240631,0.13807986676692963,0.17234233021736145
2023-09-13,1.6332697869688195,-0.000974889611825347,0.2048596739768982,0.23795290291309357,0.25811442732810974,0.13080301880836487,0.16826994717121124
2023-09-14,1.6437586569585314,0.006422006990760565,0.2040967345237732,0.23505069315433502,0.2587912678718567,0.13178880512714386,0.17027242481708527
2023-09-15,1.6293388195815848,-0.008772478438913822,0.2107270210981369,0.2208007276058197,0.25303173065185547,0.14346638321876526,0.17197415232658386
2023-09-18,1.629927724445504,0.00036143793840892613,0.20360614359378815,0.24229958653450012,0.2583898901939392,0.12827380001544952,0.1674305647611618
2023-09-19,1.6249468486381784,-0.0030558875296264887,0.2007834017276764,0.24081508815288544,0.2588796019554138,0.12872979044914246,0.1707921177148819
2023-09-20,1.61293296630715,-0.007393400184810162,0.20235629379749298,0.23775194585323334,0.2586650252342224,0.13043604791164398,0.1707906574010849
2023-09-21,1.5864579034986708,-0.016414236277341843,0.19758938252925873,0.2494131475687027,0.261020302772522,0.12295717746019363,0.16901999711990356
2023-09-22,1.587265070614983,0.0005087857134640217,0.19343365728855133,0.2550586462020874,0.2620093524456024,0.11946284025907516,0.1700354814529419
2023-09-25,1.5859310349361597,-0.0008404618129134178,0.1961943358182907,0.24652451276779175,0.26068586111068726,0.12470848858356476,0.17188683152198792
2023-09-26,1.5674166102507445,-0.011674167588353157,0.20532609522342682,0.22864317893981934,0.2557256519794464,0.13718272745609283,0.1731223315000534
2023-09-27,1.5679803008013469,0.00035963032860308886,0.20053935050964355,0.24650247395038605,0.2612721025943756,0.12422925233840942,0.16745683550834656
2023-09-28,1.5757946564516516,0.004983707796782255,0.20439383387565613,0.23252597451210022,0.257182240486145,0.13456183671951294,0.1713361144065857
2023-09-29,1.570590824822436,-0.003302353899925947,0.2100972980260849,0.22391857206821442,0.25503072142601013,0.14045552909374237,0.1704978346824646
2023-10-02,1.560926950870863,-0.0061530182138085365,0.20888513326644897,0.22998327016830444,0.25803282856941223,0.13505369424819946,0.1680450290441513
2023-10-03,1.538032726736473,-0.014667069539427757,0.20729050040245056,0.22936880588531494,0.2599315941333771,0.1337847113609314,0.1696244329214096
2023-10-04,1.5481979055784012,0.006609208416193724,0.19937843084335327,0.24614961445331573,0.2620430290699005,0.12370318174362183,0.16872578859329224
2023-10-05,1.5458041466566623,-0.0015461582224816084,0.20235565304756165,0.2342313826084137,0.25913774967193604,0.13191284239292145,0.17236238718032837
2023-10-06,1.5582193353433442,0.008031540550291538,0.20454813539981842,0.23414286971092224,0.2576914131641388,0.1329125016927719,0.17070510983467102
2023-10-09,1.574485547946515,0.01043897494673729,0.21151629090309143,0.21797193586826324,0.2519572973251343,0.14548559486865997,0.1730688214302063
2023-10-10,1.5819166946232093,0.0047197300009429455,0.20987793803215027,0.22782808542251587,0.25314053893089294,0.1393708437681198,0.1697825789451599
2023-10-11,1.5917665763176216,0.006226548925042152,0.21106606721878052,0.2241925746202469,0.2510772943496704,0.1430281400680542,0.1706358939409256
2023-10-12,1.5724081843420228,-0.012161577120423317,0.20781530439853668,0.23209068179130554,0.2545706331729889,0.1362314671278,0.16929194331169128
2023-10-13,1.5746569655622484,0.0014301510527729988,0.20163072645664215,0.24153286218643188,0.258588582277298,0.12815015017986298,0.1700976938009262
2023-10-16,1.5845393958154277,0.006275925785303116,0.19159479439258575,0.2584364712238312,0.25862765312194824,0.11964914202690125,0.1716918796300888
2023-10-17,1.585792418528782,0.0007907804101705551,0.20274175703525543,0.23124563694000244,0.25047433376312256,0.13949646055698395,0.17604182660579681
2023-10-18,1.5702531812181124,-0.00979903619736433,0.20697787404060364,0.23206858336925507,0.24967849254608154,0.13958658277988434,0.17168846726417542
2023-10-19,1.5565710863284496,-0.008713304996490479,0.19569188356399536,0.25576597452163696,0.25665414333343506,0.12226393818855286,0.16962410509586334
2023-10-20,1.5434265737084147,-0.008444530889391899,0.1903342604637146,0.2592206299304962,0.2572166621685028,0.12007182836532593,0.17315660417079926
2023-10-23,1.5419896090889136,-0.0009310223395004869,0.18634764850139618,0.26852068305015564,0.2590769827365875,0.11452111601829529,0.17153358459472656
2023-10-24,1.5538972888975076,0.007722282782196999,0.18904459476470947,0.25940778851509094,0.25875651836395264,0.11931203305721283,0.1734791100025177
2023-10-25,1.5300997976993809,-0.01531471312046051,0.19722744822502136,0.24292035400867462,0.25453290343284607,0.13051201403141022,0.17480725049972534
2023-10-26,1.5230500309679893,-0.004607390146702528,0.19118230044841766,0.2619163990020752,0.25696834921836853,0.11889433860778809,0.17103858292102814
2023-10-27,1.521370745415625,-0.001102580688893795,0.1869095116853714,0.268504798412323,0.2560287117958069,0.11679359525442123,0.17176342010498047
2023-10-30,1.5290362871373284,0.0050385757349431515,0.18896415829658508,0.25922977924346924,0.2567138969898224,0.12046857178211212,0.17462359368801117
2023-10-31,1.5335237152858194,0.0029348081443458796,0.1994740068912506,0.23839110136032104,0.2519165873527527,0.13434749841690063,0.1758708357810974
2023-11-01,1.548917737024194,0.010038333013653755,0.20579859614372253,0.23204690217971802,0.2501204311847687,0.13906118273735046,0.1729729026556015
2023-11-02,1.5774162718425988,0.01839899830520153,0.20799094438552856,0.22921030223369598,0.250810444355011,0.14017535746097565,0.17181293666362762
2023-11-03,1.5974375733683222,0.0126924654468894,0.21210037171840668,0.21982859075069427,0.24419744312763214,0.15023809671401978,0.17363552749156952
2023-11-06,1.5902652821700833,-0.004489872604608536,0.21523168683052063,0.21827326714992523,0.24134425818920135,0.15338639914989471,0.17176440358161926
2023-11-07,1.5954327721053472,0.003249451518058777,0.20954960584640503,0.23281259834766388,0.24835936725139618,0.13987137377262115,0.16940701007843018
2023-11-08,1.592493045784556,-0.0018425886519253254,0.20343634486198425,0.23974347114562988,0.2514292597770691,0.13407523930072784,0.17131569981575012
2023-11-09,1.577027424578268,-0.009711578488349915,0.19742849469184875,0.25043824315071106,0.25471630692481995,0.12622427940368652,0.17119266092777252
2023-11-10,1.5932716988777615,0.010300565510988235,0.1919664591550827,0.2570139765739441,0.2550152540206909,0.12234123796224594,0.17366310954093933
2023-11-13,1.5930055975710793,-0.00016701564891263843,0.2025306075811386,0.23248791694641113,0.24964550137519836,0.13893724977970123,0.17639872431755066
2023-11-14,1.635947329112897,0.02695642225444317,0.2019941508769989,0.24154618382453918,0.2509573698043823,0.13310790061950684,0.17239437997341156
2023-11-15,1.6332241990120238,-0.0016645585419610143,0.21136349439620972,0.2170492559671402,0.2373867630958557,0.15701785683631897,0.1771826148033142
2023-11-16,1.6335661951509177,0.00020939938258379698,0.21181844174861908,0.22907647490501404,0.24288959801197052,0.1457631140947342,0.17045240104198456
2023-11-17,1.6405955315557517,0.004303061868995428,0.20030701160430908,0.24858969449996948,0.2504030764102936,0.1298152357339859,0.17088498175144196
2023-11-20,1.651194197061012,0.006460255011916161,0.19956986606121063,0.2441999912261963,0.24808643758296967,0.13405366241931915,0.17409007251262665
2023-11-21,1.6458535892445028,-0.00323439110070467,0.20318032801151276,0.23698237538337708,0.24827228486537933,0.13752658665180206,0.17403845489025116
2023-11-22,1.6509130200227724,0.003074046690016985,0.1964990198612213,0.25244101881980896,0.25217345356941223,0.12645114958286285,0.17243534326553345
2023-11-24,1.652235345787653,0.0008009663433767855,0.19882215559482574,0.24408628046512604,0.25080645084381104,0.13209407031536102,0.17419104278087616
2023-11-27,1.6555206301716083,0.001988387666642666,0.20119662582874298,0.24055597186088562,0.24973581731319427,0.1346472203731537,0.17386431992053986
2023-11-28,1.6594792256090443,0.0023911483585834503,0.19804342091083527,0.24907733500003815,0.25367435812950134,0.1275588870048523,0.17164596915245056
2023-11-29,1.6641383647308703,0.0028075911104679108,0.1960710883140564,0.2485632449388504,0.2537039518356323,0.12763015925884247,0.17403148114681244
2023-11-30,1.662303659330049,-0.0011024957057088614,0.19702298939228058,0.24819067120552063,0.25344330072402954,0.1282414346933365,0.17310160398483276
2023-12-01,1.686513107801907,0.014563794247806072,0.19998696446418762,0.24193961918354034,0.25120872259140015,0.13294488191604614,0.17391981184482574
2023-12-04,1.6780775314430023,-0.005001785233616829,0.20397470891475677,0.23492152988910675,0.2467518001794815,0.14014357328414917,0.1742083728313446
2023-12-05,1.6771563053807443,-0.0005489770555868745,0.20479030907154083,0.23998039960861206,0.24919068813323975,0.13592888414859772,0.17010973393917084
2023-12-06,1.6764457235971217,-0.0004236825043335557,0.1975594311952591,0.25112658739089966,0.2553797960281372,0.12556281685829163,0.17037136852741241
2023-12-07,1.6872470211263764,0.006442974787205458,0.1926204115152359,0.2566913068294525,0.2553631365299225,0.1227264329791069,0.1725987046957016
2023-12-08,1.6878368029116764,0.0003495527198538184,0.19959864020347595,0.23834650218486786,0.251331090927124,0.13469241559505463,0.17603133618831635
2023-12-11,1.6896741722707396,0.0010885942028835416,0.2056920975446701,0.23271626234054565,0.2504267990589142,0.13838660717010498,0.1727782040834427
2023-12-12,1.6944727213753996,0.0028399256989359856,0.2071366161108017,0.2313622236251831,0.25174498558044434,0.13826695084571838,0.17148925364017487
2023-12-13,1.730351197383525,0.021173829212784767,0.20541110634803772,0.23396353423595428,0.2528397738933563,0.1360303908586502,0.17175520956516266
2023-12-14,1.7511651658508067,0.012028753757476807,0.2096780240535736,0.22304968535900116,0.2460685819387436,0.1471487432718277,0.17405493557453156
2023-12-15,1.746386032149132,-0.0027291164733469486,0.21073074638843536,0.22875867784023285,0.2463758885860443,0.1441202610731125,0.1700143963098526
2023-12-18,1.7506183189037159,0.0024234543088823557,0.20632359385490417,0.23670630156993866,0.2533436715602875,0.13459321856498718,0.1690332144498825
2023-12-19,1.766693687425488,0.009182680398225784,0.2045169472694397,0.2339988350868225,0.25238507986068726,0.13639964163303375,0.172699436545372
2023-12-20,1.7468426879354098,-0.011236242949962616,0.20745307207107544,0.2291029542684555,0.24922403693199158,0.14146798849105835,0.17275187373161316
2023-12-21,1.7636087554876434,0.009597926400601864,0.1962510645389557,0.2569904029369354,0.2582200765609741,0.12073372304439545,0.16780471801757812
2023-12-22,1.7693033112581835,0.003228922374546528,0.20053687691688538,0.23551692068576813,0.25007712841033936,0.13734744489192963,0.17652161419391632
2023-12-26,1.7820917039269875,0.007227925583720207,0.20486381649971008,0.23474720120429993,0.24997210502624512,0.13765133917331696,0.17276550829410553
2023-12-27,1.790930777624527,0.004959943238645792,0.20624512434005737,0.2321382313966751,0.24902218580245972,0.1398380994796753,0.1727563440799713
2023-12-28,1.785604999308016,-0.0029737488366663456,0.20370891690254211,0.23945629596710205,0.2520855665206909,0.1338634490966797,0.17088572680950165
2023-12-29,1.7726300884369266,-0.007266394793987274,0.20167909562587738,0.24116310477256775,0.2534952461719513,0.13190722465515137,0.17175531387329102
2024-01-02,1.7584087785367968,-0.008022717200219631,0.19675573706626892,0.24989023804664612,0.25664961338043213,0.12501609325408936,0.17168831825256348
2024-01-03,1.7370014121658675,-0.012174283154308796,0.19236382842063904,0.25776612758636475,0.2560168206691742,0.12162269651889801,0.1722305417060852
2024-01-04,1.7299519111479154,-0.00405843136832118,0.18644891679286957,0.26872360706329346,0.2606804668903351,0.11308884620666504,0.17105820775032043
2024-01-05,1.727645181948283,-0.001333406544290483,0.189427450299263,0.25714343786239624,0.25602293014526367,0.12185266613960266,0.17555353045463562
2024-01-08,1.7488372738595532,0.012266460806131363,0.19529135525226593,0.24807462096214294,0.2547285258769989,0.1271478235721588,0.17475761473178864
2024-01-09,1.7436642866029062,-0.0029579580295830965,0.20599178969860077,0.22730058431625366,0.2494165301322937,0.14201383292675018,0.17527729272842407
2024-01-10,1.7469562215540162,0.001887940801680088,0.20417927205562592,0.23796065151691437,0.25349682569503784,0.1332014948129654,0.17116178572177887
2024-01-11,1.7461061014926635,-0.00048662928747944534,0.20399606227874756,0.23483699560165405,0.25228339433670044,0.13580963015556335,0.1730738878250122
2024-01-12,1.7483036864631325,0.0012585632503032684,0.20078717172145844,0.24287369847297668,0.2552148997783661,0.1295694261789322,0.1715547740459442
2024-01-16,1.7345059393995106,-0.00789207685738802,0.1997387409210205,0.242277592420578,0.2548823952674866,0.13014501333236694,0.17295622825622559
2024-01-17,1.7233506494781134,-0.006431393325328827,0.20049214363098145,0.24189817905426025,0.25745922327041626,0.12856774032115936,0.17158272862434387
2024-01-18,1.7353833045357872,0.006982128135859966,0.19838300347328186,0.24644844233989716,0.2587396204471588,0.12561924755573273,0.17080973088741302
2024-01-19,1.7534810764276298,0.010428688488900661,0.20385190844535828,0.23016074299812317,0.25347569584846497,0.13751837611198425,0.17499330639839172
2024-01-22,1.7644233095210131,0.006240291520953178,0.2115388810634613,0.21972563862800598,0.25083374977111816,0.14497381448745728,0.17292791604995728
2024-01-23,1.7649909090001163,0.00032169121550396085,0.21342790126800537,0.2221398949623108,0.24901147186756134,0.14551709592342377,0.1699036806821823
2024-01-24,1.7600085881522145,-0.002822859212756157,0.21077603101730347,0.22702816128730774,0.25199323892593384,0.1405005306005478,0.16970199346542358
2024-01-25,1.7689444341110498,0.005077160429209471,0.20830917358398438,0.23056253790855408,0.2554839253425598,0.1361265629529953,0.16951783001422882
2024-01-26,1.7653887850669252,-0.002010039985179901,0.20731821656227112,0.23033356666564941,0.2534925937652588,0.13779667019844055,0.17105896770954132
2024-01-29,1.7851171249547737,0.011175068095326424,0.20538289844989777,0.23602397739887238,0.25497713685035706,0.13374857604503632,0.16986742615699768
2024-01-30,1.7810001696269104,-0.0023062662221491337,0.20854340493679047,0.22617068886756897,0.2512630522251129,0.1417350172996521,0.17228783667087555
2024-01-31,1.7573270362937403,-0.013292044401168823,0.20425556600093842,0.23997825384140015,0.2562260925769806,0.1307588666677475,0.16878122091293335
2024-02-01,1.780159085475423,0.012992487289011478,0.19028478860855103,0.2653263211250305,0.26256707310676575,0.11390719562768936,0.16791464388370514
2024-02-02,1.780442226182267,0.00015905359759926796,0.19677065312862396,0.24134933948516846,0.2548762559890747,0.13114957511425018,0.1758541762828827
2024-02-05,1.7660069224521435,-0.008107706904411316,0.2075895518064499,0.22528678178787231,0.25365519523620605,0.13984359800815582,0.17362484335899353
2024-02-06,1.7741349952253922,0.004602514673024416,0.205292746424675,0.23510347306728363,0.25639674067497253,0.13268838822841644,0.1705186516046524
2024-02-07,1.7791494803647485,0.0028264394495636225,0.2036154866218567,0.236565962433815,0.2540332078933716,0.13401558995246887,0.17176979780197144
2024-02-08,1.7851610870697898,0.003378921654075384,0.206556037068367,0.22987236082553864,0.2538055181503296,0.13752008974552155,0.17224600911140442
2024-02-09,1.7968192752677725,0.006530608516186476,0.20922422409057617,0.22691237926483154,0.2512620985507965,0.14123129844665527,0.1713699847459793
2024-02-12,1.8026576515925197,0.0032492841128259897,0.2130984365940094,0.22036829590797424,0.24906429648399353,0.14648140966892242,0.1709875464439392
2024-02-13,1.7633884060352776,-0.021784083917737007,0.21289053559303284,0.22481800615787506,0.2488384246826172,0.1445152759552002,0.1689377874135971
2024-02-14,1.7828670371176993,0.011046137660741806,0.19713588058948517,0.2561669647693634,0.2603798508644104,0.11962026357650757,0.1666969358921051
2024-02-15,1.8017143043515371,0.010571325197815895,0.20182421803474426,0.23358529806137085,0.25076544284820557,0.13819777965545654,0.17562724649906158
2024-02-16,1.7896656678984748,-0.0066873179748654366,0.2092292606830597,0.2261970043182373,0.24622225761413574,0.14534567296504974,0.17300577461719513
2024-02-20,1.7800954964159759,-0.0053474633023142815,0.20276671648025513,0.24417081475257874,0.2531743049621582,0.13053809106349945,0.16935013234615326
2024-02-21,1.7748843048807414,-0.0029274786356836557,0.19479301571846008,0.25441795587539673,0.25635048747062683,0.12311267852783203,0.17132584750652313
2024-02-22,1.799411827367988,0.013819223269820213,0.1952810138463974,0.24969565868377686,0.25484901666641235,0.1264755129814148,0.1736988127231598
2024-02-23,1.8046981344395308,0.002937797224149108,0.20625266432762146,0.22475458681583405,0.24959558248519897,0.14302466809749603,0.1763724535703659
2024-02-26,1.8045599054326698,-7.659397670067847e-05,0.2044878453016281,0.23844259977340698,0.2517361640930176,0.13433438539505005,0.17099907994270325
2024-02-27,1.8106165306271629,0.0033562893513590097,0.2023799568414688,0.24001739919185638,0.2513177692890167,0.13404856622219086,0.17223630845546722
2024-02-28,1.8063132803795752,-0.002376676769927144,0.20519870519638062,0.2334873527288437,0.2485070526599884,0.13954660296440125,0.17326022684574127
2024-02-29,1.8178097861054052,0.006364624481648207,0.20069462060928345,0.24597325921058655,0.2530019283294678,0.1296495646238327,0.17068062722682953
2024-03-01,1.8399565882707516,0.012183234095573425,0.20219236612319946,0.23771649599075317,0.2519947588443756,0.134828120470047,0.17326828837394714
2024-03-04,1.841714669360665,0.0009555013966746628,0.206473708152771,0.22866477072238922,0.24959760904312134,0.14114923775196075,0.17411471903324127
2024-03-05,1.8309466567232056,-0.005846732296049595,0.20420192182064056,0.2378338724374771,0.25172683596611023,0.13472211360931396,0.17151524126529694
2024-03-06,1.8430376418450205,0.006603679619729519,0.19432009756565094,0.25868549942970276,0.25627660751342773,0.12119677662849426,0.1695210039615631
2024-03-07,1.8588681812653411,0.008589373901486397,0.1973138004541397,0.2440904974937439,0.25254109501838684,0.1311711072921753,0.17488349974155426
2024-03-08,1.8523395774595848,-0.0035121391993016005,0.20566317439079285,0.22944270074367523,0.25004076957702637,0.1404043287038803,0.17444904148578644
2024-03-11,1.8470611354214317,-0.0028496081940829754,0.20122529566287994,0.24525012075901031,0.25235801935195923,0.1305120587348938,0.17065449059009552
2024-03-12,1.8513781600034642,0.002337239682674408,0.19785255193710327,0.24816542863845825,0.25425246357917786,0.12770608067512512,0.1720234453678131
2024-03-13,1.850302388703706,-0.0005810651346109807,0.2042950838804245,0.2320224642753601,0.252238392829895,0.1374727338552475,0.17397134006023407
2024-03-14,1.8348191937318894,-0.008367926813662052,0.20477449893951416,0.23664388060569763,0.252853125333786,0.13477382063865662,0.17095468938350677
2024-03-15,1.8267769392634088,-0.0043831318616867065,0.20177890360355377,0.2415725439786911,0.25703665614128113,0.1291487216949463,0.1704631894826889
2024-03-18,1.8302983251038596,0.0019276496022939682,0.1992236226797104,0.24590027332305908,0.25669291615486145,0.12755846977233887,0.1706247180700302
2024-03-19,1.8357206722692572,0.0029625482857227325,0.2024843394756317,0.23578178882598877,0.25631022453308105,0.1327822208404541,0.17264138162136078
2024-03-20,1.8570247631137733,0.011605300940573215,0.20615790784358978,0.23134799301624298,0.25485068559646606,0.13624358177185059,0.17139990627765656
2024-03-21,1.8657895042104449,0.004719776101410389,0.21178509294986725,0.21949392557144165,0.24937105178833008,0.14665381610393524,0.17269617319107056
2024-03-22,1.8590500066053939,-0.0036121425218880177,0.21473291516304016,0.22032521665096283,0.2505072057247162,0.14555852115154266,0.16887617111206055
2024-03-25,1.8572437952692824,-0.0009715775959193707,0.20786947011947632,0.23455147445201874,0.25752347707748413,0.13290323317050934,0.1671522706747055
2024-03-26,1.8559739201271384,-0.0006837417604401708,0.2039448618888855,0.23620545864105225,0.25606510043144226,0.133092999458313,0.1706915646791458
2024-03-27,1.8755923749965366,0.010570436716079712,0.2027219831943512,0.2389535903930664,0.2570635974407196,0.13089701533317566,0.17036378383636475
2024-03-28,1.880135374677455,0.002422167919576168,0.2074371576309204,0.22763977944850922,0.25122129917144775,0.14116840064525604,0.17253336310386658
2024-04-01,1.8742722742946312,-0.0031184458639472723,0.20740987360477448,0.23208831250667572,0.25300589203834534,0.13729003071784973,0.17020589113235474
2024-04-02,1.8624322940322802,-0.006317107938230038,0.20570258796215057,0.2333323210477829,0.25562813878059387,0.13455531001091003,0.17078162729740143
2024-04-03,1.8697466100440965,0.003927292302250862,0.19837430119514465,0.24749363958835602,0.25970974564552307,0.12434766441583633,0.17007462680339813
2024-04-04,1.8533648703792491,-0.008761475794017315,0.20112429559230804,0.2375812977552414,0.2564760446548462,0.1319798082113266,0.17283856868743896
2024-04-05,1.8663770372940967,0.0070208339020609856,0.1968274861574173,0.25215741991996765,0.2608148455619812,0.12173961102962494,0.1684606969356537
2024-04-08,1.8713149171162142,0.0026457032654434443,0.2020106166601181,0.23207274079322815,0.254442036151886,0.13607124984264374,0.17540332674980164
2024-04-09,1.8793510737903765,0.004294390324503183,0.20632047951221466,0.2318330556154251,0.25463196635246277,0.13616065680980682,0.17105381190776825
2024-04-10,1.8501235824012194,-0.015551906079053879,0.20614811778068542,0.2326614111661911,0.2553213834762573,0.13540680706501007,0.1704622060060501
2024-04-11,1.8683637997861198,0.009858918376266956,0.19920963048934937,0.24686084687709808,0.26112741231918335,0.12380208820104599,0.1690000742673874
2024-04-12,1.8446065888528038,-0.012715516611933708,0.20253922045230865,0.23112520575523376,0.2548288404941559,0.13620851933956146,0.17529824376106262
2024-04-15,1.827430886765066,-0.009311309084296227,0.19643846154212952,0.2542291581630707,0.2612115144729614,0.1201876550912857,0.16793325543403625
2024-04-16,1.8240711803421819,-0.0018384861759841442,0.18760119378566742,0.2636144161224365,0.25935009121894836,0.11654619127511978,0.1728881150484085
2024-04-17,1.811508238023287,-0.00688730925321579,0.19265709817409515,0.251848429441452,0.2571711242198944,0.12395202368497849,0.17437128722667694
2024-04-18,1.8076827016475003,-0.0021117962896823883,0.19155773520469666,0.25925397872924805,0.25916531682014465,0.11905728280544281,0.17096559703350067
2024-04-19,1.7976112321096682,-0.005571480840444565,0.1934763491153717,0.2518327832221985,0.2564965784549713,0.12457311898469925,0.17362119257450104
2024-04-22,1.802475584216262,0.0027060089632868767,0.19225913286209106,0.2586604654788971,0.2561042308807373,0.12153066694736481,0.17144553363323212
2024-04-23,1.8199088277133657,0.009671833366155624,0.2023254930973053,0.23531414568424225,0.25182315707206726,0.13663053512573242,0.17390665411949158
2024-04-24,1.8165964989341339,-0.0018200520426034927,0.21014299988746643,0.22267934679985046,0.24743707478046417,0.14628882706165314,0.17345170676708221
2024-04-25,1.8104075422774966,-0.003406896721571684,0.2081838846206665,0.23209203779697418,0.25117242336273193,0.13832981884479523,0.17022180557250977
2024-04-26,1.82718700598667,0.009268335066735744,0.20186583697795868,0.2423754334449768,0.2534009516239166,0.13137002289295197,0.17098776996135712
2024-04-29,1.8353863537824096,0.0044874157756567,0.2056923359632492,0.2300931066274643,0.25038614869117737,0.14005345106124878,0.17377500236034393
2024-04-30,1.8032578825480916,-0.017505018040537834,0.2073347568511963,0.2318277359008789,0.25068143010139465,0.13902249932289124,0.1711336225271225
2024-05-01,1.804061371046233,0.00044557603541761637,0.1966044306755066,0.2563650906085968,0.2576312720775604,0.12160859256982803,0.16779059171676636
2024-05-02,1.8215010941895482,0.009666923433542252,0.19225892424583435,0.2558470368385315,0.2544994652271271,0.12397821992635727,0.17341628670692444
2024-05-03,1.8412959905330892,0.010867353528738022,0.2024625986814499,0.23412424325942993,0.24899962544441223,0.13908223807811737,0.17533127963542938
2024-05-06,1.8600000682133255,0.010158104822039604,0.20990051329135895,0.22422242164611816,0.2480131983757019,0.14487789571285248,0.17298603057861328
2024-05-07,1.8617065855820665,0.0009174824226647615,0.21121543645858765,0.22367995977401733,0.2457900196313858,0.1467703878879547,0.17254424095153809
2024-05-08,1.8562823999414895,-0.002913555596023798,0.20796959102153778,0.2341075986623764,0.24903403222560883,0.1389569789171219,0.16993176937103271
2024-05-09,1.8703484391743201,0.007577531971037388,0.2037370204925537,0.23943905532360077,0.25159400701522827,0.134237602353096,0.17099227011203766
2024-05-10,1.8695169253527266,-0.0004445769591256976,0.20381475985050201,0.23596948385238647,0.24934905767440796,0.1377243846654892,0.17314228415489197
2024-05-13,1.8686154969516533,-0.0004821718321181834,0.2035629004240036,0.23830005526542664,0.2527752220630646,0.1339098960161209,0.17145192623138428
2024-05-14,1.8821850866231902,0.007261841557919979,0.20504361391067505,0.23556700348854065,0.2540738880634308,0.13482679426670074,0.17048868536949158
2024-05-15,1.9072525155990814,0.0133182592689991,0.20661181211471558,0.23048926889896393,0.25183627009391785,0.13908395171165466,0.17197872698307037
2024-05-16,1.900565647576126,-0.0035060213413089514,0.2107965350151062,0.22264231741428375,0.24961014091968536,0.14482440054416656,0.17212656140327454
2024-05-17,1.9047734514237171,0.0022139744833111763,0.20743665099143982,0.2344348132610321,0.25421831011772156,0.13518765568733215,0.16872255504131317
2024-05-20,1.9099543753204795,0.002719968557357788,0.20420195162296295,0.2354450821876526,0.2532994747161865,0.1352831870317459,0.17177031934261322
2024-05-21,1.912185933199095,0.0011683828197419643,0.2067217379808426,0.23084717988967896,0.2540379762649536,0.13725587725639343,0.1711372584104538
2024-05-22,1.9011007310780084,-0.0057971361093223095,0.2066597044467926,0.2326141595840454,0.2555094063282013,0.13535694777965546,0.16985982656478882
2024-05-23,1.8800147598562431,-0.011091453954577446,0.20446842908859253,0.2373092621564865,0.25847336649894714,0.13095888495445251,0.1687900274991989
2024-05-24,1.8932229214143137,0.007025562692433596,0.19946129620075226,0.24523323774337769,0.26108548045158386,0.1250586360692978,0.1691613644361496
2024-05-28,1.894192256506634,0.0005120026180520654,0.2036757618188858,0.23160547018051147,0.2549237012863159,0.13639076054096222,0.1734042912721634
2024-05-29,1.8749899667260348,-0.01013745553791523,0.20592567324638367,0.23115591704845428,0.2543589770793915,0.1366589218378067,0.17190051078796387
2024-05-30,1.875096619161113,5.688160308636725e-05,0.202605739235878,0.24119514226913452,0.259048730134964,0.12833146750926971,0.16881893575191498
2024-05-31,1.88142900531005,0.0033770985901355743,0.19949690997600555,0.2446219027042389,0.2570011615753174,0.1284293830394745,0.17045064270496368
2024-06-03,1.8883612667140852,0.003684572409838438,0.20392447710037231,0.23511870205402374,0.25401708483695984,0.13537076115608215,0.17156898975372314
2024-06-04,1.8836728102991291,-0.0024828175082802773,0.20328405499458313,0.23801502585411072,0.2579205632209778,0.1309426724910736,0.16983766853809357
2024-06-05,1.910187304719939,0.014075955376029015,0.20139279961585999,0.2407994568347931,0.2611825168132782,0.12728995084762573,0.1693352311849594
2024-06-06,1.908584964476158,-0.0008388393325731158,0.2074696272611618,0.22296571731567383,0.2539200782775879,0.14165085554122925,0.17399373650550842
2024-06-07,1.885421285559154,-0.012136572040617466,0.20654170215129852,0.2329825758934021,0.2567322850227356,0.13408224284648895,0.16966113448143005
2024-06-10,1.891305613867387,0.0031209620647132397,0.20565275847911835,0.23443563282489777,0.25825318694114685,0.13250593841075897,0.16915248334407806
2024-06-11,1.8971655217154357,0.003098340006545186,0.20464715361595154,0.23229090869426727,0.2548587918281555,0.1358976513147354,0.17230547964572906
2024-06-12,1.9163126694101553,0.01009250245988369,0.20443904399871826,0.23516495525836945,0.25666654109954834,0.13312135636806488,0.1706080585718155
2024-06-13,1.9164696043429958,8.189422078430653e-05,0.20849652588367462,0.22505216300487518,0.2521677613258362,0.1418531835079193,0.1724303513765335
2024-06-14,1.9174304784281446,0.0005013771587982774,0.20673009753227234,0.23414073884487152,0.2572389841079712,0.13336063921451569,0.16852952539920807
2024-06-17,1.9261703922075242,0.00455813854932785,0.19974321126937866,0.24276511371135712,0.25981011986732483,0.1268939971923828,0.17078763246536255
2024-06-18,1.9319504358614643,0.0030007956083863974,0.20603400468826294,0.22716574370861053,0.25421708822250366,0.13907432556152344,0.17350882291793823
2024-06-20,1.9276213032047418,-0.002240809379145503,0.2059078812599182,0.23376809060573578,0.2550709545612335,0.1349850296974182,0.17026804387569427
2024-06-21,1.9218061492103338,-0.0030167512595653534,0.20087184011936188,0.2424619346857071,0.2555167078971863,0.13006898760795593,0.17108054459095
2024-06-24,1.9197012397608726,-0.0010952766751870513,0.20206895470619202,0.24015437066555023,0.25570055842399597,0.1314677596092224,0.17060835659503937
2024-06-25,1.9237041248888067,0.0020851604640483856,0.19978484511375427,0.2450098842382431,0.2552948296070099,0.12925706803798676,0.17065340280532837
2024-06-26,1.917071332468217,-0.0034479275345802307,0.20314669609069824,0.23561765253543854,0.2562847435474396,0.13328363001346588,0.17166727781295776
2024-06-27,1.9285166854110027,0.005970227997750044,0.20542554557323456,0.23262940347194672,0.25581684708595276,0.1350611299276352,0.17106710374355316
2024-06-28,1.9216959221159053,-0.0035367924720048904,0.20610851049423218,0.23145057260990143,0.25390589237213135,0.13717637956142426,0.17135865986347198
2024-07-01,1.917303982173678,-0.0022854499984532595,0.20649245381355286,0.2326783984899521,0.25378257036209106,0.13662640750408173,0.17042019963264465
2024-07-02,1.9282711399908223,0.005720093380659819,0.2065788358449936,0.2309892624616623,0.25557923316955566,0.13600702583789825,0.170845627784729
2024-07-03,1.9407487870726372,0.006470898631960154,0.20845302939414978,0.2272499054670334,0.2552187740802765,0.13842666149139404,0.17065167427062988
2024-07-05,1.9519298120010211,0.005761191248893738,0.2070065438747406,0.23057781159877777,0.25628960132598877,0.13585761189460754,0.17026837170124054
2024-07-08,1.9533871732069195,0.0007466258248314261,0.20601314306259155,0.23105040192604065,0.25744712352752686,0.13469918072223663,0.1707901805639267
2024-07-09,1.9513591223211206,-0.0010382226901128888,0.20826953649520874,0.22862103581428528,0.25651973485946655,0.13704989850521088,0.16953977942466736
2024-07-10,1.9669420543648386,0.007985681295394897,0.20744925737380981,0.2304568588733673,0.25801435112953186,0.13485760986804962,0.1692219227552414
2024-07-11,1.980011825745213,0.006644716020673513,0.2113339751958847,0.22085577249526978,0.25471600890159607,0.1423862874507904,0.17070791125297546
2024-07-12,1.9920139439093938,0.00606163963675499,0.20807458460330963,0.23287555575370789,0.24961328506469727,0.14007222652435303,0.16936427354812622
2024-07-15,2.001541263054038,0.004782757256180048,0.21098168194293976,0.22560584545135498,0.25014176964759827,0.14339525997638702,0.16987545788288116
2024-07-16,2.0317671131384945,0.015101287513971329,0.21420924365520477,0.21959680318832397,0.24803340435028076,0.1481650173664093,0.1699954718351364
2024-07-17,2.005575020198198,-0.012891286984086037,0.21535977721214294,0.21885807812213898,0.24444341659545898,0.15145255625247955,0.16988614201545715
2024-07-18,1.9860327930831831,-0.009743952192366123,0.20236925780773163,0.251162588596344,0.2535720467567444,0.12751837074756622,0.16537770628929138
2024-07-19,1.968777420606815,-0.008688362315297127,0.1943715512752533,0.2551504671573639,0.2579033672809601,0.1222197562456131,0.17035482823848724
2024-07-22,1.9874724774405088,0.009495769627392292,0.19443273544311523,0.2530055046081543,0.25754958391189575,0.12358153611421585,0.1714305877685547
2024-07-23,1.9913189202885822,0.0019353439565747976,0.20389683544635773,0.23004743456840515,0.250723272562027,0.14006835222244263,0.1752641350030899
2024-07-24,1.9498726882380115,-0.020813457667827606,0.20634986460208893,0.23382678627967834,0.2506846785545349,0.1380428969860077,0.17109578847885132
2024-07-25,1.9449773487142603,-0.0025105944368988276,0.18983067572116852,0.27052614092826843,0.25676727294921875,0.11514344811439514,0.16773244738578796
2024-07-26,1.9677233251112618,0.011694725602865219,0.19027504324913025,0.2603955566883087,0.2522192895412445,0.12362943589687347,0.17348064482212067
2024-07-29,1.9644265818472455,-0.0016754099633544683,0.19942349195480347,0.23987625539302826,0.2472965568304062,0.13715270161628723,0.1762508898973465
2024-07-30,1.9619534158109688,-0.0012589760590344667,0.1998688131570816,0.2461095154285431,0.2525474429130554,0.12987816333770752,0.17159605026245117
2024-07-31,1.9941251653499457,0.016397815197706223,0.19504328072071075,0.2541198432445526,0.25147175788879395,0.12671582400798798,0.1726493388414383
2024-08-01,1.9618247346208382,-0.016197795048356056,0.20232753455638885,0.2325216829776764,0.24809694290161133,0.13998664915561676,0.17706723511219025
2024-08-02,1.9301204663812996,-0.016160601750016212,0.1889929324388504,0.27145037055015564,0.2571977972984314,0.11387611925601959,0.16848284006118774
2024-08-05,1.8832375722449077,-0.024290138855576515,0.17108874022960663,0.30044853687286377,0.25970903038978577,0.09888488054275513,0.16986876726150513
2024-08-06,1.890361764708435,0.003782949410378933,0.16206273436546326,0.31562384963035583,0.25743913650512695,0.0934947058558464,0.17137956619262695
2024-08-07,1.8751567390802109,-0.008043447509407997,0.1804073601961136,0.26766061782836914,0.24517948925495148,0.12378519773483276,0.18296733498573303
2024-08-08,1.913403794187711,0.020396724343299866,0.18514040112495422,0.27212923765182495,0.24846264719963074,0.1188192293047905,0.17544850707054138
2024-08-09,1.920061985788784,0.0034797629341483116,0.1990993171930313,0.2341633439064026,0.23804759979248047,0.14581075310707092,0.18287889659404755
2024-08-12,1.9236772276201275,0.001882877666503191,0.20116060972213745,0.24556812644004822,0.24339967966079712,0.13582588732242584,0.17404580116271973
2024-08-13,1.9507856373352794,0.0140919741243124,0.1935577690601349,0.2570918798446655,0.2459457665681839,0.12796534597873688,0.17543922364711761
2024-08-14,1.9481342673696556,-0.001359129324555397,0.20147353410720825,0.23594562709331512,0.24096287786960602,0.14285694062709808,0.1787610650062561
2024-08-15,1.978040966006666,0.015351456589996815,0.19963672757148743,0.24882103502750397,0.24543161690235138,0.1328156590461731,0.17329497635364532
2024-08-16,1.9896607975438863,0.005874413996934891,0.20629502832889557,0.22636505961418152,0.23686988651752472,0.1512497216463089,0.17922033369541168
2024-08-19,2.0063467639023616,0.008386337198317051,0.20250019431114197,0.24372267723083496,0.24061211943626404,0.13884566724300385,0.1743193119764328
2024-08-20,2.002593459395454,-0.0018707157578319311,0.20306332409381866,0.23880554735660553,0.2397766411304474,0.14233320951461792,0.1760212928056717
2024-08-21,2.0123951645384723,0.004894505720585585,0.19546811282634735,0.25733232498168945,0.24574877321720123,0.12816569209098816,0.1732850819826126
2024-08-22,1.9899468515850707,-0.0111550223082304,0.19646841287612915,0.2492254376411438,0.24303856492042542,0.13455426692962646,0.17671333253383636
2024-08-23,2.0206617200591777,0.015435019508004189,0.19184525310993195,0.2639111578464508,0.246890127658844,0.12423278391361237,0.1731206327676773
2024-08-26,2.0155016343153855,-0.0025536613538861275,0.19780513644218445,0.2428935319185257,0.23866313695907593,0.141176238656044,0.1794620305299759
2024-08-27,2.014257887529022,-0.0006170904380269349,0.19647662341594696,0.25538554787635803,0.24282684922218323,0.13136768341064453,0.17394334077835083
2024-08-28,1.9999050901019961,-0.007125600706785917,0.1931757777929306,0.25748568773269653,0.24558255076408386,0.12819106876850128,0.1755649447441101
2024-08-29,2.0036805622625082,0.0018878256669268012,0.18927913904190063,0.2663619816303253,0.24784375727176666,0.12229683995246887,0.1742182970046997
2024-08-30,2.0110120502763675,0.003659010399132967,0.1911812126636505,0.258192241191864,0.2456243932247162,0.12802834808826447,0.17697378993034363
2024-09-03,1.9754000903757019,-0.01770847663283348,0.2003294974565506,0.24048808217048645,0.24471688270568848,0.13789048790931702,0.17657501995563507
2024-09-04,1.9753114316490028,-4.4881402573082596e-05,0.18406380712985992,0.28317126631736755,0.25568652153015137,0.10921891778707504,0.1678595095872879
2024-09-05,1.9766373021665065,0.0006712210015393794,0.1827940195798874,0.2719048261642456,0.2521970272064209,0.11710026115179062,0.17600378394126892
2024-09-06,1.943995585912039,-0.01651376113295555,0.18688376247882843,0.264482319355011,0.2521035969257355,0.12046298384666443,0.1760673224925995
2024-09-09,1.958628320933839,0.007527144160121679,0.1807897537946701,0.28250208497047424,0.255363404750824,0.1096869558095932,0.1716577559709549
2024-09-10,1.9677158691887524,0.004639751277863979,0.18899066746234894,0.2558932602405548,0.24978774785995483,0.12637430429458618,0.17895402014255524
2024-09-11,1.9828463798286389,0.007689377758651972,0.19566737115383148,0.24870991706848145,0.2503448724746704,0.1294456124305725,0.17583227157592773
2024-09-12,2.0018641182978953,0.009591130539774895,0.20271740853786469,0.2341976761817932,0.24872541427612305,0.13818562030792236,0.17617389559745789
2024-09-13,2.0222769544818924,0.010196913965046406,0.2055220603942871,0.23114970326423645,0.2449623942375183,0.14251799881458282,0.17584781348705292
2024-09-16,2.0252702047183555,0.0014801386278122663,0.20845761895179749,0.22922347486019135,0.24225781857967377,0.14604730904102325,0.17401373386383057
2024-09-17,2.0265439004827686,0.0006289016455411911,0.20462344586849213,0.24108314514160156,0.24642404913902283,0.1367461085319519,0.171123206615448
2024-09-18,2.0171205911585424,-0.004649940878152847,0.20318655669689178,0.2398352175951004,0.24675525724887848,0.13723650574684143,0.1729864627122879
2024-09-19,2.050973683641378,0.01678287982940674,0.20130528509616852,0.243902325630188,0.24864110350608826,0.133611798286438,0.17253950238227844
2024-09-20,2.047443659101695,-0.0017211457015946507,0.20790398120880127,0.223361536860466,0.24188660085201263,0.14928969740867615,0.17755813896656036
2024-09-23,2.0480323326554593,0.0002875163627322763,0.20327188074588776,0.2426230013370514,0.24853157997131348,0.13388708233833313,0.17168647050857544
2024-09-24,2.057348903153974,0.004549034871160984,0.19974678754806519,0.24468709528446198,0.24980449676513672,0.13208068907260895,0.17368090152740479
2024-09-25,2.0478383682704564,-0.004622713662683964,0.19901125133037567,0.2439802885055542,0.2493276596069336,0.13271287083625793,0.17496785521507263
2024-09-26,2.0584206228630526,0.005167524330317974,0.19708748161792755,0.24930088222026825,0.25250324606895447,0.12769141793251038,0.17341698706150055
2024-09-27,2.0570516172693103,-0.00066507572773844,0.19872461259365082,0.24297751486301422,0.25019964575767517,0.13271135091781616,0.17538687586784363
2024-09-30,2.0572230120432944,8.332059951499104e-05,0.19904106855392456,0.24682006239891052,0.25007033348083496,0.13107112050056458,0.17299741506576538
2024-10-01,2.045229237752164,-0.005830079782754183,0.20054595172405243,0.2420923113822937,0.2493111789226532,0.13400892913341522,0.17404167354106903
2024-10-02,2.0434129148832065,-0.0008880778914317489,0.19266878068447113,0.26074644923210144,0.25482508540153503,0.12068068981170654,0.17107905447483063
2024-10-03,2.036116485032026,-0.0035707075148820877,0.1943313032388687,0.2504552900791168,0.25292065739631653,0.12719540297985077,0.17509736120700836
2024-10-04,2.0489836834192596,0.006319480482488871,0.19622105360031128,0.2488701045513153,0.25385186076164246,0.12720198929309845,0.1738549917936325
2024-10-07,2.032679026597632,-0.00795743614435196,0.20536574721336365,0.22904977202415466,0.24916569888591766,0.1411401480436325,0.17527861893177032
2024-10-08,2.04216719872395,0.0046678162179887295,0.20136335492134094,0.2453737109899521,0.2543099820613861,0.12895241379737854,0.17000050842761993
2024-10-09,2.046393773364633,0.0020696516148746014,0.20356957614421844,0.23388320207595825,0.25261709094047546,0.13613343238830566,0.1737966686487198
2024-10-10,2.0437211351113334,-0.0013060234487056732,0.20685359835624695,0.23001554608345032,0.2517431676387787,0.13875144720077515,0.1726362258195877
2024-10-11,2.06012841129413,0.008028138428926468,0.20318320393562317,0.23901277780532837,0.25417566299438477,0.13227641582489014,0.17135190963745117
2024-10-14,2.0709404331685706,0.005248227156698704,0.2060060352087021,0.2302592694759369,0.24857665598392487,0.14115473628044128,0.17400327324867249
2024-10-15,2.0664625388589535,-0.0021622516214847565,0.2101210504770279,0.22623974084854126,0.24922175705432892,0.14281706511974335,0.1716003715991974
2024-10-16,2.0797529964476973,0.00643150182440877,0.2020806074142456,0.24564073979854584,0.25344228744506836,0.12980476021766663,0.16903160512447357
2024-10-17,2.0763158850081203,-0.0016526536783203483,0.20279251039028168,0.23726442456245422,0.24968118965625763,0.1368703544139862,0.17339153587818146
2024-10-18,2.0840270913491796,0.0037138888146728277,0.20491251349449158,0.23527055978775024,0.25238367915153503,0.13568979501724243,0.1717434823513031
2024-10-21,2.0708323443017234,-0.006331370212137699,0.20491476356983185,0.23407664895057678,0.2540470063686371,0.13509760797023773,0.17186395823955536
2024-10-22,2.073197358437916,0.0011420596856623888,0.20268279314041138,0.23830333352088928,0.2572868764400482,0.13044102489948273,0.1712859719991684
2024-10-23,2.0517260509607893,-0.010356615297496319,0.20037250220775604,0.2408524602651596,0.2571541368961334,0.12933243811130524,0.1722884625196457
2024-10-24,2.062217929858722,0.005113684106618166,0.19604505598545074,0.25235515832901,0.25909721851348877,0.1224266067147255,0.17007595300674438
2024-10-25,2.0623448462944935,6.154365837574005e-05,0.19809550046920776,0.24219104647636414,0.2566486895084381,0.12922979891300201,0.1738349199295044
2024-10-28,2.0715620517828275,0.004469284322112799,0.20169678330421448,0.2375967800617218,0.2570168375968933,0.13119953870773315,0.17249004542827606
2024-10-29,2.079417716541686,0.00379214552231133,0.20645108819007874,0.22981737554073334,0.25253617763519287,0.13879665732383728,0.17239868640899658
2024-10-30,2.076548350001461,-0.0013798894360661507,0.20773513615131378,0.2295163869857788,0.25554177165031433,0.13670924305915833,0.17049740254878998
2024-10-31,2.0415229795115573,-0.01686711050570011,0.20391948521137238,0.2381705641746521,0.256925106048584,0.13139007985591888,0.16959473490715027
2024-11-01,2.045331466539699,0.001865512691438198,0.19258277118206024,0.2620474100112915,0.2617429196834564,0.11635005474090576,0.16727691888809204
2024-11-04,2.0503526878047067,0.0024549670051783323,0.1989617496728897,0.23846782743930817,0.2555045187473297,0.13237781822681427,0.17468811571598053
2024-11-05,2.0735836365744844,0.011330220848321915,0.20175838470458984,0.2407006472349167,0.256407231092453,0.13053525984287262,0.17059846222400665
2024-11-06,2.1065238202899796,0.01588563062250614,0.20890475809574127,0.22352266311645508,0.2504652142524719,0.1438593864440918,0.17324797809123993
2024-11-07,2.125204556916426,0.008868039585649967,0.2274860143661499,0.188473641872406,0.23168672621250153,0.17896731197834015,0.17338629066944122
2024-11-08,2.133320750673883,0.003819017671048641,0.22240428626537323,0.21425458788871765,0.24144496023654938,0.15573066473007202,0.16616548597812653
2024-11-11,2.1312204158311547,-0.0009845377644523978,0.21275706589221954,0.22868900001049042,0.24485071003437042,0.14535093307495117,0.16835229098796844
2024-11-12,2.1119024204493693,-0.00906428787857294,0.21029497683048248,0.2300836443901062,0.24477332830429077,0.14473411440849304,0.17011390626430511
2024-11-13,2.099867477571867,-0.005698626395314932,0.20261222124099731,0.24375951290130615,0.2511274218559265,0.1322602778673172,0.17024056613445282
2024-11-14,2.0869902294471756,-0.006132409907877445,0.19833990931510925,0.24730011820793152,0.2523050904273987,0.12947554886341095,0.1725793331861496
2024-11-15,2.0594482812973487,-0.013196970336139202,0.19210213422775269,0.25943318009376526,0.2552800476551056,0.12126847356557846,0.1719161570072174
2024-11-18,2.0730512378482477,0.006605145987123251,0.18368953466415405,0.27526575326919556,0.2555192708969116,0.11333605647087097,0.17218942940235138
2024-11-19,2.0865964454023374,0.006533947307616472,0.18842782080173492,0.25800323486328125,0.2509506940841675,0.12473422288894653,0.1778840869665146
2024-11-20,2.0882992420367743,0.0008160641882568598,0.19588880240917206,0.24756743013858795,0.24926915764808655,0.13124172389507294,0.17603297531604767
2024-11-21,2.1030360711476415,0.007056856993585825,0.19774462282657623,0.24727502465248108,0.2496037483215332,0.1311962902545929,0.1741802990436554
2024-11-22,2.1195079643928287,0.007832434959709644,0.20134331285953522,0.23929710686206818,0.24617375433444977,0.13799206912517548,0.17519372701644897
2024-11-25,2.1261641346655966,0.0031404318287968636,0.20392851531505585,0.23679396510124207,0.24425478279590607,0.14082062244415283,0.1742020845413208
2024-11-26,2.126856424795873,0.0003256052150391042,0.205352321267128,0.23925261199474335,0.24648945033550262,0.13842828571796417,0.17047733068466187
2024-11-27,2.1250006183775474,-0.0008725583902560174,0.2014312595129013,0.24234195053577423,0.24871022999286652,0.13463416695594788,0.17288242280483246
2024-11-29,2.1402568853179083,0.00717941764742136,0.19680912792682648,0.252063512802124,0.24995094537734985,0.1288212537765503,0.17235521972179413
2024-12-02,2.143822825611758,0.0016661272384226322,0.19837714731693268,0.2447114735841751,0.2497466653585434,0.13273395597934723,0.1744307279586792
2024-12-03,2.1400004337824825,-0.0017829793505370617,0.20174221694469452,0.23981934785842896,0.25163501501083374,0.13401606678962708,0.17278733849525452
2024-12-04,2.1551000231102244,0.007055881433188915,0.2000276744365692,0.24287520349025726,0.25255289673805237,0.1315648853778839,0.17297935485839844
2024-12-05,2.1444039158181813,-0.004963160492479801,0.20170050859451294,0.23817870020866394,0.2516023814678192,0.13480640947818756,0.17371204495429993
2024-12-06,2.152392884287885,0.003725496120750904,0.20076872408390045,0.2443401962518692,0.25672435760498047,0.128220334649086,0.16994643211364746
2024-12-09,2.1444014426903277,-0.0037128173280507326,0.2027733474969864,0.2356494814157486,0.2554243206977844,0.13379062712192535,0.17236219346523285
2024-12-10,2.142392664710422,-0.0009367546299472451,0.2001650333404541,0.243354931473732,0.25638478994369507,0.12893779575824738,0.17115744948387146
2024-12-11,2.1583461553145296,0.007446576375514269,0.1985095739364624,0.2447529435157776,0.2567586600780487,0.12795034050941467,0.1720285266637802
2024-12-12,2.136492409959221,-0.010125227272510529,0.20561225712299347,0.2275942713022232,0.25358882546424866,0.1390354335308075,0.17416918277740479
2024-12-13,2.129260414140565,-0.0033849854953587055,0.20399831235408783,0.2390069216489792,0.2577909827232361,0.13014225661754608,0.16906151175498962
2024-12-16,2.143193974039056,0.006543849594891071,0.20379295945167542,0.23465785384178162,0.2578262984752655,0.13252171874046326,0.1712011694908142
2024-12-17,2.132202111616972,-0.005128729622811079,0.20767848193645477,0.22639265656471252,0.2560122311115265,0.13824748992919922,0.1716691553592682
2024-12-18,2.0648219228157942,-0.03160122036933899,0.20336008071899414,0.23940211534500122,0.2597874104976654,0.1287636011838913,0.16868683695793152
2024-12-19,2.056890395858501,-0.003841264406219125,0.18102681636810303,0.2837214469909668,0.2656814455986023,0.10316925495862961,0.16640104353427887
2024-12-20,2.0762148879539724,0.009395003318786621,0.1834803968667984,0.26502060890197754,0.2564627528190613,0.1178554967045784,0.17718075215816498
2024-12-23,2.0781176486096804,0.0009164565126411617,0.19521895051002502,0.24512434005737305,0.25079137086868286,0.13145539164543152,0.17740997672080994
2024-12-24,2.0959539619267704,0.008582917973399162,0.20243796706199646,0.23692700266838074,0.2512223422527313,0.13533665239810944,0.17407597601413727
2024-12-26,2.103259990422835,0.0034857771825045347,0.2072889655828476,0.228390172123909,0.24894605576992035,0.14166107773780823,0.17371375858783722
2024-12-27,2.0795018449838247,-0.011295867152512074,0.20662569999694824,0.23356813192367554,0.24872246384620667,0.13924574851989746,0.17183803021907806
2024-12-30,2.064627920238451,-0.0071526383981108665,0.19812311232089996,0.25228017568588257,0.2544001638889313,0.12552881240844727,0.16966772079467773
2024-12-31,2.060107969209946,-0.002189232734963298,0.1903967410326004,0.26313522458076477,0.2561097741127014,0.11911100894212723,0.17124727368354797
