Date,portfolio_value,daily_return,SPY_weight,QQQ_weight,IWM_weight,TLT_weight,GLD_weight
2019-01-03,0.9872161727398634,-0.012783827260136604,0.1905302256345749,0.2886381447315216,0.13640014827251434,0.17418432235717773,0.2102471888065338
2019-01-04,1.0064887503959543,0.01952214539051056,0.18697386980056763,0.29718416929244995,0.12796509265899658,0.17938901484012604,0.2084878832101822
2019-01-07,1.0143498871780894,0.007810456678271294,0.14485904574394226,0.3536757528781891,0.13685108721256256,0.1787979155778885,0.18581615388393402
2019-01-08,1.0200792510345116,0.005648311227560043,0.14576685428619385,0.35272684693336487,0.1369432806968689,0.17425526678562164,0.19030772149562836
2019-01-09,1.0257907469888428,0.005599070806056261,0.147884339094162,0.3492719233036041,0.13589242100715637,0.17456334829330444,0.19238796830177307
2019-01-10,1.0257451144773266,-4.4485204853117466e-05,0.14958645403385162,0.3473000228404999,0.13581889867782593,0.17464502155780792,0.19264951348304749
2019-01-11,1.0256204855566446,-0.00012150086695328355,0.15436038374900818,0.33881741762161255,0.13468427956104279,0.1756703108549118,0.19646766781806946
2019-01-14,1.0200319924325594,-0.005448889918625355,0.15896117687225342,0.3329835832118988,0.13358591496944427,0.17602044343948364,0.19844888150691986
2019-01-15,1.028468377203665,0.008270706050097942,0.1645769476890564,0.32442742586135864,0.13275550305843353,0.17692378163337708,0.20131626725196838
2019-01-16,1.0306373154740622,0.002108901273459196,0.1535133719444275,0.34066271781921387,0.13530535995960236,0.17686156928539276,0.19365699589252472
2019-01-17,1.0356239808731813,0.0048384289257228374,0.15488342940807343,0.33931073546409607,0.13463029265403748,0.17584653198719025,0.1953289657831192
2019-01-18,1.0398758435765476,0.0041056047193706036,0.15310844779014587,0.3417021334171295,0.13497710227966309,0.17594194412231445,0.19427035748958588
2019-01-22,1.030231675390617,-0.009274345822632313,0.1519504338502884,0.3424321115016937,0.1352681815624237,0.1760343462228775,0.19431492686271667
2019-01-23,1.0302769993630732,4.399396129883826e-05,0.16863979399204254,0.3195251524448395,0.13175979256629944,0.17630529403686523,0.2037699967622757
2019-01-24,1.0342423040200284,0.003848775289952755,0.16331198811531067,0.3269398808479309,0.1329830288887024,0.17809630930423737,0.19866876304149628
2019-01-25,1.0435538170732024,0.009003221988677979,0.15925021469593048,0.3336740732192993,0.1339021921157837,0.1774747222661972,0.19569888710975647
2019-01-28,1.037555321524398,-0.005748142022639513,0.14828407764434814,0.3510160446166992,0.13672742247581482,0.1760842353105545,0.1878882795572281
2019-01-29,1.0357840450472349,-0.001707163406535983,0.15972396731376648,0.3333168923854828,0.13416193425655365,0.17616264522075653,0.19663454592227936
2019-01-30,1.0495594034533786,0.013299450278282166,0.16149890422821045,0.3311792314052582,0.13341796398162842,0.17717160284519196,0.19673225283622742
2019-01-31,1.0592982618493598,0.009278996847569942,0.14774423837661743,0.3515707850456238,0.13708174228668213,0.17628824710845947,0.1873149275779724
2019-02-01,1.0563959916368613,-0.0027398045640438795,0.1490027904510498,0.35005271434783936,0.13657458126544952,0.1750549077987671,0.18931494653224945
2019-02-04,1.0619323422545237,0.0052407910116016865,0.1557142436504364,0.3387644290924072,0.13493220508098602,0.17629292607307434,0.19429625570774078
2019-02-05,1.0673644531196396,0.005115307867527008,0.15171822905540466,0.34505215287208557,0.135834202170372,0.17686238884925842,0.19053299725055695
2019-02-06,1.0645819256280011,-0.002606914145871997,0.1536070853471756,0.343287855386734,0.13589303195476532,0.17617298662662506,0.19103914499282837
2019-02-07,1.0587242379683364,-0.0055023361928761005,0.15979933738708496,0.33333060145378113,0.1341925859451294,0.17724086344242096,0.19543655216693878
2019-02-08,1.0613614568085177,0.00249094027094543,0.1665647178888321,0.3243985176086426,0.132642924785614,0.17786231637001038,0.19853155314922333
2019-02-11,1.0605468044725936,-0.0007675540982745588,0.1602170169353485,0.3337368369102478,0.1341703087091446,0.17821142077445984,0.19366446137428284
2019-02-12,1.0696392459207982,0.008573352359235287,0.15795834362506866,0.33589962124824524,0.1344342976808548,0.17801086604595184,0.19369684159755707
2019-02-13,1.069315385642357,-0.0003027752391062677,0.14939989149570465,0.34916383028030396,0.1366109848022461,0.17669528722763062,0.1881299763917923
2019-02-14,1.071946557139934,0.0024606131482869387,0.1545567661523819,0.3409115672111511,0.13547919690608978,0.17650553584098816,0.19254694879055023
2019-02-15,1.0790998969215517,0.0066732242703437805,0.15641500055789948,0.3395651578903198,0.13496807217597961,0.1766470968723297,0.192404642701149
2019-02-19,1.0840809192758727,0.00461590476334095,0.14951778948307037,0.349791556596756,0.1360246241092682,0.17640168964862823,0.18826434016227722
2019-02-20,1.0841402149625008,5.4696734878234565e-05,0.15072490274906158,0.34863072633743286,0.13643941283226013,0.17549704015254974,0.18870803713798523
2019-02-21,1.0775440143556259,-0.0060842689126729965,0.1540677696466446,0.342346727848053,0.13544225692749023,0.17658837139606476,0.19155487418174744
2019-02-22,1.0843877083143618,0.006351196672767401,0.16141639649868011,0.3299866318702698,0.13404013216495514,0.17779932916164398,0.19675754010677338
2019-02-25,1.085215534237621,0.0007634040084667504,0.1549876481294632,0.3415051996707916,0.13520075380802155,0.17730680108070374,0.19099964201450348
2019-02-26,1.085758251879417,0.0005001012468710542,0.15623591840267181,0.33894872665405273,0.13537949323654175,0.17715492844581604,0.19228090345859528
2019-02-27,1.0819694194296843,-0.00348957278765738,0.1598428189754486,0.334332138299942,0.13473430275917053,0.1771668642759323,0.19392386078834534
2019-02-28,1.078473096672118,-0.0032314432319253683,0.15934596955776215,0.3334687650203705,0.1345660388469696,0.17822331190109253,0.19439592957496643
2019-03-01,1.0779509124696003,-0.00048418843653053045,0.16205425560474396,0.329965204000473,0.13408049941062927,0.1781439334154129,0.19575606286525726
2019-03-04,1.0770281637134402,-0.000856021128129214,0.1581270545721054,0.33457687497138977,0.13459619879722595,0.17864640057086945,0.19405342638492584
2019-03-05,1.077056323622241,2.6145935407839715e-05,0.1637183278799057,0.32837703824043274,0.13392023742198944,0.17767027020454407,0.19631417095661163
2019-03-06,1.0716165098084474,-0.005050630774348974,0.1617291271686554,0.33166947960853577,0.13429369032382965,0.17816327512264252,0.19414441287517548
2019-03-07,1.0656408896286307,-0.005576267372816801,0.16809393465518951,0.3223137855529785,0.13337115943431854,0.178195983171463,0.19802507758140564
2019-03-08,1.0678283541621578,0.002052722033113241,0.16954448819160461,0.3206652104854584,0.13226598501205444,0.1789879947900772,0.19853630661964417
2019-03-11,1.0785490277143945,0.010039697401225567,0.16100457310676575,0.3335956037044525,0.13432756066322327,0.1784730851650238,0.19259914755821228
2019-03-12,1.083851753005266,0.004916536156088114,0.1485937088727951,0.35059019923210144,0.13691829144954681,0.17718295753002167,0.18671487271785736
2019-03-13,1.0894040591871175,0.005122754257172346,0.15243414044380188,0.34586942195892334,0.1363227516412735,0.17566275596618652,0.18971088528633118
2019-03-14,1.084275691746138,-0.004707498010247946,0.15048901736736298,0.34851551055908203,0.13665083050727844,0.17598040401935577,0.1883642077445984
2019-03-15,1.091089819813532,0.006284497678279877,0.15901976823806763,0.333889365196228,0.1347312331199646,0.17718501389026642,0.19517463445663452
2019-03-18,1.0935394814372368,0.0022451512049883604,0.15515278279781342,0.34161368012428284,0.13553641736507416,0.17694391310214996,0.19075319170951843
2019-03-19,1.094231054501785,0.00063241709722206,0.15410776436328888,0.3426940143108368,0.13556255400180817,0.1769348680973053,0.19070076942443848
2019-03-20,1.0973124453527427,0.0028160330839455128,0.15663789212703705,0.3388809561729431,0.1355900764465332,0.17693200707435608,0.19195905327796936
2019-03-21,1.1065036125561187,0.008376071229577065,0.15935751795768738,0.3361772894859314,0.1350383758544922,0.176910862326622,0.19251593947410583
2019-03-22,1.0926280938099686,-0.012539966963231564,0.1507914513349533,0.3479784429073334,0.136287659406662,0.17715056240558624,0.1877918243408203
2019-03-25,1.0944691983779877,0.001685024006292224,0.17549854516983032,0.31276416778564453,0.13172762095928192,0.17695105075836182,0.2030586302280426
2019-03-26,1.09781246564083,0.0030546928755939007,0.16163228452205658,0.33257627487182617,0.13365419209003448,0.1792161762714386,0.19292107224464417
2019-03-27,1.0946226415415934,-0.0029056183993816376,0.15516246855258942,0.34066063165664673,0.1351732611656189,0.17800043523311615,0.19100321829319
2019-03-28,1.0950418767951717,0.00038299523293972015,0.16294996440410614,0.32971274852752686,0.1335131824016571,0.17758993804454803,0.19623415172100067
2019-03-29,1.0993506635537778,0.003934814594686031,0.16008810698986053,0.3329562842845917,0.13365815579891205,0.17858736217021942,0.19471004605293274
2019-04-01,1.1042852667373078,0.0044886525720357895,0.1553288996219635,0.3405069410800934,0.13548405468463898,0.17757345736026764,0.19110655784606934
2019-04-02,1.1065617196834514,0.0020614718087017536,0.1489638239145279,0.34906095266342163,0.13693289458751678,0.17691701650619507,0.18812520802021027
2019-04-03,1.1077711932521581,0.0010930014541372657,0.15427806973457336,0.3427029848098755,0.13592199981212616,0.17617586255073547,0.19092103838920593
2019-04-04,1.1099022081604428,0.0019236959051340818,0.15320216119289398,0.3435960114002228,0.13589203357696533,0.17707836627960205,0.19023144245147705
2019-04-05,1.1141203237428472,0.0038004389498382807,0.15435099601745605,0.3428034484386444,0.13538578152656555,0.17679649591445923,0.19066327810287476
2019-04-08,1.1151923419830578,0.00096221046987921,0.15250873565673828,0.3454391062259674,0.13569039106369019,0.17695669829845428,0.18940506875514984
2019-04-09,1.1128269176670207,-0.0021210908889770508,0.15431377291679382,0.3426958918571472,0.13592559099197388,0.17680951952934265,0.19025523960590363
2019-04-10,1.1185892725991442,0.0051781232468783855,0.16066600382328033,0.33381983637809753,0.13475479185581207,0.177138552069664,0.19362081587314606
2019-04-11,1.113546031098955,-0.004508573096245527,0.15289780497550964,0.34552016854286194,0.13554222881793976,0.17747430503368378,0.1885654181241989
2019-04-12,1.1152600504985055,0.0015392443165183067,0.1592051237821579,0.3340623378753662,0.13454242050647736,0.17787709832191467,0.19431303441524506
2019-04-15,1.114816370867864,-0.0003978261665906757,0.15500393509864807,0.3407679498195648,0.13555151224136353,0.1777372658252716,0.19093942642211914
2019-04-16,1.1133935777821597,-0.0012762577971443534,0.1587338149547577,0.3359989523887634,0.13483253121376038,0.1774209588766098,0.1930137723684311
2019-04-17,1.112555538849157,-0.0007526888512074947,0.1582007110118866,0.33584916591644287,0.1347953826189041,0.17819096148014069,0.19296374917030334
2019-04-18,1.1141344867137852,0.0014192081289365888,0.16100771725177765,0.3325372636318207,0.13473263382911682,0.17789988219738007,0.19382250308990479
2019-04-22,1.113993639327588,-0.00012641865760087967,0.1594683676958084,0.33554285764694214,0.13471311330795288,0.1779271364212036,0.19234849512577057
2019-04-23,1.122558696645295,0.007688605226576328,0.1576957255601883,0.3378456234931946,0.13541151583194733,0.17815014719963074,0.19089698791503906
2019-04-24,1.123646722142703,0.0009692370658740401,0.15018948912620544,0.3496398329734802,0.13648554682731628,0.17734555900096893,0.18633952736854553
2019-04-25,1.1237206387769312,6.578280590474606e-05,0.15523135662078857,0.34275519847869873,0.13537588715553284,0.1768372356891632,0.18980032205581665
2019-04-26,1.1284489981979315,0.004207771271467209,0.15757334232330322,0.3384689390659332,0.13562200963497162,0.17758016288280487,0.19075553119182587
2019-04-29,1.1279884872665404,-0.00040809193160384893,0.1525779366493225,0.34680482745170593,0.13591399788856506,0.17730750143527985,0.18739567697048187
2019-04-30,1.126024690842215,-0.0017409720458090305,0.1538563072681427,0.3434317708015442,0.1358918845653534,0.17753629386425018,0.18928371369838715
2019-05-01,1.1213995397495946,-0.004107504151761532,0.15876002609729767,0.33717331290245056,0.13482624292373657,0.17750300467014313,0.19173742830753326
2019-05-02,1.1183040717299408,-0.0027603614144027233,0.16457588970661163,0.32826608419418335,0.13376325368881226,0.178627148270607,0.19476768374443054
2019-05-03,1.1306358678827402,0.011027229949831963,0.16048245131969452,0.3337143361568451,0.1342325061559677,0.17921750247478485,0.1923532336950302
2019-05-06,1.1284887391405387,-0.0018990453099831939,0.14770185947418213,0.3540284335613251,0.13702428340911865,0.17722025513648987,0.1840251386165619
2019-05-07,1.1171215765320905,-0.01007290743291378,0.15548305213451385,0.34193360805511475,0.13542591035366058,0.17681655287742615,0.19034089148044586
2019-05-08,1.1138148501586524,-0.002960041631013155,0.1696852445602417,0.321463018655777,0.13253667950630188,0.1780039519071579,0.19831109046936035
2019-05-09,1.1120803996695514,-0.0015572161646559834,0.1639394313097,0.32853400707244873,0.13373257219791412,0.1795932501554489,0.19420075416564941
2019-05-10,1.113991683498789,0.0017186561599373817,0.16261081397533417,0.3311842381954193,0.13404124975204468,0.17872990667819977,0.19343380630016327
2019-05-13,1.0950163498701517,-0.017033640295267105,0.15671689808368683,0.33953189849853516,0.135278582572937,0.1783224195241928,0.19015026092529297
2019-05-14,1.1013185822969813,0.005755377467721701,0.1775244176387787,0.3105158805847168,0.13101230561733246,0.1780247837305069,0.20292268693447113
2019-05-15,1.1091325409848702,0.007095093838870525,0.15710724890232086,0.3384980261325836,0.1346932053565979,0.17973032593727112,0.1899711936712265
2019-05-16,1.1132871636161397,0.0037458306178450584,0.15370692312717438,0.34384089708328247,0.13616156578063965,0.17724548280239105,0.18904507160186768
2019-05-17,1.1050548729503926,-0.007394579704850912,0.15222561359405518,0.3449779450893402,0.13614124059677124,0.17705507576465607,0.18960009515285492
2019-05-20,1.0962637252871932,-0.007955394685268402,0.1652265042066574,0.3258592486381531,0.13335679471492767,0.17762692272663116,0.19793052971363068
2019-05-21,1.1027108740361273,0.005881019867956638,0.16736268997192383,0.3230211138725281,0.13238316774368286,0.17901493608951569,0.19821809232234955
2019-05-22,1.1001652803618513,-0.0023084869608283043,0.15448026359081268,0.3418581783771515,0.13522136211395264,0.17856311798095703,0.18987712264060974
2019-05-23,1.0931163342825534,-0.006407170090824366,0.16158519685268402,0.33177289366722107,0.13422107696533203,0.1774921417236328,0.19492870569229126
2019-05-24,1.0951112917460202,0.0018250184366479516,0.17012149095535278,0.32060688734054565,0.13241074979305267,0.17804445326328278,0.1988164633512497
2019-05-28,1.0915146486055824,-0.0032842718064785004,0.15901319682598114,0.3357830047607422,0.13405489921569824,0.17895780503749847,0.19219106435775757
2019-05-29,1.0867926028691137,-0.004326140508055687,0.16501902043819427,0.32689762115478516,0.13337980210781097,0.17824144661426544,0.19646206498146057
2019-05-30,1.0914773310564274,0.004310599993914366,0.16617491841316223,0.325235515832901,0.13301491737365723,0.1787555068731308,0.19681914150714874
2019-05-31,1.0863782577854981,-0.004671717062592506,0.15958485007286072,0.33559444546699524,0.1346295326948166,0.1781236231327057,0.19206750392913818
2019-06-03,1.082873822470064,-0.0032257966231554747,0.16649074852466583,0.3263436555862427,0.1331033557653427,0.1775970458984375,0.19646526873111725
2019-06-04,1.09817377975514,0.014129030518233776,0.16206789016723633,0.33240675926208496,0.13304810225963593,0.1783062070608139,0.1941710263490677
2019-06-05,1.1018928340486511,0.003386580850929022,0.14196981489658356,0.3604472279548645,0.13804088532924652,0.176687091588974,0.18285498023033142
2019-06-06,1.106916828893816,0.004559422377496958,0.1481953114271164,0.35089588165283203,0.1372995674610138,0.17502450942993164,0.18858478963375092
2019-06-07,1.1198367347300215,0.011671975255012512,0.15207475423812866,0.3457815945148468,0.13621832430362701,0.17561815679073334,0.19030717015266418
2019-06-10,1.1221248083048774,0.002043220680207014,0.14799267053604126,0.35279080271720886,0.13695143163204193,0.1754835695028305,0.18678151071071625
2019-06-11,1.122024129951815,-8.972117211669683e-05,0.1509203463792801,0.34590065479278564,0.13629773259162903,0.17631231248378754,0.1905689686536789
2019-06-12,1.120959678061839,-0.0009486889466643333,0.15685328841209412,0.33809807896614075,0.13503234088420868,0.1766800582408905,0.19333621859550476
2019-06-13,1.1275088164891363,0.0058424388989806175,0.15790729224681854,0.33716654777526855,0.13447438180446625,0.1772778332233429,0.19317400455474854
2019-06-14,1.12474541335965,-0.0024508927017450333,0.15226611495018005,0.3460429608821869,0.13566134870052338,0.17691104114055634,0.18911859393119812
2019-06-17,1.1283221145106817,0.0031800095457583666,0.1596505343914032,0.3343614637851715,0.13457587361335754,0.17703281342983246,0.19437932968139648
2019-06-18,1.139543376255655,0.009945087134838104,0.1559392213821411,0.3401024639606476,0.13498570024967194,0.1776147186756134,0.19135794043540955
2019-06-19,1.1435547546958365,0.0035201630089432,0.14877688884735107,0.35156264901161194,0.1366892158985138,0.17641182243824005,0.18655943870544434
2019-06-20,1.1555108595303514,0.010455209761857986,0.15116392076015472,0.3478544056415558,0.13631419837474823,0.17598994076251984,0.18867751955986023
2019-06-21,1.1524457175926206,-0.002652629278600216,0.14516812562942505,0.3583126664161682,0.13786303997039795,0.17479977011680603,0.18385638296604156
2019-06-24,1.1550600390095889,0.002268498530611396,0.1530270278453827,0.3442161977291107,0.1365145593881607,0.17583434283733368,0.19040784239768982
2019-06-25,1.1465737587730744,-0.007347046863287687,0.1570398062467575,0.33977076411247253,0.13558219373226166,0.17614436149597168,0.19146282970905304
2019-06-26,1.144391323897081,-0.001903440454043448,0.16442279517650604,0.32801899313926697,0.13304954767227173,0.1777956783771515,0.1967129409313202
2019-06-27,1.1505602092369827,0.005390538368374109,0.16176249086856842,0.33024102449417114,0.1340745985507965,0.1789015829563141,0.19502031803131104
2019-06-28,1.1543100804035418,0.0032591698691248894,0.1544574499130249,0.342471718788147,0.13477922976016998,0.17775729298591614,0.1905342936515808
2019-07-01,1.1571028257706568,0.002419406548142433,0.15174783766269684,0.3463383913040161,0.13568800687789917,0.1769145131111145,0.189311221241951
2019-07-02,1.1644481160186841,0.006348001305013895,0.1547747105360031,0.34003105759620667,0.13551059365272522,0.17732785642147064,0.19235575199127197
2019-07-03,1.171835981488925,0.006344520952552557,0.15364037454128265,0.3451295793056488,0.13634759187698364,0.17596447467803955,0.18891796469688416
2019-07-05,1.1659968423066038,-0.004982898011803627,0.15153121948242188,0.34762147068977356,0.1361262947320938,0.1763773411512375,0.1883436143398285
2019-07-08,1.1595434027036533,-0.005534697324037552,0.15677489340305328,0.33708059787750244,0.1350211352109909,0.1775275021791458,0.1935959756374359
2019-07-09,1.162602522873107,0.0026382110081613064,0.16508185863494873,0.32587379217147827,0.13333886861801147,0.17797106504440308,0.19773437082767487
2019-07-10,1.1699851191834003,0.00635006045922637,0.15844571590423584,0.3364516496658325,0.1348656713962555,0.17818443477153778,0.19205257296562195
2019-07-11,1.1646837392209892,-0.004531151615083218,0.1507900208234787,0.3484230637550354,0.13710370659828186,0.17657656967639923,0.1871066838502884
2019-07-12,1.1706182003123184,0.005095341242849827,0.15691709518432617,0.33692172169685364,0.1355460286140442,0.17714299261569977,0.19347219169139862
2019-07-15,1.1723198922966982,0.0014536695089191198,0.15281645953655243,0.34501656889915466,0.13588979840278625,0.17673969268798828,0.18953751027584076
2019-07-16,1.1670906408532606,-0.004460601136088371,0.1575070321559906,0.3380374610424042,0.13522960245609283,0.1767786294221878,0.19244727492332458
2019-07-17,1.1687365503669034,0.0014102670829743147,0.1614162176847458,0.3311140537261963,0.13388223946094513,0.1780344694852829,0.19555304944515228
2019-07-18,1.1736438569917043,0.00419881334528327,0.16128559410572052,0.33377605676651,0.13434255123138428,0.1773134171962738,0.193282350897789
2019-07-19,1.1649674274581359,-0.007392727769911289,0.1537109911441803,0.3444312810897827,0.13589908182621002,0.17704494297504425,0.18891367316246033
2019-07-22,1.1686744615120277,0.003182092448696494,0.16386714577674866,0.3271844983100891,0.133525550365448,0.17797663807868958,0.19744619727134705
2019-07-23,1.1711814032360088,0.0021451155189424753,0.1590508371591568,0.3352852463722229,0.13483452796936035,0.17805880308151245,0.1927705854177475
2019-07-24,1.1794657845687917,0.0070735253393650055,0.1549503058195114,0.3405848443508148,0.13555975258350372,0.17771415412425995,0.1911909133195877
2019-07-25,1.1701704227558012,-0.00788099318742752,0.15008915960788727,0.3495478332042694,0.1361808180809021,0.17645713686943054,0.18772511184215546
2019-07-26,1.178104421721044,0.006780208088457584,0.16248877346515656,0.3293527662754059,0.1341114491224289,0.1773049682378769,0.19674207270145416
2019-07-29,1.1768568391375323,-0.0010589745361357927,0.1534547656774521,0.3439759314060211,0.1355789452791214,0.17750804126262665,0.18948233127593994
2019-07-30,1.1776589406549935,0.0006815625238232315,0.15787643194198608,0.3374424874782562,0.13526473939418793,0.17685145139694214,0.19256484508514404
2019-07-31,1.167459594052008,-0.0086606964468956,0.15604649484157562,0.3405289053916931,0.13473503291606903,0.1773989200592041,0.19129060208797455
2019-08-01,1.1712461923194504,0.003243451239541173,0.16878855228424072,0.321022629737854,0.13209804892539978,0.17835834622383118,0.19973236322402954
2019-08-02,1.1633671965495034,-0.00672701932489872,0.16538766026496887,0.32906731963157654,0.13366469740867615,0.17779749631881714,0.1940828114748001
2019-08-05,1.1460051250739525,-0.014923982322216034,0.16972047090530396,0.3206533193588257,0.13220331072807312,0.17882205545902252,0.19860084354877472
2019-08-06,1.1586516918370962,0.01103534922003746,0.18374256789684296,0.3025398850440979,0.12923192977905273,0.1786942481994629,0.20579136908054352
2019-08-07,1.1642217945796487,0.004807400517165661,0.15749944746494293,0.3385924696922302,0.13473764061927795,0.179298534989357,0.18987181782722473
2019-08-08,1.1812579961872047,0.014633123762905598,0.153413787484169,0.3442922532558441,0.13641299307346344,0.17642392218112946,0.1894570291042328
2019-08-09,1.1728823044107877,-0.007090484723448753,0.14224575459957123,0.3611026108264923,0.1379486620426178,0.17500430345535278,0.1836986094713211
2019-08-12,1.1705022478462892,-0.00202923733741045,0.1596781611442566,0.33324432373046875,0.13457472622394562,0.17580410838127136,0.1966986358165741
2019-08-13,1.1813145104360263,0.009237284772098064,0.16755977272987366,0.324293851852417,0.1323852688074112,0.17699885368347168,0.19876225292682648
2019-08-14,1.1652357541169973,-0.0136109022423625,0.1521976888179779,0.34424474835395813,0.1359405517578125,0.17778530716896057,0.18983162939548492
2019-08-15,1.1686309953473946,0.0029137805104255676,0.17798370122909546,0.3092360198497772,0.1303386390209198,0.1766154170036316,0.20582619309425354
2019-08-16,1.1776908180328238,0.007752509322017431,0.16547155380249023,0.32639917731285095,0.13267087936401367,0.17889583110809326,0.19656255841255188
2019-08-19,1.1822172494389633,0.0038434802554547787,0.15003322064876556,0.3467240035533905,0.13597095012664795,0.17758412659168243,0.18968768417835236
2019-08-20,1.180516512929369,-0.001438598963432014,0.1493297964334488,0.34640154242515564,0.13663941621780396,0.17605604231357574,0.19157326221466064
2019-08-21,1.1846998981350252,0.0035436905454844236,0.16025057435035706,0.3330845236778259,0.13394582271575928,0.17562483251094818,0.19709426164627075
2019-08-22,1.1809832213150626,-0.0031372306402772665,0.1537618190050125,0.3411579430103302,0.13519105315208435,0.17696689069271088,0.19292229413986206
2019-08-23,1.16640665924608,-0.012342734262347221,0.1586492955684662,0.333539217710495,0.13439781963825226,0.17671674489974976,0.19669689238071442
2019-08-26,1.1749657898704067,0.007338033057749271,0.17720885574817657,0.31007668375968933,0.13046754896640778,0.1766153872013092,0.20563149452209473
2019-08-27,1.1764058858245512,0.001225649262778461,0.1562652885913849,0.3379420340061188,0.1346241533756256,0.1785459667444229,0.19262254238128662
2019-08-28,1.1805748368090163,0.003543803235515952,0.16289108991622925,0.32948723435401917,0.13398541510105133,0.17616428434848785,0.19747191667556763
2019-08-29,1.189294455229614,0.007385909091681242,0.15571650862693787,0.33875754475593567,0.13438795506954193,0.17714619636535645,0.1939917653799057
2019-08-30,1.1874048427374586,-0.0015888516791164875,0.14929741621017456,0.3475121855735779,0.13595052063465118,0.17625698447227478,0.1909829080104828
2019-09-03,1.1835628546675911,-0.0032356176525354385,0.15756531059741974,0.335419237613678,0.13442790508270264,0.17596058547496796,0.1966269165277481
2019-09-04,1.1943592776401943,0.009121968410909176,0.16272218525409698,0.32926511764526367,0.13377708196640015,0.17651717364788055,0.19771848618984222
2019-09-05,1.1977872466796171,0.002870132215321064,0.15166811645030975,0.3456476032733917,0.13594819605350494,0.17651958763599396,0.19021645188331604
2019-09-06,1.1962937245685046,-0.0012469009961932898,0.14922679960727692,0.3456181287765503,0.1362014263868332,0.17662127315998077,0.19233232736587524
2019-09-09,1.1930299438811813,-0.0027282435912638903,0.16041308641433716,0.3310651183128357,0.1338098645210266,0.1760866492986679,0.19862523674964905
2019-09-10,1.188115003079734,-0.004119712859392166,0.1556399166584015,0.33714887499809265,0.13437871634960175,0.17744240164756775,0.19539006054401398
2019-09-11,1.1974317866713418,0.007841651327908039,0.15592241287231445,0.33617347478866577,0.13439370691776276,0.17724287509918213,0.1962675005197525
2019-09-12,1.1989091279235844,0.0012337581720203161,0.14861014485359192,0.3495483696460724,0.13595011830329895,0.17579761147499084,0.1900937557220459
2019-09-13,1.191129663622626,-0.0064887856133282185,0.15260054171085358,0.34325164556503296,0.13594013452529907,0.17564141750335693,0.19256623089313507
2019-09-16,1.1939794523651945,0.002392509253695607,0.15687786042690277,0.33503958582878113,0.13481225073337555,0.17697811126708984,0.1962922364473343
2019-09-17,1.1975632249644645,0.0030015362426638603,0.1587192416191101,0.3358456492424011,0.13395392894744873,0.17639097571372986,0.19509024918079376
2019-09-18,1.1959437014588437,-0.0013523490633815527,0.15783362090587616,0.33662497997283936,0.13473156094551086,0.17680954933166504,0.194000244140625
2019-09-19,1.1973962713505328,0.001214580493979156,0.16188834607601166,0.32996687293052673,0.13385626673698425,0.17724546790122986,0.1970430463552475
2019-09-20,1.1974389622678319,3.56531236320734e-05,0.16030700504779816,0.33288803696632385,0.13435564935207367,0.17726029455661774,0.19518908858299255
2019-09-23,1.198708166204442,0.0010599320521578193,0.16153769195079803,0.3324105739593506,0.13358457386493683,0.1768423467874527,0.19562479853630066
2019-09-24,1.1931309987732155,-0.0046526482328772545,0.15810778737068176,0.33665481209754944,0.13477282226085663,0.17740413546562195,0.19306041300296783
2019-09-25,1.1928114643301628,-0.00026781170163303614,0.1667698621749878,0.3246576488018036,0.1329953372478485,0.1772158145904541,0.1983613818883896
2019-09-26,1.1904477058693377,-0.0019816698040813208,0.15771371126174927,0.3345792889595032,0.13460472226142883,0.17894068360328674,0.1941615492105484
2019-09-27,1.1825490631695617,-0.00663501862436533,0.1638612449169159,0.3275780975818634,0.13381333649158478,0.17729711532592773,0.1974501758813858
2019-09-30,1.1840801171074509,0.0012947064824402332,0.16786324977874756,0.3217240273952484,0.1323658525943756,0.17839649319648743,0.1996503472328186
2019-10-01,1.1773605157626617,-0.00567495496943593,0.16280412673950195,0.3282533288002014,0.13361409306526184,0.17886626720428467,0.1964622288942337
2019-10-02,1.169316301478872,-0.006832413841038942,0.1690610647201538,0.3205825388431549,0.1330258548259735,0.17790807783603668,0.1994224190711975
2019-10-03,1.178490981134117,0.00784619152545929,0.16912998259067535,0.3213178217411041,0.13225170969963074,0.1784694492816925,0.19883105158805847
2019-10-04,1.1898587790757105,0.00964606273919344,0.15715549886226654,0.3386988937854767,0.1350732445716858,0.1778883934020996,0.19118402898311615
2019-10-07,1.1838812193725317,-0.005023755598813295,0.1505250632762909,0.34814414381980896,0.1364479809999466,0.17630599439144135,0.188576802611351
2019-10-08,1.1749348665629837,-0.007556799333542585,0.1586131453514099,0.3342546224594116,0.13468831777572632,0.17694421112537384,0.1954997032880783
2019-10-09,1.1802256607117865,0.004503053147345781,0.16799387335777283,0.32234448194503784,0.1328117400407791,0.17740416526794434,0.19944573938846588
2019-10-10,1.18005641808605,-0.00014339853078126907,0.15591953694820404,0.33907458186149597,0.13534516096115112,0.17805443704128265,0.19160625338554382
2019-10-11,1.1858887315743898,0.004942402243614197,0.15438085794448853,0.33975768089294434,0.13588708639144897,0.17727603018283844,0.1926983743906021
2019-10-14,1.187466223545097,0.0013302192091941833,0.1487928032875061,0.34858793020248413,0.1365910768508911,0.17648625373840332,0.18954192101955414
2019-10-15,1.1920691453053827,0.0038762548938393593,0.15654785931110382,0.3388780653476715,0.13514810800552368,0.17582732439041138,0.19359859824180603
2019-10-16,1.192481458899289,0.00034588060225360096,0.15071547031402588,0.34580984711647034,0.13620615005493164,0.1768379658460617,0.1904306560754776
2019-10-17,1.1958078977921032,0.0027895099483430386,0.1555383801460266,0.34003567695617676,0.1352146565914154,0.1760540008544922,0.19315724074840546
2019-10-18,1.1900177596580819,-0.0048420303501188755,0.15275762975215912,0.34398341178894043,0.13539184629917145,0.17656640708446503,0.19130071997642517
2019-10-21,1.1935725130190642,0.0029871431179344654,0.16097842156887054,0.3315153121948242,0.13389654457569122,0.17692287266254425,0.1966867744922638
2019-10-22,1.1918043140004229,-0.0014814340975135565,0.15437667071819305,0.3406127393245697,0.1353146880865097,0.17749963700771332,0.19219623506069183
2019-10-23,1.1940795280770042,0.0019090500427410007,0.15938061475753784,0.3345497250556946,0.13410110771656036,0.17680878937244415,0.19515983760356903
2019-10-24,1.1992702365921772,0.004347037523984909,0.15711010992527008,0.33782005310058594,0.13486039638519287,0.17723537981510162,0.19297407567501068
2019-10-25,1.203651806417382,0.003653530031442642,0.15433676540851593,0.34217193722724915,0.13608936965465546,0.17665018141269684,0.1907517910003662
2019-10-28,1.2062553175323179,0.0021630101837217808,0.15213236212730408,0.3451572060585022,0.13626877963542938,0.17644868791103363,0.1899930089712143
2019-10-29,1.2030072876047568,-0.0026926554273813963,0.1520019769668579,0.34425973892211914,0.136089488863945,0.176721453666687,0.19092735648155212
2019-10-30,1.2093821571917296,0.005299111362546682,0.1579083800315857,0.33639317750930786,0.13435962796211243,0.1769874542951584,0.19435131549835205
2019-10-31,1.2133163236371172,0.0032530382741242647,0.1577647626399994,0.33844098448753357,0.1349007934331894,0.17694199085235596,0.1919514685869217
2019-11-01,1.221113466143194,0.006426306441426277,0.15868912637233734,0.3376474380493164,0.13489726185798645,0.1768736094236374,0.19189251959323883
2019-11-04,1.2218524332040925,0.0006051583914086223,0.1493058055639267,0.350180983543396,0.1363690346479416,0.17697347700595856,0.18717066943645477
2019-11-05,1.2158743738060402,-0.004892619792371988,0.15081404149532318,0.3465137779712677,0.1366417557001114,0.1765011101961136,0.18952929973602295
2019-11-06,1.216369175739236,0.0004069515271112323,0.15817703306674957,0.3346777558326721,0.13479158282279968,0.17760062217712402,0.19475297629833221
2019-11-07,1.2112147229725765,-0.0042375726625323296,0.16019946336746216,0.33411744236946106,0.13449743390083313,0.17739978432655334,0.19378584623336792
2019-11-08,1.2113295596577391,9.481117012910545e-05,0.15836098790168762,0.3341350853443146,0.13488923013210297,0.17872464656829834,0.1938900500535965
2019-11-11,1.2096902706762138,-0.001353297266177833,0.1578361988067627,0.3362773656845093,0.13502120971679688,0.17796233296394348,0.19290292263031006
2019-11-12,1.2129305697367392,0.0026786187663674355,0.16000591218471527,0.3339642882347107,0.13453416526317596,0.17785635590553284,0.19363920390605927
2019-11-13,1.2147109380333818,0.0014678237494081259,0.157457634806633,0.33856815099716187,0.13512824475765228,0.17767946422100067,0.19116650521755219
2019-11-14,1.2178036789827207,0.0025460715405642986,0.1583060622215271,0.33762723207473755,0.13511034846305847,0.1773913949728012,0.19156493246555328
2019-11-15,1.2222362771170727,0.003639829810708761,0.15776601433753967,0.3388180136680603,0.134940966963768,0.17738105356693268,0.19109392166137695
2019-11-18,1.2233653424824238,0.0009237701306119561,0.15366607904434204,0.3437059819698334,0.13593438267707825,0.17747947573661804,0.18921403586864471
2019-11-19,1.226457363395996,0.002527471398934722,0.15608754754066467,0.34063032269477844,0.1356312781572342,0.1770886331796646,0.19056224822998047
2019-11-20,1.22495947247362,-0.0012213151203468442,0.15644466876983643,0.3406868278980255,0.13513429462909698,0.17736046016216278,0.19037379324436188
2019-11-21,1.220253589265426,-0.003841664409264922,0.16086789965629578,0.3342112600803375,0.13420897722244263,0.1776951402425766,0.19301676750183105
2019-11-22,1.221295714221791,0.0008540232665836811,0.16123738884925842,0.33203548192977905,0.13446113467216492,0.17864194512367249,0.1936240792274475
2019-11-25,1.230609317442874,0.007626001723110676,0.1582319587469101,0.33712098002433777,0.13487198948860168,0.17825756967067719,0.19151748716831207
2019-11-26,1.2343382015192392,0.003030112013220787,0.1499137580394745,0.3497808873653412,0.13614918291568756,0.17742106318473816,0.1867350935935974
2019-11-27,1.2374566383289813,0.002526403870433569,0.1532190591096878,0.3454105854034424,0.13609296083450317,0.17642025649547577,0.18885712325572968
2019-11-29,1.2346787457036132,-0.0022448403760790825,0.1525420993566513,0.3453913927078247,0.13606661558151245,0.1771552413702011,0.18884466588497162
2019-12-02,1.2240206186474674,-0.00863230787217617,0.1574631631374359,0.3386293053627014,0.13541848957538605,0.17713084816932678,0.19135819375514984
2019-12-03,1.2257840644735238,0.0014406994450837374,0.16251637041568756,0.3300401568412781,0.1343570351600647,0.1783774495124817,0.1947089284658432
2019-12-04,1.2276824813898233,0.001548736821860075,0.1632779985666275,0.33199378848075867,0.13357362151145935,0.1779279261827469,0.19322676956653595
2019-12-05,1.2280842256401885,0.00032723791082389653,0.15415601432323456,0.342797189950943,0.13583269715309143,0.17844286561012268,0.18877124786376953
2019-12-06,1.2326866319882581,0.00374763086438179,0.15474644303321838,0.3420679569244385,0.13596615195274353,0.17737199366092682,0.18984739482402802
2019-12-09,1.2302427982121826,-0.0019825263880193233,0.15134091675281525,0.34659281373023987,0.13626515865325928,0.17747677862644196,0.18832436203956604
2019-12-10,1.2304665233996606,0.00018185449880547822,0.1578429639339447,0.33788612484931946,0.13497252762317657,0.17725466191768646,0.19204367697238922
2019-12-11,1.2364917848199148,0.004896729253232479,0.1571175754070282,0.33923670649528503,0.13513198494911194,0.17777597904205322,0.1907377690076828
2019-12-12,1.238273281769017,0.0014407673152163625,0.15488748252391815,0.34339097142219543,0.13585494458675385,0.17717692255973816,0.18868966400623322
2019-12-13,1.2427133236112475,0.003585672006011009,0.14990168809890747,0.3485139310359955,0.136897012591362,0.17736826837062836,0.18731915950775146
2019-12-16,1.2474756019635849,0.003832161659374833,0.15536795556545258,0.3425205945968628,0.13578513264656067,0.17639866471290588,0.1899275928735733
2019-12-17,1.248262545626838,0.000630828901194036,0.15026091039180756,0.3488287627696991,0.13677816092967987,0.1771090179681778,0.18702317774295807
2019-12-18,1.2471291675729763,-0.0009079644805751741,0.15333789587020874,0.34450504183769226,0.13588540256023407,0.1768321543931961,0.1894395649433136
2019-12-19,1.2522720648571881,0.004123788792639971,0.1543632596731186,0.3424840271472931,0.13581833243370056,0.17734186351299286,0.18999256193637848
2019-12-20,1.2556264106070487,0.0026786078233271837,0.1527761071920395,0.3457810580730438,0.13614080846309662,0.17701619863510132,0.1882859170436859
2019-12-23,1.2578059315402126,0.001735803671181202,0.15340878069400787,0.34479638934135437,0.13606485724449158,0.17697930335998535,0.18875062465667725
2019-12-24,1.2612918581348975,0.002771434374153614,0.15357376635074615,0.3445574939250946,0.1360377073287964,0.1770809292793274,0.18875014781951904
2019-12-26,1.2685435116386807,0.005749385803937912,0.15324120223522186,0.34591689705848694,0.13607344031333923,0.1768539398908615,0.18791447579860687
2019-12-27,1.267428377716487,-0.0008790663559921086,0.15111809968948364,0.3490818738937378,0.13687683641910553,0.17659972608089447,0.18632349371910095
2019-12-30,1.2627472941053361,-0.0036933713126927614,0.15635767579078674,0.34058839082717896,0.13562539219856262,0.17716607451438904,0.19026245176792145
2019-12-31,1.2625162384035509,-0.00018297857604920864,0.15898968279361725,0.3364756107330322,0.1348237693309784,0.1780129373073578,0.19169802963733673
2020-01-02,1.27587218162739,0.010578828863799572,0.15506519377231598,0.341814786195755,0.1359035074710846,0.17815960943698883,0.1890569031238556
2020-01-03,1.2761668155827155,0.0002309274859726429,0.15063731372356415,0.350443571805954,0.1371649205684662,0.1766330748796463,0.18512116372585297
2020-01-06,1.2811988090680668,0.00394305307418108,0.1572108119726181,0.34157031774520874,0.13516674935817719,0.17662839591503143,0.18942376971244812
2020-01-07,1.2798227239515003,-0.0010740605648607016,0.15106035768985748,0.3491032123565674,0.1368965357542038,0.17721399664878845,0.18572592735290527
2020-01-08,1.2813786241807714,0.0012157154269516468,0.15471337735652924,0.343100368976593,0.13620086014270782,0.17718739807605743,0.18879792094230652
2020-01-09,1.2860618943483826,0.0036548683419823647,0.1538209170103073,0.3434353470802307,0.1361304670572281,0.177822083234787,0.18879114091396332
2020-01-10,1.2871840076156582,0.0008725188672542572,0.1544324904680252,0.34313175082206726,0.13597290217876434,0.17748525738716125,0.18897762894630432
2020-01-13,1.2921974827480953,0.0038949172012507915,0.15774473547935486,0.3395217955112457,0.13517804443836212,0.17738576233386993,0.19016967713832855
2020-01-14,1.2917468616608903,-0.00034872462856583297,0.15309931337833405,0.34489917755126953,0.13615670800209045,0.17803597450256348,0.1878087967634201
2020-01-15,1.2961659306462392,0.0034210023004561663,0.15669503808021545,0.3403032422065735,0.13506492972373962,0.1776234209537506,0.1903133988380432
2020-01-16,1.3032260514493719,0.005446926690638065,0.1544167548418045,0.34438350796699524,0.13558776676654816,0.17754416167736053,0.18806783854961395
2020-01-17,1.3040683075992936,0.0006462855380959809,0.14911089837551117,0.35132327675819397,0.13677173852920532,0.17726074159145355,0.1855333298444748
2020-01-21,1.3046711250515899,0.000462259107735008,0.15205532312393188,0.34638699889183044,0.13685958087444305,0.17686808109283447,0.18783006072044373
2020-01-22,1.3066384252188978,0.001507889712229371,0.1588754951953888,0.33754095435142517,0.13510026037693024,0.17720061540603638,0.19128268957138062
2020-01-23,1.3103627968726057,0.0028503460343927145,0.15738622844219208,0.33941441774368286,0.13522407412528992,0.17805178463459015,0.189923495054245
2020-01-24,1.3058801238847075,-0.0034209403675049543,0.15657618641853333,0.3408866226673126,0.135470911860466,0.17774634063243866,0.1893199235200882
2020-01-27,1.2966974205328141,-0.0070318118669092655,0.16305038332939148,0.3316483199596405,0.13423721492290497,0.1779094934463501,0.19315452873706818
2020-01-28,1.302676732599021,0.004611185286194086,0.1698385328054428,0.3225092589855194,0.1321260780096054,0.1787455528974533,0.19678056240081787
2020-01-29,1.3058242840871541,0.0024162183981388807,0.15518690645694733,0.3409024477005005,0.13564643263816833,0.17940281331539154,0.18886145949363708
2020-01-30,1.3081130838888801,0.0017527624731883407,0.15799784660339355,0.3384881913661957,0.13538609445095062,0.1772727072238922,0.19085513055324554
2020-01-31,1.297080168852127,-0.008434221148490906,0.15596067905426025,0.3408292233943939,0.13552941381931305,0.17773520946502686,0.1899455338716507
2020-02-03,1.3050281513746882,0.0061275954358279705,0.1692654937505722,0.3223068118095398,0.1328900158405304,0.17789754271507263,0.197640061378479
2020-02-04,1.3144255146122603,0.00720088928937912,0.15531116724014282,0.34137290716171265,0.13534466922283173,0.17900815606117249,0.1889631599187851
2020-02-05,1.3186718265727964,0.0032305459026247263,0.1472323089838028,0.3516748249530792,0.13748487830162048,0.17731909453868866,0.18628883361816406
2020-02-06,1.3252883077774835,0.005017534364014864,0.14615215361118317,0.3542414605617523,0.13712899386882782,0.17590026557445526,0.18657712638378143
2020-02-07,1.3235385088954252,-0.0013203156413510442,0.15111085772514343,0.3481764793395996,0.13662296533584595,0.17564576864242554,0.18844395875930786
2020-02-10,1.3327409711916527,0.006952923722565174,0.16091464459896088,0.3341054618358612,0.1343740075826645,0.17675431072711945,0.1938515305519104
2020-02-11,1.332366094522381,-0.00028128246776759624,0.15275639295578003,0.3456774353981018,0.1359856128692627,0.17739534378051758,0.1881851702928543
2020-02-12,1.3379461786589921,0.004188101273030043,0.1538107544183731,0.3429701626300812,0.1355571299791336,0.17722272872924805,0.19043925404548645
2020-02-13,1.3399506016200151,0.0014981342246755958,0.15107551217079163,0.3471163511276245,0.13637523353099823,0.17689111828804016,0.18854181468486786
2020-02-14,1.3429919607314038,0.0022697546519339085,0.15422259271144867,0.3434995412826538,0.1355198472738266,0.17653903365135193,0.19021904468536377
2020-02-18,1.347119874791103,0.003073669970035553,0.15578487515449524,0.3411749005317688,0.13549095392227173,0.1769181489944458,0.19063116610050201
2020-02-19,1.354924641800614,0.005793669261038303,0.1555188149213791,0.3424224555492401,0.13554887473583221,0.17675022780895233,0.18975955247879028
2020-02-20,1.3530312440167804,-0.0013974192552268505,0.15094970166683197,0.348491370677948,0.13653351366519928,0.1767013669013977,0.18732409179210663
2020-02-21,1.346158743711621,-0.0050793359987437725,0.15694962441921234,0.3397273123264313,0.1346365362405777,0.17677579820156097,0.1919107437133789
2020-02-24,1.3216268319519489,-0.018223639577627182,0.16345442831516266,0.33073094487190247,0.13339485228061676,0.1773390918970108,0.19508066773414612
2020-02-25,1.2932988488869468,-0.021434176713228226,0.18313516676425934,0.3032013773918152,0.12907978892326355,0.17849913239479065,0.20608460903167725
2020-02-26,1.2923122998391194,-0.0007628159946762025,0.19510452449321747,0.28520286083221436,0.1265060156583786,0.18108661472797394,0.21209995448589325
2020-02-27,1.2575602211468333,-0.026891393586993217,0.17248308658599854,0.3158523738384247,0.13220538198947906,0.18171493709087372,0.19774417579174042
2020-02-28,1.2488955025877782,-0.006890102289617062,0.19662915170192719,0.2839415669441223,0.12607917189598083,0.17931349575519562,0.21403655409812927
2020-03-02,1.2820131718712762,0.026517566293478012,0.18991684913635254,0.29094332456588745,0.12700769305229187,0.18219523131847382,0.2099369317293167
2020-03-03,1.2687850592512144,-0.01031823456287384,0.14146214723587036,0.3600234091281891,0.13838689029216766,0.17816044390201569,0.18196703493595123
2020-03-04,1.2971929683266215,0.02238985151052475,0.16564388573169708,0.3263469338417053,0.13316689431667328,0.17407473921775818,0.20076753199100494
2020-03-05,1.281349928850746,-0.012213325127959251,0.13686124980449677,0.3666318953037262,0.13869625329971313,0.17479388415813446,0.18301674723625183
2020-03-06,1.2787630739733131,-0.002018851228058338,0.17122961580753326,0.3178897798061371,0.13169346749782562,0.17350175976753235,0.20568542182445526
2020-03-09,1.2215978098522267,-0.044703561812639236,0.18157745897769928,0.3045976459980011,0.12793181836605072,0.17694708704948425,0.20894594490528107
2020-03-10,1.2384933660426343,0.013830702751874924,0.23612333834171295,0.23644603788852692,0.11739668250083923,0.17520670592784882,0.2348272055387497
2020-03-11,1.1901124397404172,-0.03906434029340744,0.1533329337835312,0.3356505036354065,0.1349690556526184,0.18403922021389008,0.19200821220874786
2020-03-12,1.1077196370937323,-0.06923110783100128,0.19544295966625214,0.2758254110813141,0.1275809109210968,0.17531552910804749,0.22583523392677307
2020-03-13,1.144495651990151,0.033199749886989594,0.2689667344093323,0.19642424583435059,0.10789220035076141,0.17166313529014587,0.25505366921424866
2020-03-16,1.063742084345659,-0.07055821269750595,0.14800843596458435,0.34351181983947754,0.13363051414489746,0.18526408076286316,0.1895851194858551
2020-03-17,1.090932297920135,0.025560908019542694,0.2681445777416229,0.1978510171175003,0.10844366252422333,0.16482001543045044,0.2607407867908478
2020-03-18,1.0433617807765887,-0.04360537976026535,0.1453733742237091,0.34587717056274414,0.13520434498786926,0.18298065662384033,0.19056443870067596
2020-03-19,1.0505976307171263,0.006935130339115858,0.1968017816543579,0.26592904329299927,0.12688276171684265,0.17199893295764923,0.23838749527931213
2020-03-20,1.0434897114810062,-0.006765596102923155,0.1725904792547226,0.3046785891056061,0.12589871883392334,0.1759299486875534,0.2209022492170334
2020-03-23,1.0542274641817877,0.010290233418345451,0.19761085510253906,0.2761892080307007,0.12126675993204117,0.1718725562095642,0.23306062817573547
2020-03-24,1.1135111253414272,0.056234221905469894,0.17828120291233063,0.30296197533607483,0.12718462944030762,0.17400731146335602,0.21756486594676971
2020-03-25,1.1107729471903096,-0.0024590487591922283,0.10831455886363983,0.4103758633136749,0.14196614921092987,0.16556689143180847,0.1737765073776245
2020-03-26,1.152454522089004,0.037524838000535965,0.1410941630601883,0.3489089906215668,0.13467809557914734,0.16560578346252441,0.20971298217773438
2020-03-27,1.1304261770889246,-0.019114285707473755,0.12143974006175995,0.3835749626159668,0.13801880180835724,0.16485868394374847,0.19210779666900635
2020-03-30,1.1515279324149124,0.018667079508304596,0.17592574656009674,0.2979084849357605,0.12667058408260345,0.16703785955905914,0.23245733976364136
2020-03-31,1.1354056239239048,-0.01400079671293497,0.14843010902404785,0.3365979492664337,0.13286198675632477,0.17152252793312073,0.21058747172355652
2020-04-01,1.106706955237275,-0.02527613751590252,0.1731606274843216,0.2969912886619568,0.12706807255744934,0.1711006462574005,0.23167933523654938
2020-04-02,1.1245209201964832,0.016096370294690132,0.20923273265361786,0.25453272461891174,0.11980950832366943,0.1702411025762558,0.24618397653102875
2020-04-03,1.114263989123423,-0.009121156297624111,0.1656116098165512,0.3136920928955078,0.1290576457977295,0.17510095238685608,0.21653766930103302
2020-04-06,1.1666997101247085,0.04705861583352089,0.17899321019649506,0.2926063537597656,0.12723737955093384,0.17145541310310364,0.22970756888389587
2020-04-07,1.1638322166621577,-0.0024577819276601076,0.12223173677921295,0.38268300890922546,0.1384187936782837,0.16818542778491974,0.18848107755184174
2020-04-08,1.1810310682915064,0.0147777758538723,0.14881141483783722,0.33549976348876953,0.13362129032611847,0.16716405749320984,0.21490350365638733
2020-04-09,1.1982255695869362,0.014558889903128147,0.14033102989196777,0.3483268916606903,0.13363224267959595,0.16896452009677887,0.20874540507793427
2020-04-13,1.1992091442316022,0.0008208593353629112,0.13748174905776978,0.35690319538116455,0.13418936729431152,0.16747106611728668,0.2039545327425003
2020-04-14,1.2264763288684442,0.022737639024853706,0.15729577839374542,0.32509303092956543,0.13336437940597534,0.16853392124176025,0.21571286022663116
2020-04-15,1.2150096639223442,-0.009349275380373001,0.1420615017414093,0.35056906938552856,0.13606782257556915,0.16994743049144745,0.2013542354106903
2020-04-16,1.223497679133783,0.006985965184867382,0.1789865642786026,0.29718872904777527,0.12835147976875305,0.1701071411371231,0.22536605596542358
2020-04-17,1.2314701942894741,0.006516166962683201,0.16864122450351715,0.3120414912700653,0.13024047017097473,0.17415831983089447,0.21491853892803192
2020-04-20,1.2248577103971214,-0.005369585007429123,0.15104851126670837,0.3343660235404968,0.13250063359737396,0.17408664524555206,0.20799826085567474
2020-04-21,1.2011325577765821,-0.01936972141265869,0.16975551843643188,0.30988243222236633,0.12994559109210968,0.17195947468280792,0.21845696866512299
2020-04-22,1.2210655924440652,0.016595199704170227,0.1918044090270996,0.28035128116607666,0.12399407476186752,0.17403899133205414,0.22981123626232147
2020-04-23,1.2253666838933273,0.0035224081948399544,0.1550290435552597,0.3328721821308136,0.13389495015144348,0.17569757997989655,0.2025061845779419
2020-04-24,1.236536856724136,0.009115779772400856,0.15758167207241058,0.32935792207717896,0.13299739360809326,0.17246314883232117,0.20759977400302887
2020-04-27,1.2432861301142903,0.005458206404000521,0.15305431187152863,0.33532577753067017,0.13369911909103394,0.1728677749633789,0.20505297183990479
2020-04-28,1.2380555748266768,-0.004207040648907423,0.14608019590377808,0.3444634974002838,0.13450650870800018,0.17278388142585754,0.2021658569574356
2020-04-29,1.265252577364019,0.021967513486742973,0.16174864768981934,0.32255852222442627,0.1306305080652237,0.17245863378047943,0.21260370314121246
2020-04-30,1.2496964297570392,-0.012294895015656948,0.13829579949378967,0.3591153621673584,0.13628952205181122,0.17220233380794525,0.19409701228141785
2020-05-01,1.2298070677928896,-0.01591535471379757,0.17035594582557678,0.3081343472003937,0.1319345086812973,0.17233845591545105,0.21723672747612
2020-05-04,1.23513391215365,0.004331447184085846,0.19015051424503326,0.2846478819847107,0.12625285983085632,0.1741989403963089,0.22474980354309082
2020-05-05,1.2423610782060772,0.0058513218536973,0.1676807999610901,0.31509941816329956,0.13102786242961884,0.17692117393016815,0.20927079021930695
2020-05-06,1.2354968603614567,-0.005525139160454273,0.15778115391731262,0.3292805850505829,0.1338532567024231,0.1746627241373062,0.20442228019237518
2020-05-07,1.2527218428751574,0.013941745273768902,0.16555647552013397,0.3160794973373413,0.1324266791343689,0.17452502250671387,0.21141235530376434
2020-05-08,1.2636246099697672,0.0087032625451684,0.15483492612838745,0.33611777424812317,0.13389764726161957,0.1733199506998062,0.20182965695858002
2020-05-11,1.2634479615536311,-0.00013979501090943813,0.1448196917772293,0.34862565994262695,0.13538378477096558,0.17318835854530334,0.19798249006271362
2020-05-12,1.247692309563764,-0.012470360845327377,0.15747499465942383,0.32894638180732727,0.1341296136379242,0.17272749543190002,0.2067214697599411
2020-05-13,1.2376357783601002,-0.00806010514497757,0.18098552525043488,0.2976658344268799,0.12888289988040924,0.17363086342811584,0.21883495151996613
2020-05-14,1.2494664827350013,0.009559116326272488,0.18439997732639313,0.29414957761764526,0.12830787897109985,0.17598706483840942,0.21715551614761353
2020-05-15,1.256501231000331,0.005630201660096645,0.16390857100486755,0.3227868378162384,0.13242554664611816,0.17615672945976257,0.20472228527069092
2020-05-18,1.2732537877516763,0.013332702219486237,0.15564146637916565,0.3338392972946167,0.13403145968914032,0.17442184686660767,0.20206589996814728
2020-05-19,1.270010994363202,-0.002546855481341481,0.1364120990037918,0.36138665676116943,0.13675421476364136,0.17277251183986664,0.19267454743385315
2020-05-20,1.288001975220442,0.01416600402444601,0.16020074486732483,0.3269804120063782,0.1339719295501709,0.17138583958148956,0.20746107399463654
2020-05-21,1.2789266993786015,-0.007046010810881853,0.1470876932144165,0.34731656312942505,0.13517574965953827,0.17309953272342682,0.19732043147087097
2020-05-22,1.284469625979602,0.004334045574069023,0.16437050700187683,0.31961867213249207,0.13148462772369385,0.17365296185016632,0.21087323129177094
2020-05-26,1.283899374842418,-0.0004439584445208311,0.1611054688692093,0.32598671317100525,0.13253436982631683,0.17438267171382904,0.20599082112312317
2020-05-27,1.294441383985901,0.008210930973291397,0.15518660843372345,0.33207714557647705,0.13290351629257202,0.17507316172122955,0.2047596424818039
2020-05-28,1.2893697571780354,-0.003918004222214222,0.14879576861858368,0.34345412254333496,0.13451099395751953,0.17332379519939423,0.19991534948349
2020-05-29,1.2988990107416278,0.007390629034489393,0.16419582068920135,0.32055094838142395,0.13328160345554352,0.1731337606906891,0.20883791148662567
2020-06-01,1.3023590376193264,0.0026638151612132788,0.16046550869941711,0.32788383960723877,0.13379675149917603,0.1741306632757187,0.2037232667207718
2020-06-02,1.3058451409066505,0.002676760545000434,0.15624940395355225,0.3334301710128784,0.13417957723140717,0.17439889907836914,0.2017419934272766
2020-06-03,1.3066835010869058,0.0006420058198273182,0.15665030479431152,0.33202096819877625,0.13403519988059998,0.1742880642414093,0.20300547778606415
2020-06-04,1.3022693159785952,-0.0033781593665480614,0.1541372835636139,0.3342060446739197,0.1337622106075287,0.17494308948516846,0.20295141637325287
2020-06-05,1.3154462739040163,0.010118458420038223,0.15888653695583344,0.3287297487258911,0.13382567465305328,0.17409011721611023,0.20446792244911194
2020-06-08,1.3283748110955977,0.009828251786530018,0.14710809290409088,0.3455531895160675,0.13504204154014587,0.17457178235054016,0.19772490859031677
2020-06-09,1.3319789535296034,0.002713196910917759,0.14680500328540802,0.34909287095069885,0.135848730802536,0.17247866094112396,0.19577467441558838
2020-06-10,1.3383265046136092,0.004765504039824009,0.16040396690368652,0.32965782284736633,0.13432706892490387,0.17295390367507935,0.20265719294548035
2020-06-11,1.291335866077534,-0.03511149063706398,0.16513213515281677,0.3243323564529419,0.13392822444438934,0.1744139939546585,0.20219328999519348
2020-06-12,1.2992616486817885,0.006137661635875702,0.21415477991104126,0.2590872347354889,0.12247591465711594,0.17463262379169464,0.22964942455291748
2020-06-15,1.3098662999817052,0.00816205982118845,0.1663549691438675,0.32083985209465027,0.13097067177295685,0.18120421469211578,0.20063035190105438
2020-06-16,1.3217497390807742,0.009072253480553627,0.1537376195192337,0.338111013174057,0.13466870784759521,0.17588858306407928,0.1975940465927124
2020-06-17,1.3205617102872285,-0.00089883035980165,0.14458033442497253,0.35128551721572876,0.13675664365291595,0.17394867539405823,0.19342875480651855
2020-06-18,1.323637313320451,0.0023290112148970366,0.16084188222885132,0.32810258865356445,0.13416364789009094,0.17350710928440094,0.20338478684425354
2020-06-19,1.3245546236146843,0.000693022389896214,0.16217073798179626,0.32720330357551575,0.1327541619539261,0.17545075714588165,0.20242100954055786
2020-06-22,1.3346112696855281,0.007592473644763231,0.16154445707798004,0.32835227251052856,0.1334877908229828,0.17554894089698792,0.2010665088891983
2020-06-23,1.3407495581477817,0.004599308129400015,0.1533195823431015,0.3404795229434967,0.13508720695972443,0.17517118155956268,0.1959424614906311
2020-06-24,1.321500977852904,-0.01435658149421215,0.15180091559886932,0.3424120843410492,0.1357867568731308,0.1743956059217453,0.19560463726520538
2020-06-25,1.3308987785424757,0.007111459504812956,0.17850199341773987,0.3042926788330078,0.12995633482933044,0.17523518204689026,0.21201378107070923
2020-06-26,1.3141168717863478,-0.012609453871846199,0.15917935967445374,0.3317018747329712,0.13305522501468658,0.17751172184944153,0.19855177402496338
2020-06-29,1.3267983852476177,0.0096502173691988,0.17807014286518097,0.3053375482559204,0.12991450726985931,0.17607241868972778,0.21060539782047272
2020-06-30,1.3407189991773285,0.010491883382201195,0.15250180661678314,0.3414326012134552,0.13401120901107788,0.1773095577955246,0.19474485516548157
2020-07-01,1.3441757268442323,0.0025782641023397446,0.14652539789676666,0.3501654863357544,0.13676248490810394,0.1741247922182083,0.19242176413536072
2020-07-02,1.3499452202359865,0.004292216617614031,0.1551501750946045,0.3368229269981384,0.13539502024650574,0.1742115467786789,0.19842034578323364
2020-07-06,1.3661684894486008,0.012017724104225636,0.15479892492294312,0.33824700117111206,0.13469146192073822,0.1749250739812851,0.1973375529050827
2020-07-07,1.3624013763203509,-0.00275742937810719,0.14696253836154938,0.35042381286621094,0.13701759278774261,0.17436200380325317,0.19123396277427673
2020-07-08,1.372027030086688,0.007065211422741413,0.1635926216840744,0.32690316438674927,0.1333395540714264,0.17444226145744324,0.2017224133014679
2020-07-09,1.374059127800912,0.0014810916036367416,0.15302380919456482,0.34162503480911255,0.13525919616222382,0.17587058246135712,0.19422128796577454
2020-07-10,1.3803960289866035,0.004611811134964228,0.16474850475788116,0.3248993754386902,0.1335543841123581,0.17535509169101715,0.2014426290988922
2020-07-13,1.367542830035929,-0.009311240166425705,0.15381254255771637,0.34066081047058105,0.1347338706254959,0.176973357796669,0.19381943345069885
2020-07-14,1.3781927965878955,0.007787665817886591,0.16725867986679077,0.3212423026561737,0.13222503662109375,0.17652259767055511,0.20275139808654785
2020-07-15,1.3868668211124335,0.006293767131865025,0.15305329859256744,0.342658668756485,0.13484631478786469,0.1769476681947708,0.1924940049648285
2020-07-16,1.380381970407769,-0.004675900097936392,0.14517392218112946,0.35434478521347046,0.1358446180820465,0.17547360062599182,0.18916301429271698
2020-07-17,1.3838460773919552,0.002509527839720249,0.16069848835468292,0.33034247159957886,0.13355328142642975,0.17573493719100952,0.19967086613178253
2020-07-20,1.3997541081507832,0.011495520360767841,0.15634077787399292,0.33767053484916687,0.1346350610256195,0.17647257447242737,0.1948811113834381
2020-07-21,1.401186583741533,0.0010233765933662653,0.15144480764865875,0.34535735845565796,0.1369818150997162,0.175444096326828,0.1907719075679779
2020-07-22,1.409000586143892,0.005576703697443008,0.15165504813194275,0.3455002009868622,0.13514742255210876,0.17514091730117798,0.19255639612674713
2020-07-23,1.3989583299086181,-0.007127219345420599,0.15128807723522186,0.34621956944465637,0.13600242137908936,0.17485621571540833,0.19163373112678528
2020-07-24,1.3927137505967289,-0.004463735036551952,0.16289371252059937,0.329406201839447,0.1323719322681427,0.17597581446170807,0.19935236871242523
2020-07-27,1.4088190516123626,0.01156397070735693,0.16560281813144684,0.324506938457489,0.13297325372695923,0.1773192584514618,0.1995977759361267
2020-07-28,1.4031447320204542,-0.004027713555842638,0.14897477626800537,0.3501570224761963,0.13689343631267548,0.1762077808380127,0.18776702880859375
2020-07-29,1.4169986973450623,0.009873511269688606,0.16054567694664001,0.332722932100296,0.1341826170682907,0.17569057643413544,0.19685818254947662
2020-07-30,1.4177546291816823,0.0005334739107638597,0.14723992347717285,0.35236597061157227,0.13627775013446808,0.17604565620422363,0.18807075917720795
2020-07-31,1.4284772719427004,0.007563116028904915,0.15796421468257904,0.3354453146457672,0.13471443951129913,0.17586320638656616,0.19601278007030487
2020-08-03,1.4387411538608632,0.007185190916061401,0.15401320159435272,0.3417513370513916,0.1364182084798813,0.1759103685617447,0.1919068545103073
2020-08-04,1.4509113445679385,0.00845891609787941,0.14832444489002228,0.35005828738212585,0.1365726739168167,0.17567715048789978,0.18936744332313538
2020-08-05,1.4577207331401703,0.004693180322647095,0.14823831617832184,0.3523760437965393,0.13663209974765778,0.17425377666950226,0.18849971890449524
2020-08-06,1.470901243663437,0.009041862562298775,0.14501915872097015,0.35565707087516785,0.1367860585451126,0.17479342222213745,0.1877443492412567
2020-08-07,1.4620661510481627,-0.006006584502756596,0.14777110517024994,0.3523610830307007,0.1372363120317459,0.1741477996110916,0.18848374485969543
2020-08-10,1.460500234618578,-0.0010710298083722591,0.15579204261302948,0.33739420771598816,0.1338229477405548,0.1765301525592804,0.19646066427230835
2020-08-11,1.4292069122949946,-0.02142644114792347,0.1564197838306427,0.3368547558784485,0.134114071726799,0.17698509991168976,0.19562633335590363
2020-08-12,1.4403996063421114,0.007831402122974396,0.17844894528388977,0.30071204900741577,0.12877149879932404,0.17922908067703247,0.21283842623233795
2020-08-13,1.4444843578623474,0.0028358460403978825,0.1591627448797226,0.331361323595047,0.13455189764499664,0.1789669543504715,0.19595709443092346
2020-08-14,1.4415905167383365,-0.0020033731125295162,0.15425977110862732,0.3409201502799988,0.1362437903881073,0.17591260373592377,0.19266371428966522
2020-08-17,1.4555968980098337,0.009715922176837921,0.15883995592594147,0.33311277627944946,0.13441315293312073,0.17640486359596252,0.19722922146320343
2020-08-18,1.4633052244490177,0.0052956463769078255,0.15080834925174713,0.3473935127258301,0.13644464313983917,0.17531780898571014,0.1900356411933899
2020-08-19,1.448327072449078,-0.010235835798084736,0.15505771338939667,0.34062013030052185,0.13598759472370148,0.17500516772270203,0.19332943856716156
2020-08-20,1.4590164159681593,0.007380476221442223,0.1671428233385086,0.3190423548221588,0.13188496232032776,0.17779690027236938,0.20413297414779663
2020-08-21,1.4609807551719312,0.0013463448267430067,0.16039606928825378,0.3320557475090027,0.13438619673252106,0.1770797073841095,0.19608229398727417
2020-08-24,1.4663349648772361,0.0036648050881922245,0.1624833047389984,0.3282283544540405,0.1339723765850067,0.17704597115516663,0.1982700228691101
2020-08-25,1.469573492557559,0.002208586549386382,0.15611161291599274,0.33719560503959656,0.13467609882354736,0.17709937691688538,0.19491729140281677
2020-08-26,1.4834600775921905,0.009449398145079613,0.15524359047412872,0.33847707509994507,0.13557098805904388,0.17632527649402618,0.19438302516937256
2020-08-27,1.4751003409588161,-0.005635295994579792,0.15084393322467804,0.34618517756462097,0.13739360868930817,0.17517942190170288,0.19039790332317352
2020-08-28,1.4855890965558785,0.007110537029802799,0.15699027478694916,0.3345884084701538,0.13485239446163177,0.1764678955078125,0.19710096716880798
2020-08-31,1.4891095624108623,0.0023697440046817064,0.1509057879447937,0.3465839922428131,0.13611622154712677,0.1754344403743744,0.19095951318740845
2020-09-01,1.5053919424933684,0.010934306308627129,0.15857668220996857,0.33508291840553284,0.13515374064445496,0.17561645805835724,0.1955701857805252
2020-09-02,1.513908476074426,0.005657352972775698,0.1518411636352539,0.3456483781337738,0.1357956975698471,0.17587292194366455,0.19084182381629944
2020-09-03,1.471116897984818,-0.028265630826354027,0.15389865636825562,0.3410750925540924,0.13512022793293,0.17596468329429626,0.1939414143562317
2020-09-04,1.4577507521273576,-0.00908571295440197,0.18724900484085083,0.2931765019893646,0.12727144360542297,0.1771838665008545,0.2151191681623459
2020-09-08,1.425702585161188,-0.02198466844856739,0.1733279526233673,0.3117764890193939,0.13072936236858368,0.18067562580108643,0.20349061489105225
2020-09-09,1.4479799156827047,0.01562551036477089,0.18875035643577576,0.29179832339286804,0.12674179673194885,0.17918428778648376,0.2135252207517624
2020-09-10,1.4319695698593753,-0.011057022027671337,0.15358267724514008,0.3420286476612091,0.13549964129924774,0.17917439341545105,0.1897146850824356
2020-09-11,1.428196478350283,-0.00263489643111825,0.17045503854751587,0.31685149669647217,0.13180726766586304,0.17699790000915527,0.20388832688331604
2020-09-14,1.4463982963936812,0.012744617648422718,0.16717399656772614,0.3215112090110779,0.13219137489795685,0.17832337319850922,0.20080003142356873
2020-09-15,1.453706053967641,0.005052382592111826,0.14807482063770294,0.3503907322883606,0.13603092730045319,0.17665794491767883,0.18884554505348206
2020-09-16,1.4466882875255147,-0.004827500320971012,0.15169663727283478,0.3438746929168701,0.13621948659420013,0.17531591653823853,0.19289326667785645
2020-09-17,1.4348288266639202,-0.008197661489248276,0.15768253803253174,0.33512142300605774,0.13354846835136414,0.1761334389448166,0.1975141167640686
2020-09-18,1.4252374250311357,-0.006684700958430767,0.16798032820224762,0.3199763894081116,0.13160014152526855,0.17747269570827484,0.202970489859581
2020-09-21,1.4124118948585391,-0.008998872712254524,0.1681770235300064,0.3200080394744873,0.13170626759529114,0.1785363405942917,0.20157237350940704
2020-09-22,1.4226271839585405,0.007232514210045338,0.18056125938892365,0.30177515745162964,0.13047809898853302,0.178763285279274,0.20842216908931732
2020-09-23,1.391176235372211,-0.022107653319835663,0.16062115132808685,0.33072948455810547,0.13394980132579803,0.17915615439414978,0.1955433487892151
2020-09-24,1.3958150090569845,0.0033344256225973368,0.1862553507089615,0.2934797406196594,0.12812170386314392,0.1783321052789688,0.21381117403507233
2020-09-25,1.41204702672162,0.011629060842096806,0.1676853448152542,0.32118839025497437,0.1320158988237381,0.1797395795583725,0.19937074184417725
2020-09-28,1.4322236642119677,0.014288927428424358,0.15150173008441925,0.3441700339317322,0.1358831375837326,0.17724233865737915,0.1912027895450592
2020-09-29,1.4304106531583212,-0.001265871454961598,0.14136072993278503,0.3606615662574768,0.13781820237636566,0.17423903942108154,0.18592046201229095
2020-09-30,1.4319004238757125,0.0010414986172690988,0.1544848531484604,0.34051477909088135,0.13521471619606018,0.17436537146568298,0.1954202651977539
2020-10-01,1.4469121528220323,0.010483779944479465,0.15467636287212372,0.3383656144142151,0.13496184349060059,0.1762438863515854,0.19575226306915283
2020-10-02,1.4300874245254296,-0.011628023348748684,0.14828826487064362,0.34996500611305237,0.13623619079589844,0.1751938909292221,0.1903166025876999
2020-10-05,1.4456451467638574,0.01087886095046997,0.16205480694770813,0.3283751308917999,0.1323533058166504,0.1763574630022049,0.2008592188358307
2020-10-06,1.4310067240295472,-0.010125875473022461,0.14339226484298706,0.3558325171470642,0.13708455860614777,0.17616121470928192,0.18752944469451904
2020-10-07,1.4451420008936866,0.009877854958176613,0.16509956121444702,0.32381322979927063,0.13218505680561066,0.17607063055038452,0.20283153653144836
2020-10-08,1.454282296543831,0.006324842572212219,0.14893832802772522,0.3478676378726959,0.13575726747512817,0.1768578141927719,0.19057895243167877
2020-10-09,1.4698735174124569,0.010720903985202312,0.1502988040447235,0.346969872713089,0.13577665388584137,0.17510198056697845,0.19185273349285126
2020-10-12,1.4904948712105066,0.014029338955879211,0.146257683634758,0.35405197739601135,0.13739421963691711,0.17424778640270233,0.1880483478307724
2020-10-13,1.4851035700094075,-0.0036171216052025557,0.14493343234062195,0.35521236062049866,0.137859046459198,0.17414076626300812,0.1878543198108673
2020-10-14,1.4790368491065908,-0.004085049033164978,0.1619686633348465,0.32864105701446533,0.13350039720535278,0.17578600347042084,0.20010390877723694
2020-10-15,1.4781519443499602,-0.0005982979782857001,0.16613294184207916,0.3232177793979645,0.13256680965423584,0.17724214494228363,0.2008402943611145
2020-10-16,1.4730857015655747,-0.0034274167846888304,0.16010932624340057,0.33192262053489685,0.13329043984413147,0.1776949018239975,0.19698277115821838
2020-10-19,1.458273940132758,-0.010054921731352806,0.16262443363666534,0.3274393677711487,0.13330094516277313,0.1774185746908188,0.19921673834323883
2020-10-20,1.4596223243002204,0.0009246439440175891,0.17066866159439087,0.31637969613075256,0.13165892660617828,0.17797544598579407,0.2033172994852066
2020-10-21,1.4583632392285029,-0.0008626101771369576,0.159928098320961,0.3317674696445465,0.13414928317070007,0.17821308970451355,0.19594202935695648
2020-10-22,1.4574682927871923,-0.0006136649753898382,0.1608268767595291,0.33129245042800903,0.13455674052238464,0.1770877093076706,0.19623619318008423
2020-10-23,1.4616147208686936,0.0028449525125324726,0.15574420988559723,0.33741769194602966,0.1343885213136673,0.17770004272460938,0.19474950432777405
2020-10-26,1.4478511126100384,-0.009416714310646057,0.15702928602695465,0.3369518518447876,0.13445664942264557,0.17666220664978027,0.19489994645118713
2020-10-27,1.4513789859665447,0.0024366271682083607,0.17292924225330353,0.31460970640182495,0.1315300017595291,0.1773051768541336,0.20362588763237
2020-10-28,1.413777198765386,-0.02590762823820114,0.16575776040554047,0.32512596249580383,0.1333014816045761,0.17847955226898193,0.19733522832393646
2020-10-29,1.4219870954266458,0.005807065404951572,0.19101262092590332,0.2886126935482025,0.12706546485424042,0.17889030277729034,0.2144189178943634
2020-10-30,1.4037597730879006,-0.012818205170333385,0.16188721358776093,0.32867953181266785,0.13348610699176788,0.18064770102500916,0.19529947638511658
2020-11-02,1.4153065084310503,0.008225577883422375,0.1700362116098404,0.3166826367378235,0.1320905238389969,0.17791856825351715,0.2032720297574997
2020-11-03,1.4328165779433135,0.012371927499771118,0.15492427349090576,0.34073466062545776,0.13437184691429138,0.17734333872795105,0.19262585043907166
2020-11-04,1.4652556214692054,0.022640053182840347,0.14229615032672882,0.3591870665550232,0.13739639520645142,0.1751301884651184,0.18599016964435577
2020-11-05,1.4951006310016794,0.020368466153740883,0.14271067082881927,0.3599947392940521,0.13870523869991302,0.17298808693885803,0.18560127913951874
2020-11-06,1.4910978857844837,-0.002677241340279579,0.13309603929519653,0.3762880265712738,0.13956618309020996,0.17161263525485992,0.17943711578845978
2020-11-09,1.4719296324166264,-0.012855127453804016,0.14954642951488495,0.3472302258014679,0.13673892617225647,0.17356358468532562,0.1929207593202591
2020-11-10,1.4658325888832573,-0.0041422112844884396,0.15690015256404877,0.33093738555908203,0.1318179816007614,0.17753970623016357,0.20280475914478302
2020-11-11,1.4779083482635547,0.008238157257437706,0.15834727883338928,0.33228689432144165,0.1324693113565445,0.17671622335910797,0.2001803070306778
2020-11-12,1.4763770411818569,-0.001036131288856268,0.1557656228542328,0.3370479345321655,0.1350381076335907,0.1761711984872818,0.195977121591568
2020-11-13,1.489620364391807,0.008970149792730808,0.16633877158164978,0.32355713844299316,0.13271671533584595,0.1758119761943817,0.20157533884048462
2020-11-16,1.5004982322409257,0.007302443031221628,0.15045394003391266,0.34613922238349915,0.13520865142345428,0.17635706067085266,0.19184111058712006
2020-11-17,1.4992412334654848,-0.0008377209305763245,0.1464928686618805,0.3514711260795593,0.13600049912929535,0.17485153675079346,0.19118396937847137
2020-11-18,1.4888793088272385,-0.006911445874720812,0.1573985368013382,0.3352178931236267,0.13376851379871368,0.1751779168844223,0.19843712449073792
2020-11-19,1.4959051594982853,0.004718885291367769,0.16884255409240723,0.3181213438510895,0.13179418444633484,0.1767621487379074,0.20447979867458344
2020-11-20,1.4943081966586842,-0.001067556207999587,0.15998242795467377,0.33147045969963074,0.13339076936244965,0.17740702629089355,0.1977492868900299
2020-11-23,1.492299329274139,-0.00134434609208256,0.1630275845527649,0.32756420969963074,0.13274341821670532,0.17662297189235687,0.2000417858362198
2020-11-24,1.49942036557972,0.004771855194121599,0.15924537181854248,0.33062872290611267,0.13279865682125092,0.17779378592967987,0.19953343272209167
2020-11-25,1.5005459272264992,0.0007506645051762462,0.1523057520389557,0.3403033912181854,0.13491421937942505,0.17679539322853088,0.19568124413490295
2020-11-27,1.5061805903114658,0.003755075391381979,0.15792374312877655,0.33386123180389404,0.1346575766801834,0.17587776482105255,0.19767972826957703
2020-11-30,1.5001132769712602,-0.004028277471661568,0.1594320833683014,0.33239662647247314,0.13373394310474396,0.1765347719192505,0.1979025900363922
2020-12-01,1.513176932867608,0.00870844628661871,0.1668216586112976,0.32113510370254517,0.1331041306257248,0.17713432013988495,0.20180484652519226
2020-12-02,1.5145688627848444,0.0009198725456371903,0.14911282062530518,0.3483732044696808,0.13684669137001038,0.17613746225833893,0.18952977657318115
2020-12-03,1.5208245206156457,0.004130322486162186,0.15244470536708832,0.3430440127849579,0.13602818548679352,0.17509421706199646,0.1933889240026474
2020-12-04,1.524899285272778,0.0026793128345161676,0.15445269644260406,0.3415284752845764,0.13498272001743317,0.1753183901309967,0.19371767342090607
2020-12-07,1.5343566931826356,0.00620198855176568,0.14818599820137024,0.3489956557750702,0.1358911693096161,0.17609234154224396,0.1908348798751831
2020-12-08,1.541780332492947,0.004838274791836739,0.1523294597864151,0.3452409505844116,0.13594207167625427,0.1746070683002472,0.19188041985034943
2020-12-09,1.5199456835226488,-0.014161971397697926,0.1515226662158966,0.3463468551635742,0.13546602427959442,0.17566315829753876,0.1910012811422348
2020-12-10,1.5255145135380526,0.003663834882900119,0.16855552792549133,0.31873923540115356,0.1315978318452835,0.17748959362506866,0.20361773669719696
2020-12-11,1.5246191550808457,-0.0005869222804903984,0.1611699014902115,0.3313732147216797,0.13324929773807526,0.17810297012329102,0.19610460102558136
2020-12-14,1.5249833346150674,0.0002388659049756825,0.16195189952850342,0.3301621079444885,0.13393431901931763,0.17739754915237427,0.19655413925647736
2020-12-15,1.541947284664348,0.011124023236334324,0.16039884090423584,0.3318904936313629,0.13436259329319,0.17771966755390167,0.19562840461730957
2020-12-16,1.5454036402111107,0.0022415523417294025,0.14518192410469055,0.35608720779418945,0.1370341181755066,0.1758110374212265,0.1858857125043869
2020-12-17,1.5550647958166783,0.006251541897654533,0.1519327461719513,0.34513917565345764,0.1365663856267929,0.17503368854522705,0.1913280189037323
2020-12-18,1.550141271478457,-0.0031661216635257006,0.14831264317035675,0.3513456881046295,0.136663556098938,0.17529119551181793,0.1883869618177414
2020-12-21,1.5483016247000057,-0.0011867607245221734,0.1577489823102951,0.33606207370758057,0.1349124014377594,0.1761116236448288,0.19516493380069733
2020-12-22,1.5506167106821644,0.001495242235250771,0.16110818088054657,0.33149683475494385,0.13381700217723846,0.17718864977359772,0.19638927280902863
2020-12-23,1.5500682216046677,-0.00035372318234294653,0.15903757512569427,0.334526926279068,0.13386589288711548,0.17776107788085938,0.19480857253074646
2020-12-24,1.5554581930692792,0.0034772478975355625,0.15541984140872955,0.3398599624633789,0.1349920779466629,0.1772124171257019,0.19251568615436554
2020-12-28,1.5610836716003968,0.003616605419665575,0.15574011206626892,0.33999717235565186,0.13544423878192902,0.1765042245388031,0.19231431186199188
2020-12-29,1.5576925606015108,-0.002172280102968216,0.15578529238700867,0.3392515182495117,0.13569988310337067,0.17670108377933502,0.1925622671842575
2020-12-30,1.5631216668102021,0.0034853515680879354,0.16225658357143402,0.3299919664859772,0.13486333191394806,0.1768459677696228,0.19604216516017914
2020-12-31,1.5667990930253648,0.002352616749703884,0.15547461807727814,0.34107324481010437,0.13503669202327728,0.1772247701883316,0.1911906599998474
2021-01-04,1.5593643029441633,-0.004745209589600563,0.15561825037002563,0.3403107821941376,0.13557283580303192,0.1767033338546753,0.19179479777812958
2021-01-05,1.567416358039494,0.005163677968084812,0.16146378219127655,0.3326632082462311,0.13457758724689484,0.17649401724338531,0.1948014199733734
2021-01-06,1.5591896272536738,-0.005248593166470528,0.15096141397953033,0.346944123506546,0.13609376549720764,0.17712335288524628,0.18887728452682495
2021-01-07,1.5761129454862977,0.010853919200599194,0.1489734798669815,0.34712186455726624,0.1347329467535019,0.177193284034729,0.19197845458984375
2021-01-08,1.5729573554555238,-0.0020021344535052776,0.14385665953159332,0.3562571108341217,0.1376807540655136,0.17528927326202393,0.18691618740558624
2021-01-11,1.5624108315671859,-0.006704901345074177,0.15853793919086456,0.332177996635437,0.134626567363739,0.1765683889389038,0.1980891078710556
2021-01-12,1.56713245486396,0.0030220113694667816,0.1646687090396881,0.3252973258495331,0.1326119750738144,0.17752012610435486,0.19990181922912598
2021-01-13,1.5716737393713085,0.002897830680012703,0.15545740723609924,0.3399057984352112,0.1343618929386139,0.17750976979732513,0.19276511669158936
2021-01-14,1.5693927890472088,-0.001451287418603897,0.16008813679218292,0.33298879861831665,0.13449206948280334,0.17667818069458008,0.1957528442144394
2021-01-15,1.557516234092745,-0.007567611522972584,0.15517805516719818,0.3395596742630005,0.1344051957130432,0.17744778096675873,0.1934092789888382
2021-01-19,1.5729481267097123,0.009908013977110386,0.16862596571445465,0.3194413483142853,0.13242408633232117,0.1775178164243698,0.20199084281921387
2021-01-20,1.5947352626642723,0.013851147145032883,0.15331345796585083,0.3435828685760498,0.13552558422088623,0.1772734522819519,0.19030465185642242
2021-01-21,1.595407223871692,0.00042136223055422306,0.14508573710918427,0.35651764273643494,0.1383182555437088,0.17461998760700226,0.18545836210250854
2021-01-22,1.5939510946401978,-0.0009127006633207202,0.1536516696214676,0.34178417921066284,0.13646866381168365,0.17516548931598663,0.19293002784252167
2021-01-25,1.6027081809295212,0.005493949167430401,0.1577426791191101,0.335898756980896,0.1338929831981659,0.1766596883535385,0.19580590724945068
2021-01-26,1.6002956367200367,-0.0015052922535687685,0.15765713155269623,0.3368721902370453,0.13466666638851166,0.17653024196624756,0.19427374005317688
2021-01-27,1.5736811651072635,-0.016630971804261208,0.1607273519039154,0.3314187228679657,0.13434596359729767,0.17712567746639252,0.19638226926326752
2021-01-28,1.5770215869433089,0.002122680190950632,0.17806628346443176,0.30675292015075684,0.1298970878124237,0.17814867198467255,0.20713508129119873
2021-01-29,1.555787365298519,-0.013464762829244137,0.16303953528404236,0.327688992023468,0.13366487622261047,0.17919102311134338,0.19641554355621338
2021-02-01,1.5805025995931319,0.01588599756360054,0.17330501973628998,0.31289270520210266,0.13142845034599304,0.1782960593700409,0.20407776534557343
2021-02-02,1.590396321660571,0.006259858142584562,0.14787724614143372,0.35151129961013794,0.13646723330020905,0.17715346813201904,0.18699084222316742
2021-02-03,1.5860745813363353,-0.002717398339882493,0.14769110083580017,0.34972622990608215,0.1367882639169693,0.1755901277065277,0.19020436704158783
2021-02-04,1.5920228494497943,0.0037503079511225224,0.15469901263713837,0.339354544878006,0.13507069647312164,0.17586150765419006,0.19501425325870514
2021-02-05,1.5984348168184093,0.0040275598876178265,0.15291449427604675,0.3413218557834625,0.13473071157932281,0.1770516037940979,0.19398133456707
2021-02-08,1.6136359799411841,0.009510030038654804,0.14943227171897888,0.3483392894268036,0.13610762357711792,0.175871804356575,0.1902489811182022
2021-02-09,1.6155844235924097,0.001207486493512988,0.1447279453277588,0.3572660982608795,0.13656936585903168,0.17488478124141693,0.18655182421207428
2021-02-10,1.6157680421787781,0.00011365459067746997,0.1517842411994934,0.3456714153289795,0.1356908529996872,0.17531102895736694,0.19154246151447296
2021-02-11,1.6146006275240912,-0.0007225137669593096,0.15834921598434448,0.3360661566257477,0.1345643550157547,0.17617864906787872,0.19484159350395203
2021-02-12,1.6149381416793445,0.00020903878612443805,0.15894554555416107,0.3336097300052643,0.13451674580574036,0.1775350421667099,0.1953929215669632
2021-02-16,1.6029472914675824,-0.007424959447234869,0.15581323206424713,0.3378736972808838,0.13533800840377808,0.1773955523967743,0.19357942044734955
2021-02-17,1.596964187482904,-0.0037325643934309483,0.16244246065616608,0.3269925117492676,0.13392850756645203,0.1778801828622818,0.1987563520669937
2021-02-18,1.5891002275299648,-0.004924318287521601,0.1673903465270996,0.321534663438797,0.1324172466993332,0.17821715772151947,0.20044060051441193
2021-02-19,1.5882726865555574,-0.0005207607173360884,0.1678251326084137,0.32126861810684204,0.13301673531532288,0.17862394452095032,0.1992655247449875
2021-02-22,1.5732089839609988,-0.00948433019220829,0.1556132733821869,0.3390725553035736,0.13450731337070465,0.1783764362335205,0.19243039190769196
2021-02-23,1.568594511863109,-0.002933159004896879,0.16228744387626648,0.32960712909698486,0.13354195654392242,0.1770465075969696,0.19751697778701782
2021-02-24,1.5784611027142164,0.00629008375108242,0.1631484180688858,0.32782772183418274,0.13367553055286407,0.17790764570236206,0.1974407285451889
2021-02-25,1.5348753135244326,-0.02761283703148365,0.1502116620540619,0.3471069931983948,0.13564661145210266,0.17730861902236938,0.18972612917423248
2021-02-26,1.5360077469890758,0.0007378016016446054,0.18193186819553375,0.29893359541893005,0.12969596683979034,0.17788158357143402,0.21155700087547302
2021-03-01,1.5592653515878918,0.015141593292355537,0.17818684875965118,0.3075539469718933,0.12905500829219818,0.18006615340709686,0.2051379680633545
2021-03-02,1.5460118378930106,-0.008499844931066036,0.14503294229507446,0.35416316986083984,0.13684788346290588,0.1782379150390625,0.1857180893421173
2021-03-03,1.5190962802816883,-0.01740967109799385,0.16309420764446259,0.3276401162147522,0.13403846323490143,0.17558658123016357,0.1996406465768814
2021-03-04,1.4975523133035782,-0.014182094484567642,0.17402678728103638,0.3105679154396057,0.13023611903190613,0.17848864197731018,0.206680566072464
2021-03-05,1.5140275448734672,0.01100143976509571,0.18094731867313385,0.3011559844017029,0.129683718085289,0.17942218482494354,0.2087908685207367
2021-03-08,1.4939016346251057,-0.01329296175390482,0.15497155487537384,0.3397330641746521,0.1345292329788208,0.17873221635818481,0.19203394651412964
2021-03-09,1.5301771844191552,0.02428242191672325,0.16514833271503448,0.32290729880332947,0.13182947039604187,0.17763657867908478,0.202478289604187
2021-03-10,1.5355549926461898,0.0035145003348588943,0.14290690422058105,0.36043956875801086,0.13774600625038147,0.17495985329151154,0.18394771218299866
2021-03-11,1.5525226148153197,0.011049830354750156,0.14679157733917236,0.35275882482528687,0.13609181344509125,0.17415553331375122,0.1902022510766983
2021-03-12,1.5436828090613102,-0.005693833809345961,0.14235661923885345,0.358519971370697,0.13739325106143951,0.17429417371749878,0.187436044216156
2021-03-15,1.554349561661571,0.006909938063472509,0.15096503496170044,0.3435260057449341,0.13558429479599,0.17497989535331726,0.19494475424289703
2021-03-16,1.5526074328646873,-0.0011208088835701346,0.15226490795612335,0.34372571110725403,0.13545450568199158,0.17501498758792877,0.19353991746902466
2021-03-17,1.557341764087327,0.003049277700483799,0.15976645052433014,0.3317112326622009,0.13474738597869873,0.17584620416164398,0.19792863726615906
2021-03-18,1.5262492813244888,-0.019965099170804024,0.1536932736635208,0.3411121368408203,0.13517190515995026,0.17625397443771362,0.1937687247991562
2021-03-19,1.5319041515289034,0.0037050764076411724,0.17579397559165955,0.30749431252479553,0.13062219321727753,0.17702627182006836,0.20906326174736023
2021-03-22,1.544285214284648,0.008082139305770397,0.16307225823402405,0.3279086649417877,0.13258197903633118,0.17831410467624664,0.1981230080127716
2021-03-23,1.5326391397439176,-0.00754140131175518,0.1589365154504776,0.33378592133522034,0.13477854430675507,0.17673438787460327,0.19576461613178253
2021-03-24,1.520998824916021,-0.007594948168843985,0.17468658089637756,0.310589075088501,0.13176827132701874,0.17684242129325867,0.20611369609832764
2021-03-25,1.5230493599563362,0.0013481503119692206,0.17580275237560272,0.30960413813591003,0.13055168092250824,0.17834439873695374,0.2056969702243805
2021-03-26,1.5380270711962085,0.009834028780460358,0.1581505686044693,0.33383142948150635,0.13317415118217468,0.178883358836174,0.19596046209335327
2021-03-29,1.5259668274584044,-0.007841372862458229,0.147654190659523,0.3500630855560303,0.1363699734210968,0.17596644163131714,0.189946249127388
2021-03-30,1.5223158055343136,-0.0023925958666950464,0.16503497958183289,0.32268333435058594,0.1339731365442276,0.17621205747127533,0.20209646224975586
2021-03-31,1.5366126438641816,0.00939150620251894,0.16372275352478027,0.32570382952690125,0.131738543510437,0.17816516757011414,0.20066969096660614
2021-04-01,1.5588731479507856,0.014486737549304962,0.15000592172145844,0.3474864065647125,0.1361619532108307,0.17639967799186707,0.1899460405111313
2021-04-05,1.5729438843982495,0.009026222862303257,0.14609365165233612,0.3553418815135956,0.13693970441818237,0.1741037219762802,0.18752099573612213
2021-04-06,1.5760151977283001,0.0019525892566889524,0.14556488394737244,0.3539644479751587,0.13750384747982025,0.17439989745616913,0.18856695294380188
2021-04-07,1.5713413784379775,-0.0029655927792191505,0.15409649908542633,0.34207773208618164,0.13536103069782257,0.1746872514486313,0.19377751648426056
2021-04-08,1.5853161279945087,0.008893515914678574,0.1605088710784912,0.3309471309185028,0.134623721241951,0.17652255296707153,0.19739778339862823
2021-04-09,1.5870956878734543,0.0011225268244743347,0.15287670493125916,0.34451818466186523,0.13555744290351868,0.1760675609111786,0.19098010659217834
2021-04-12,1.5836450979254437,-0.0021741536911576986,0.1551540642976761,0.3389850854873657,0.1352967768907547,0.17636360228061676,0.1942005306482315
2021-04-13,1.5942274881024154,0.006682299077510834,0.16050337255001068,0.33117619156837463,0.1339910924434662,0.17684707045555115,0.19748227298259735
2021-04-14,1.5867329939684398,-0.004701019264757633,0.15667447447776794,0.3384583592414856,0.13521499931812286,0.17648914456367493,0.19316300749778748
2021-04-15,1.6079781473040677,0.013389242812991142,0.15920336544513702,0.33338525891304016,0.1334989070892334,0.17720434069633484,0.196708083152771
2021-04-16,1.609429324282195,0.0009024855098687112,0.15103158354759216,0.3480682373046875,0.1361471712589264,0.17549309134483337,0.18925997614860535
2021-04-19,1.5985910456572598,-0.00673423707485199,0.15206383168697357,0.3446820080280304,0.1361074298620224,0.17572104930877686,0.19142566621303558
2021-04-20,1.5908483101618662,-0.004843474831432104,0.16313304007053375,0.32761505246162415,0.13372592628002167,0.1766343116760254,0.19889166951179504
2021-04-21,1.6065347480549719,0.009860423393547535,0.16893896460533142,0.32022809982299805,0.132704496383667,0.1775391846895218,0.20058928430080414
2021-04-22,1.5958985347549197,-0.006620593369007111,0.1503966599702835,0.3483099639415741,0.1355503350496292,0.17718814313411713,0.18855494260787964
2021-04-23,1.6073501180368353,0.007175633683800697,0.16312868893146515,0.3281194269657135,0.1332404762506485,0.17679910361766815,0.1987122744321823
2021-04-26,1.61411375812153,0.004207944497466087,0.15161876380443573,0.34498730301856995,0.13543246686458588,0.17722921073436737,0.19073224067687988
2021-04-27,1.6086995700912285,-0.0033542790915817022,0.15135735273361206,0.34587740898132324,0.1359635442495346,0.17593209445476532,0.1908695548772812
2021-04-28,1.608263218012723,-0.0002712452260311693,0.15634849667549133,0.3375491499900818,0.13490872085094452,0.17660051584243774,0.19459307193756104
2021-04-29,1.6088781382982873,0.0003823505248874426,0.15780845284461975,0.3364848792552948,0.13450470566749573,0.1769038289785385,0.19429810345172882
2021-04-30,1.6002848962759926,-0.005341139156371355,0.1579992175102234,0.3355174958705902,0.13492321968078613,0.17728187143802643,0.19427818059921265
2021-05-03,1.6033986850347,0.0019457715097814798,0.16610361635684967,0.324239581823349,0.13328039646148682,0.17764368653297424,0.19873271882534027
2021-05-04,1.589064871084449,-0.008939644321799278,0.15768539905548096,0.33771130442619324,0.13458122313022614,0.17765894532203674,0.19236311316490173
2021-05-05,1.5883795423762561,-0.0004312779929023236,0.1688784658908844,0.32039129734039307,0.13212992250919342,0.1779446005821228,0.20065569877624512
2021-05-06,1.6001554023806477,0.007413757033646107,0.16324332356452942,0.32896167039871216,0.13357920944690704,0.17851312458515167,0.19570259749889374
2021-05-07,1.610427131836927,0.006419207435101271,0.15323568880558014,0.34460100531578064,0.13628531992435455,0.17679163813591003,0.18908633291721344
2021-05-10,1.5858845934016077,-0.015239769592881203,0.14761212468147278,0.35256361961364746,0.13707862794399261,0.17572906613349915,0.18701651692390442
2021-05-11,1.5805970750716056,-0.0033341129310429096,0.166812464594841,0.3224773705005646,0.1333182454109192,0.17659816145896912,0.2007938027381897
2021-05-12,1.5484278442574047,-0.02035258151590824,0.16419656574726105,0.32679763436317444,0.13338862359523773,0.17844226956367493,0.19717489182949066
2021-05-13,1.560799778156187,0.007989997044205666,0.1815958023071289,0.3009876310825348,0.13003884255886078,0.17894065380096436,0.20843708515167236
2021-05-14,1.5864104190130035,0.016408665105700493,0.15750069916248322,0.33708253502845764,0.1341182142496109,0.17927035689353943,0.19202812016010284
2021-05-17,1.585462830663291,-0.0005973160150460899,0.14394843578338623,0.3586110770702362,0.13743358850479126,0.17537656426429749,0.1846303641796112
2021-05-18,1.577902059289269,-0.004768810234963894,0.1516343355178833,0.34611615538597107,0.13602124154567719,0.1748533844947815,0.19137492775917053
2021-05-19,1.5757423210870545,-0.0013687403406947851,0.16052402555942535,0.332113116979599,0.13413141667842865,0.17645363509655,0.1967778205871582
2021-05-20,1.5935462492733194,0.01129875611513853,0.16151294112205505,0.3305026590824127,0.13417109847068787,0.1774146556854248,0.19639869034290314
2021-05-21,1.5918907081473628,-0.0010389037197455764,0.15203672647476196,0.34571579098701477,0.13617141544818878,0.17647592723369598,0.18960008025169373
2021-05-24,1.6063663435073439,0.009093360044062138,0.15699705481529236,0.33783066272735596,0.13460548222064972,0.17644889652729034,0.19411791861057281
2021-05-25,1.6098329799087279,0.0021580609027296305,0.15105754137039185,0.3468763530254364,0.1362476497888565,0.1762945055961609,0.1895238757133484
2021-05-26,1.6152227282719915,0.0033480171114206314,0.15745005011558533,0.33817800879478455,0.13524840772151947,0.17585568130016327,0.19326789677143097
2021-05-27,1.6144700600103319,-0.0004659841943066567,0.1522396057844162,0.34488338232040405,0.13515357673168182,0.17689038813114166,0.19083309173583984
2021-05-28,1.6172249491713633,0.0017063736449927092,0.15386760234832764,0.34192928671836853,0.13499486446380615,0.1766091287136078,0.1925990879535675
2021-06-01,1.6167391942619074,-0.00030036323005333543,0.1552145779132843,0.3402771055698395,0.13535647094249725,0.1765308380126953,0.19262099266052246
2021-06-02,1.6206499621938804,0.0024189231917262077,0.15589870512485504,0.3392009139060974,0.1344367265701294,0.17705991864204407,0.19340375065803528
2021-06-03,1.6048666961588218,-0.009738849475979805,0.15577219426631927,0.33997994661331177,0.135097473859787,0.17678603529930115,0.19236429035663605
2021-06-04,1.624253543790087,0.012080036103725433,0.16699182987213135,0.3213728964328766,0.13244135677814484,0.17822180688381195,0.2009720355272293
2021-06-07,1.6289470679495335,0.0028896499425172806,0.1545945703983307,0.34276577830314636,0.13551083207130432,0.17715857923030853,0.18997028470039368
2021-06-08,1.6326530273596203,0.002275064354762435,0.15168409049510956,0.3461496829986572,0.13576769828796387,0.1765536516904831,0.18984484672546387
2021-06-09,1.6328706380258924,0.000133286535856314,0.154537171125412,0.3419657051563263,0.13484039902687073,0.17655068635940552,0.19210608303546906
2021-06-10,1.6411896134648454,0.005094693507999182,0.1603892743587494,0.333307683467865,0.13420554995536804,0.17699778079986572,0.1950996369123459
2021-06-11,1.6413697053045602,0.00010973250027745962,0.15757514536380768,0.3380569815635681,0.13543228805065155,0.17726001143455505,0.19167566299438477
2021-06-14,1.6424815330874376,0.0006773780332878232,0.1567450761795044,0.33796441555023193,0.13468019664287567,0.17784680426120758,0.1927635371685028
2021-06-15,1.6361926566854463,-0.003828887129202485,0.15694881975650787,0.3373482823371887,0.13556593656539917,0.17769405245780945,0.19244292378425598
2021-06-16,1.6265750856837997,-0.00587801868095994,0.16128067672252655,0.3316064476966858,0.13410483300685883,0.17784753441810608,0.19516046345233917
2021-06-17,1.6249637502631478,-0.0009906308259814978,0.16600167751312256,0.3240474462509155,0.13283951580524445,0.17900946736335754,0.19810184836387634
2021-06-18,1.615823842592271,-0.005624684039503336,0.17128533124923706,0.31643611192703247,0.13210009038448334,0.1795116811990738,0.20066678524017334
2021-06-21,1.626572447841109,0.0066520897671580315,0.17780278623104095,0.3094593286514282,0.1308681070804596,0.17929695546627045,0.20257283747196198
2021-06-22,1.6335574477280619,0.004294306039810181,0.15060169994831085,0.3474717140197754,0.1361563801765442,0.1787792146205902,0.18699103593826294
2021-06-23,1.633312844599128,-0.00014973647193983197,0.15289482474327087,0.34394797682762146,0.13618792593479156,0.17631754279136658,0.19065172970294952
2021-06-24,1.6416066749116915,0.005077918991446495,0.15561814606189728,0.339954137802124,0.1352456510066986,0.17672273516654968,0.1924593150615692
2021-06-25,1.640167323285484,-0.000876794452778995,0.15167534351348877,0.34624606370925903,0.13568107783794403,0.1766892969608307,0.18970823287963867
2021-06-28,1.6486465778549937,0.005169749725610018,0.15315917134284973,0.34318214654922485,0.13594810664653778,0.17651647329330444,0.1911940574645996
2021-06-29,1.6468731626334259,-0.001075679436326027,0.15694357454776764,0.33886098861694336,0.13558264076709747,0.17637285590171814,0.19223996996879578
2021-06-30,1.6491163555488864,0.0013620920944958925,0.16068795323371887,0.3322239816188812,0.13437466323375702,0.17759549617767334,0.19511793553829193
2021-07-01,1.653836877439632,0.0028624553233385086,0.15870846807956696,0.33616355061531067,0.13458356261253357,0.1774338334798813,0.1931106001138687
2021-07-02,1.663933180628138,0.006104775704443455,0.1539921909570694,0.34297889471054077,0.13537819683551788,0.17715133726596832,0.1904994547367096
2021-07-06,1.6675851497066758,0.0021947810892015696,0.15442165732383728,0.3428249657154083,0.13640958070755005,0.17621511220932007,0.1901286542415619
2021-07-07,1.6714194925754604,0.0022993385791778564,0.1599927544593811,0.3351651132106781,0.13514506816864014,0.17650307714939117,0.1931939423084259
2021-07-08,1.6647034280779271,-0.004018180072307587,0.15975520014762878,0.335227906703949,0.13486209511756897,0.17719270288944244,0.19296203553676605
2021-07-09,1.6725434703907234,0.004709572996944189,0.16446565091609955,0.3277483880519867,0.13362646102905273,0.1778627634048462,0.19629676640033722
2021-07-12,1.6751283682333584,0.001545489183627069,0.14927604794502258,0.3491497337818146,0.13628007471561432,0.17758998274803162,0.1877041757106781
2021-07-13,1.6680647322092264,-0.004216772969812155,0.1536303162574768,0.3428276777267456,0.13596536219120026,0.17625679075717926,0.19131989777088165
2021-07-14,1.6727764027588432,0.002824632916599512,0.16122877597808838,0.3312525451183319,0.13505733013153076,0.17694956064224243,0.1955118030309677
2021-07-15,1.6699502527697905,-0.001689496566541493,0.1614941954612732,0.33290863037109375,0.1347603052854538,0.1769411563873291,0.19389574229717255
2021-07-16,1.6568155985963342,-0.007865296676754951,0.163707435131073,0.3293875455856323,0.13346029818058014,0.17775075137615204,0.19569392502307892
2021-07-19,1.651789503931753,-0.0030335872434079647,0.1686607450246811,0.32074984908103943,0.13264383375644684,0.17896437644958496,0.1989811509847641
2021-07-20,1.6652614924854698,0.008155995979905128,0.17312340438365936,0.3169814944267273,0.13163374364376068,0.1788179874420166,0.19944337010383606
2021-07-21,1.670665323459987,0.0032450344879180193,0.14894695580005646,0.35024458169937134,0.1359856128692627,0.17872536182403564,0.18609750270843506
2021-07-22,1.6747682372283503,0.0024558561854064465,0.14698413014411926,0.3522503972053528,0.13708235323429108,0.1762235015630722,0.18745951354503632
2021-07-23,1.6821145215177373,0.004386448301374912,0.15720319747924805,0.3384818136692047,0.13577783107757568,0.17571426928043365,0.1928228735923767
2021-07-26,1.6822255734981195,6.601927452720702e-05,0.15189145505428314,0.3453758955001831,0.1363149881362915,0.17686575651168823,0.1895519495010376
2021-07-27,1.6756933204388964,-0.0038831017445772886,0.15472809970378876,0.3411911427974701,0.135492742061615,0.17667348682880402,0.19191457331180573
2021-07-28,1.6826370367740018,0.004143787082284689,0.16394764184951782,0.3287312388420105,0.13346168398857117,0.1770879477262497,0.1967715173959732
2021-07-29,1.688344234037057,0.0033918172121047974,0.1541806012392044,0.3431781530380249,0.13508960604667664,0.1776953786611557,0.18985623121261597
2021-07-30,1.6813856610531297,-0.0041215368546545506,0.1501646488904953,0.34892064332962036,0.13652893900871277,0.17626966536045074,0.18811607360839844
2021-08-02,1.6819716275369916,0.00034850212978199124,0.16115958988666534,0.3319052457809448,0.13407036662101746,0.1769159883260727,0.19594889879226685
2021-08-03,1.688404321594805,0.0038244961760938168,0.1620968133211136,0.331302285194397,0.13384760916233063,0.17774814367294312,0.1950051635503769
2021-08-04,1.6857689799173023,-0.001560847507789731,0.15554183721542358,0.34042662382125854,0.13531458377838135,0.17762427031993866,0.19109272956848145
2021-08-05,1.6922450338125468,0.0038416022434830666,0.16129222512245178,0.332103431224823,0.13474096357822418,0.17723573744297028,0.19462764263153076
2021-08-06,1.678325301088437,-0.00822560116648674,0.15222392976284027,0.34505829215049744,0.13553790748119354,0.1775931715965271,0.18958674371242523
2021-08-09,1.6709104698781143,-0.004417994059622288,0.15916001796722412,0.33182400465011597,0.13409364223480225,0.1781918853521347,0.19673046469688416
2021-08-10,1.6676239837645797,-0.0019668834283947945,0.16450701653957367,0.32510465383529663,0.13335059583187103,0.17842058837413788,0.1986171454191208
2021-08-11,1.6726939584309017,0.003040238516405225,0.16059383749961853,0.33222395181655884,0.13399505615234375,0.1783362627029419,0.19485093653202057
2021-08-12,1.6745842085182054,0.0011300633195787668,0.15443505346775055,0.342791885137558,0.13553555309772491,0.17706003785133362,0.19017751514911652
2021-08-13,1.6841843457662544,0.005732848308980465,0.15558376908302307,0.3403073251247406,0.1356476992368698,0.17686046659946442,0.1916007548570633
2021-08-16,1.6852336741274734,0.0006230483995750546,0.15669888257980347,0.34076473116874695,0.13558731973171234,0.17608793079853058,0.19086115062236786
2021-08-17,1.6750459387641219,-0.006045295391231775,0.15787218511104584,0.33782723546028137,0.13535314798355103,0.17694908380508423,0.19199834764003754
2021-08-18,1.6659981874271799,-0.005401494447141886,0.16445957124233246,0.3275165855884552,0.13376149535179138,0.17789138853549957,0.1963709145784378
2021-08-19,1.6675826807180267,0.0009510774398222566,0.16714417934417725,0.32416078448295593,0.13293927907943726,0.1786610633134842,0.19709475338459015
2021-08-20,1.6795073590240914,0.007150876801460981,0.16456979513168335,0.3277931809425354,0.13401344418525696,0.17869865894317627,0.19492492079734802
2021-08-23,1.698301318519436,0.011190162040293217,0.15210826694965363,0.34620150923728943,0.13591063022613525,0.17780694365501404,0.18797262012958527
2021-08-24,1.7003720802022322,0.0012193134753033519,0.1436305195093155,0.3598746061325073,0.13792115449905396,0.17536376416683197,0.18320994079113007
2021-08-25,1.6976878044938,-0.001578640192747116,0.14836962521076202,0.3512318432331085,0.13682754337787628,0.1755446493625641,0.1880263239145279
2021-08-26,1.6911845114357713,-0.0038306766655296087,0.15371987223625183,0.3422293961048126,0.13566765189170837,0.17661654949188232,0.19176651537418365
2021-08-27,1.7123152081221218,0.012494613416492939,0.16210058331489563,0.3309662342071533,0.1341448277235031,0.1771770566701889,0.19561129808425903
2021-08-30,1.718500318749077,0.0036121332086622715,0.1458459198474884,0.35715511441230774,0.13657189905643463,0.17632688581943512,0.1841002255678177
2021-08-31,1.7166759459194152,-0.0010616075014695525,0.1525532305240631,0.3449859023094177,0.1365063488483429,0.1758977770805359,0.1900567263364792
2021-09-01,1.7198757453312805,0.001863950747065246,0.15476997196674347,0.34138694405555725,0.13557730615139008,0.17670346796512604,0.19156235456466675
2021-09-02,1.7224781001271774,0.001513106282800436,0.1548834592103958,0.3416703939437866,0.1352347880601883,0.17692993581295013,0.19128142297267914
2021-09-03,1.7238642601947642,0.0008047475712373853,0.1555900126695633,0.34059029817581177,0.13491427898406982,0.17709407210350037,0.19181135296821594
2021-09-07,1.7130586949068272,-0.006268222816288471,0.15434250235557556,0.34244394302368164,0.13624322414398193,0.17687161266803741,0.19009865820407867
2021-09-08,1.7094627120323826,-0.002099159173667431,0.16272719204425812,0.3281460702419281,0.13413958251476288,0.17816224694252014,0.19682498276233673
2021-09-09,1.7113661832061624,0.0011134909000247717,0.16544869542121887,0.3260800242424011,0.13344182074069977,0.17825031280517578,0.19677913188934326
2021-09-10,1.6982066556615345,-0.007689486723393202,0.1625880002975464,0.3315427899360657,0.13367602229118347,0.17824336886405945,0.1939498782157898
2021-09-13,1.7027837658901113,0.0026952610351145267,0.16543897986412048,0.3252283036708832,0.13355742394924164,0.17881716787815094,0.19695815443992615
2021-09-14,1.7025099872977787,-0.00016078294720500708,0.15876783430576324,0.336499959230423,0.1344311535358429,0.17821413278579712,0.19208694994449615
2021-09-15,1.7080447994296337,0.0032509719021618366,0.16292396187782288,0.33114829659461975,0.13423696160316467,0.17749471962451935,0.19419610500335693
2021-09-16,1.6993565110716056,-0.005086686462163925,0.1547130048274994,0.34157219529151917,0.13543455302715302,0.17810316383838654,0.1901770830154419
2021-09-17,1.6883035636876285,-0.0065041957423090935,0.16183561086654663,0.32940396666526794,0.13388417661190033,0.1783660501241684,0.1965102106332779
2021-09-20,1.6727702507292372,-0.009200545027852058,0.16389797627925873,0.3276670277118683,0.13316477835178375,0.1786077320575714,0.1966625154018402
2021-09-21,1.675456449467031,0.0016058384208008647,0.17454035580158234,0.31428495049476624,0.131449356675148,0.17836762964725494,0.20135770738124847
2021-09-22,1.6873068680158674,0.007072949316352606,0.16137813031673431,0.3326605558395386,0.13414065539836884,0.1792222410440445,0.19259841740131378
2021-09-23,1.6892287377438104,0.0011390161234885454,0.15274809300899506,0.34498152136802673,0.1356302797794342,0.17753995954990387,0.18910011649131775
2021-09-24,1.6857297720899012,-0.0020713391713798046,0.1477547585964203,0.3496663570404053,0.13685131072998047,0.17698150873184204,0.18874606490135193
2021-09-27,1.6834273112440115,-0.00136585405562073,0.1550067961215973,0.3398139178752899,0.13585565984249115,0.17628052830696106,0.19304312765598297
2021-09-28,1.6485655434077575,-0.020708804950118065,0.15459586679935455,0.34173089265823364,0.13466086983680725,0.1770603358745575,0.19195204973220825
2021-09-29,1.6467316505475331,-0.0011124173179268837,0.17408020794391632,0.3114260733127594,0.13129176199436188,0.17845001816749573,0.20475193858146667
2021-09-30,1.6450956771001641,-0.0009934669360518456,0.16619166731834412,0.3241675794124603,0.1326950192451477,0.17948050796985626,0.19746524095535278
2021-10-01,1.6583332802284685,0.008046707138419151,0.16288413107395172,0.3304779529571533,0.1343429684638977,0.17790213227272034,0.1943928599357605
2021-10-04,1.6415462048472529,-0.010122859850525856,0.15212364494800568,0.34615248441696167,0.13549591600894928,0.17705677449703217,0.18917116522789001
2021-10-05,1.647961643292151,0.003908168058842421,0.1639196276664734,0.3277369439601898,0.13329263031482697,0.17707152664661407,0.19797924160957336
2021-10-06,1.653925040304388,0.003618650371208787,0.15470361709594727,0.3401070833206177,0.13563787937164307,0.1778164654970169,0.19173501431941986
2021-10-07,1.659945877753138,0.0036403327248990536,0.1565854400396347,0.3387124836444855,0.13547638058662415,0.17646875977516174,0.19275698065757751
2021-10-08,1.6529779500805484,-0.004197683651000261,0.15028713643550873,0.3468951880931854,0.136076420545578,0.176872119307518,0.18986919522285461
2021-10-11,1.64418003938015,-0.005322461016476154,0.15827514231204987,0.3350357115268707,0.13491711020469666,0.17657975852489471,0.19519220292568207
2021-10-12,1.6492510224687091,0.003084201831370592,0.16334903240203857,0.32803434133529663,0.1334441602230072,0.1776675283908844,0.19750499725341797
2021-10-13,1.664124761112512,0.009018480777740479,0.16076558828353882,0.3338017761707306,0.13344082236289978,0.1775975227355957,0.19439436495304108
2021-10-14,1.684076275661232,0.011989193968474865,0.15221528708934784,0.3470728099346161,0.13602715730667114,0.17637546360492706,0.18830928206443787
2021-10-15,1.6822526753664833,-0.0010828489903360605,0.14482758939266205,0.35714417695999146,0.13747283816337585,0.1753368079662323,0.18521864712238312
2021-10-18,1.6891899864974642,0.004123822320252657,0.15437422692775726,0.34008920192718506,0.1356779783964157,0.1761493980884552,0.19370923936367035
2021-10-19,1.693288981352822,0.0024266038089990616,0.15596605837345123,0.3393985629081726,0.13525952398777008,0.17661313712596893,0.19276273250579834
2021-10-20,1.6958397898268867,0.0015064224135130644,0.1513185054063797,0.3455301821231842,0.13647297024726868,0.17667530477046967,0.19000300765037537
2021-10-21,1.7000303978186457,0.0024711107835173607,0.15108610689640045,0.3467506468296051,0.1361600160598755,0.17598247528076172,0.19002078473567963
2021-10-22,1.699555429853668,-0.0002793879248201847,0.15342684090137482,0.3432216942310333,0.1357685774564743,0.17636559903621674,0.19121727347373962
2021-10-25,1.7107928682906939,0.006611987017095089,0.15880374610424042,0.3364219665527344,0.1342511922121048,0.17656995356082916,0.19395318627357483
2021-10-26,1.7112293253463997,0.0002551197540014982,0.15091150999069214,0.3477601110935211,0.13619926571846008,0.17675553262233734,0.18837352097034454
2021-10-27,1.7133948397950798,0.0012654729653149843,0.15926392376422882,0.3349650502204895,0.1347801834344864,0.1768556386232376,0.19413524866104126
2021-10-28,1.7257311164744698,0.007199903018772602,0.16524778306484222,0.3276350498199463,0.13381224870681763,0.17730003595352173,0.19600479304790497
2021-10-29,1.7273122968025827,0.0009162379428744316,0.15063883364200592,0.3480128347873688,0.13594914972782135,0.17774832248687744,0.1876508891582489
2021-11-01,1.7352770616124111,0.0046110739931464195,0.1564301699399948,0.33868929743766785,0.1352759301662445,0.17689907550811768,0.1927054524421692
2021-11-02,1.7400170726523856,0.002731558633968234,0.14801956713199615,0.3520832061767578,0.1361592710018158,0.17673318088054657,0.18700477480888367
2021-11-03,1.7461997573053636,0.003553232178092003,0.15313036739826202,0.3443256914615631,0.1358361393213272,0.17619740962982178,0.1905103474855423
2021-11-04,1.762040693072808,0.00907166302204132,0.14917942881584167,0.3490859568119049,0.13632526993751526,0.17685602605342865,0.1885533481836319
2021-11-05,1.7756949837056752,0.007749134674668312,0.15020863711833954,0.35002055764198303,0.136935755610466,0.17531216144561768,0.18752282857894897
2021-11-08,1.7764228885855362,0.00040992675349116325,0.14885377883911133,0.35311055183410645,0.13617965579032898,0.1752728670835495,0.18658317625522614
2021-11-09,1.7755785323301971,-0.0004753126413561404,0.15226110816001892,0.34597378969192505,0.13592994213104248,0.1761648952960968,0.18967026472091675
2021-11-10,1.7585953626959077,-0.009564865380525589,0.1595379114151001,0.3359385132789612,0.1343667060136795,0.17659667134284973,0.1935601383447647
2021-11-11,1.763644694479903,0.002871230011805892,0.1625487059354782,0.3295036852359772,0.1344330608844757,0.17786598205566406,0.19564855098724365
2021-11-12,1.7714974522883637,0.004452573601156473,0.15553830564022064,0.3409099280834198,0.1352636069059372,0.17763201892375946,0.1906561404466629
2021-11-15,1.76601219654203,-0.0030963949393481016,0.15222398936748505,0.345391184091568,0.13656140863895416,0.17680226266384125,0.18902114033699036
2021-11-16,1.7685277987153631,0.001424453454092145,0.1558913290500641,0.3390178680419922,0.1357596516609192,0.17701292037963867,0.19231821596622467
2021-11-17,1.7705843198518418,0.0011628435458987951,0.15611936151981354,0.33900168538093567,0.13535787165164948,0.17736823856830597,0.19215291738510132
2021-11-18,1.7767201754462507,0.003465441055595875,0.15998373925685883,0.3350464999675751,0.13503198325634003,0.1768457293510437,0.19309203326702118
2021-11-19,1.778049101725474,0.0007479659980162978,0.15779395401477814,0.3375360667705536,0.13532760739326477,0.17752867937088013,0.19181370735168457
2021-11-22,1.757765575817516,-0.011407742276787758,0.16237252950668335,0.33086180686950684,0.13428908586502075,0.177631676197052,0.19484490156173706
2021-11-23,1.7475309559093488,-0.005822516977787018,0.16776521503925323,0.3201942443847656,0.1323605328798294,0.17939412593841553,0.2002859115600586
2021-11-24,1.7550414421902163,0.004297770094126463,0.16385899484157562,0.3260270655155182,0.13350175321102142,0.17938196659088135,0.1972302347421646
2021-11-26,1.7356874725478966,-0.011027642525732517,0.16116587817668915,0.33291447162628174,0.13395990431308746,0.17796188592910767,0.1939978450536728
2021-11-29,1.7477649653116671,0.006958333775401115,0.1817326843738556,0.30476704239845276,0.13019099831581116,0.17787502706050873,0.20543424785137177
2021-11-30,1.731259001010444,-0.009444041177630424,0.15851546823978424,0.33542823791503906,0.13531246781349182,0.179590106010437,0.19115377962589264
2021-12-01,1.7166909522355278,-0.00841471366584301,0.17467324435710907,0.31310051679611206,0.1314697265625,0.17790630459785461,0.20285019278526306
2021-12-02,1.7297652909418082,0.007616011891514063,0.17589247226715088,0.3115147650241852,0.13101211190223694,0.17925506830215454,0.20232565701007843
2021-12-03,1.7186621317590423,-0.0064188819378614426,0.15388396382331848,0.34220394492149353,0.13448172807693481,0.17895157635211945,0.19047871232032776
2021-12-06,1.7259820667528378,0.004259089007973671,0.16717064380645752,0.3236496150493622,0.13300223648548126,0.17672626674175262,0.19945122301578522
2021-12-07,1.7530429646944246,0.01567855104804039,0.1511804312467575,0.34528499841690063,0.13554653525352478,0.17784461379051208,0.19014345109462738
2021-12-08,1.753033156545882,-5.594927642960101e-06,0.13922113180160522,0.36432570219039917,0.13880722224712372,0.17455419898033142,0.18309177458286285
2021-12-09,1.736299871741068,-0.009545332752168179,0.14652302861213684,0.35205143690109253,0.13724231719970703,0.17443929612636566,0.18974390625953674
2021-12-10,1.7451657459301981,0.005106188356876373,0.16691942512989044,0.32234418392181396,0.13274358212947845,0.17609573900699615,0.20189699530601501
2021-12-13,1.736085509119027,-0.0052030798979103565,0.15694007277488708,0.3373050391674042,0.13503535091876984,0.17743724584579468,0.1932823359966278
2021-12-14,1.7222636150754564,-0.00796152837574482,0.16775676608085632,0.32264503836631775,0.13242100179195404,0.17694403231143951,0.20023314654827118
2021-12-15,1.7412327380896584,0.011014064773917198,0.1695113331079483,0.3184037506580353,0.13176733255386353,0.1788770854473114,0.2014404684305191
2021-12-16,1.7223163410495679,-0.01086379587650299,0.14899598062038422,0.3487273156642914,0.1366557478904724,0.1773843616247177,0.1882365494966507
2021-12-17,1.7212473570220348,-0.0006206664838828146,0.16504555940628052,0.32558324933052063,0.13331091403961182,0.17595194280147552,0.20010831952095032
2021-12-20,1.7057605590625682,-0.008997427299618721,0.16332358121871948,0.3287825584411621,0.1323331594467163,0.17784927785396576,0.19771148264408112
2021-12-21,1.7279342505620756,0.012999298982322216,0.16850359737873077,0.3193621039390564,0.13238632678985596,0.17830243706703186,0.201445534825325
2021-12-22,1.7445252814270704,0.009601656347513199,0.14695893228054047,0.35195645689964294,0.1363004893064499,0.17713412642478943,0.18765000998973846
2021-12-23,1.7507393460740208,0.0035620376002043486,0.14617091417312622,0.3543424606323242,0.13710051774978638,0.1744377166032791,0.1879483461380005
2021-12-27,1.7681980262335637,0.00997217558324337,0.14774221181869507,0.3507312536239624,0.13664840161800385,0.1749163120985031,0.18996183574199677
2021-12-28,1.7609299022071143,-0.0041104694828391075,0.14614859223365784,0.35397228598594666,0.13700345158576965,0.1747073531150818,0.1881682425737381
2021-12-29,1.757946162321292,-0.0016944115050137043,0.15724237263202667,0.3361493945121765,0.13467617332935333,0.17589497566223145,0.19603700935840607
2021-12-30,1.760395310019502,0.0013931869762018323,0.15668465197086334,0.3367903530597687,0.1347390115261078,0.17709144949913025,0.19469445943832397
2021-12-31,1.7584179502974424,-0.0011232475517317653,0.15859714150428772,0.33596140146255493,0.13423775136470795,0.1766481250524521,0.1945556253194809
2022-01-03,1.7551070439397698,-0.0018828893080353737,0.1592576503753662,0.334776908159256,0.13416238129138947,0.17709138989448547,0.19471168518066406
2022-01-04,1.7480415168046004,-0.004025695845484734,0.15308324992656708,0.34039509296417236,0.13558495044708252,0.1780136525630951,0.19292305409908295
2022-01-05,1.7135997069095268,-0.019703084602952003,0.1583070158958435,0.3350163400173187,0.13435855507850647,0.17657874524593353,0.19573932886123657
2022-01-06,1.7106200078281797,-0.0017388536361977458,0.17892873287200928,0.30519354343414307,0.13028690218925476,0.17799371480941772,0.20759712159633636
2022-01-07,1.7002114522365104,-0.0060846684500575066,0.16808927059173584,0.320707768201828,0.13161829113960266,0.1801050752401352,0.19947965443134308
2022-01-10,1.7012063981204137,0.0005851894966326654,0.16669106483459473,0.3226250410079956,0.133032888174057,0.17869903147220612,0.19895200431346893
2022-01-11,1.7204945514129844,0.011337926611304283,0.16230057179927826,0.32991814613342285,0.1338587999343872,0.17806297540664673,0.19585956633090973
2022-01-12,1.7215045774330733,0.0005870556342415512,0.15024970471858978,0.3490191102027893,0.13638031482696533,0.17638026177883148,0.1879706084728241
2022-01-13,1.7023441296800081,-0.011130059137940407,0.1548050343990326,0.34067827463150024,0.13593311607837677,0.17599818110466003,0.19258536398410797
2022-01-14,1.700562045200392,-0.001046841498464346,0.1695428192615509,0.3196260333061218,0.13142232596874237,0.1773751676082611,0.20203369855880737
2022-01-18,1.6695939307542427,-0.01821051724255085,0.1597527265548706,0.33220237493515015,0.13432711362838745,0.17887113988399506,0.19484664499759674
2022-01-19,1.6646962595884776,-0.002933450508862734,0.17578905820846558,0.30890563130378723,0.1314672827720642,0.17828194797039032,0.20555603504180908
2022-01-20,1.6515768942800462,-0.00788093637675047,0.171071857213974,0.31850942969322205,0.13207083940505981,0.17870377004146576,0.19964413344860077
2022-01-21,1.6296333959068117,-0.013286392204463482,0.17416474223136902,0.3132833242416382,0.13133540749549866,0.17909300327301025,0.20212356746196747
2022-01-24,1.6373656839245652,0.004744802135974169,0.18179890513420105,0.3031366765499115,0.12902884185314178,0.1795637309551239,0.20647186040878296
2022-01-25,1.618800464463467,-0.01133846864104271,0.15649281442165375,0.3382549285888672,0.1341896951198578,0.17963962256908417,0.19142292439937592
2022-01-26,1.6053877513215997,-0.008285587653517723,0.16810119152069092,0.3209523856639862,0.13247786462306976,0.17760266363620758,0.20086589455604553
2022-01-27,1.5950353129459918,-0.006448559463024139,0.16960492730140686,0.316871702671051,0.13240964710712433,0.17920562624931335,0.201908141374588
2022-01-28,1.6202663061909077,0.015818454325199127,0.17804527282714844,0.3072347342967987,0.13028326630592346,0.17878620326519012,0.2056504338979721
2022-01-31,1.649293864806843,0.017915301024913788,0.15007822215557098,0.34731000661849976,0.13619570434093475,0.17819565534591675,0.18822044134140015
2022-02-01,1.6566286150200127,0.004447206389158964,0.1371890753507614,0.367758184671402,0.13899493217468262,0.17393408715724945,0.18212372064590454
2022-02-02,1.663551731446266,0.004179039504379034,0.1451527178287506,0.35486412048339844,0.13704918324947357,0.1736874282360077,0.1892465353012085
2022-02-03,1.6267929122108242,-0.02209658920764923,0.15249164402484894,0.34374019503593445,0.13606885075569153,0.17460469901561737,0.1930946409702301
2022-02-04,1.631600962355102,0.0029555391520261765,0.1749049425125122,0.31016233563423157,0.13009846210479736,0.17719867825508118,0.2076355218887329
2022-02-07,1.629990398491104,-0.0009871064685285091,0.15838780999183655,0.3335343301296234,0.1344042420387268,0.1787218302488327,0.19495180249214172
2022-02-08,1.6409369933717917,0.006715741939842701,0.15863779187202454,0.3345012068748474,0.1340051293373108,0.1767875850200653,0.19606822729110718
2022-02-09,1.6622693856231083,0.013000128790736198,0.14938786625862122,0.34788382053375244,0.13592559099197388,0.17627938091754913,0.1905234009027481
2022-02-10,1.634977100113642,-0.016418689861893654,0.14355626702308655,0.35757699608802795,0.13732141256332397,0.17450496554374695,0.18704038858413696
2022-02-11,1.620853534294118,-0.00863838754594326,0.16502700746059418,0.3232155442237854,0.13287237286567688,0.17612099647521973,0.20276403427124023
2022-02-14,1.6180049695050382,-0.001757447374984622,0.17253682017326355,0.3160052001476288,0.1302749365568161,0.1772141009569168,0.20396891236305237
2022-02-15,1.634615481507653,0.010266045108437538,0.16236543655395508,0.32809045910835266,0.13356618583202362,0.1784953624010086,0.19748254120349884
2022-02-16,1.6400857933652446,0.003346543526276946,0.14693832397460938,0.3500785231590271,0.1364959478378296,0.17674364149570465,0.18974362313747406
2022-02-17,1.618348224772349,-0.013253921642899513,0.15291982889175415,0.343186616897583,0.13541588187217712,0.17473100125789642,0.1937466710805893
2022-02-18,1.611586756605885,-0.004178005736321211,0.17222318053245544,0.3155516982078552,0.13119874894618988,0.1760748028755188,0.20495153963565826
2022-02-22,1.6018960776944242,-0.006013128906488419,0.1711321771144867,0.31670212745666504,0.13090138137340546,0.17844323813915253,0.20282115042209625
2022-02-23,1.577376226060909,-0.015306768007576466,0.17163999378681183,0.3154813349246979,0.13146302103996277,0.17852482199668884,0.20289075374603271
2022-02-24,1.6010255396395354,0.014992817305028439,0.1757364422082901,0.3086928725242615,0.1306001991033554,0.17893542349338531,0.2060350626707077
2022-02-25,1.6188327606590898,0.011122384108603,0.15067026019096375,0.34557390213012695,0.13562951982021332,0.1780214011669159,0.19010494649410248
2022-02-28,1.6301303974606913,0.0069788782857358456,0.1444796621799469,0.3549294173717499,0.13681291043758392,0.17494989931583405,0.18882811069488525
2022-03-01,1.6223786421705115,-0.004755297675728798,0.1528671681880951,0.3448030352592468,0.1350167989730835,0.1741829663515091,0.19313007593154907
2022-03-02,1.6278674666589825,0.0033831957262009382,0.1647893190383911,0.32715895771980286,0.13301046192646027,0.17563971877098083,0.19940143823623657
2022-03-03,1.620622486324806,-0.004450595937669277,0.14663419127464294,0.3488973379135132,0.13651946187019348,0.17731359601020813,0.19063539803028107
2022-03-04,1.6172926285082636,-0.002054678276181221,0.16241240501403809,0.32846540212631226,0.13331982493400574,0.17519517242908478,0.20060719549655914
2022-03-07,1.5867726450325348,-0.018871033564209938,0.16739094257354736,0.3232457637786865,0.13209272921085358,0.17646215856075287,0.20080837607383728
2022-03-08,1.5895282254649223,0.0017365943640470505,0.1786254197359085,0.3059467077255249,0.12977126240730286,0.17796243727207184,0.2076941430568695
2022-03-09,1.6087649557732857,0.012102163396775723,0.15968559682369232,0.333376944065094,0.13390812277793884,0.17802107334136963,0.19500821828842163
2022-03-10,1.5978835568288507,-0.006763821467757225,0.14624881744384766,0.34913888573646545,0.13656070828437805,0.17650185525417328,0.19154976308345795
2022-03-11,1.578729761224015,-0.011986978352069855,0.15722067654132843,0.33359166979789734,0.13436239957809448,0.17514733970165253,0.19967791438102722
2022-03-14,1.5513494134906987,-0.017343277111649513,0.17296633124351501,0.3117196261882782,0.1303979605436325,0.1767488569021225,0.2081671953201294
2022-03-15,1.5683922944395274,0.010985842905938625,0.1774221658706665,0.3031180500984192,0.12981729209423065,0.17918142676353455,0.21046112477779388
2022-03-16,1.6040367832328206,0.022726768627762794,0.1565612107515335,0.334001362323761,0.13433413207530975,0.1783793568611145,0.19672390818595886
2022-03-17,1.6166354195212742,0.007854331284761429,0.1401021033525467,0.36228278279304504,0.1378220170736313,0.17385327816009521,0.18593978881835938
2022-03-18,1.633871710344683,0.010661829262971878,0.142235666513443,0.3577999472618103,0.1374068409204483,0.17286071181297302,0.189696803689003
2022-03-21,1.6260050317726267,-0.004814746789634228,0.14814072847366333,0.34902313351631165,0.13590648770332336,0.1735607087612152,0.19336892664432526
2022-03-22,1.635797848278562,0.006022623740136623,0.15448090434074402,0.33747926354408264,0.1354217529296875,0.1748497635126114,0.19776833057403564
2022-03-23,1.6311209923508279,-0.0028590671718120575,0.1501985341310501,0.34376007318496704,0.13594704866409302,0.175333634018898,0.1947607398033142
2022-03-24,1.649404845667874,0.011209378950297832,0.16645175218582153,0.3234204649925232,0.13228240609169006,0.17464469373226166,0.2032005935907364
2022-03-25,1.6450809672583095,-0.00262147793546319,0.14906686544418335,0.34742337465286255,0.13619346916675568,0.17589128017425537,0.19142496585845947
2022-03-28,1.6519568950149113,0.004179689567536116,0.15452218055725098,0.33738014101982117,0.13504385948181152,0.1752655953168869,0.19778814911842346
2022-03-29,1.6726894357667241,0.01255029160529375,0.15923896431922913,0.33089858293533325,0.13373978435993195,0.17589223384857178,0.20023050904273987
2022-03-30,1.664927464435399,-0.004640413913875818,0.14826147258281708,0.3490639328956604,0.13534609973430634,0.17529408633708954,0.19203436374664307
2022-03-31,1.6524084186090418,-0.007519274018704891,0.16369108855724335,0.3262019753456116,0.13328099250793457,0.1749287247657776,0.2018972486257553
2022-04-01,1.6535737593765025,0.0007052377332001925,0.1702389270067215,0.31651365756988525,0.1312331110239029,0.17709165811538696,0.2049226313829422
2022-04-04,1.666795774234701,0.007996023632586002,0.1625562459230423,0.32707104086875916,0.1322767287492752,0.17789462208747864,0.20020143687725067
2022-04-05,1.6366174148834531,-0.018105613067746162,0.15319359302520752,0.34097233414649963,0.1359979212284088,0.17629513144493103,0.19354106485843658
2022-04-06,1.6178942959292641,-0.011440131813287735,0.17047886550426483,0.31370222568511963,0.13212285935878754,0.17683446407318115,0.20686163008213043
2022-04-07,1.6188941358488897,0.0006179884076118469,0.1735679805278778,0.31117868423461914,0.13064467906951904,0.17827686667442322,0.2063317596912384
2022-04-08,1.6078727548358414,-0.0068079689517617226,0.16266222298145294,0.3270353078842163,0.13350410759449005,0.1781945377588272,0.1986038237810135
2022-04-11,1.5864239013963903,-0.013339894823729992,0.1640344262123108,0.32490551471710205,0.13321104645729065,0.1772412210702896,0.2006078064441681
2022-04-12,1.5860370458427433,-0.00024385383585467935,0.169103741645813,0.3174859881401062,0.13166412711143494,0.17789173126220703,0.20385436713695526
2022-04-13,1.6055124543218917,0.012279289774596691,0.16225256025791168,0.32874318957328796,0.1331547349691391,0.17776724696159363,0.1980823427438736
2022-04-14,1.5806686902849023,-0.015474040061235428,0.1485893875360489,0.34971803426742554,0.13631464540958405,0.17613807320594788,0.18923981487751007
2022-04-18,1.5793434851028594,-0.0008383826352655888,0.16395758092403412,0.32429006695747375,0.1331366002559662,0.1766110211610794,0.20200470089912415
2022-04-19,1.592207321398919,0.008145052939653397,0.16197150945663452,0.32859909534454346,0.1337849199771881,0.17730553448200226,0.19833888113498688
2022-04-20,1.5919121334596718,-0.00018539541633799672,0.15068800747394562,0.3442443609237671,0.13575413823127747,0.17703433334827423,0.19227918982505798
2022-04-21,1.5689827206872298,-0.014403692446649075,0.15989191830158234,0.3334060609340668,0.13312983512878418,0.17556080222129822,0.1980113387107849
2022-04-22,1.5381136817685133,-0.019674556329846382,0.1731935739517212,0.31221121549606323,0.13114218413829803,0.1777307242155075,0.20572230219841003
2022-04-25,1.5435948472967118,0.0035635633394122124,0.1856788545846939,0.29508209228515625,0.12828674912452698,0.17934174835681915,0.21161049604415894
2022-04-26,1.5137731785633821,-0.019319621846079826,0.169097438454628,0.3183823823928833,0.13150757551193237,0.18026325106620789,0.20074933767318726
2022-04-27,1.507310554981537,-0.004269215278327465,0.18789955973625183,0.29361963272094727,0.12783630192279816,0.17833448946475983,0.2123100310564041
2022-04-28,1.5360287267591228,0.019052591174840927,0.17063580453395844,0.31540223956108093,0.13159142434597015,0.18066780269145966,0.2017027735710144
2022-04-29,1.4928744525109494,-0.028094705194234848,0.1463455855846405,0.3525269329547882,0.1374298632144928,0.17647512257099152,0.18722248077392578
2022-05-02,1.4934883693919414,0.0004112314200028777,0.17915283143520355,0.30327725410461426,0.1298089325428009,0.1763199120759964,0.2114410102367401
2022-05-03,1.4993988993134755,0.003957533277571201,0.16222110390663147,0.3255458474159241,0.132992684841156,0.17952220141887665,0.19971813261508942
2022-05-04,1.5327933692976108,0.022271905094385147,0.15842926502227783,0.3336199223995209,0.13381946086883545,0.17664949595928192,0.19748184084892273
2022-05-05,1.4789769190717679,-0.035110048949718475,0.13914752006530762,0.3641216456890106,0.1381208896636963,0.1739763617515564,0.18463359773159027
2022-05-06,1.4654831074927606,-0.009123747237026691,0.17970187962055206,0.3003334105014801,0.12976133823394775,0.17550288140773773,0.21470053493976593
2022-05-09,1.4287462105040534,-0.025068113580346107,0.1743171215057373,0.3088836073875427,0.13047514855861664,0.1788264513015747,0.20749765634536743
2022-05-10,1.4338499204422626,0.0035721599124372005,0.1990690529346466,0.2768116295337677,0.12481909990310669,0.17823459208011627,0.2210656702518463
2022-05-11,1.4190470656423266,-0.010323852300643921,0.1739436686038971,0.31122666597366333,0.13017931580543518,0.1808062493801117,0.20384414494037628
2022-05-12,1.4148043026529653,-0.002989867702126503,0.18250672519207,0.30040672421455383,0.12864245474338531,0.17776013910770416,0.2106839120388031
2022-05-13,1.4363843337089128,0.015253014862537384,0.16899767518043518,0.31663355231285095,0.13060326874256134,0.1796017736196518,0.20416367053985596
2022-05-16,1.431043731813716,-0.0037180869840085506,0.14459770917892456,0.3516756594181061,0.13683418929576874,0.17647653818130493,0.1904158592224121
2022-05-17,1.4487918412435332,0.012402213178575039,0.15753482282161713,0.33369913697242737,0.1341455727815628,0.17414717376232147,0.20047332346439362
2022-05-18,1.4128499206785798,-0.02480820193886757,0.14324159920215607,0.3543401062488556,0.13646580278873444,0.1748492568731308,0.1911032497882843
2022-05-19,1.4143764745358305,0.0010804784251376987,0.18619036674499512,0.294327050447464,0.12703201174736023,0.17454957962036133,0.21790097653865814
2022-05-20,1.41565017618809,0.0009005393367260695,0.16814596951007843,0.31957143545150757,0.13084015250205994,0.17846284806728363,0.20297956466674805
2022-05-23,1.426946782773029,0.007979800924658775,0.16564695537090302,0.3223215937614441,0.13197177648544312,0.1769273579120636,0.20313234627246857
2022-05-24,1.4188412766071743,-0.005680314265191555,0.14965343475341797,0.3442331552505493,0.1359226256608963,0.17590850591659546,0.19428227841854095
2022-05-25,1.4297879354648604,0.007715210318565369,0.1674468219280243,0.32039836049079895,0.1315302848815918,0.17460167407989502,0.2060229331254959
2022-05-26,1.4498907870668332,0.014060023240745068,0.15543708205223083,0.3367368280887604,0.13354650139808655,0.17655131220817566,0.19772832095623016
2022-05-27,1.477443815329854,0.019003519788384438,0.14423540234565735,0.35328420996665955,0.13674771785736084,0.17448881268501282,0.19124393165111542
2022-05-31,1.4641212793073626,-0.009017287753522396,0.13784152269363403,0.3644590377807617,0.13804498314857483,0.1723480522632599,0.18730635941028595
2022-06-01,1.4591141898012205,-0.0034198598004877567,0.15720897912979126,0.33176836371421814,0.13458898663520813,0.17422430217266083,0.20220932364463806
2022-06-02,1.4848603405562593,0.017645055428147316,0.16317279636859894,0.3253588080406189,0.13255657255649567,0.17558656632900238,0.20332519710063934
2022-06-03,1.4621396650354437,-0.015301557257771492,0.14375406503677368,0.3558187484741211,0.13673248887062073,0.17463988065719604,0.18905481696128845
2022-06-06,1.4591484708054059,-0.0020457650534808636,0.16760876774787903,0.3184255361557007,0.131270632147789,0.17549382150173187,0.207201287150383
2022-06-07,1.4732904579356956,0.009691945277154446,0.1600002497434616,0.3284781575202942,0.13327763974666595,0.17749477922916412,0.2007492184638977
2022-06-08,1.4615304095932755,-0.007982165552675724,0.15273693203926086,0.34241530299186707,0.13464128971099854,0.17555266618728638,0.19465385377407074
2022-06-09,1.438748451360876,-0.015587741509079933,0.16462001204490662,0.32321465015411377,0.13309846818447113,0.1760600209236145,0.20300686359405518
2022-06-10,1.4128500075555592,-0.01800067536532879,0.179993137717247,0.30256468057632446,0.12895040214061737,0.17751888930797577,0.21097296476364136
2022-06-13,1.3580322730330296,-0.03879940137267113,0.18527275323867798,0.2960605323314667,0.12803469598293304,0.1788661628961563,0.2117658406496048
2022-06-14,1.3514724598774863,-0.004830380901694298,0.2056138813495636,0.265641987323761,0.12356872111558914,0.18017490208148956,0.2250005155801773
2022-06-15,1.3756924631206848,0.017921196296811104,0.17919497191905975,0.3021637797355652,0.12929759919643402,0.18193568289279938,0.20740796625614166
2022-06-16,1.3453400988943733,-0.02206333540380001,0.1547883152961731,0.34017759561538696,0.1350000500679016,0.17697492241859436,0.1930590718984604
2022-06-17,1.3504226890278712,0.0037779221311211586,0.18537598848342896,0.2961157560348511,0.12883101403713226,0.1756124049425125,0.21406473219394684
2022-06-21,1.364834046877132,0.010671738535165787,0.1661328375339508,0.32174181938171387,0.1317243129014969,0.179027259349823,0.20137378573417664
2022-06-22,1.370990017721224,0.004510417114943266,0.14740923047065735,0.3472977578639984,0.13663363456726074,0.1761799156665802,0.1924794763326645
2022-06-23,1.3823060965284293,0.008253946900367737,0.15947796404361725,0.33273735642433167,0.13337787985801697,0.17399701476097107,0.20040982961654663
2022-06-24,1.4067820183712947,0.01770658604800701,0.15403743088245392,0.3394022583961487,0.13423916697502136,0.175542950630188,0.19677814841270447
2022-06-27,1.400609314519496,-0.004387818276882172,0.1371561884880066,0.364159494638443,0.13829149305820465,0.17360198497772217,0.1867908239364624
2022-06-28,1.3785610059036681,-0.015741940587759018,0.15298740565776825,0.3396085798740387,0.13474413752555847,0.1735287308692932,0.19913116097450256
2022-06-29,1.3804630100932622,0.0013797025894746184,0.17498953640460968,0.3085172176361084,0.1294935941696167,0.17577789723873138,0.21122175455093384
2022-06-30,1.372104101819069,-0.00605514831840992,0.17055676877498627,0.315885990858078,0.1308801770210266,0.17757204174995422,0.20510494709014893
2022-07-01,1.3818191756733662,0.007080420386046171,0.17304280400276184,0.3116729259490967,0.13019797205924988,0.17772160470485687,0.2073647379875183
2022-07-05,1.3875513958387409,0.004148314241319895,0.15966066718101501,0.33132848143577576,0.1329469233751297,0.17728188633918762,0.1987820565700531
2022-07-06,1.381241960669419,-0.004547172226011753,0.16024790704250336,0.32896775007247925,0.13321912288665771,0.17660968005657196,0.2009555548429489
2022-07-07,1.396340023403195,0.010930787771940231,0.1629054695367813,0.3230843245983124,0.1333196610212326,0.17686428129673004,0.20382627844810486
2022-07-08,1.3941424433273948,-0.0015738144284114242,0.1481180042028427,0.3470757305622101,0.13585276901721954,0.17552673816680908,0.19342674314975739
2022-07-11,1.3803923327113319,-0.00986277312040329,0.15519973635673523,0.33611351251602173,0.1347981095314026,0.17471137642860413,0.1991773396730423
2022-07-12,1.373830116142776,-0.004753877874463797,0.17461895942687988,0.30964013934135437,0.1298503875732422,0.17572873830795288,0.2101617306470871
2022-07-13,1.3756849074385729,0.0013500878121703863,0.17196114361286163,0.31345319747924805,0.13017354905605316,0.17813032865524292,0.20628182590007782
2022-07-14,1.368914696310914,-0.0049213385209441185,0.16654548048973083,0.3225122094154358,0.13197852671146393,0.17767198383808136,0.20129179954528809
2022-07-15,1.385636000315796,0.012215008027851582,0.167513906955719,0.31845369935035706,0.13252787292003632,0.17792826890945435,0.2035762071609497
2022-07-18,1.3770093417062594,-0.006225775461643934,0.1515941619873047,0.3435637950897217,0.13513557612895966,0.17646482586860657,0.193241685628891
2022-07-19,1.4024064836704189,0.018443696200847626,0.16002283990383148,0.33047229051589966,0.13392768800258636,0.17606092989444733,0.19951622188091278
2022-07-20,1.4128380700244558,0.0074383472092449665,0.13945205509662628,0.36263492703437805,0.137742817401886,0.17469389736652374,0.18547630310058594
2022-07-21,1.4309990097840735,0.012854225933551788,0.14679907262325287,0.35100987553596497,0.1364397406578064,0.17382827401161194,0.19192302227020264
2022-07-22,1.4217926710239428,-0.00643350463360548,0.14777104556560516,0.35193008184432983,0.13648098707199097,0.1733352392911911,0.19048269093036652
2022-07-25,1.4171809178072066,-0.00324361864477396,0.1659424751996994,0.3241061568260193,0.1322883665561676,0.17510193586349487,0.20256108045578003
2022-07-26,1.40390078155188,-0.009370812214910984,0.16093450784683228,0.329267680644989,0.13309399783611298,0.17761674523353577,0.19908706843852997
2022-07-27,1.4341038772472288,0.021513696759939194,0.1693613976240158,0.31760352849960327,0.13136108219623566,0.17737053334712982,0.20430347323417664
2022-07-28,1.4495676429368376,0.01078287698328495,0.14172449707984924,0.3596920967102051,0.13825663924217224,0.1756291538476944,0.18469761312007904
2022-07-29,1.4634498505944717,0.009576791897416115,0.14362427592277527,0.3579002022743225,0.13743139803409576,0.17290829122066498,0.18813586235046387
2022-08-01,1.4700430963972217,0.0045052762143313885,0.14460425078868866,0.35506728291511536,0.13746896386146545,0.17352120578289032,0.1893383264541626
2022-08-02,1.4596537774348997,-0.00706735672429204,0.15619125962257385,0.3393455743789673,0.13431675732135773,0.1740945726633072,0.19605185091495514
2022-08-03,1.4838396994502165,0.016569629311561584,0.15931864082813263,0.33085963129997253,0.134012371301651,0.1769065409898758,0.19890275597572327
2022-08-04,1.4902254064441582,0.004303501918911934,0.14900895953178406,0.3492565155029297,0.13620184361934662,0.17528748512268066,0.19024519622325897
2022-08-05,1.4776658007260701,-0.008427990600466728,0.15155747532844543,0.34554409980773926,0.13627032935619354,0.17448636889457703,0.19214171171188354
2022-08-08,1.4845364795104639,0.004649683833122253,0.15653781592845917,0.3343241810798645,0.13426198065280914,0.1765487939119339,0.19832725822925568
2022-08-09,1.4750536894555395,-0.00638771103695035,0.1571037918329239,0.3373871147632599,0.13370315730571747,0.175779789686203,0.19602616131305695
2022-08-10,1.496379011085553,0.014457318931818008,0.16412487626075745,0.32544586062431335,0.13317063450813293,0.17667032778263092,0.20058834552764893
2022-08-11,1.4871640584973052,-0.0061581674963235855,0.14454814791679382,0.35461941361427307,0.1368878185749054,0.17609234154224396,0.18785220384597778
2022-08-12,1.5101152902642918,0.01543288491666317,0.15269020199775696,0.3404442369937897,0.1356191635131836,0.1754138022661209,0.1958325356245041
2022-08-15,1.5121734306380208,0.0013629028107970953,0.14440008997917175,0.35661473870277405,0.13682334125041962,0.17418470978736877,0.1879771202802658
2022-08-16,1.511918671088725,-0.00016847244114615023,0.15327760577201843,0.341027170419693,0.13523954153060913,0.17522163689136505,0.19523406028747559
2022-08-17,1.4962523455200292,-0.010361883789300919,0.15846696496009827,0.3341444730758667,0.1339608132839203,0.17606189846992493,0.197365865111351
2022-08-18,1.4990336454977367,0.0018588441889733076,0.16800016164779663,0.3188726603984833,0.1324491947889328,0.1774306297302246,0.20324736833572388
2022-08-19,1.4751757029162773,-0.01591554842889309,0.16084431111812592,0.3305167257785797,0.13337993621826172,0.1778266876935959,0.19743230938911438
2022-08-22,1.4506056377804053,-0.016655687242746353,0.17303568124771118,0.3112913966178894,0.13149690628051758,0.17808474600315094,0.2060912549495697
2022-08-23,1.450599519268372,-4.217901732772589e-06,0.1822872906923294,0.29964327812194824,0.12880867719650269,0.17908374965190887,0.21017694473266602
2022-08-24,1.4531282882829963,0.0017432578606531024,0.16577757894992828,0.3236147463321686,0.1326054036617279,0.17938679456710815,0.1986154317855835
2022-08-25,1.4723396052365954,0.01322066131979227,0.15709029138088226,0.33596426248550415,0.1347304880619049,0.17751586437225342,0.19469915330410004
2022-08-26,1.4350639388429813,-0.025317301973700523,0.14916448295116425,0.3495783507823944,0.13613563776016235,0.17541807889938354,0.18970341980457306
2022-08-29,1.425465215232318,-0.00668870797380805,0.18462230265140533,0.29707878828048706,0.12821517884731293,0.17664135992527008,0.21344244480133057
2022-08-30,1.4133315031887919,-0.008512106724083424,0.1733936071395874,0.3122425973415375,0.1306946873664856,0.17996490001678467,0.20370417833328247
2022-08-31,1.4030796903167824,-0.007253650575876236,0.17577409744262695,0.3088260591030121,0.13054734468460083,0.17905983328819275,0.20579271018505096
2022-09-01,1.3948318037168748,-0.005878416355699301,0.1709546148777008,0.31490981578826904,0.13160806894302368,0.17940834164619446,0.2031191885471344
2022-09-02,1.3884355636318841,-0.004585671238601208,0.16642147302627563,0.32020771503448486,0.133220374584198,0.17881399393081665,0.20133641362190247
2022-09-06,1.3747025363271705,-0.009891008026897907,0.16854159533977509,0.3202488422393799,0.13208641111850739,0.17753688991069794,0.2015862613916397
2022-09-07,1.3981787935608123,0.017077336087822914,0.16629470884799957,0.3205181360244751,0.1330147385597229,0.17872101068496704,0.20145143568515778
2022-09-08,1.3995210762576844,0.0009600222110748291,0.14867936074733734,0.35048937797546387,0.1360100507736206,0.1759016066789627,0.1889195591211319
2022-09-09,1.4189574340787736,0.013887863606214523,0.15098372101783752,0.3445715308189392,0.13587945699691772,0.17567630112171173,0.1928890198469162
2022-09-12,1.428779117273972,0.006921760272234678,0.1433696746826172,0.3579167425632477,0.1373395174741745,0.17438212037086487,0.1869918704032898
2022-09-13,1.38013247918139,-0.034047696739435196,0.1439722776412964,0.356437623500824,0.1374696046113968,0.17400790750980377,0.18811258673667908
2022-09-14,1.384649833390135,0.0032731308601796627,0.18970802426338196,0.2898859977722168,0.12680114805698395,0.17627935111522675,0.2173253893852234
2022-09-15,1.3678338936293772,-0.0121445432305336,0.16793332993984222,0.3205704987049103,0.13144443929195404,0.18024598062038422,0.19980575144290924
2022-09-16,1.3603228137116294,-0.005491222254931927,0.17528297007083893,0.30841317772865295,0.13007552921772003,0.17908847332000732,0.20713981986045837
2022-09-19,1.367758014125876,0.005465761758387089,0.17042791843414307,0.3161461353302002,0.1320514678955078,0.17879293859004974,0.2025815099477768
2022-09-20,1.35511559583058,-0.009243168868124485,0.15836092829704285,0.3342379629611969,0.13411596417427063,0.1776902675628662,0.19559484720230103
2022-09-21,1.3457900641605636,-0.006881724111735821,0.16732588410377502,0.3199201226234436,0.13272996246814728,0.177444189786911,0.20257993042469025
2022-09-22,1.3282656209028725,-0.013021676801145077,0.1752200573682785,0.31148988008499146,0.13030268251895905,0.17767921090126038,0.20530816912651062
2022-09-23,1.3096124780650054,-0.014043232426047325,0.1727193146944046,0.3116350471973419,0.13184496760368347,0.17932549118995667,0.20447519421577454
2022-09-26,1.2955229395437822,-0.010758555494248867,0.18362082540988922,0.2976278066635132,0.12881794571876526,0.1791265457868576,0.21080690622329712
2022-09-27,1.2899784663519451,-0.004279718268662691,0.17595139145851135,0.3071744441986084,0.13081946969032288,0.18060199916362762,0.20545268058776855
2022-09-28,1.3206024171017667,0.02373989298939705,0.1621314287185669,0.32673799991607666,0.13393506407737732,0.17914177477359772,0.19805379211902618
2022-09-29,1.297365459959128,-0.017595725134015083,0.14392027258872986,0.3597305715084076,0.13648615777492523,0.17423467338085175,0.18562835454940796
2022-09-30,1.2826888722902228,-0.011312608607113361,0.16869089007377625,0.3186846375465393,0.13198044896125793,0.17560850083827972,0.20503555238246918
2022-10-03,1.3120792915600559,0.0229131318628788,0.17027617990970612,0.3157113194465637,0.13116921484470367,0.1782093197107315,0.2046339213848114
2022-10-04,1.342208981963164,0.02296331524848938,0.14338745176792145,0.3590330183506012,0.1368599534034729,0.174960196018219,0.18575938045978546
2022-10-05,1.3365996513500082,-0.004179178271442652,0.1292131543159485,0.3807385563850403,0.13985738158226013,0.1711519956588745,0.17903892695903778
2022-10-06,1.328270197649736,-0.0062318239361047745,0.15078434348106384,0.34390220046043396,0.13600559532642365,0.17289946973323822,0.19640840590000153
2022-10-07,1.294772421718715,-0.02521909773349762,0.16169197857379913,0.32777637243270874,0.13304296135902405,0.17549361288547516,0.20199504494667053
2022-10-10,1.2803072684270238,-0.01117196585983038,0.18520388007164001,0.2937873899936676,0.12769189476966858,0.17757835984230042,0.2157384604215622
2022-10-11,1.2739913998940289,-0.004933088086545467,0.1768437772989273,0.3046254813671112,0.12938663363456726,0.18027424812316895,0.2088698297739029
2022-10-12,1.2751827699359044,0.0009351476328447461,0.17197678983211517,0.3136832118034363,0.13048283755779266,0.17884910106658936,0.20500800013542175
2022-10-13,1.2904402534862265,0.01196493860334158,0.16516849398612976,0.3242855370044708,0.13268224895000458,0.17775170505046844,0.20011192560195923
2022-10-14,1.2625354431883804,-0.021624255925416946,0.14626111090183258,0.35062068700790405,0.1365136355161667,0.17624786496162415,0.19035667181015015
2022-10-17,1.2855796001692517,0.018252285197377205,0.17601051926612854,0.3061961233615875,0.13031113147735596,0.1760725975036621,0.21140965819358826
2022-10-18,1.2944518323841978,0.0069013480097055435,0.14535586535930634,0.3527616560459137,0.13623416423797607,0.17656880617141724,0.18907952308654785
2022-10-19,1.2809130735527323,-0.010459067299962044,0.14786294102668762,0.3490580916404724,0.1361415535211563,0.1738506555557251,0.19308680295944214
2022-10-20,1.270547455943742,-0.00809236615896225,0.16368664801120758,0.3227715492248535,0.13335835933685303,0.17576412856578827,0.2044192999601364
2022-10-21,1.2891459345262677,0.014638161286711693,0.1669507622718811,0.31887006759643555,0.13250592350959778,0.17713524401187897,0.20453806221485138
2022-10-24,1.294514540958076,0.004164467565715313,0.14247888326644897,0.35700541734695435,0.13771921396255493,0.1751607060432434,0.18763571977615356
2022-10-25,1.3185510650269012,0.01856798306107521,0.14816218614578247,0.34753793478012085,0.13662970066070557,0.1738026738166809,0.1938675493001938
2022-10-26,1.3123396671926415,-0.004710775334388018,0.1445080190896988,0.3566082715988159,0.13586178421974182,0.17308595776557922,0.18993592262268066
2022-10-27,1.3051783911239452,-0.005456876941025257,0.1585567593574524,0.33446910977363586,0.13264602422714233,0.17449694871902466,0.19983112812042236
2022-10-28,1.322514722398131,0.01328272931277752,0.16551023721694946,0.3233559727668762,0.13125140964984894,0.1765429973602295,0.20333930850028992
2022-10-31,1.3121317332880296,-0.007850944064557552,0.14729687571525574,0.3486761152744293,0.13610492646694183,0.1764141172170639,0.1915079653263092
2022-11-01,1.311853078378389,-0.00021236808970570564,0.16069363057613373,0.3284819722175598,0.13317471742630005,0.17578059434890747,0.20186905562877655
2022-11-02,1.2826731068838495,-0.022243322804570198,0.16193823516368866,0.3293691873550415,0.13265183568000793,0.1762905865907669,0.1997501105070114
2022-11-03,1.2693438248341529,-0.010391799733042717,0.18407389521598816,0.296392560005188,0.12840977311134338,0.17762218415737152,0.21350155770778656
2022-11-04,1.2850594105184612,0.012380873784422874,0.17742715775966644,0.3057383894920349,0.1291852593421936,0.17987312376499176,0.20777611434459686
2022-11-07,1.2893374929381483,0.003329093102365732,0.1481924206018448,0.3493969440460205,0.13693512976169586,0.1767449676990509,0.18873055279254913
2022-11-08,1.301837383396325,0.009694816544651985,0.15045005083084106,0.3442944586277008,0.13639739155769348,0.17484313249588013,0.1940149962902069
2022-11-09,1.2817413992700826,-0.015436631627380848,0.15018750727176666,0.3478725850582123,0.13619674742221832,0.17358951270580292,0.1921537071466446
2022-11-10,1.3485606300692492,0.05213160067796707,0.17430873215198517,0.31042107939720154,0.1307300478219986,0.17583216726779938,0.2087080329656601
2022-11-11,1.3620564418772438,0.010007567703723907,0.12443755567073822,0.3922024369239807,0.14008115231990814,0.1712469905614853,0.17203176021575928
2022-11-14,1.3539224300342874,-0.005971861071884632,0.13683529198169708,0.36728203296661377,0.13907594978809357,0.17032916843891144,0.18647746741771698
2022-11-15,1.3693508425652576,0.011395344510674477,0.15699884295463562,0.33471769094467163,0.134264275431633,0.17325788736343384,0.20076130330562592
2022-11-16,1.3625766063074392,-0.004947042092680931,0.15190397202968597,0.3436848521232605,0.13451291620731354,0.17457477748394012,0.19532349705696106
2022-11-17,1.3546615539435747,-0.005808886140584946,0.1692560613155365,0.3178807199001312,0.13118980824947357,0.17517107725143433,0.20650231838226318
2022-11-18,1.3532728372307503,-0.001025139237754047,0.16777335107326508,0.3175271153450012,0.1318129450082779,0.17759688198566437,0.20528966188430786
2022-11-21,1.3464496787853917,-0.005041968077421188,0.16199268400669098,0.32585060596466064,0.13271674513816833,0.17732635140419006,0.20211361348628998
2022-11-22,1.361156008213313,0.010922301560640335,0.16779924929141998,0.31831324100494385,0.1314314603805542,0.17677836120128632,0.20567771792411804
2022-11-23,1.373355760524873,0.008962787687778473,0.156273752450943,0.3366745710372925,0.13393650949001312,0.17631059885025024,0.19680453836917877
2022-11-25,1.3700414885763768,-0.0024132654070854187,0.15537258982658386,0.3388150930404663,0.13457587361335754,0.17489364743232727,0.1963428109884262
2022-11-28,1.354596335364397,-0.011273493058979511,0.15860237181186676,0.3322419822216034,0.13356024026870728,0.17566953599452972,0.19992586970329285
2022-11-29,1.350093550319979,-0.0033240788616240025,0.1743110567331314,0.3094062805175781,0.130454882979393,0.17667262256145477,0.2091551572084427
2022-11-30,1.3864968685900398,0.026963552460074425,0.1643211990594864,0.32349494099617004,0.1322799175977707,0.17795886099338531,0.20194506645202637
2022-12-01,1.3987978578807128,0.008871992118656635,0.1386653184890747,0.3644372522830963,0.13847915828227997,0.17393061518669128,0.18448765575885773
2022-12-02,1.399789210650832,0.0007087176782079041,0.15166521072387695,0.34667444229125977,0.13545528054237366,0.17217405140399933,0.19403092563152313
2022-12-05,1.3743578056706722,-0.018168024718761444,0.15787412226200104,0.33477428555488586,0.13319262862205505,0.17504942417144775,0.1991095095872879
2022-12-06,1.3632370243300878,-0.008091620169579983,0.1770966798067093,0.3037324845790863,0.13009797036647797,0.1771877408027649,0.21188506484031677
2022-12-07,1.3688436854174075,0.0041127558797597885,0.17981381714344025,0.30320462584495544,0.12870728969573975,0.17806865274906158,0.21020564436912537
2022-12-08,1.3766534548158686,0.005705377086997032,0.1695493906736374,0.31915414333343506,0.13105279207229614,0.17796103656291962,0.20228266716003418
2022-12-09,1.3643237243733406,-0.008956306613981724,0.15678097307682037,0.33541885018348694,0.13447663187980652,0.17710080742835999,0.19622275233268738
2022-12-12,1.373698736542351,0.006871545221656561,0.16151651740074158,0.3273070156574249,0.13444046676158905,0.1767694652080536,0.1999664604663849
2022-12-13,1.388677596374477,0.010904035530984402,0.1547103226184845,0.33876174688339233,0.13478274643421173,0.1764647662639618,0.19528035819530487
2022-12-14,1.382881709874131,-0.0041736732237041,0.14952105283737183,0.34899255633354187,0.13624712824821472,0.17453722655773163,0.19070196151733398
2022-12-15,1.3534812650186223,-0.021260274574160576,0.1611519604921341,0.3301757276058197,0.1336013376712799,0.17560157179832458,0.19946934282779694
2022-12-16,1.3451834118802346,-0.006130748428404331,0.18445226550102234,0.29626187682151794,0.12790021300315857,0.17775867879390717,0.2136269509792328
2022-12-19,1.3299658421056615,-0.011312635615468025,0.17213961482048035,0.3138687014579773,0.1311691850423813,0.1795836240053177,0.2032388597726822
2022-12-20,1.3311052168033253,0.0008566947071813047,0.17183759808540344,0.31274405121803284,0.1317090094089508,0.1787618100643158,0.2049475759267807
2022-12-21,1.3438577952761874,0.009580443613231182,0.1573638617992401,0.3347531855106354,0.1347748339176178,0.1773962527513504,0.1957118809223175
2022-12-22,1.323835848767665,-0.014898858033120632,0.14966124296188354,0.3467344045639038,0.13589417934417725,0.17546746134757996,0.19224272668361664
2022-12-23,1.3242288318152613,0.0002968517947010696,0.17084865272045135,0.3145027756690979,0.1309809535741806,0.17637689411640167,0.20729078352451324
2022-12-27,1.3134558809261896,-0.008135263808071613,0.15908505022525787,0.3313913643360138,0.13384521007537842,0.17770706117153168,0.19797131419181824
2022-12-28,1.2997730208945235,-0.010417449288070202,0.16151101887226105,0.32761505246162415,0.1338212639093399,0.17669111490249634,0.2003614902496338
2022-12-29,1.321951737040281,0.017063530161976814,0.17106519639492035,0.3143484592437744,0.13157100975513458,0.17731624841690063,0.2056991010904312
2022-12-30,1.3192109559552978,-0.0020732837729156017,0.14905202388763428,0.34927043318748474,0.13569864630699158,0.1764623373746872,0.18951649963855743
2023-01-03,1.3208525802864375,0.0012443986488506198,0.1548062264919281,0.33887049555778503,0.13555417954921722,0.1754014492034912,0.19536767899990082
2023-01-04,1.332363744100807,0.00871494971215725,0.16177307069301605,0.3309010863304138,0.13333331048488617,0.1755063235759735,0.19848626852035522
2023-01-05,1.3186293461695018,-0.01030829455703497,0.15336748957633972,0.3435947895050049,0.13475191593170166,0.1759599894285202,0.19232584536075592
2023-01-06,1.348208767702868,0.02243194542825222,0.1688806116580963,0.3185149133205414,0.13168299198150635,0.1769500970840454,0.20397140085697174
2023-01-09,1.3533309164329645,0.003799225203692913,0.14506612718105316,0.35690081119537354,0.13679133355617523,0.175276517868042,0.18596524000167847
2023-01-10,1.3584135376428859,0.0037556381430476904,0.15219782292842865,0.34421244263648987,0.1358470916748047,0.17450234293937683,0.19324027001857758
2023-01-11,1.3750378816598694,0.012238058261573315,0.14743949472904205,0.34984931349754333,0.1365482360124588,0.17517191171646118,0.19099101424217224
2023-01-12,1.3891829858070206,0.01028706505894661,0.14821429550647736,0.3505226671695709,0.13617029786109924,0.17418475449085236,0.1909080296754837
2023-01-13,1.3954404220726155,0.004504400305449963,0.14845019578933716,0.35169702768325806,0.13558556139469147,0.17402859032154083,0.1902386099100113
2023-01-17,1.3925001755247046,-0.0021070383954793215,0.14743322134017944,0.35115644335746765,0.1367701143026352,0.1744695007801056,0.19017066061496735
2023-01-18,1.3849080491898662,-0.005452154669910669,0.156098410487175,0.33692559599876404,0.1349366307258606,0.1756158024072647,0.19642353057861328
2023-01-19,1.3800206853349617,-0.003529016859829426,0.17219491302967072,0.31592637300491333,0.13103483617305756,0.17648909986019135,0.20435482263565063
2023-01-20,1.3944167543262926,0.010431777685880661,0.16526007652282715,0.3251553773880005,0.1330515444278717,0.1779761165380478,0.19855695962905884
2023-01-23,1.4092759918755813,0.010656238533556461,0.1472238302230835,0.34989532828330994,0.137242391705513,0.17670562863349915,0.18893283605575562
2023-01-24,1.4120854300588612,0.0019935329910367727,0.14478236436843872,0.3547748923301697,0.13777318596839905,0.17425310611724854,0.1884164661169052
2023-01-25,1.4134944413289001,0.0009978229645639658,0.15582400560379028,0.3395865261554718,0.13476014137268066,0.17458797991275787,0.19524133205413818
2023-01-26,1.4225893484859096,0.006434342358261347,0.1564873307943344,0.33794909715652466,0.13442130386829376,0.17606715857982635,0.1950751543045044
2023-01-27,1.4279434518258631,0.003763632383197546,0.1522628366947174,0.34275320172309875,0.1359478086233139,0.1763174831867218,0.19271863996982574
2023-01-30,1.4108606443973875,-0.011963224038481712,0.15327133238315582,0.34195762872695923,0.135686993598938,0.17579278349876404,0.1932913064956665
2023-01-31,1.4285390448656812,0.012530224397778511,0.16799598932266235,0.3200417160987854,0.13222835958003998,0.1768498420715332,0.20288413763046265
2023-02-01,1.450745954855765,0.015545189380645752,0.15033401548862457,0.34763267636299133,0.1352950930595398,0.17685800790786743,0.18988020718097687
2023-02-02,1.470659186650309,0.013726201839745045,0.144144669175148,0.3583095967769623,0.1375083178281784,0.17415477335453033,0.18588267266750336
2023-02-03,1.4467900535852876,-0.016230227425694466,0.14364883303642273,0.35630714893341064,0.13756366074085236,0.17453894019126892,0.18794143199920654
2023-02-06,1.437308449003859,-0.006553545594215393,0.16582518815994263,0.3204145133495331,0.1322375237941742,0.17664405703544617,0.20487874746322632
2023-02-07,1.449465556790336,0.008458245545625687,0.16835899651050568,0.31890028715133667,0.13229723274707794,0.17785021662712097,0.20259325206279755
2023-02-08,1.4371498992035572,-0.008496688678860664,0.1532103717327118,0.3414633572101593,0.13589857518672943,0.17728455364704132,0.19214317202568054
2023-02-09,1.4234534933702994,-0.009530255571007729,0.16717201471328735,0.322081595659256,0.13257890939712524,0.17656457424163818,0.20160287618637085
2023-02-10,1.4191249878979004,-0.003040847834199667,0.17059803009033203,0.31576743721961975,0.13185358047485352,0.17861580848693848,0.20316503942012787
2023-02-13,1.4321636626174004,0.00918782688677311,0.162366583943367,0.3278326690196991,0.1333569437265396,0.17853915691375732,0.19790460169315338
2023-02-14,1.4351921092813174,0.002114595379680395,0.15411844849586487,0.34110748767852783,0.13511158525943756,0.1769515872001648,0.19271084666252136
2023-02-15,1.4364188177504655,0.0008547346806153655,0.1557922661304474,0.33841800689697266,0.1352895200252533,0.1762688308954239,0.19423140585422516
2023-02-16,1.418393770771594,-0.012548601254820824,0.15464533865451813,0.3390704393386841,0.13502846658229828,0.17693328857421875,0.19432255625724792
2023-02-17,1.417886983157032,-0.00035729684168472886,0.16599589586257935,0.32229161262512207,0.13271954655647278,0.17738540470600128,0.20160752534866333
2023-02-21,1.3904072302020771,-0.019380778074264526,0.1634119153022766,0.32808390259742737,0.132729172706604,0.17786040902137756,0.19791455566883087
2023-02-22,1.3915226765477902,0.0008022443507798016,0.17706121504306793,0.3063175082206726,0.13096004724502563,0.17863675951957703,0.2070244699716568
2023-02-23,1.4002324702407631,0.0062591820023953915,0.167817622423172,0.321353942155838,0.13190361857414246,0.17925305664539337,0.19967174530029297
2023-02-24,1.3829395712302528,-0.012350019998848438,0.1587650626897812,0.3348246216773987,0.13415442407131195,0.17778025567531586,0.19447565078735352
2023-02-27,1.3893027973739127,0.0046012322418391705,0.16756249964237213,0.31985244154930115,0.13239771127700806,0.17800664901733398,0.2021806389093399
2023-02-28,1.390244798665594,0.0006780388648621738,0.1589488387107849,0.33415108919143677,0.13424116373062134,0.17760926485061646,0.19504967331886292
2023-03-01,1.3847924837687682,-0.003921838011592627,0.1594889760017395,0.333876371383667,0.13416588306427002,0.17688752710819244,0.19558124244213104
2023-03-02,1.3884070940537605,0.0026102180127054453,0.15868444740772247,0.33414140343666077,0.13428658246994019,0.17726773023605347,0.19561982154846191
2023-03-03,1.412822178526666,0.017584960907697678,0.15443509817123413,0.34007737040519714,0.1355958729982376,0.17694935202598572,0.19294224679470062
2023-03-06,1.4074343919328638,-0.0038134923670440912,0.14675894379615784,0.3552860915660858,0.13681498169898987,0.17475567758083344,0.186384379863739
2023-03-07,1.3926243376103187,-0.010522731579840183,0.15751565992832184,0.33592289686203003,0.13543854653835297,0.17609412968158722,0.19502872228622437
2023-03-08,1.3953947709869217,0.00198936159722507,0.17237070202827454,0.3145216107368469,0.1311437338590622,0.17803584039211273,0.203928142786026
2023-03-09,1.3811729070524377,-0.010192000307142735,0.16251499950885773,0.3293176591396332,0.13356512784957886,0.17878158390522003,0.19582056999206543
2023-03-10,1.3804955261428298,-0.0004904388915747404,0.17344091832637787,0.31442156434059143,0.13211244344711304,0.1777675300836563,0.20225755870342255
2023-03-13,1.3872364416637442,0.004882968030869961,0.17645703256130219,0.31344401836395264,0.13111665844917297,0.17760801315307617,0.20137432217597961
2023-03-14,1.399177496962823,0.008607801049947739,0.16194328665733337,0.33211222290992737,0.13498982787132263,0.177863210439682,0.19309142231941223
2023-03-15,1.4040364294755423,0.00347270630300045,0.14661580324172974,0.35150083899497986,0.13743247091770172,0.1765906810760498,0.18786022067070007
2023-03-16,1.4213640381463308,0.012341281399130821,0.15952418744564056,0.33487847447395325,0.13504895567893982,0.1747918576002121,0.19575649499893188
2023-03-17,1.4225478153899738,0.0008328459225594997,0.14533506333827972,0.3545374274253845,0.13751085102558136,0.1755845993757248,0.187032088637352
2023-03-20,1.4268139104537572,0.0029989115428179502,0.15940450131893158,0.3359806537628174,0.13550905883312225,0.1739223152399063,0.19518345594406128
2023-03-21,1.4327579362277885,0.004165943246334791,0.15132491290569305,0.3450168967247009,0.13550414144992828,0.17622141540050507,0.19193260371685028
2023-03-22,1.4247071236841173,-0.005619101691991091,0.14987076818943024,0.34527334570884705,0.1357327103614807,0.1760980635881424,0.19302509725093842
2023-03-23,1.433501705711209,0.006172905210405588,0.1679033786058426,0.3221542239189148,0.13301028311252594,0.17520105838775635,0.20173105597496033
2023-03-24,1.4364267596778173,0.002040495630353689,0.15714266896247864,0.33742091059684753,0.13518273830413818,0.17671805620193481,0.19353561103343964
2023-03-27,1.4270120841363365,-0.006554232910275459,0.15690618753433228,0.3362184166908264,0.1342800110578537,0.17658697068691254,0.1960083544254303
2023-03-28,1.426451288745133,-0.0003929857339244336,0.15638500452041626,0.33461716771125793,0.13424573838710785,0.1771518439054489,0.19760023057460785
2023-03-29,1.438568834625654,0.008494889363646507,0.15922273695468903,0.33316659927368164,0.13400687277317047,0.17607711255550385,0.1975266933441162
2023-03-30,1.447894708954872,0.006482744589447975,0.15082550048828125,0.34507179260253906,0.13588397204875946,0.17608237266540527,0.19213637709617615
2023-03-31,1.465095990888917,0.01188020221889019,0.15215812623500824,0.3443554937839508,0.1360996961593628,0.17475347220897675,0.19263321161270142
2023-04-03,1.4679717847242582,0.00196287059225142,0.1485377550125122,0.3501424491405487,0.1358037143945694,0.17487531900405884,0.19064073264598846
2023-04-04,1.4680457884968021,5.04122581332922e-05,0.15359480679035187,0.3422193229198456,0.13517408072948456,0.17487646639347076,0.19413533806800842
2023-04-05,1.463061558038571,-0.003395146457478404,0.15967704355716705,0.3340557813644409,0.13476406037807465,0.17527101933956146,0.1962321698665619
2023-04-06,1.4660587488151215,0.002048574620857835,0.1654476523399353,0.32491764426231384,0.13263913989067078,0.1767367571592331,0.20025882124900818
2023-04-10,1.4617332104064171,-0.0029504536651074886,0.16069617867469788,0.33086735010147095,0.13373391330242157,0.17758694291114807,0.19711562991142273
2023-04-11,1.4625315052367227,0.0005461289547383785,0.15706439316272736,0.33485013246536255,0.1344078928232193,0.1775781810283661,0.1960994154214859
2023-04-12,1.456897509028656,-0.003852222114801407,0.15685468912124634,0.337251216173172,0.1342615783214569,0.17643626034259796,0.1951962262392044
2023-04-13,1.4737334267946842,0.011556006968021393,0.16163505613803864,0.3301675617694855,0.13377484679222107,0.17674680054187775,0.19767571985721588
2023-04-14,1.4630276796968256,-0.007264371495693922,0.14631445705890656,0.35359570384025574,0.13738442957401276,0.17578956484794617,0.18691594898700714
2023-04-17,1.4624006299448722,-0.00042859732639044523,0.16094404458999634,0.3291807770729065,0.13430465757846832,0.17640136182308197,0.19916915893554688
2023-04-18,1.463767559330907,0.0009347160812467337,0.1557902991771698,0.33755335211753845,0.13455860316753387,0.17742882668972015,0.19466884434223175
2023-04-19,1.4621343851332795,-0.0011157332919538021,0.15873299539089203,0.33477455377578735,0.13461655378341675,0.1765241026878357,0.19535180926322937
2023-04-20,1.4594476323166816,-0.001837555319070816,0.1596428006887436,0.33306562900543213,0.1341322511434555,0.17732985317707062,0.19582946598529816
2023-04-21,1.456072666759341,-0.0023124951403588057,0.16332955658435822,0.3290606439113617,0.13341538608074188,0.17735092341899872,0.1968434900045395
2023-04-24,1.4585489268638028,0.0017006432171911001,0.16127349436283112,0.33032000064849854,0.1339055448770523,0.17834064364433289,0.19616036117076874
2023-04-25,1.4458837736458572,-0.008683392778038979,0.16064324975013733,0.3329606354236603,0.13405238091945648,0.1773858666419983,0.19495786726474762
2023-04-26,1.4413776356524017,-0.0031165285035967827,0.17386223375797272,0.31472399830818176,0.13155660033226013,0.17760069668293,0.202256441116333
2023-04-27,1.4585971492883956,0.01194656640291214,0.1661711037158966,0.323417603969574,0.1335645169019699,0.17941127717494965,0.19743549823760986
2023-04-28,1.4698999939787396,0.0077491202391684055,0.14793209731578827,0.3503817617893219,0.13753114640712738,0.17709913849830627,0.18705587089061737
2023-05-01,1.4604106778936545,-0.0064557562582194805,0.15130628645420074,0.34716689586639404,0.13593876361846924,0.17515431344509125,0.19043372571468353
2023-05-02,1.4611672450708406,0.0005180509760975838,0.15396545827388763,0.3397340774536133,0.1358567774295807,0.1768682301044464,0.19357538223266602
2023-05-03,1.4609360233744906,-0.00015824451111257076,0.16524609923362732,0.3280806243419647,0.13358435034751892,0.1757018119096756,0.19738709926605225
2023-05-04,1.454757785714791,-0.004228958394378424,0.1604928970336914,0.3339338004589081,0.13368991017341614,0.17760078608989716,0.19428256154060364
2023-05-05,1.4684402218572714,0.009405301883816719,0.1613604873418808,0.3309168517589569,0.13462132215499878,0.1774812638759613,0.1956200897693634
2023-05-08,1.4659760831336368,-0.0016780653968453407,0.14902473986148834,0.348133385181427,0.13613541424274445,0.17708061635494232,0.1896257847547531
2023-05-09,1.4622923442385587,-0.002512823324650526,0.15387658774852753,0.340690940618515,0.13602526485919952,0.1759868711233139,0.19342036545276642
2023-05-10,1.4717595781859614,0.006474241614341736,0.15816031396389008,0.3356168270111084,0.134645476937294,0.1763084977865219,0.19526885449886322
2023-05-11,1.471747379450648,-8.288538083434105e-06,0.15535016357898712,0.3404500186443329,0.13505984842777252,0.17653916776180267,0.1926007866859436
2023-05-12,1.4666056056182484,-0.003493652446195483,0.16218283772468567,0.3299655616283417,0.13385888934135437,0.17693588137626648,0.1970568150281906
2023-05-15,1.4703273483428076,0.002537657506763935,0.16085152328014374,0.331022173166275,0.13405606150627136,0.17782892286777496,0.1962413787841797
2023-05-16,1.4621350861841844,-0.005571726709604263,0.15306514501571655,0.3427264988422394,0.1356072872877121,0.17719121277332306,0.1914098709821701
2023-05-17,1.4733041648120455,0.0076388828456401825,0.1645323485136032,0.32514646649360657,0.13382543623447418,0.17721503973007202,0.1992807239294052
2023-05-18,1.480429572177765,0.004836345091462135,0.1508934050798416,0.3461446762084961,0.13553877174854279,0.17726165056228638,0.19016146659851074
2023-05-19,1.4786610185865334,-0.0011946219019591808,0.15116021037101746,0.34451448917388916,0.13643118739128113,0.17625443637371063,0.19163969159126282
2023-05-22,1.4812702423747002,0.0017645854968577623,0.15562531352043152,0.3392016589641571,0.1356070637702942,0.1757867932319641,0.1937790960073471
2023-05-23,1.4723877823936635,-0.00599651550874114,0.15379631519317627,0.3418707251548767,0.13509370386600494,0.1765778809785843,0.1926613748073578
2023-05-24,1.4624075740468645,-0.0067782471887767315,0.16318215429782867,0.32854223251342773,0.13323527574539185,0.17692090570926666,0.19811943173408508
2023-05-25,1.4708287673058507,0.005758444778621197,0.167110413312912,0.3217398226261139,0.1327720731496811,0.178335040807724,0.20004260540008545
2023-05-26,1.4916946941522213,0.014186509884893894,0.15942859649658203,0.3328458070755005,0.13535739481449127,0.1780838817358017,0.19428430497646332
2023-05-30,1.4977253654657545,0.004042832180857658,0.14864471554756165,0.350962370634079,0.1371109038591385,0.17589977383613586,0.18738216161727905
2023-05-31,1.494218658048729,-0.0023413554299622774,0.15437789261341095,0.3426949977874756,0.13580602407455444,0.17534221708774567,0.19177888333797455
2023-06-01,1.5076831729027211,0.009011073969304562,0.16224057972431183,0.33082452416419983,0.1338513195514679,0.17673641443252563,0.1963471919298172
2023-06-02,1.5150144513623818,0.00486261211335659,0.1512429416179657,0.3473455309867859,0.13603416085243225,0.17671823501586914,0.18865911662578583
2023-06-05,1.5133965701019314,-0.0010678982362151146,0.14470814168453217,0.3547555208206177,0.13631018996238708,0.17629091441631317,0.1879352182149887
2023-06-06,1.521048107016837,0.005055870395153761,0.15619221329689026,0.33862024545669556,0.13574977219104767,0.1754819005727768,0.1939559131860733
2023-06-07,1.507502096937016,-0.008905707858502865,0.15090174973011017,0.3477063477039337,0.1349305808544159,0.1764502078294754,0.1900111436843872
2023-06-08,1.5214170755185696,0.009230487048625946,0.15617333352565765,0.3368833363056183,0.13369153439998627,0.1774875372648239,0.1957642138004303
2023-06-09,1.521002621614007,-0.00027241307543590665,0.15378446877002716,0.3436027765274048,0.13593512773513794,0.17589806020259857,0.19077955186367035
2023-06-12,1.5331173216127014,0.007964943535625935,0.15801022946834564,0.3359072506427765,0.13514825701713562,0.17665909230709076,0.1942751258611679
2023-06-13,1.5362287881688919,0.0020295032300055027,0.15268373489379883,0.3442879021167755,0.13611629605293274,0.17654168605804443,0.1903703361749649
2023-06-14,1.5404119109212202,0.002722981618717313,0.15129153430461884,0.34511464834213257,0.1359998732805252,0.17660677433013916,0.19098712503910065
2023-06-15,1.5559477809185904,0.010085529647767544,0.15804660320281982,0.3365132212638855,0.13523156940937042,0.1761770248413086,0.19403153657913208
2023-06-16,1.548502484026789,-0.004785055760294199,0.15054668486118317,0.3487645387649536,0.1361977607011795,0.1760849952697754,0.18840599060058594
2023-06-20,1.544311270602829,-0.002706623636186123,0.1592206507921219,0.33422720432281494,0.1346447765827179,0.17673884332180023,0.19516846537590027
2023-06-21,1.5358277004941527,-0.0054934327490627766,0.16450241208076477,0.32669997215270996,0.13308674097061157,0.17794474959373474,0.19776614010334015
2023-06-22,1.5347209181272192,-0.0007206422742456198,0.16576938331127167,0.3249872028827667,0.13251687586307526,0.17852330207824707,0.19820326566696167
2023-06-23,1.5282065167185794,-0.0042446814477443695,0.1610489934682846,0.3301793932914734,0.13473793864250183,0.17874135076999664,0.19529229402542114
2023-06-26,1.5215234184115825,-0.004373164381831884,0.16796398162841797,0.3225144147872925,0.13286998867988586,0.17774203419685364,0.19890950620174408
2023-06-27,1.53354300647245,0.00789970625191927,0.16462716460227966,0.32702794671058655,0.13273920118808746,0.17874108254909515,0.19686467945575714
2023-06-28,1.536202167799341,0.0017339985352009535,0.15201109647750854,0.3449481129646301,0.13590799272060394,0.17780417203903198,0.1893286556005478
2023-06-29,1.5332093538607008,-0.0019481901545077562,0.1553960144519806,0.3404390215873718,0.13516268134117126,0.17662453651428223,0.19237777590751648
2023-06-30,1.5501350573598072,0.01103939488530159,0.15218161046504974,0.3437618017196655,0.1356559544801712,0.17715774476528168,0.19124293327331543
2023-07-03,1.5508886221867353,0.0004861284978687763,0.14948825538158417,0.3503641188144684,0.13669385015964508,0.17550255358219147,0.1879512220621109
2023-07-05,1.5447545520757955,-0.003955197054892778,0.1526135504245758,0.3446063995361328,0.1360066831111908,0.17625035345554352,0.19052305817604065
2023-07-06,1.53068463201734,-0.009108191356062889,0.15887849032878876,0.33434873819351196,0.13508310914039612,0.17715032398700714,0.19453932344913483
2023-07-07,1.5311637394207125,0.00031300203409045935,0.1653842031955719,0.3244840204715729,0.13378804922103882,0.17820002138614655,0.19814378023147583
2023-07-10,1.5360264918833673,0.0031758539844304323,0.15704692900180817,0.33827051520347595,0.13465839624404907,0.17816613614559174,0.1918579787015915
2023-07-11,1.5447373290414446,0.00567102013155818,0.1526503711938858,0.345081090927124,0.1352820098400116,0.17723003029823303,0.18975645303726196
2023-07-12,1.5625689385877526,0.01154345739632845,0.15077835321426392,0.3483394384384155,0.13601811230182648,0.1763273924589157,0.18853671848773956
2023-07-13,1.5785454141068265,0.010224493220448494,0.1464034467935562,0.356363981962204,0.13718289136886597,0.17512288689613342,0.18492673337459564
2023-07-14,1.5735869241047145,-0.0031411766540259123,0.1471826732158661,0.35450494289398193,0.1371326595544815,0.1751243770122528,0.18605531752109528
2023-07-17,1.582018013509538,0.005357879679650068,0.15648211538791656,0.33852246403694153,0.13557696342468262,0.17639629542827606,0.1930222064256668
2023-07-18,1.595573387788148,0.008568407036364079,0.1520814448595047,0.3459499776363373,0.1358628273010254,0.1768428385257721,0.18926289677619934
2023-07-19,1.6000832205923863,0.002826465293765068,0.14741578698158264,0.35406574606895447,0.13689056038856506,0.17561785876750946,0.1860099732875824
2023-07-20,1.5786931601280967,-0.013368092477321625,0.1533506214618683,0.344853937625885,0.13542024791240692,0.17593254148960114,0.19044263660907745
2023-07-21,1.575598721540477,-0.001960126683115959,0.16433677077293396,0.3261220455169678,0.13302847743034363,0.17790965735912323,0.1986030787229538
2023-07-24,1.575740460197465,8.995860116556287e-05,0.16286692023277283,0.3292231261730194,0.1335500031709671,0.17858389019966125,0.1957760751247406
2023-07-25,1.581130846305113,0.003420859109610319,0.15861989557743073,0.33527013659477234,0.13461653888225555,0.17838461697101593,0.19310884177684784
2023-07-26,1.5828008475804327,0.0010562068782746792,0.15500101447105408,0.3415682017803192,0.1358790546655655,0.17728978395462036,0.19026190042495728
2023-07-27,1.5668199710568764,-0.010096580721437931,0.1542944461107254,0.34311071038246155,0.13534320890903473,0.17698244750499725,0.1902691125869751
2023-07-28,1.585143016228159,0.011694416403770447,0.16346897184848785,0.32636672258377075,0.1342151015996933,0.1783508062362671,0.19759833812713623
2023-07-31,1.5898530497243228,0.002971361856907606,0.1503431797027588,0.34920504689216614,0.13650022447109222,0.17702704668045044,0.18692447245121002
2023-08-01,1.5791302513782723,-0.0067445216700434685,0.1511363387107849,0.3478626012802124,0.13593319058418274,0.17630137503147125,0.18876643478870392
2023-08-02,1.5565030243027487,-0.014328917488455772,0.15827082097530365,0.33458730578422546,0.13497063517570496,0.17756885290145874,0.19460241496562958
2023-08-03,1.5477775150212798,-0.005605841521173716,0.16980120539665222,0.3182874917984009,0.13213136792182922,0.17855201661586761,0.20122794806957245
2023-08-04,1.549802095500423,0.0013080565258860588,0.16185468435287476,0.3292417824268341,0.1342719942331314,0.17946292459964752,0.1951686292886734
2023-08-07,1.5530421775682803,0.002090642461553216,0.16332688927650452,0.3303084075450897,0.13346031308174133,0.1778114289045334,0.19509299099445343
2023-08-08,1.547462819309929,-0.0035925349220633507,0.15536589920520782,0.3398977220058441,0.1356915682554245,0.1780894547700882,0.19095537066459656
2023-08-09,1.5384934086299242,-0.005796204321086407,0.1642829030752182,0.3278389275074005,0.13324007391929626,0.17760100960731506,0.19703710079193115
2023-08-10,1.5337048750150926,-0.0031124823726713657,0.1676385998725891,0.32289737462997437,0.13239134848117828,0.1788114458322525,0.19826121628284454
2023-08-11,1.529966868178543,-0.0024372399784624577,0.16061122715473175,0.33168673515319824,0.13470910489559174,0.17908082902431488,0.19391213357448578
2023-08-14,1.5351496898227732,0.00338753848336637,0.16001416742801666,0.3335556089878082,0.13428714871406555,0.17808088660240173,0.19406214356422424
2023-08-15,1.5215674140363087,-0.008847525343298912,0.15630638599395752,0.3389909267425537,0.13560721278190613,0.17772017419338226,0.191375270485878
2023-08-16,1.5080736249262028,-0.008868347853422165,0.16553427278995514,0.3253614008426666,0.13357368111610413,0.17807228863239288,0.1974584460258484
2023-08-17,1.496826557230419,-0.00745790358632803,0.1683514416217804,0.3209495544433594,0.13275107741355896,0.17924237251281738,0.19870558381080627
2023-08-18,1.4984214899988215,0.0010655428050085902,0.16889621317386627,0.3206937909126282,0.13267982006072998,0.1794012486934662,0.19832900166511536
2023-08-21,1.5048605677173623,0.004297240637242794,0.1609167456626892,0.3330320715904236,0.13392406702041626,0.17893654108047485,0.1931905448436737
2023-08-22,1.5053927487162067,0.0003536414005793631,0.1527346521615982,0.34403669834136963,0.13690806925296783,0.17761164903640747,0.1887088567018509
2023-08-23,1.5275802967745942,0.014738710597157478,0.15811729431152344,0.33752602338790894,0.13497786223888397,0.17681774497032166,0.1925610452890396
2023-08-24,1.50802244946382,-0.0128031549975276,0.14966900646686554,0.35219573974609375,0.13628438115119934,0.1759583055973053,0.1858925074338913
2023-08-25,1.5149175036269837,0.0045722490176558495,0.16434615850448608,0.32737720012664795,0.133440762758255,0.17737580835819244,0.1974601000547409
2023-08-28,1.523197728344356,0.005465792492032051,0.15662483870983124,0.33914634585380554,0.13493317365646362,0.17806147038936615,0.19123409688472748
2023-08-29,1.5463735096847668,0.015215215273201466,0.15166565775871277,0.3467862904071808,0.1360960453748703,0.1769389510154724,0.18851302564144135
2023-08-30,1.5516143113062666,0.003389091696590185,0.1437266319990158,0.3603173792362213,0.13787855207920074,0.17507730424404144,0.18300014734268188
2023-08-31,1.5532680082398311,0.001065791235305369,0.14855991303920746,0.3517138361930847,0.13691256940364838,0.17534394562244415,0.18746967613697052
2023-09-01,1.5514850012097459,-0.0011479068780317903,0.15518587827682495,0.3416372835636139,0.13541609048843384,0.1764097809791565,0.19135093688964844
2023-09-05,1.5403652577307074,-0.00716716144233942,0.15167786180973053,0.3455757200717926,0.1358116865158081,0.17733153700828552,0.18960314989089966
2023-09-06,1.5327172433124239,-0.004965065512806177,0.16251681745052338,0.3284384608268738,0.13488228619098663,0.17762354016304016,0.19653885066509247
2023-09-07,1.527453051062485,-0.0034345488529652357,0.16545896232128143,0.3258969783782959,0.13293084502220154,0.17855651676654816,0.1971566379070282
2023-09-08,1.5292205777128056,0.0011571724899113178,0.16533134877681732,0.3264629542827606,0.13329707086086273,0.1787499189376831,0.19615870714187622
2023-09-11,1.5358667733385605,0.00434613274410367,0.16072416305541992,0.3333503007888794,0.13431917130947113,0.17849253118038177,0.1931138038635254
2023-09-12,1.5285469796741968,-0.004765904042869806,0.1532461941242218,0.34377962350845337,0.13633397221565247,0.17760920524597168,0.1890309900045395
2023-09-13,1.528667738296329,7.900223135948181e-05,0.16162151098251343,0.33176347613334656,0.1336560696363449,0.17754290997982025,0.19541606307029724
2023-09-14,1.53597939361091,0.004783024545758963,0.16035082936286926,0.3333725333213806,0.13454870879650116,0.17821450531482697,0.19351346790790558
2023-09-15,1.5219892448817658,-0.009108291938900948,0.15082618594169617,0.34743571281433105,0.1361834853887558,0.17755289375782013,0.18800167739391327
2023-09-18,1.5245784785477012,0.0017012167954817414,0.1618843525648117,0.3311949074268341,0.13414780795574188,0.1772145926952362,0.1955583095550537
2023-09-19,1.5198960807979391,-0.0030712736770510674,0.15982109308242798,0.3351421356201172,0.13461510837078094,0.17774827778339386,0.19267338514328003
2023-09-20,1.5092780002647856,-0.006986056920140982,0.1595737785100937,0.334259033203125,0.1347237229347229,0.178150475025177,0.19329297542572021
2023-09-21,1.4837171316508728,-0.01693582534790039,0.1662798970937729,0.3251667022705078,0.13297535479068756,0.17825502157211304,0.19732293486595154
2023-09-22,1.4858606017400506,0.0014446622226387262,0.17134502530097961,0.3154590427875519,0.13221728801727295,0.17999564111232758,0.20098301768302917
2023-09-25,1.4819570574243717,-0.0026271268725395203,0.16434819996356964,0.3284164071083069,0.13347911834716797,0.1791352480649948,0.1946209967136383
2023-09-26,1.465153300298745,-0.011338896118104458,0.15554092824459076,0.3385644555091858,0.13576269149780273,0.17884594202041626,0.19128595292568207
2023-09-27,1.4631569823422947,-0.0013625317951664329,0.16877023875713348,0.3203275203704834,0.13262762129306793,0.1783033162355423,0.19997131824493408
2023-09-28,1.469690259327331,0.004465192090719938,0.1612677425146103,0.3311014473438263,0.1335923671722412,0.17954185605049133,0.19449664652347565
2023-09-29,1.4656868719646161,-0.0027239667251706123,0.1556386500597,0.34026557207107544,0.13515155017375946,0.17801477015018463,0.19092945754528046
2023-10-02,1.459218469788234,-0.004413222428411245,0.16113905608654022,0.33167147636413574,0.1342843621969223,0.17793084681034088,0.19497421383857727
2023-10-03,1.4377010937163097,-0.014745822176337242,0.1623394638299942,0.32854366302490234,0.1349233239889145,0.17865456640720367,0.19553899765014648
2023-10-04,1.449319235682288,0.008081055246293545,0.16939184069633484,0.3184773623943329,0.13291890919208527,0.17908629775047302,0.20012564957141876
2023-10-05,1.4461430201248398,-0.00219152239151299,0.15951713919639587,0.3355637490749359,0.1346374750137329,0.17836719751358032,0.1919144093990326
2023-10-06,1.4570805561360245,0.007563246414065361,0.15852881968021393,0.3357895314693451,0.13473202288150787,0.17802728712558746,0.19292227923870087
2023-10-09,1.4731336798761263,0.011017320677638054,0.14762166142463684,0.3520064353942871,0.13743805885314941,0.17676572501659393,0.1861681044101715
2023-10-10,1.478599129761914,0.00371008412912488,0.14860433340072632,0.3538985550403595,0.13665856420993805,0.1745109260082245,0.18632768094539642
2023-10-11,1.490242799275622,0.007874798029661179,0.14885954558849335,0.35085660219192505,0.1362958550453186,0.1758721023797989,0.1881159394979477
2023-10-12,1.4743768589873172,-0.010646547190845013,0.1530541181564331,0.34609660506248474,0.13576523959636688,0.17536482214927673,0.18971918523311615
2023-10-13,1.4791768322124474,0.0032555945217609406,0.1612955927848816,0.3296280801296234,0.13521219789981842,0.17748279869556427,0.19638128578662872
2023-10-16,1.484823977680907,0.0038177622482180595,0.15977288782596588,0.3369474411010742,0.13447655737400055,0.17612707614898682,0.19267600774765015
2023-10-17,1.4829649215557261,-0.001252038055099547,0.1487804502248764,0.34919312596321106,0.1364937573671341,0.17711122334003448,0.18842144310474396
2023-10-18,1.470770350489733,-0.008223101496696472,0.1512083262205124,0.3456174433231354,0.13582918047904968,0.1760261356830597,0.19131889939308167
2023-10-19,1.4591040591868814,-0.007932095788419247,0.16241779923439026,0.32969024777412415,0.13442093133926392,0.17626634240150452,0.19720464944839478
2023-10-20,1.4486569345394265,-0.007159958593547344,0.16252759099006653,0.3288017809391022,0.13449758291244507,0.17762017250061035,0.19655290246009827
2023-10-23,1.450096545041377,0.0009937552968040109,0.1690734177827835,0.32063207030296326,0.1322869062423706,0.17782962322235107,0.20017798244953156
2023-10-24,1.4615016712602904,0.00786508060991764,0.1660429686307907,0.32519155740737915,0.13300886750221252,0.17842301726341248,0.19733364880084991
2023-10-25,1.4379495765833907,-0.01611499674618244,0.15636591613292694,0.33970198035240173,0.1347486525774002,0.17753863334655762,0.1916448175907135
2023-10-26,1.4309787999499781,-0.0048477197997272015,0.1663685441017151,0.32241785526275635,0.13320159912109375,0.17778809368610382,0.200223907828331
2023-10-27,1.432090649874289,0.0007769856019876897,0.16851858794689178,0.321967214345932,0.13126534223556519,0.1782822161912918,0.19996660947799683
2023-10-30,1.4384973387338666,0.0044736615382134914,0.16152963042259216,0.33141428232192993,0.13459521532058716,0.17805758118629456,0.19440332055091858
2023-10-31,1.4411506604127717,0.0018445092719048262,0.15397588908672333,0.34135428071022034,0.13572163879871368,0.1772841513156891,0.19166406989097595
2023-11-01,1.4576826305185524,0.011471368372440338,0.15318404138088226,0.3424292802810669,0.13549964129924774,0.17661923170089722,0.19226785004138947
2023-11-02,1.4828587898383125,0.017271358519792557,0.15250080823898315,0.34552115201950073,0.13561928272247314,0.1756964921951294,0.19066227972507477
2023-11-03,1.4992159481957115,0.011030826717615128,0.14339491724967957,0.36042019724845886,0.1366737335920334,0.17457915842533112,0.18493200838565826
2023-11-06,1.4946215710002584,-0.0030645199585705996,0.14141088724136353,0.3626351058483124,0.13711535930633545,0.17394764721393585,0.1848909854888916
2023-11-07,1.5019633402970396,0.004912125878036022,0.1544942557811737,0.3397294580936432,0.13586150109767914,0.17531277239322662,0.19460198283195496
2023-11-08,1.5018320316821125,-8.742464706301689e-05,0.15813517570495605,0.3362457752227783,0.13450312614440918,0.17613384127616882,0.19498202204704285
2023-11-09,1.487989653387567,-0.009216994978487492,0.1648082137107849,0.3263064920902252,0.13297133147716522,0.17711012065410614,0.19880390167236328
2023-11-10,1.5029779231776066,0.010072831995785236,0.16449755430221558,0.3247753381729126,0.13386833667755127,0.17822372913360596,0.1986350566148758
2023-11-13,1.5022169779451235,-0.0005062916898168623,0.15353842079639435,0.34204062819480896,0.1355287730693817,0.17735861241817474,0.19153359532356262
2023-11-14,1.5369343769397352,0.023110775277018547,0.1559106558561325,0.3390763998031616,0.13508889079093933,0.17632801830768585,0.1935959905385971
2023-11-15,1.5336615162850333,-0.0021294732578098774,0.1365191638469696,0.37185755372047424,0.13705751299858093,0.17400184273719788,0.18056395649909973
2023-11-16,1.5375693298675488,0.002548028714954853,0.14776219427585602,0.35020285844802856,0.13673502206802368,0.17446257174015045,0.1908372938632965
2023-11-17,1.5420445953361546,0.00291061052121222,0.15713267028331757,0.3383380174636841,0.135203018784523,0.1748744398355484,0.19445185363292694
2023-11-20,1.552635410255464,0.0068680341355502605,0.15405158698558807,0.3424205482006073,0.1345769464969635,0.17648950219154358,0.19246141612529755
2023-11-21,1.5493355728873823,-0.002125313738361001,0.1521410495042801,0.34492984414100647,0.13570816814899445,0.17602410912513733,0.19119684398174286
2023-11-22,1.553382617201233,0.0026121160481125116,0.15839195251464844,0.33569735288619995,0.1349456012248993,0.17587560415267944,0.19508950412273407
2023-11-24,1.5524986622513286,-0.0005690516554750502,0.15623228251934052,0.3386878967285156,0.13462091982364655,0.1768992692232132,0.1935597062110901
2023-11-27,1.5574461744663155,0.0031868061050772667,0.15343651175498962,0.3423239290714264,0.13550980389118195,0.17667359113693237,0.19205617904663086
2023-11-28,1.5627941513796797,0.0034338117111474276,0.15812072157859802,0.3374767601490021,0.1345314085483551,0.1759830117225647,0.19388817250728607
2023-11-29,1.567102548226298,0.002756854984909296,0.15504898130893707,0.341709703207016,0.1355990320444107,0.1762506365776062,0.19139166176319122
2023-11-30,1.5630521334220568,-0.002584652043879032,0.15653929114341736,0.33956387639045715,0.13454128801822662,0.17635956406593323,0.19299593567848206
2023-12-01,1.5824242985342944,0.012393806129693985,0.15567171573638916,0.3384510576725006,0.1349502056837082,0.1771548092365265,0.1937723010778427
2023-12-04,1.5706910145616497,-0.007414752151817083,0.14639011025428772,0.3563911020755768,0.1358647644519806,0.17512843012809753,0.18622557818889618
2023-12-05,1.5738701309132805,0.002024024026468396,0.15805359184741974,0.33444860577583313,0.13353106379508972,0.17691653966903687,0.19705015420913696
2023-12-06,1.5742968953699796,0.0002711560809984803,0.16492682695388794,0.32666945457458496,0.1331344097852707,0.17690463364124298,0.19836464524269104
2023-12-07,1.5838576750482094,0.006073047406971455,0.1634242832660675,0.3293931186199188,0.13307993113994598,0.17759981751441956,0.19650281965732574
2023-12-08,1.5825967392040865,-0.0007961168885231018,0.1526067852973938,0.3439299464225769,0.13603706657886505,0.17716503143310547,0.1902611404657364
2023-12-11,1.584559275066236,0.00124007323756814,0.15486356616020203,0.3391398787498474,0.13522869348526,0.17685745656490326,0.1939103752374649
2023-12-12,1.5903697011617857,0.003666903590783477,0.1568068265914917,0.3367096781730652,0.134951651096344,0.17694127559661865,0.1945905238389969
2023-12-13,1.621110084914705,0.01932908035814762,0.15621346235275269,0.3387458622455597,0.1352796107530594,0.17660818994045258,0.19315287470817566
2023-12-14,1.636409913041342,0.009437871165573597,0.14121587574481964,0.3656151294708252,0.13715146481990814,0.17428220808506012,0.1817353367805481
2023-12-15,1.634491318109789,-0.0011724415235221386,0.14487768709659576,0.3593209683895111,0.13591863214969635,0.1739296317100525,0.18595315515995026
2023-12-18,1.638615114402802,0.0025229845196008682,0.15632635354995728,0.338466078042984,0.13524842262268066,0.17590409517288208,0.19405511021614075
2023-12-19,1.650963641775465,0.007535953540354967,0.15317203104496002,0.34307393431663513,0.13607588410377502,0.17639178037643433,0.1912863850593567
2023-12-20,1.6346685119344158,-0.009870071895420551,0.14828892052173615,0.35191357135772705,0.136195570230484,0.17553135752677917,0.18807059526443481
2023-12-21,1.6474909174071732,0.007844040170311928,0.1675669252872467,0.32232189178466797,0.13275019824504852,0.17655731737613678,0.20080368220806122
2023-12-22,1.650966926465181,0.0021098805591464043,0.15055426955223083,0.3474627435207367,0.1359555423259735,0.1772417575120926,0.18878567218780518
2023-12-26,1.6616251934405204,0.006455772556364536,0.15091359615325928,0.34669438004493713,0.13613708317279816,0.17578066885471344,0.1904742568731308
2023-12-27,1.6705908906376807,0.005395739804953337,0.14878714084625244,0.3508608043193817,0.13634061813354492,0.17529067397117615,0.1887207329273224
2023-12-28,1.6655463768141747,-0.0030195985455065966,0.15361075103282928,0.3444235026836395,0.13526754081249237,0.17527638375759125,0.19142191112041473
2023-12-29,1.6554864202622666,-0.006040033884346485,0.15768620371818542,0.3357805013656616,0.13483022153377533,0.17684607207775116,0.19485706090927124
2024-01-02,1.6409406700475702,-0.008786390535533428,0.16353291273117065,0.32688048481941223,0.13412664830684662,0.17732080817222595,0.19813920557498932
2024-01-03,1.625659554837579,-0.009312411770224571,0.16664041578769684,0.3227066993713379,0.13251836597919464,0.17824260890483856,0.19989189505577087
2024-01-04,1.6176016036086378,-0.004956727381795645,0.17544850707054138,0.31057631969451904,0.13135069608688354,0.17867261171340942,0.203951895236969
2024-01-05,1.6152144502582495,-0.001475736266002059,0.16482970118522644,0.32515275478363037,0.1333303451538086,0.17949390411376953,0.19719326496124268
2024-01-08,1.634085596784216,0.011683369055390358,0.16013631224632263,0.332021027803421,0.1346924602985382,0.17805705964565277,0.1950930804014206
2024-01-09,1.631088693699747,-0.0018339939415454865,0.1504824459552765,0.34753817319869995,0.13598576188087463,0.1766330599784851,0.189360573887825
2024-01-10,1.6343031105507408,0.001970718614757061,0.15694984793663025,0.3370739817619324,0.1355040818452835,0.17625339329242706,0.1942186802625656
2024-01-11,1.635840965338935,0.0009409850463271141,0.15522220730781555,0.33972346782684326,0.1354665905237198,0.17677412927150726,0.19281359016895294
2024-01-12,1.6384720281814786,0.0016083854716271162,0.15908843278884888,0.3349763751029968,0.13477633893489838,0.17656156420707703,0.1945972740650177
2024-01-16,1.6265716782224422,-0.007263077888637781,0.15600715577602386,0.33996886014938354,0.13537609577178955,0.17686128616333008,0.19178660213947296
2024-01-17,1.6165103570957706,-0.006185599602758884,0.1616329550743103,0.32923728227615356,0.13470174372196198,0.17787258327007294,0.19655539095401764
2024-01-18,1.6274637159555865,0.006775928661227226,0.16658443212509155,0.32297074794769287,0.1329011768102646,0.17845645546913147,0.1990872025489807
2024-01-19,1.6455149352271876,0.01109162624925375,0.15232767164707184,0.34475773572921753,0.13641652464866638,0.17758861184120178,0.18890945613384247
2024-01-22,1.652121224188035,0.004014724399894476,0.1469692587852478,0.3537222445011139,0.13750368356704712,0.17555156350135803,0.18625319004058838
2024-01-23,1.6534908926373093,0.0008290362893603742,0.14919550716876984,0.3504323959350586,0.13568545877933502,0.17571227252483368,0.18897439539432526
2024-01-24,1.6507436021823427,-0.0016615092754364014,0.1522783488035202,0.34484758973121643,0.13632190227508545,0.17611104249954224,0.19044114649295807
2024-01-25,1.657850251630649,0.004305120091885328,0.15810199081897736,0.33545494079589844,0.1352626383304596,0.1770319640636444,0.19414851069450378
2024-01-26,1.65335920725095,-0.0027089565992355347,0.1544400304555893,0.3426872491836548,0.13516195118427277,0.1768988072872162,0.19081194698810577
2024-01-29,1.6705585700090868,0.010402677580714226,0.1579103320837021,0.33669522404670715,0.13462290167808533,0.1772681474685669,0.19350333511829376
2024-01-30,1.6675921700189273,-0.001775693497620523,0.14941327273845673,0.35109084844589233,0.13605518639087677,0.17634665966033936,0.18709412217140198
2024-01-31,1.6492253928690084,-0.01101395022124052,0.15879811346530914,0.33626413345336914,0.1346389204263687,0.1764184683561325,0.19388042390346527
2024-02-01,1.671036168875554,0.013224860653281212,0.17360013723373413,0.3149206340312958,0.13151292502880096,0.17792440950870514,0.20204192399978638
2024-02-02,1.6725639847561533,0.0009142925264313817,0.15428420901298523,0.34451133012771606,0.13503549993038177,0.17788749933242798,0.18828144669532776
2024-02-05,1.660147755753291,-0.007423470262438059,0.15195903182029724,0.3433293104171753,0.13723494112491608,0.1771317571401596,0.19034495949745178
2024-02-06,1.6663843309213566,0.003756638616323471,0.15988123416900635,0.33146360516548157,0.1352611482143402,0.17711171507835388,0.19628232717514038
2024-02-07,1.6723087956180145,0.003555281087756157,0.1563882976770401,0.33980846405029297,0.13452401757240295,0.1769743710756302,0.1923048198223114
2024-02-08,1.6748962916974408,0.0015472597442567348,0.15362060070037842,0.34264519810676575,0.13613994419574738,0.17685453593730927,0.19073982536792755
2024-02-09,1.6838614851163596,0.005352685693651438,0.15169529616832733,0.34569478034973145,0.13566912710666656,0.17666588723659515,0.1902749389410019
2024-02-12,1.685087056667554,0.0007278339471668005,0.14922188222408295,0.34944769740104675,0.13618311285972595,0.1762644648551941,0.18888288736343384
2024-02-13,1.6532122015391204,-0.018915850669145584,0.15173989534378052,0.34602051973342896,0.1350744515657425,0.17633922398090363,0.19082596898078918
2024-02-14,1.6676823704177741,0.008752759546041489,0.1747932732105255,0.3096697926521301,0.13217902183532715,0.17783360183238983,0.2055242955684662
2024-02-15,1.680719727857484,0.007817650213837624,0.15502429008483887,0.341154545545578,0.1344185322523117,0.17855873703956604,0.19084390997886658
2024-02-16,1.6703739218581146,-0.006155580747872591,0.14721892774105072,0.353568434715271,0.1360178291797638,0.17603977024555206,0.18715500831604004
2024-02-20,1.6637717861365406,-0.003952489700168371,0.15880051255226135,0.3347688913345337,0.1348930299282074,0.17614592611789703,0.19539161026477814
2024-02-21,1.6586840332166886,-0.003057963214814663,0.16335156559944153,0.3287988007068634,0.13381421566009521,0.17716872692108154,0.19686676561832428
2024-02-22,1.6832697982280809,0.014822452329099178,0.16090719401836395,0.3314295709133148,0.1341647505760193,0.1779446303844452,0.19555385410785675
2024-02-23,1.6879342684155914,0.0027710769791156054,0.1479237675666809,0.35163408517837524,0.1373298019170761,0.17621716856956482,0.18689510226249695
2024-02-26,1.6865016424553776,-0.0008487451123073697,0.15420877933502197,0.3432299792766571,0.13522747159004211,0.1753677874803543,0.1919659972190857
2024-02-27,1.6891041901286943,0.0015431634383276105,0.15569938719272614,0.33949825167655945,0.13470706343650818,0.1767885535955429,0.19330672919750214
2024-02-28,1.6862443224517765,-0.001693126861937344,0.15229962766170502,0.3441551923751831,0.1353413164615631,0.17681603133678436,0.19138775765895844
2024-02-29,1.6973723194011028,0.006599279120564461,0.1599385142326355,0.3335743844509125,0.1342432200908661,0.1764756441116333,0.19576822221279144
2024-03-01,1.7188709369368642,0.012665823101997375,0.15391333401203156,0.34344878792762756,0.1353437453508377,0.17676597833633423,0.19052813947200775
2024-03-04,1.7200624017094246,0.0006931670941412449,0.1452094167470932,0.357772558927536,0.13759300112724304,0.17494961619377136,0.18447546660900116
2024-03-05,1.7105172329980096,-0.005549315363168716,0.14989809691905975,0.34971126914024353,0.13671669363975525,0.1748800128698349,0.18879389762878418
2024-03-06,1.7216826171013753,0.006527489982545376,0.16311846673488617,0.3304019570350647,0.13318975269794464,0.17625875771045685,0.19703112542629242
2024-03-07,1.7367127907027973,0.008729932829737663,0.15397655963897705,0.3435712456703186,0.13522915542125702,0.17709413170814514,0.1901288628578186
2024-03-08,1.7283216034538131,-0.004831649363040924,0.14796064794063568,0.35197901725769043,0.13709446787834167,0.17584159970283508,0.18712420761585236
2024-03-11,1.7245098860795036,-0.002205444499850273,0.1564587503671646,0.3390726149082184,0.1347661316394806,0.17599061131477356,0.19371192157268524
2024-03-12,1.7290602522634355,0.002638643141835928,0.15999475121498108,0.33335933089256287,0.134332075715065,0.17710137367248535,0.1952124983072281
2024-03-13,1.7258804258606684,-0.0018390489276498556,0.15591782331466675,0.3378866910934448,0.13554301857948303,0.17764833569526672,0.19300414621829987
2024-03-14,1.7135457695282046,-0.0071468777023255825,0.1565326452255249,0.3386848568916321,0.13486406207084656,0.17711271345615387,0.19280564785003662
2024-03-15,1.7041585799417944,-0.00547822518274188,0.16268816590309143,0.32807034254074097,0.13456659018993378,0.17787952721118927,0.1967952847480774
2024-03-18,1.7094276522289138,0.0030918908305466175,0.16430756449699402,0.32711470127105713,0.13289406895637512,0.17852158844470978,0.19716213643550873
2024-03-19,1.7138054123692315,0.002560950815677643,0.15818816423416138,0.33610016107559204,0.13528786599636078,0.17809128761291504,0.19233249127864838
2024-03-20,1.7314614662436878,0.01030225120484829,0.15604163706302643,0.33975452184677124,0.1351574957370758,0.17740069329738617,0.19164568185806274
2024-03-21,1.738245079152344,0.0039178538136184216,0.14546369016170502,0.3567747473716736,0.1371646672487259,0.1759682148694992,0.1846286505460739
2024-03-22,1.7354272361520993,-0.0016210849862545729,0.1491517275571823,0.35057657957077026,0.13635766506195068,0.17570914328098297,0.18820486962795258
2024-03-25,1.7326363743585593,-0.0016081698704510927,0.16139845550060272,0.33190104365348816,0.13434366881847382,0.17676962912082672,0.1955871880054474
2024-03-26,1.731757374809553,-0.000507319113239646,0.1586020290851593,0.33588337898254395,0.13449376821517944,0.17793849110603333,0.1930823177099228
2024-03-27,1.746512030960682,0.00852004811167717,0.1593490093946457,0.33520182967185974,0.13451160490512848,0.1776016801595688,0.1933358907699585
2024-03-28,1.7500084673175103,0.0020019537769258022,0.14981523156166077,0.35052138566970825,0.13565517961978912,0.17674274742603302,0.1872655153274536
2024-04-01,1.7461398984792704,-0.0022106000687927008,0.151300311088562,0.34778428077697754,0.13624341785907745,0.17593814432621002,0.18873386085033417
2024-04-02,1.7379767985761614,-0.004674940370023251,0.15337693691253662,0.3431514799594879,0.1367555558681488,0.1764390617609024,0.19027695059776306
2024-04-03,1.743997247034793,0.0034640557132661343,0.16031548380851746,0.33383676409721375,0.13521604239940643,0.17657411098480225,0.19405758380889893
2024-04-04,1.729392984907601,-0.008374016731977463,0.1541736125946045,0.3434450924396515,0.13557472825050354,0.17714056372642517,0.1896660476922989
2024-04-05,1.7412425239493512,0.006851848680526018,0.16695041954517365,0.32402724027633667,0.1326625943183899,0.17775079607963562,0.19860896468162537
2024-04-08,1.7448585936845757,0.0020767180249094963,0.150434210896492,0.3482200801372528,0.13702867925167084,0.1773897260427475,0.18692724406719208
2024-04-09,1.7529871559164438,0.004658579360693693,0.15222656726837158,0.3459729254245758,0.13615286350250244,0.17609448730945587,0.18955320119857788
2024-04-10,1.728646924728113,-0.013885002583265305,0.15342694520950317,0.3448597490787506,0.13565579056739807,0.1761472374200821,0.18991024792194366
2024-04-11,1.7464261651518165,0.010285061784088612,0.16697506606578827,0.3213459849357605,0.13390113413333893,0.17794813215732574,0.19982971251010895
2024-04-12,1.725984596664423,-0.011704799719154835,0.1503748595714569,0.34895792603492737,0.13698136806488037,0.17686504125595093,0.18682077527046204
2024-04-15,1.7114571256614302,-0.008416918106377125,0.1699012666940689,0.31883886456489563,0.1323113739490509,0.1773890107870102,0.2015594244003296
2024-04-16,1.7085254808862762,-0.001712952507659793,0.16641788184642792,0.3241533637046814,0.13336461782455444,0.1785634458065033,0.19750066101551056
2024-04-17,1.6984117795350602,-0.005919549614191055,0.16155901551246643,0.33074408769607544,0.13432562351226807,0.17833855748176575,0.19503268599510193
2024-04-18,1.6941531770929517,-0.0025074027944356203,0.16925007104873657,0.3201625943183899,0.13210788369178772,0.17813707888126373,0.2003423273563385
2024-04-19,1.6825470476243114,-0.006850696634501219,0.16265568137168884,0.3294111490249634,0.13360165059566498,0.17872260510921478,0.19560889899730682
2024-04-22,1.684230495577556,0.0010005354415625334,0.16529853641986847,0.3260912299156189,0.13244874775409698,0.17823706567287445,0.19792440533638
2024-04-23,1.6987086872176782,0.008596324361860752,0.15976840257644653,0.33167940378189087,0.13372288644313812,0.17894087731838226,0.1958884447813034
2024-04-24,1.6968072276195696,-0.0011193559039384127,0.15060245990753174,0.3466973602771759,0.13599331676959991,0.17686395347118378,0.18984287977218628
2024-04-25,1.6914737627771068,-0.0031432355754077435,0.15617725253105164,0.33791980147361755,0.1354907751083374,0.1763816922903061,0.1940305083990097
2024-04-26,1.7074689771694447,0.009456377476453781,0.15916693210601807,0.33412522077560425,0.13469329476356506,0.17689411342144012,0.1951204389333725
2024-04-29,1.7145084176947891,0.004122734069824219,0.15122480690479279,0.3469439744949341,0.13612404465675354,0.17643660306930542,0.1892705261707306
2024-04-30,1.6851310986164663,-0.017134543508291245,0.15348604321479797,0.34348589181900024,0.13529559969902039,0.17610888183116913,0.1916235387325287
2024-05-01,1.6861575452870114,0.0006091197719797492,0.17346979677677155,0.3117438554763794,0.1312449723482132,0.17816056311130524,0.20538084208965302
2024-05-02,1.700078525582001,0.008256037719547749,0.16474175453186035,0.3271189332008362,0.13263775408267975,0.17869657278060913,0.19680503010749817
2024-05-03,1.7199676498884442,0.011698944494128227,0.15270692110061646,0.34415504336357117,0.13529984652996063,0.1775679588317871,0.19027020037174225
2024-05-06,1.7367487303440505,0.00975662562996149,0.1488952934741974,0.35038459300994873,0.13668645918369293,0.1756427139043808,0.18839091062545776
2024-05-07,1.738011172904159,0.000726899947039783,0.14558757841587067,0.3559867739677429,0.137155219912529,0.17467229068279266,0.18659812211990356
2024-05-08,1.7334742963101697,-0.0026103840209543705,0.1544625610113144,0.34150344133377075,0.13506127893924713,0.1756097376346588,0.1933629959821701
2024-05-09,1.7454877343593695,0.0069302660413086414,0.1588643193244934,0.3339879810810089,0.13456852734088898,0.17700804769992828,0.19557106494903564
2024-05-10,1.7463989314117494,0.0005220300517976284,0.15161852538585663,0.34706205129623413,0.1357370913028717,0.17624641954898834,0.18933585286140442
2024-05-13,1.7453233771119678,-0.0006158697651699185,0.15456779301166534,0.3415583074092865,0.13605786859989166,0.17617619037628174,0.19163984060287476
2024-05-14,1.7573595974986318,0.006896269507706165,0.15895862877368927,0.33456867933273315,0.1343185156583786,0.177343487739563,0.19481070339679718
2024-05-15,1.7814904798999112,0.013731328770518303,0.15259547531604767,0.34553277492523193,0.13563528656959534,0.17673800885677338,0.18949845433235168
2024-05-16,1.7763033531738133,-0.002911678049713373,0.146004781126976,0.356732577085495,0.13724003732204437,0.1750965267419815,0.18492604792118073
2024-05-17,1.7801001033271096,0.002137444680556655,0.15693800151348114,0.33792388439178467,0.13522252440452576,0.17617730796337128,0.19373829662799835
2024-05-20,1.7856384111758508,0.0031112339347600937,0.15305867791175842,0.3444969356060028,0.1360665112733841,0.176423117518425,0.1899547576904297
2024-05-21,1.7883983014073543,0.001545604201965034,0.15291742980480194,0.3444797694683075,0.13617843389511108,0.1764337420463562,0.18999063968658447
2024-05-22,1.7794172740022596,-0.005021827295422554,0.15656635165214539,0.33912327885627747,0.13515281677246094,0.17671415209770203,0.19244341552257538
2024-05-23,1.7615722318964717,-0.010028587654232979,0.1651783287525177,0.32496774196624756,0.1332790106534958,0.1781626045703888,0.1984122395515442
2024-05-24,1.7725999393219434,0.0062601505778729916,0.17254862189292908,0.3135424554347992,0.13190187513828278,0.17940175533294678,0.20260530710220337
2024-05-28,1.7737063334357384,0.0006241645896807313,0.15800867974758148,0.3366207480430603,0.13457205891609192,0.17872558534145355,0.19207292795181274
2024-05-29,1.7569137484365782,-0.00946751143783331,0.15395934879779816,0.34205999970436096,0.13641662895679474,0.17700809240341187,0.19055597484111786
2024-05-30,1.7547243687310377,-0.0012461509322747588,0.16477154195308685,0.32509294152259827,0.1339547485113144,0.17775356769561768,0.1984272003173828
2024-05-31,1.7582884122447662,0.0020311130210757256,0.16273252665996552,0.3305201530456543,0.1328863948583603,0.178244948387146,0.1956159770488739
2024-06-03,1.7683911837203439,0.0057457988150417805,0.15821808576583862,0.3362683057785034,0.13408567011356354,0.1781107783317566,0.19331713020801544
2024-06-04,1.7678061262908233,-0.00033084163442254066,0.15824198722839355,0.33799681067466736,0.13508880138397217,0.17680105566978455,0.19187131524085999
2024-06-05,1.7927921351845393,0.014133907854557037,0.16388948261737823,0.3285081386566162,0.13395361602306366,0.1776416152715683,0.1960071325302124
2024-06-06,1.7927701751398553,-1.2249074643477798e-05,0.1479645073413849,0.3534122109413147,0.1370295286178589,0.1764857918024063,0.1851079761981964
2024-06-07,1.7707308319847954,-0.012293457053601742,0.15423862636089325,0.34275683760643005,0.13625091314315796,0.17580385506153107,0.19094978272914886
2024-06-10,1.7758766504208896,0.0029060421511530876,0.16707158088684082,0.3193507790565491,0.13304466009140015,0.17862443625926971,0.20190858840942383
2024-06-11,1.7840454317991645,0.004599858541041613,0.15744520723819733,0.3367845118045807,0.13505184650421143,0.17784473299980164,0.19287367165088654
2024-06-12,1.80113281758466,0.009577887132763863,0.15775258839130402,0.33757659792900085,0.1351836919784546,0.17673155665397644,0.19275565445423126
2024-06-13,1.8047863772763988,0.0020284787751734257,0.15002092719078064,0.3493926227092743,0.1362016797065735,0.17629027366638184,0.18809443712234497
2024-06-14,1.811379787371094,0.0036532911472022533,0.15944649279117584,0.33478492498397827,0.13471107184886932,0.17636550962924957,0.19469201564788818
2024-06-17,1.8181096977941547,0.003715350292623043,0.15958943963050842,0.3354945182800293,0.13530227541923523,0.1765759140253067,0.19303783774375916
2024-06-18,1.823763914696631,0.0031099426560103893,0.15243519842624664,0.34395870566368103,0.13620346784591675,0.17719681560993195,0.19020579755306244
2024-06-20,1.819337321895604,-0.0024271742440760136,0.15549129247665405,0.34090542793273926,0.13527044653892517,0.17613041400909424,0.19220244884490967
2024-06-21,1.8123744209558597,-0.003827163251116872,0.15680985152721405,0.3384517431259155,0.13521447777748108,0.17657414078712463,0.19294974207878113
2024-06-24,1.8083363811770528,-0.0022280383855104446,0.16174830496311188,0.3297984004020691,0.13353057205677032,0.17781879007816315,0.19710396230220795
2024-06-25,1.8142725694832966,0.003282679244875908,0.16134847700595856,0.3317981958389282,0.13339626789093018,0.1778070032596588,0.19565005600452423
2024-06-26,1.8073446372991988,-0.0038185729645192623,0.1586655229330063,0.33515238761901855,0.1349932849407196,0.17771168053150177,0.19347712397575378
2024-06-27,1.817061437057771,0.005376284942030907,0.15938133001327515,0.33259353041648865,0.13486593961715698,0.17794908583164215,0.19521014392375946
2024-06-28,1.8077188533702684,-0.0051415893249213696,0.15360957384109497,0.34399133920669556,0.1355455070734024,0.1767188310623169,0.19013471901416779
2024-07-01,1.80515370140872,-0.001418999396264553,0.15526464581489563,0.3393416404724121,0.13542424142360687,0.17718271911144257,0.19278676807880402
2024-07-02,1.8167233377382634,0.006409225054085255,0.15579497814178467,0.3383949398994446,0.1361919492483139,0.1769673377275467,0.19265079498291016
2024-07-03,1.8311488095260882,0.007940378971397877,0.15422512590885162,0.342672735452652,0.13576272130012512,0.1764824241399765,0.19085700809955597
2024-07-05,1.8454357374432826,0.007802166510373354,0.15294799208641052,0.3459547460079193,0.13614335656166077,0.17582674324512482,0.1891271471977234
2024-07-08,1.845420633543166,-8.184462785720825e-06,0.15161196887493134,0.34800806641578674,0.13684457540512085,0.1755586713552475,0.1879766583442688
2024-07-09,1.8443122290564902,-0.0006006243056617677,0.15593992173671722,0.33947476744651794,0.13492733240127563,0.1769430935382843,0.1927148550748825
2024-07-10,1.858377798082715,0.00762645760551095,0.1573745459318161,0.3375011086463928,0.1352706402540207,0.17729054391384125,0.19256319105625153
2024-07-11,1.8598587179587336,0.0007968884892761707,0.15079718828201294,0.34829625487327576,0.1363758146762848,0.17669154703617096,0.18783912062644958
2024-07-12,1.8695249081822072,0.00519727123901248,0.14925161004066467,0.35228869318962097,0.13461971282958984,0.17584173381328583,0.1879982203245163
2024-07-15,1.8741640209181796,0.00248143938370049,0.14960655570030212,0.34979814291000366,0.13599857687950134,0.17605726420879364,0.18853947520256042
2024-07-16,1.896191893361441,0.011753438971936703,0.14719733595848083,0.3526502251625061,0.13658489286899567,0.17604763805866241,0.1875198930501938
2024-07-17,1.867537387491346,-0.015111606568098068,0.14159487187862396,0.36445993185043335,0.1368124783039093,0.1741957813501358,0.18293695151805878
2024-07-18,1.8525189505400126,-0.00804184004664421,0.1642175018787384,0.3271152079105377,0.1326528787612915,0.17643390595912933,0.19958047568798065
2024-07-19,1.8352376164099928,-0.009328559972345829,0.16918064653873444,0.3189585208892822,0.13265743851661682,0.1786653697490692,0.20053808391094208
2024-07-22,1.8499927657284272,0.008039912208914757,0.17107364535331726,0.31562766432762146,0.13156598806381226,0.17970074713230133,0.2020319104194641
2024-07-23,1.8507316760177617,0.0003994125290773809,0.1538931131362915,0.3419649302959442,0.1353929191827774,0.1783510446548462,0.19039799273014069
2024-07-24,1.810847840131775,-0.021550307050347328,0.154330313205719,0.3417801558971405,0.13515423238277435,0.1766681671142578,0.19206711649894714
2024-07-25,1.8026425246326678,-0.004531200975179672,0.1750907152891159,0.31023120880126953,0.1306796669960022,0.17790080606937408,0.20609760284423828
2024-07-26,1.8220941215334905,0.010790601372718811,0.16965000331401825,0.318543404340744,0.13052082061767578,0.17996028065681458,0.20132552087306976
2024-07-29,1.822015577701676,-4.310635267756879e-05,0.15265610814094543,0.34488117694854736,0.1352662295103073,0.17757722735404968,0.1896192580461502
2024-07-30,1.817841306955793,-0.0022910181432962418,0.15971890091896057,0.33346474170684814,0.13475367426872253,0.1765090376138687,0.19555369019508362
2024-07-31,1.8512898010635668,0.018400117754936218,0.1599847674369812,0.33393359184265137,0.1335936188697815,0.1770726442337036,0.19541536271572113
2024-08-01,1.824422592686951,-0.014512697234749794,0.14560677111148834,0.35663866996765137,0.13789385557174683,0.17518654465675354,0.1846741884946823
2024-08-02,1.8051662369216126,-0.010554767213761806,0.17216162383556366,0.3155807554721832,0.1319906860589981,0.1760895699262619,0.20417730510234833
2024-08-05,1.7682633044190659,-0.020442955195903778,0.18687032163143158,0.2972087264060974,0.12805087864398956,0.17825275659561157,0.20961733162403107
2024-08-06,1.7683677377334281,5.905982106924057e-05,0.19481751322746277,0.28483104705810547,0.12615147233009338,0.18068493902683258,0.2135149985551834
2024-08-07,1.754870038510952,-0.007632857654243708,0.1640382707118988,0.32432594895362854,0.1330559104681015,0.1815340220928192,0.19704583287239075
2024-08-08,1.7876771779644394,0.018694911152124405,0.168020561337471,0.31921476125717163,0.13276028633117676,0.17793354392051697,0.20207081735134125
2024-08-09,1.7955210573561726,0.00438774935901165,0.1420360505580902,0.35985755920410156,0.1379842907190323,0.1755756288766861,0.18454644083976746
2024-08-12,1.8018208341369806,0.0035086064599454403,0.15196743607521057,0.344720721244812,0.13593058288097382,0.17411568760871887,0.19326555728912354
2024-08-13,1.8270648290641134,0.014010269194841385,0.1546810418367386,0.3411657214164734,0.13552367687225342,0.17483095824718475,0.19379857182502747
2024-08-14,1.8257381386948797,-0.0007261320715770125,0.14619411528110504,0.3534817099571228,0.13671067357063293,0.17500673234462738,0.18860672414302826
2024-08-15,1.8507015413515877,0.013673046603798866,0.15790033340454102,0.334736168384552,0.13436977565288544,0.17541582882404327,0.19757786393165588
2024-08-16,1.8616075521943212,0.005892906337976456,0.14276693761348724,0.3578227162361145,0.13726548850536346,0.1752096265554428,0.18693523108959198
2024-08-19,1.8767840715909105,0.008152373135089874,0.1474442183971405,0.35240447521209717,0.13679362833499908,0.1733957827091217,0.18996191024780273
2024-08-20,1.8758650306344269,-0.0004896892351098359,0.14793534576892853,0.35054486989974976,0.1361202597618103,0.1745380461215973,0.19086149334907532
2024-08-21,1.8827686696398351,0.0036802429240196943,0.15893374383449554,0.33402717113494873,0.1343090981245041,0.17517222464084625,0.19755783677101135
2024-08-22,1.8602734798804867,-0.011947930790483952,0.15444742143154144,0.34031715989112854,0.13449381291866302,0.17648567259311676,0.19425593316555023
2024-08-23,1.884208523711227,0.012866411358118057,0.16676653921604156,0.32025381922721863,0.13216416537761688,0.17736098170280457,0.20345456898212433
2024-08-26,1.8774628838740184,-0.0035800919868052006,0.14817304909229279,0.3509148955345154,0.13528475165367126,0.17635217308998108,0.18927519023418427
2024-08-27,1.8782135545475613,0.00039983249735087156,0.15647782385349274,0.33697032928466797,0.13441085815429688,0.1756402552127838,0.196500763297081
2024-08-28,1.8645990736532052,-0.007248633075505495,0.15878033638000488,0.3335244357585907,0.13448810577392578,0.17625336349010468,0.19695380330085754
2024-08-29,1.8663615241341862,0.000945216859690845,0.16616933047771454,0.32229986786842346,0.1323252171278,0.17732414603233337,0.20188140869140625
2024-08-30,1.8718370890107119,0.0029338179156184196,0.15886224806308746,0.333778440952301,0.13383054733276367,0.17753426730632782,0.19599446654319763
2024-09-03,1.8421617384303568,-0.015853596851229668,0.15405748784542084,0.33972084522247314,0.1355292797088623,0.17704172432422638,0.19365067780017853
2024-09-04,1.8440283023298194,0.001013246481306851,0.18011601269245148,0.30448928475379944,0.12963615357875824,0.17697113752365112,0.20878739655017853
2024-09-05,1.8475247596753746,0.0018960974412038922,0.1690693348646164,0.3207663893699646,0.1315467208623886,0.17943012714385986,0.19918745756149292
2024-09-06,1.8184174276753458,-0.01575477235019207,0.1627608686685562,0.3296318054199219,0.13385210931301117,0.1780393123626709,0.19571591913700104
2024-09-09,1.832793138359042,0.00790561642497778,0.17663945257663727,0.30850833654403687,0.13037912547588348,0.1784934401512146,0.2059796154499054
2024-09-10,1.843338317513688,0.005753611214458942,0.1592583805322647,0.33423420786857605,0.13438324630260468,0.17855964601039886,0.1935645341873169
2024-09-11,1.8596044140475796,0.008824259974062443,0.15632563829421997,0.33887791633605957,0.1353776454925537,0.17664048075675964,0.19277825951576233
2024-09-12,1.8761199069864143,0.00888118613511324,0.15114493668079376,0.3459400236606598,0.1366722136735916,0.17614780366420746,0.19009500741958618
2024-09-13,1.8911563550512296,0.008014651946723461,0.14497998356819153,0.35643574595451355,0.1375354528427124,0.17464619874954224,0.18640263378620148
2024-09-16,1.8924569405894813,0.000687719730194658,0.1436832994222641,0.35891905426979065,0.13683125376701355,0.17422710359096527,0.18633922934532166
2024-09-17,1.891386952048637,-0.000565396505407989,0.15364177525043488,0.34303539991378784,0.1349269151687622,0.17518994212150574,0.19320590794086456
2024-09-18,1.8807648913663197,-0.005616016685962677,0.1553179919719696,0.33913174271583557,0.1346285492181778,0.17677603662014008,0.19414566457271576
2024-09-19,1.9111675739193594,0.01616506278514862,0.15985701978206635,0.33133363723754883,0.1340361088514328,0.1774398237466812,0.1973334699869156
2024-09-20,1.909709021016192,-0.0007631737389601767,0.14261049032211304,0.3598533272743225,0.13797436654567719,0.1752600520849228,0.1843017190694809
2024-09-23,1.9112244664756832,0.000793547835201025,0.15306852757930756,0.34360697865486145,0.13641536235809326,0.17461511492729187,0.19229407608509064
2024-09-24,1.920694476485591,0.004954943899065256,0.15591466426849365,0.3389183282852173,0.1352655440568924,0.17614808678627014,0.1937534213066101
2024-09-25,1.9141285116271296,-0.0034185368567705154,0.15270225703716278,0.3446238934993744,0.13598965108394623,0.17588524520397186,0.19079895317554474
2024-09-26,1.9241764240465549,0.005249340552836657,0.15948671102523804,0.3328397274017334,0.13497720658779144,0.17660610377788544,0.19609026610851288
2024-09-27,1.920658321789223,-0.0018283678218722343,0.15474827587604523,0.3411356210708618,0.1353362500667572,0.176611989736557,0.19216787815093994
2024-09-30,1.919614045647507,-0.0005437073996290565,0.15947210788726807,0.3334480822086334,0.13362103700637817,0.1770530790090561,0.19640570878982544
2024-10-01,1.9107396063631081,-0.004623033106327057,0.15870538353919983,0.33360376954078674,0.1342497318983078,0.17761047184467316,0.19583065807819366
2024-10-02,1.908612840226715,-0.0011130591155961156,0.166028693318367,0.3251609206199646,0.1330588459968567,0.17717140913009644,0.19858019053936005
2024-10-03,1.9023753562051402,-0.0032680719159543514,0.16035087406635284,0.3320634067058563,0.1343533992767334,0.17822609841823578,0.19500616192817688
2024-10-04,1.911204160101141,0.004640936851501465,0.16118191182613373,0.3304125964641571,0.13451100885868073,0.17773637175559998,0.19615815579891205
2024-10-07,1.8956271446577455,-0.008150367066264153,0.1513725370168686,0.34509068727493286,0.1361895054578781,0.17733117938041687,0.19001621007919312
2024-10-08,1.905722562857683,0.005325634963810444,0.162612184882164,0.3284218907356262,0.13391564786434174,0.17711420357227325,0.19793613255023956
2024-10-09,1.9094454120230362,0.001953510567545891,0.15731258690357208,0.3366362750530243,0.13509735465049744,0.17760948836803436,0.193344384431839
2024-10-10,1.908116259624257,-0.0006960934260860085,0.1556313931941986,0.33880889415740967,0.13551273941993713,0.17718905210494995,0.19285793602466583
2024-10-11,1.918756220814554,0.005576159805059433,0.1578414887189865,0.3365902602672577,0.13522997498512268,0.17677412927150726,0.19356410205364227
2024-10-14,1.928291197520961,0.0049693528562784195,0.14877137541770935,0.3509337306022644,0.1361764669418335,0.17637597024440765,0.1877424567937851
2024-10-15,1.9225765380073232,-0.0029635874088853598,0.15028753876686096,0.3479704260826111,0.1363726705312729,0.17584602534770966,0.1895233690738678
2024-10-16,1.931485038581783,0.004633625969290733,0.160162091255188,0.33431223034858704,0.1336522102355957,0.1764092743396759,0.19546416401863098
2024-10-17,1.9279901878884187,-0.0018094112165272236,0.1530379056930542,0.34462103247642517,0.1349492073059082,0.177073672413826,0.19031815230846405
2024-10-18,1.9370388152547002,0.00469329534098506,0.15394997596740723,0.3417723476886749,0.13618028163909912,0.17677363753318787,0.19132371246814728
2024-10-21,1.927558098483018,-0.004894438199698925,0.15310756862163544,0.34462884068489075,0.13638176023960114,0.17610181868076324,0.18977989256381989
2024-10-22,1.9314545784655277,0.002021459164097905,0.15858857333660126,0.3344278633594513,0.13580021262168884,0.17701591551303864,0.19416749477386475
2024-10-23,1.910748634118429,-0.01072038896381855,0.15720415115356445,0.33852556347846985,0.13540557026863098,0.17681516706943512,0.1920495182275772
2024-10-24,1.9220584836652521,0.0059190671890974045,0.16797032952308655,0.3211047649383545,0.13242873549461365,0.17824919521808624,0.20024697482585907
2024-10-25,1.9237410540552542,0.0008754002046771348,0.15830707550048828,0.3370198607444763,0.1347973495721817,0.17796742916107178,0.19190825521945953
2024-10-28,1.928087520503306,0.0022593822795897722,0.15695372223854065,0.3380126655101776,0.13565753400325775,0.17736129462718964,0.19201472401618958
2024-10-29,1.9385639192587554,0.0054335701279342175,0.15271274745464325,0.34456223249435425,0.13540445268154144,0.17710864543914795,0.1902119219303131
2024-10-30,1.9352344051844916,-0.001717515755444765,0.15255282819271088,0.3458261787891388,0.1365904062986374,0.17614774405956268,0.18888284265995026
2024-10-31,1.9028171878554914,-0.016751054674386978,0.1573668271303177,0.33858513832092285,0.13488894701004028,0.1767052412033081,0.19245384633541107
2024-11-01,1.9035357893585296,0.00037765136221423745,0.1758892983198166,0.31022879481315613,0.13044793903827667,0.1786964237689972,0.2047375738620758
2024-11-04,1.9081262999234865,0.0024115703999996185,0.16039340198040009,0.3317791819572449,0.13422419130802155,0.17988815903663635,0.19371508061885834
2024-11-05,1.9272764830324587,0.010036119259893894,0.1605202555656433,0.3339811861515045,0.13389506936073303,0.1776634007692337,0.19394013285636902
2024-11-06,1.9466482047462177,0.010051345452666283,0.14911676943302155,0.35079437494277954,0.13619710505008698,0.17688141763210297,0.187010258436203
2024-11-07,1.9688499622944027,0.011405120603740215,0.1354709267616272,0.36734259128570557,0.13803653419017792,0.17582713067531586,0.18332283198833466
2024-11-08,1.9746844393982756,0.002963393460959196,0.14514416456222534,0.35679882764816284,0.13797542452812195,0.172734335064888,0.18734721839427948
2024-11-11,1.967817419902856,-0.003477527527138591,0.15306316316127777,0.34401580691337585,0.13489067554473877,0.17514748871326447,0.19288289546966553
2024-11-12,1.9523751265784128,-0.007847421802580357,0.1575540453195572,0.33445560932159424,0.13350370526313782,0.1774139255285263,0.19707271456718445
2024-11-13,1.9418485252322746,-0.005391689948737621,0.16520288586616516,0.3227660357952118,0.13359397649765015,0.17767757177352905,0.20075945556163788
2024-11-14,1.9328802996712589,-0.004618396051228046,0.16601461172103882,0.3221278786659241,0.13310733437538147,0.17831750214099884,0.2004326730966568
2024-11-15,1.9083551318435572,-0.012688404880464077,0.16972357034683228,0.31859633326530457,0.13217510282993317,0.17810280621051788,0.20140215754508972
2024-11-18,1.9222809944747086,0.007297311909496784,0.17488954961299896,0.3109872341156006,0.13062573969364166,0.17892268300056458,0.2045748233795166
2024-11-19,1.934785430436921,0.006504999008029699,0.1576671004295349,0.33742183446884155,0.1348934918642044,0.17786550521850586,0.19215203821659088
2024-11-20,1.9358239273293114,0.0005367504199966788,0.15261386334896088,0.34480851888656616,0.13582828640937805,0.1760532259941101,0.19069607555866241
2024-11-21,1.946589936102379,0.005561460740864277,0.15440787374973297,0.3412110507488251,0.13541506230831146,0.17593902349472046,0.19302700459957123
2024-11-22,1.9583465287366917,0.0060395835898816586,0.1495499312877655,0.34895777702331543,0.1359003633260727,0.17564699053764343,0.18994490802288055
2024-11-25,1.9621577269416421,0.001946130651049316,0.14692455530166626,0.3534773290157318,0.1362912356853485,0.17484727501869202,0.18845966458320618
2024-11-26,1.9647787156434562,0.0013357686111703515,0.15897032618522644,0.3339075446128845,0.13272681832313538,0.17626427114009857,0.19813098013401031
2024-11-27,1.9622512805391008,-0.0012863713782280684,0.15802150964736938,0.3348155617713928,0.13474373519420624,0.17679646611213684,0.1956227719783783
2024-11-29,1.9777831472018441,0.007915330119431019,0.1608591377735138,0.3317364752292633,0.1334632933139801,0.17675438523292542,0.197186678647995
2024-12-02,1.9830255055762067,0.002650623442605138,0.15455247461795807,0.3420692980289459,0.13523977994918823,0.17633552849292755,0.19180293381214142
2024-12-03,1.981044645161289,-0.0009989081881940365,0.1568741649389267,0.33709874749183655,0.13504169881343842,0.17658494412899017,0.19440044462680817
2024-12-04,1.9970076213334547,0.008057857863605022,0.1579742133617401,0.33506953716278076,0.1351526528596878,0.17669285833835602,0.19511078298091888
2024-12-05,1.9892932667546692,-0.003862957004457712,0.15440043807029724,0.3420446217060089,0.13547402620315552,0.17612458765506744,0.19195638597011566
2024-12-06,1.997349702752571,0.004049898590892553,0.16292138397693634,0.3286270201206207,0.13388830423355103,0.17720657587051392,0.19735665619373322
2024-12-09,1.9896048498538035,-0.003877564799040556,0.157132089138031,0.3378719687461853,0.1350049525499344,0.17757751047611237,0.19241352379322052
2024-12-10,1.9885613578596022,-0.0005244719795882702,0.15863917768001556,0.33537954092025757,0.13498364388942719,0.1771170198917389,0.1938805729150772
2024-12-11,2.004396217976833,0.007962972857058048,0.15742084383964539,0.33785176277160645,0.13529010117053986,0.17694658041000366,0.19249077141284943
2024-12-12,1.9848494622965975,-0.00975194200873375,0.148579403758049,0.3508283495903015,0.1375526338815689,0.17623107135295868,0.18680855631828308
2024-12-13,1.9795064591832645,-0.002691893372684717,0.162840336561203,0.32736924290657043,0.13421852886676788,0.1772034764289856,0.19836845993995667
2024-12-16,1.9937086159189585,0.007174594793468714,0.1626904308795929,0.3277544379234314,0.13419325649738312,0.17845551669597626,0.19690635800361633
2024-12-17,1.985711276832103,-0.004011287819594145,0.1549168974161148,0.3414720594882965,0.13574708998203278,0.17738160490989685,0.19048237800598145
2024-12-18,1.9278583259921622,-0.02913462370634079,0.1630246341228485,0.32912230491638184,0.13411344587802887,0.17735637724399567,0.19638317823410034
2024-12-19,1.9194903202706293,-0.0043405708856880665,0.1909143328666687,0.2881235182285309,0.12794043123722076,0.1789924055337906,0.21402934193611145
2024-12-20,1.9369989082379044,0.009121477603912354,0.1706603467464447,0.3166883885860443,0.1319071352481842,0.181178480386734,0.19956569373607635
2024-12-23,1.9396814843150858,0.0013849135721102357,0.15489046275615692,0.34128668904304504,0.13546313345432281,0.1776493936777115,0.19071033596992493
2024-12-24,1.9564101546231794,0.008624441921710968,0.15486343204975128,0.3394756615161896,0.13598020374774933,0.1767100691795349,0.1929706484079361
2024-12-26,1.9609873164827032,0.002339571714401245,0.1504426896572113,0.3477213978767395,0.13632816076278687,0.17592753469944,0.18958021700382233
2024-12-27,1.939430973470429,-0.010992596857249737,0.15151098370552063,0.3463332951068878,0.13570992648601532,0.17577403783798218,0.19067183136940002
2024-12-30,1.9268564435713307,-0.0064836181700229645,0.16560927033424377,0.32369959354400635,0.1331373155117035,0.17724445462226868,0.2003093659877777
2024-12-31,1.9213167478846513,-0.0028749913908541203,0.17054449021816254,0.31810614466667175,0.1314704716205597,0.17846360802650452,0.20141534507274628
