Date,portfolio_value,daily_return,SPY_weight,QQQ_weight,IWM_weight,TLT_weight,GLD_weight
2019-01-03,0.992046533152461,-0.007953466847538948,0.11966405808925629,0.21569766104221344,0.1651909053325653,0.2518528699874878,0.24759452044963837
2019-01-04,1.0053957367529205,0.013456227257847786,0.09541395306587219,0.22286845743656158,0.16759243607521057,0.2827015817165375,0.23142361640930176
2019-01-07,1.0112802661303355,0.005852948408573866,0.10593415051698685,0.18460065126419067,0.1654771864414215,0.2984795570373535,0.24550849199295044
2019-01-08,1.0149899157377513,0.0036682705394923687,0.10340368747711182,0.18373455107212067,0.16483870148658752,0.31235480308532715,0.23566822707653046
2019-01-09,1.0193645579482011,0.0043100351467728615,0.10369115322828293,0.1829579472541809,0.16463658213615417,0.3167451024055481,0.23196914792060852
2019-01-10,1.017677320059665,-0.0016551859444007277,0.10319707542657852,0.18511612713336945,0.16522975265979767,0.3169112205505371,0.22954587638378143
2019-01-11,1.0187184481382217,0.0010230434127151966,0.10362652689218521,0.1869269460439682,0.16627874970436096,0.3156547248363495,0.22751304507255554
2019-01-14,1.0139844960104127,-0.004646968096494675,0.10407555848360062,0.19136682152748108,0.16806842386722565,0.3121764063835144,0.22431273758411407
2019-01-15,1.0190287477299436,0.004974683281034231,0.10557146370410919,0.19749575853347778,0.17226004600524902,0.3052825927734375,0.2193901389837265
2019-01-16,1.021662671438455,0.0025847393553704023,0.1227983757853508,0.19046135246753693,0.18140101432800293,0.2911953330039978,0.2141440212726593
2019-01-17,1.026001107589292,0.004246446769684553,0.14533931016921997,0.19798584282398224,0.19747403264045715,0.2645200788974762,0.19468073546886444
2019-01-18,1.0298753497597604,0.0037760604172945023,0.18083727359771729,0.2020011693239212,0.21298886835575104,0.22614040970802307,0.17803233861923218
2019-01-22,1.0207881189477228,-0.008823622018098831,0.22044900059700012,0.20471766591072083,0.22204430401325226,0.18902961909770966,0.16375935077667236
2019-01-23,1.02067878549857,-0.00010710689821280539,0.2384444624185562,0.22642368078231812,0.22604621946811676,0.16068969666957855,0.14839601516723633
2019-01-24,1.0243773937877882,0.003623675089329481,0.2772272527217865,0.22124886512756348,0.22873927652835846,0.13607600331306458,0.1367085874080658
2019-01-25,1.0339160413098551,0.009311653673648834,0.30235445499420166,0.21884796023368835,0.22225594520568848,0.12411201000213623,0.13242968916893005
2019-01-28,1.0278014533170432,-0.005914008244872093,0.3143356740474701,0.2169269621372223,0.21650081872940063,0.1196029856801033,0.13263359665870667
2019-01-29,1.0259748074530517,-0.0017772361170500517,0.30841439962387085,0.2290721833705902,0.2149406224489212,0.11840646713972092,0.1291663646697998
2019-01-30,1.0399549025270518,0.013626158237457275,0.30633044242858887,0.23183654248714447,0.21482062339782715,0.11738426238298416,0.12962813675403595
2019-01-31,1.0492221649819604,0.00891121570020914,0.3182266354560852,0.21911481022834778,0.21268786489963531,0.11720115691423416,0.13276949524879456
2019-02-01,1.0475475732574295,-0.0015960315940901637,0.3187931478023529,0.22186130285263062,0.20965342223644257,0.11813338100910187,0.13155880570411682
2019-02-04,1.0543229713350237,0.006467866711318493,0.26094532012939453,0.27996259927749634,0.1970529854297638,0.12481820583343506,0.1372208595275879
2019-02-05,1.0599475397616447,0.005334767978638411,0.15336111187934875,0.40085458755493164,0.1657484620809555,0.13367895781993866,0.14635688066482544
2019-02-06,1.0571517307549279,-0.0026376862078905106,0.10036991536617279,0.478535532951355,0.15463927388191223,0.12714731693267822,0.1393078863620758
2019-02-07,1.0488041047175207,-0.00789633672684431,0.08372677862644196,0.5141294002532959,0.15071256458759308,0.1177244558930397,0.13370679318904877
2019-02-08,1.0511787212712393,0.0022641182877123356,0.07722032815217972,0.5339749455451965,0.14783690869808197,0.11117690056562424,0.12979097664356232
2019-02-11,1.0508453395733846,-0.0003171503485646099,0.07711592316627502,0.5353713035583496,0.14725887775421143,0.10890762507915497,0.13134628534317017
2019-02-12,1.062054513975617,0.010666816495358944,0.07716383039951324,0.5346683859825134,0.14745430648326874,0.10879180580377579,0.1319216936826706
2019-02-13,1.0621547166455836,9.434795356355608e-05,0.07909394055604935,0.5283533334732056,0.14830440282821655,0.10978993773460388,0.13445839285850525
2019-02-14,1.064470358425221,0.002180136041715741,0.0777762234210968,0.531943678855896,0.14799489080905914,0.10987981408834457,0.13240540027618408
2019-02-15,1.0712422853945764,0.006361780688166618,0.07693471014499664,0.5352533459663391,0.14742377400398254,0.10893911868333817,0.13144893944263458
2019-02-19,1.0754060999312103,0.003886902704834938,0.07830224186182022,0.5308871865272522,0.14790301024913788,0.10930970311164856,0.13359789550304413
2019-02-20,1.0756379870135466,0.0002156274567823857,0.0770275816321373,0.5340195298194885,0.14769136905670166,0.1091063842177391,0.1321551501750946
2019-02-21,1.0699637583335713,-0.005275221541523933,0.07699938863515854,0.5344100594520569,0.1477004885673523,0.10893838107585907,0.1319517195224762
2019-02-22,1.0772594117203,0.006818598601967096,0.07620751857757568,0.537147045135498,0.1473756581544876,0.10854458063840866,0.13072526454925537
2019-02-25,1.079008035145764,0.0016232148045673966,0.07768584042787552,0.5333899259567261,0.14759394526481628,0.10870321840047836,0.13262702524662018
2019-02-26,1.0792631919181033,0.0002364734682487324,0.07705125957727432,0.5344427227973938,0.14767327904701233,0.10892191529273987,0.13191081583499908
2019-02-27,1.0767470270510313,-0.0023313728161156178,0.07629063725471497,0.5375455021858215,0.14711610972881317,0.10837235301733017,0.13067539036273956
2019-02-28,1.073520434123883,-0.002996611874550581,0.07634222507476807,0.5363385677337646,0.147539421916008,0.10832255333662033,0.13145720958709717
2019-03-01,1.0759926197901986,0.002302877139300108,0.07599358260631561,0.5377400517463684,0.14732693135738373,0.10818444937467575,0.13075503706932068
2019-03-04,1.0748780561853877,-0.0010358468862250447,0.07792261987924576,0.5318721532821655,0.1481560617685318,0.10903885960578918,0.13301028311252594
2019-03-05,1.0748863386124514,7.705457392148674e-06,0.0763196125626564,0.5375365018844604,0.14723169803619385,0.10855239629745483,0.13035981357097626
2019-03-06,1.0682652571349525,-0.006159796845167875,0.07593721151351929,0.5383509993553162,0.1471605896949768,0.10790951550006866,0.1306416243314743
2019-03-07,1.0596800858595297,-0.008036553859710693,0.07455494999885559,0.5433768630027771,0.14632676541805267,0.10711420327425003,0.1286272406578064
2019-03-08,1.060558899926491,0.0008293201681226492,0.07409695535898209,0.5453920960426331,0.14587853848934174,0.1063065156340599,0.1283259093761444
2019-03-11,1.0752105949132644,0.013815069571137428,0.07499420642852783,0.5417084693908691,0.1465165615081787,0.10650757700204849,0.13027317821979523
2019-03-12,1.0804220484198688,0.004846914205700159,0.07916855067014694,0.5283434391021729,0.14843562245368958,0.10903941094875336,0.13501301407814026
2019-03-13,1.0866839581622998,0.005795799661427736,0.07771509140729904,0.5321064591407776,0.14807941019535065,0.10962541401386261,0.13247361779212952
2019-03-14,1.0824525015726028,-0.0038939164951443672,0.07768953591585159,0.5314906239509583,0.14831839501857758,0.10946952551603317,0.1330319344997406
2019-03-15,1.090062972816357,0.007030766922980547,0.07672007381916046,0.5348984003067017,0.14791429042816162,0.10916991531848907,0.1312972903251648
2019-03-18,1.09279321684836,0.0025046663358807564,0.07751921564340591,0.5332269668579102,0.14789286255836487,0.10894069075584412,0.13242024183273315
2019-03-19,1.0940813857304617,0.0011787855764850974,0.07731054723262787,0.5330609679222107,0.14806221425533295,0.10910922288894653,0.13245706260204315
2019-03-20,1.096962265842055,0.0026331497356295586,0.07645966112613678,0.5353911519050598,0.1478467434644699,0.10881009697914124,0.13149236142635345
2019-03-21,1.1088436677577447,0.01083118561655283,0.07596105337142944,0.5382409691810608,0.14720728993415833,0.1081031933426857,0.13048754632472992
2019-03-22,1.0902216400000837,-0.016794096678495407,0.07868192344903946,0.5296875238418579,0.14835236966609955,0.10924167186021805,0.13403645157814026
2019-03-25,1.090952889966812,0.0006707351421937346,0.07311400771141052,0.5485705733299255,0.14561375975608826,0.10707563161849976,0.12562605738639832
2019-03-26,1.0951865428239376,0.003880692645907402,0.07512476295232773,0.5415428280830383,0.1464758962392807,0.10644582659006119,0.13041071593761444
2019-03-27,1.0906678748174157,-0.004125934559851885,0.07726017385721207,0.5342273116111755,0.1475990265607834,0.10824266076087952,0.13267077505588531
2019-03-28,1.0921481486546143,0.0013572177849709988,0.0758739486336708,0.5389775037765503,0.1469377875328064,0.10822176933288574,0.12998904287815094
2019-03-29,1.0975959329181597,0.004988136701285839,0.07745543867349625,0.534549355506897,0.14745666086673737,0.10860156267881393,0.13193699717521667
2019-04-01,1.1057660459043135,0.007443643640726805,0.07757256180047989,0.5325590968132019,0.14798180758953094,0.10918334126472473,0.13270318508148193
2019-04-02,1.1083625732411808,0.00234817061573267,0.07882819324731827,0.5268806219100952,0.149141326546669,0.11034917831420898,0.13480065762996674
2019-04-03,1.111449570251267,0.002785186981782317,0.07719416916370392,0.5322077870368958,0.14844082295894623,0.10999836772680283,0.13215883076190948
2019-04-04,1.1129795230289727,0.0013765381881967187,0.07726491242647171,0.5315873026847839,0.14864905178546906,0.10965140908956528,0.13284732401371002
2019-04-05,1.1179924956021754,0.004504101350903511,0.0769408568739891,0.5332730412483215,0.14822998642921448,0.10938354581594467,0.1321725696325302
2019-04-08,1.1195038189967392,0.0013518189080059528,0.07759758830070496,0.5314508080482483,0.14843417704105377,0.10954075306653976,0.13297663629055023
2019-04-09,1.11607523933125,-0.0030625886283814907,0.0765272006392479,0.5339046120643616,0.14830638468265533,0.10927491635084152,0.1319868415594101
2019-04-10,1.122542372127193,0.00579453120008111,0.07508895546197891,0.5394279360771179,0.147358700633049,0.10822229832410812,0.12990213930606842
2019-04-11,1.1182477761477672,-0.0038257762789726257,0.07699371129274368,0.5336351990699768,0.1480705291032791,0.10854308307170868,0.1327575296163559
2019-04-12,1.120989379711176,0.002451695967465639,0.07642141729593277,0.5352023839950562,0.14798448979854584,0.1090075671672821,0.13138417899608612
2019-04-15,1.1205181487602296,-0.0004203705757390708,0.07706454396247864,0.5325720310211182,0.1483960896730423,0.10922262817621231,0.1327446848154068
2019-04-16,1.1209350431577254,0.0003720550157595426,0.07635059952735901,0.5354776382446289,0.14791239798069,0.10899446904659271,0.13126491010189056
2019-04-17,1.1210486687975814,0.00010136683704331517,0.07676652073860168,0.5340110659599304,0.1481918841600418,0.10901153087615967,0.1320190131664276
2019-04-18,1.1222443765362917,0.0010665975278243423,0.0759938508272171,0.536685049533844,0.14777185022830963,0.10867568105459213,0.13087357580661774
2019-04-22,1.1229968479695998,0.0006705058622173965,0.07614070177078247,0.5367112755775452,0.1476006954908371,0.10840907692909241,0.13113823533058167
2019-04-23,1.1338075353997585,0.009626640938222408,0.07583604007959366,0.5361251831054688,0.14808498322963715,0.10842378437519073,0.13153009116649628
2019-04-24,1.1336915866594046,-0.00010226492304354906,0.07804811745882034,0.529340386390686,0.1489807516336441,0.1095145046710968,0.13411617279052734
2019-04-25,1.134637232539988,0.0008341297507286072,0.0762757956981659,0.5346263647079468,0.14831532537937164,0.10926471650600433,0.13151778280735016
2019-04-26,1.1386041597758485,0.0034962075296789408,0.075737863779068,0.5363606810569763,0.14811909198760986,0.10864314436912537,0.13113921880722046
2019-04-29,1.1392635565117757,0.0005791272851638496,0.07641731947660446,0.5339932441711426,0.14838385581970215,0.10873878747224808,0.13246676325798035
2019-04-30,1.134888836555358,-0.0038399542681872845,0.07644347846508026,0.533261775970459,0.1487169712781906,0.10916820913553238,0.13240958750247955
2019-05-01,1.1302050308998994,-0.0041271052323281765,0.07527140527963638,0.5377451181411743,0.14787283539772034,0.10854407399892807,0.1305665522813797
2019-05-02,1.126996640951306,-0.0028387680649757385,0.07473345100879669,0.540617823600769,0.14734886586666107,0.10774415731430054,0.12955574691295624
2019-05-03,1.1417875288634918,0.013124163262546062,0.07522572576999664,0.5381768941879272,0.1477937251329422,0.10776758939027786,0.13103602826595306
2019-05-06,1.1384484876366443,-0.0029243980534374714,0.07810645550489426,0.5288997292518616,0.14903824031352997,0.10929249972105026,0.1346631497144699
2019-05-07,1.123073272528159,-0.013505411334335804,0.07588852196931839,0.5353034734725952,0.1483260989189148,0.1092371717095375,0.1312447041273117
2019-05-08,1.1197285892081728,-0.0029781523626297712,0.07288894057273865,0.5466856360435486,0.14633847773075104,0.10699596256017685,0.12709100544452667
2019-05-09,1.1164394833123437,-0.0029374135192483664,0.07454397529363632,0.5418709516525269,0.14685851335525513,0.10675016045570374,0.12997645139694214
2019-05-10,1.1181722220216026,0.001552022062242031,0.07467847317457199,0.5413239598274231,0.14692534506320953,0.10711577534675598,0.12995639443397522
2019-05-13,1.0919085345140775,-0.023488052189350128,0.07598835229873657,0.5366029143333435,0.14775949716567993,0.10793136805295944,0.13171789050102234
2019-05-14,1.1006091954153843,0.007968305610120296,0.07397414743900299,0.5464807748794556,0.14882604777812958,0.10585156828165054,0.12486747652292252
2019-05-15,1.1105133564941112,0.00899879913777113,0.0777214989066124,0.5333459377288818,0.14829954504966736,0.10751176625490189,0.1331212818622589
2019-05-16,1.1167604768484425,0.005625434685498476,0.07816101610660553,0.5309710502624512,0.14828059077262878,0.10942132771015167,0.13316598534584045
2019-05-17,1.1070083331995415,-0.008732529357075691,0.07861146330833435,0.5287797451019287,0.1486789435148239,0.11026713997125626,0.13366273045539856
2019-05-20,1.0949069290709565,-0.010931628756225109,0.07574072480201721,0.538449227809906,0.1474299132823944,0.10897758603096008,0.1294025033712387
2019-05-21,1.103442238930254,0.007795466110110283,0.07498110085725784,0.5414056181907654,0.14728453755378723,0.10741624236106873,0.12891250848770142
2019-05-22,1.099715377680199,-0.0033774864859879017,0.07964910566806793,0.5280144214630127,0.15002396702766418,0.10870645195245743,0.13360607624053955
2019-05-23,1.0886595606083076,-0.010053344070911407,0.08436112850904465,0.5184268951416016,0.15656717121601105,0.10934170335531235,0.1313031166791916
2019-05-24,1.0907862898561735,0.0019535301253199577,0.10901887714862823,0.4673718512058258,0.1830943077802658,0.10936210304498672,0.13115285336971283
2019-05-28,1.086283156558729,-0.0041283369064331055,0.1347929686307907,0.4123731553554535,0.19940175116062164,0.11413586139678955,0.1392962634563446
2019-05-29,1.0802896600741005,-0.005517434794455767,0.17950347065925598,0.3398590087890625,0.22644580900669098,0.11669905483722687,0.13749265670776367
2019-05-30,1.083635845927432,0.0030974894762039185,0.2194119095802307,0.2883463203907013,0.23637865483760834,0.11871525645256042,0.13714781403541565
2019-05-31,1.0754861631146202,-0.007520684041082859,0.25458869338035583,0.2538732588291168,0.23476114869117737,0.11985944211483002,0.13691747188568115
2019-06-03,1.072647512585931,-0.0026394114829599857,0.27241799235343933,0.24437949061393738,0.23204305768013,0.11926361173391342,0.13189589977264404
2019-06-04,1.091094750775069,0.017197856679558754,0.2849277853965759,0.23719024658203125,0.22726835310459137,0.11850954592227936,0.1321040242910385
2019-06-05,1.0954490354403792,0.003990748431533575,0.3117143213748932,0.2138216346502304,0.21992766857147217,0.11859054118394852,0.1359458565711975
2019-06-06,1.0998591856448996,0.004025883506983519,0.3150184154510498,0.2187293916940689,0.21545374393463135,0.11913904547691345,0.1316593587398529
2019-06-07,1.1115767336632825,0.010653680190443993,0.3150397837162018,0.22260108590126038,0.21349307894706726,0.11831105500459671,0.13055503368377686
2019-06-10,1.114718233893802,0.002826165873557329,0.3191964030265808,0.2197820395231247,0.21185420453548431,0.1177421286702156,0.1314251571893692
2019-06-11,1.114171896335083,-0.0004901126958429813,0.3191339671611786,0.22029154002666473,0.21173271536827087,0.11796130985021591,0.1308804750442505
2019-06-12,1.1132074384507886,-0.00086562754586339,0.3131655752658844,0.22656109929084778,0.2127862274646759,0.11776953935623169,0.12971751391887665
2019-06-13,1.1199738441874554,0.006078297272324562,0.3077838718891144,0.23021088540554047,0.21454046666622162,0.11746609210968018,0.12999874353408813
2019-06-14,1.1166800148846243,-0.002940987702459097,0.31037482619285583,0.22584231197834015,0.21484051644802094,0.11743153631687164,0.13151080906391144
2019-06-17,1.1201510179346164,0.003108323784545064,0.306023508310318,0.23082125186920166,0.21560829877853394,0.1177983433008194,0.1297486424446106
2019-06-18,1.1316127512282477,0.010232310742139816,0.3084384500980377,0.22708988189697266,0.21568268537521362,0.117576465010643,0.1312124878168106
2019-06-19,1.1353135541088537,0.0032703792676329613,0.3139367401599884,0.22174233198165894,0.21420589089393616,0.11784271895885468,0.13227234780788422
2019-06-20,1.146244016475082,0.009627703577280045,0.30974259972572327,0.22692298889160156,0.21383759379386902,0.1182934120297432,0.13120341300964355
2019-06-21,1.1427316832268142,-0.0030642107594758272,0.3048381507396698,0.23055438697338104,0.21325699985027313,0.11850635707378387,0.13284410536289215
2019-06-24,1.1426382196015747,-8.178965072147548e-05,0.28507763147354126,0.24857212603092194,0.21268248558044434,0.12046417593955994,0.13320358097553253
2019-06-25,1.1335752050137922,-0.007931657135486603,0.2578798234462738,0.2738181948661804,0.21030083298683167,0.12253715842962265,0.13546393811702728
2019-06-26,1.1320600580454627,-0.001336609129793942,0.22234158217906952,0.3082217574119568,0.20751315355300903,0.12486141175031662,0.13706211745738983
2019-06-27,1.1390568581950213,0.006180590949952602,0.15373495221138,0.3904937505722046,0.18135923147201538,0.1304255574941635,0.14398649334907532
2019-06-28,1.1429454409485091,0.0034138618502765894,0.10770726203918457,0.45931971073150635,0.16300146281719208,0.12779878079891205,0.14217279851436615
2019-07-01,1.1487849461522792,0.005109172314405441,0.0877489298582077,0.49940383434295654,0.1545339673757553,0.12075731158256531,0.13755594193935394
2019-07-02,1.1546198648441885,0.0050792088732123375,0.08277439326047897,0.5144224762916565,0.15143616497516632,0.11587987095117569,0.1354871392250061
2019-07-03,1.1623090744620257,0.006659516133368015,0.07810171693563461,0.5283117890357971,0.14928676187992096,0.11173098534345627,0.13256876170635223
2019-07-05,1.1579657031907273,-0.0037368470802903175,0.07842446863651276,0.5291957259178162,0.14876849949359894,0.11036219447851181,0.13324911892414093
2019-07-08,1.1506751894338234,-0.006295966915786266,0.0770174041390419,0.5324913859367371,0.1486300379037857,0.10974771529436111,0.1321134716272354
2019-07-09,1.154585038821231,0.003397874068468809,0.07552968710660934,0.5387840867042542,0.14743393659591675,0.10844117403030396,0.12981107831001282
2019-07-10,1.1631311654684742,0.007401903159916401,0.07636135071516037,0.5360974669456482,0.1477384865283966,0.108125239610672,0.13167743384838104
2019-07-11,1.1590353662507813,-0.003521356265991926,0.07674843072891235,0.5333442091941833,0.14836327731609344,0.10863165557384491,0.13291239738464355
2019-07-12,1.1654187485696659,0.00550749571993947,0.07640440762042999,0.5346103310585022,0.14827336370944977,0.10899155586957932,0.13172036409378052
2019-07-15,1.1672525344169267,0.0015734995249658823,0.07725118100643158,0.532525360584259,0.14838339388370514,0.1090102344751358,0.13282980024814606
2019-07-16,1.1619995753728403,-0.004500276409089565,0.0766153633594513,0.5354688763618469,0.14782828092575073,0.10881230235099792,0.13127511739730835
2019-07-17,1.1609194326748888,-0.000929555157199502,0.07598983496427536,0.5373902916908264,0.1475919932126999,0.10831013321876526,0.13071778416633606
2019-07-18,1.1647146407246765,0.0032691399101167917,0.074747234582901,0.5415876507759094,0.14686180651187897,0.10720576345920563,0.1295975148677826
2019-07-19,1.156057158406225,-0.007433135993778706,0.07582913339138031,0.5375403165817261,0.14748719334602356,0.1074676439166069,0.13167570531368256
2019-07-22,1.16127684224833,0.004515074193477631,0.07537495344877243,0.5398574471473694,0.14717388153076172,0.1077469065785408,0.12984685599803925
2019-07-23,1.1655534661843185,0.0036826911382377148,0.07657275348901749,0.5362168550491333,0.14759370684623718,0.10797891765832901,0.13163767755031586
2019-07-24,1.1744893601883413,0.007666653022170067,0.07753931730985641,0.5321897268295288,0.1483200192451477,0.10897599905729294,0.13297492265701294
2019-07-25,1.164267563905534,-0.008703183382749557,0.07806842774152756,0.5298944711685181,0.1487732082605362,0.1095486655831337,0.13371522724628448
2019-07-26,1.1738447386237876,0.008225922472774982,0.07546690106391907,0.5382094383239746,0.14766854047775269,0.10873422026634216,0.1299208551645279
2019-07-29,1.1714424316322531,-0.0020465287379920483,0.07771629840135574,0.5319139361381531,0.14832332730293274,0.10881665349006653,0.1332298070192337
2019-07-30,1.171186115042211,-0.00021880425629206002,0.07577808946371078,0.53719562292099,0.14773038029670715,0.10849907249212265,0.1307968944311142
2019-07-31,1.159027714436701,-0.010381271131336689,0.07608812302350998,0.5364179015159607,0.14781391620635986,0.10815921425819397,0.13152088224887848
2019-08-01,1.1586381405321569,-0.0003361213020980358,0.07471639662981033,0.5426724553108215,0.14665324985980988,0.10743869096040726,0.1285191774368286
2019-08-02,1.1472881967427362,-0.00979593489319086,0.07405394315719604,0.545478343963623,0.14620044827461243,0.10599882900714874,0.12826842069625854
2019-08-05,1.1212379883278525,-0.02270589768886566,0.07745303213596344,0.5383685827255249,0.14997173845767975,0.10601302236318588,0.12819364666938782
2019-08-06,1.134084648862018,0.011457568034529686,0.15956361591815948,0.3798041343688965,0.22876408696174622,0.10472039133310318,0.1271478235721588
2019-08-07,1.1383242563238647,0.0037383518647402525,0.2246510237455368,0.2822335660457611,0.2406453788280487,0.11254161596298218,0.1399284452199936
2019-08-08,1.156954545315571,0.016366416588425636,0.25720784068107605,0.25066444277763367,0.23553608357906342,0.11863906681537628,0.13795258104801178
2019-08-09,1.1480740243174177,-0.007675773464143276,0.29043686389923096,0.22501151263713837,0.22630971670150757,0.12023966014385223,0.1380022168159485
2019-08-12,1.1418386176083233,-0.005431188736110926,0.293457955121994,0.23327404260635376,0.22188755869865417,0.12023331224918365,0.13114714622497559
2019-08-13,1.154264724856742,0.010882542468607426,0.29382091760635376,0.23845219612121582,0.2202484905719757,0.1181894838809967,0.129288911819458
2019-08-14,1.1327274678005783,-0.018658854067325592,0.31116244196891785,0.22095100581645966,0.21685791015625,0.11770422756671906,0.13332439959049225
2019-08-15,1.1347285680855883,0.0017666211351752281,0.29388657212257385,0.24484539031982422,0.2174808233976364,0.11772148311138153,0.1260656714439392
2019-08-16,1.1472212231692946,0.011009377427399158,0.3000502586364746,0.23518003523349762,0.21759666502475739,0.1166427731513977,0.13053029775619507
2019-08-19,1.1542482783152916,0.006125283427536488,0.3153337240219116,0.21882988512516022,0.21492061018943787,0.11750616878271103,0.13340967893600464
2019-08-20,1.1504373907066334,-0.0033016186207532883,0.32240134477615356,0.21536536514759064,0.21199451386928558,0.11826744675636292,0.1319713592529297
2019-08-21,1.1563097237525763,0.00510443514212966,0.3126589059829712,0.22903934121131897,0.21202410757541656,0.11777126789093018,0.12850640714168549
2019-08-22,1.1535007145543759,-0.0024292878806591034,0.31632494926452637,0.22306782007217407,0.21222451329231262,0.11724667251110077,0.1311359703540802
2019-08-23,1.1331602947521588,-0.017633643001317978,0.3123410940170288,0.22726473212242126,0.2129916250705719,0.11758798360824585,0.12981458008289337
2019-08-26,1.1431893162074231,0.008850487880408764,0.29255881905555725,0.24831818044185638,0.2162637710571289,0.11687304824590683,0.1259862184524536
2019-08-27,1.1410491379870609,-0.0018721118103712797,0.3074868321418762,0.2271423637866974,0.21616050601005554,0.11652021110057831,0.13269007205963135
2019-08-28,1.1470477807330333,0.005257129203528166,0.3055610954761505,0.23251038789749146,0.21519124507904053,0.11741019785404205,0.1293269395828247
2019-08-29,1.1581830240069613,0.009707741439342499,0.31268325448036194,0.2247125655412674,0.2139178365468979,0.11733952909708023,0.13134673237800598
2019-08-30,1.1566154964253699,-0.0013534368481487036,0.32195785641670227,0.2168245166540146,0.21138207614421844,0.1177467629313469,0.1320887804031372
2019-09-03,1.1505689607919312,-0.005227783694863319,0.3167492151260376,0.22491489350795746,0.2111356556415558,0.11786890774965286,0.12933135032653809
2019-09-04,1.1615027548833143,0.009502945467829704,0.3062940239906311,0.23438650369644165,0.21355599164962769,0.11716850847005844,0.12859505414962769
2019-09-05,1.1692427377103158,0.006663766223937273,0.31395021080970764,0.22385647892951965,0.21333032846450806,0.11699754744768143,0.13186538219451904
2019-09-06,1.167806583624419,-0.0012282771058380604,0.3243635594844818,0.21423643827438354,0.21118919551372528,0.11790943890810013,0.13230133056640625
2019-09-09,1.1676885912669843,-0.00010103758540935814,0.318925678730011,0.22399017214775085,0.21035100519657135,0.11789985746145248,0.12883330881595612
2019-09-10,1.166253793928126,-0.0012287499848753214,0.31640005111694336,0.22379927337169647,0.21182385087013245,0.11733339726924896,0.13064347207546234
2019-09-11,1.177002831045967,0.00921672210097313,0.3152698576450348,0.22366955876350403,0.21270789206027985,0.11758491396903992,0.1307678371667862
2019-09-12,1.1788488520949638,0.001568408333696425,0.3196389377117157,0.21941110491752625,0.2116566300392151,0.11744030565023422,0.13185304403305054
2019-09-13,1.1738019594454825,-0.00428120419383049,0.3147376477718353,0.22501227259635925,0.2117389738559723,0.11787428706884384,0.1306367814540863
2019-09-16,1.1754508150292071,0.0014047136064618826,0.3043743073940277,0.2332887351512909,0.21211466193199158,0.11871928721666336,0.13150300085544586
2019-09-17,1.1781659563105675,0.002309872303158045,0.2814691364765167,0.2553897500038147,0.20872347056865692,0.12076130509376526,0.13365627825260162
2019-09-18,1.1763276355698316,-0.0015603241045027971,0.23229137063026428,0.3034001588821411,0.19862830638885498,0.12610863149166107,0.13957150280475616
2019-09-19,1.177104394244589,0.0006603251094929874,0.17169739305973053,0.3707374930381775,0.18617990612983704,0.12970541417598724,0.1416797637939453
2019-09-20,1.174489904614935,-0.0022211195901036263,0.12651045620441437,0.43070685863494873,0.17443130910396576,0.1275397539138794,0.14081163704395294
2019-09-23,1.1754264425444296,0.0007973997271619737,0.10006044059991837,0.47779154777526855,0.1639101803302765,0.12163621932268143,0.13660164177417755
2019-09-24,1.1663578279456976,-0.007715169806033373,0.08466637134552002,0.5101009011268616,0.1536177545785904,0.1164742261171341,0.1351407766342163
2019-09-25,1.1709666715484308,0.003951483406126499,0.0774591937661171,0.5326679944992065,0.14868395030498505,0.1113082617521286,0.1298806071281433
2019-09-26,1.167318946546402,-0.003115139901638031,0.07910583913326263,0.5277391672134399,0.14899417757987976,0.110287606716156,0.13387323915958405
2019-09-27,1.1571615462609919,-0.008701478131115437,0.07659123837947845,0.5363538861274719,0.1474762260913849,0.1091749370098114,0.13040366768836975
2019-09-30,1.161666383250894,0.0038930061273276806,0.07523782551288605,0.5413162708282471,0.14660465717315674,0.10768771171569824,0.1291535198688507
2019-10-01,1.153318993469096,-0.00718570314347744,0.07759984582662582,0.5351355671882629,0.14726915955543518,0.10821324586868286,0.1317821741104126
2019-10-02,1.1416551573996623,-0.010113278403878212,0.07446032762527466,0.5436480641365051,0.14632576704025269,0.10720217227935791,0.12836366891860962
2019-10-03,1.1514688179885877,0.008595993742346764,0.07322122901678085,0.5475603342056274,0.14581111073493958,0.1057216078042984,0.1276857703924179
2019-10-04,1.1642053214851642,0.011061092838644981,0.07685019820928574,0.5374032855033875,0.14682221412658691,0.10705066472291946,0.13187354803085327
2019-10-07,1.1592497937900346,-0.004256575368344784,0.07892441004514694,0.530255913734436,0.14788225293159485,0.10910283029079437,0.1338346004486084
2019-10-08,1.147352416762039,-0.010262996889650822,0.07677873969078064,0.5349982380867004,0.14781254529953003,0.10914190858602524,0.13126854598522186
2019-10-09,1.1544302657242138,0.0061688534915447235,0.07393309473991394,0.5447198748588562,0.14637258648872375,0.10708081722259521,0.1278935968875885
2019-10-10,1.157268017499637,0.0024581404868513346,0.07717029750347137,0.5350253582000732,0.14745639264583588,0.10778562724590302,0.1325623244047165
2019-10-11,1.1665143850699047,0.007989823818206787,0.07791373133659363,0.5312526822090149,0.1483059674501419,0.10927679389715195,0.13325083255767822
2019-10-14,1.1672704248239798,0.0006481186719611287,0.0795174390077591,0.5256373286247253,0.14918354153633118,0.11051350831985474,0.13514827191829681
2019-10-15,1.1753695218112525,0.00693849241361022,0.0773550271987915,0.5334728360176086,0.14790046215057373,0.10977880656719208,0.13149286806583405
2019-10-16,1.1749240107818402,-0.0003790391201619059,0.07911136746406555,0.5276777148246765,0.14875219762325287,0.11009959876537323,0.13435913622379303
2019-10-17,1.1787935237673002,0.003293415531516075,0.07713580131530762,0.5337380170822144,0.14792075753211975,0.10950005799531937,0.1317053884267807
2019-10-18,1.1713356171843643,-0.006326728500425816,0.07780992239713669,0.5319696664810181,0.14808742702007294,0.10927785933017731,0.1328551471233368
2019-10-21,1.1774217832155072,0.005195919889956713,0.07597009092569351,0.5381954908370972,0.14714781939983368,0.10851409286260605,0.1301724761724472
2019-10-22,1.1735144994252737,-0.00331850815564394,0.07804279029369354,0.5317956209182739,0.14799776673316956,0.10897759348154068,0.13318626582622528
2019-10-23,1.1756905289576032,0.0018542843172326684,0.07637686282396317,0.5371261239051819,0.14720815420150757,0.10859984159469604,0.13068905472755432
2019-10-24,1.1825312248414903,0.005818449426442385,0.07683341205120087,0.5358660817146301,0.14732053875923157,0.1084083765745163,0.13157159090042114
2019-10-25,1.1885922470938977,0.0051254648715257645,0.07704991847276688,0.5344883799552917,0.14768213033676147,0.10863642394542694,0.13214311003684998
2019-10-28,1.1942858526511033,0.004790209233760834,0.07760217785835266,0.5322073698043823,0.1481175422668457,0.10915893316268921,0.1329139620065689
2019-10-29,1.1895645836647157,-0.003953215200453997,0.07846606522798538,0.5292844176292419,0.14862008392810822,0.10995945334434509,0.13366994261741638
2019-10-30,1.1950808773251973,0.004637237638235092,0.07675843685865402,0.5346774458885193,0.14782674610614777,0.1093694344162941,0.13136793673038483
2019-10-31,1.1974343829038692,0.001969327451661229,0.07683946192264557,0.5359967350959778,0.14731910824775696,0.10863346606492996,0.13121123611927032
2019-11-01,1.2068253978218457,0.007842613384127617,0.07584724575281143,0.5390684008598328,0.14688585698604584,0.10790485888719559,0.13029371201992035
2019-11-04,1.209905705563023,0.0025524054653942585,0.07801429182291031,0.5309147238731384,0.14826716482639313,0.10894127190113068,0.13386249542236328
2019-11-05,1.206245482501762,-0.0030252134893089533,0.0776047632098198,0.5303667783737183,0.14881764352321625,0.10983290523290634,0.13337787985801697
2019-11-06,1.2052626217753217,-0.0008148098713718355,0.07706097513437271,0.5325395464897156,0.14860761165618896,0.10971061140298843,0.13208124041557312
2019-11-07,1.2033612714164397,-0.0015775403007864952,0.07606938481330872,0.5368015170097351,0.14765068888664246,0.10868334025144577,0.13079504668712616
2019-11-08,1.2050578809775538,0.0014098921092227101,0.07689104229211807,0.5331819653511047,0.14845819771289825,0.10901352763175964,0.1324552297592163
2019-11-11,1.2033848043144708,-0.0013883786741644144,0.07704204320907593,0.5328859090805054,0.14846383035182953,0.10924755781888962,0.13236071169376373
2019-11-12,1.2065176148199017,0.0026033322792500257,0.07615569978952408,0.5359508991241455,0.14797087013721466,0.10877442359924316,0.13114814460277557
2019-11-13,1.2074228907708073,0.0007503213710151613,0.07637020200490952,0.5356559753417969,0.14788968861103058,0.10849843174219131,0.1315857470035553
2019-11-14,1.2089905307701085,0.0012983354972675443,0.07587135583162308,0.5374078154563904,0.1475915014743805,0.10823255032300949,0.13089679181575775
2019-11-15,1.2147912005993364,0.00479794479906559,0.07593844830989838,0.537685751914978,0.1474258303642273,0.10801593214273453,0.13093404471874237
2019-11-18,1.2156339001059442,0.0006936990539543331,0.07711759954690933,0.5332130789756775,0.1482291966676712,0.10873247683048248,0.1327076107263565
2019-11-19,1.2184147923711564,0.0022876067087054253,0.07609252631664276,0.5356059074401855,0.148103266954422,0.10872553288936615,0.13147275149822235
2019-11-20,1.21490166500253,-0.0028833590913563967,0.07626725733280182,0.5357242226600647,0.1479986011981964,0.10850168019533157,0.1315082162618637
2019-11-21,1.210719888734124,-0.003442069748416543,0.07524890452623367,0.5394319295883179,0.14735199511051178,0.10792148858308792,0.13004568219184875
2019-11-22,1.211766668348072,0.0008645927300676703,0.07519165426492691,0.5388100147247314,0.14762887358665466,0.10776880383491516,0.1306007206439972
2019-11-25,1.22351310643929,0.009693646803498268,0.07599219679832458,0.5363630056381226,0.14793065190315247,0.10813204199075699,0.13158217072486877
2019-11-26,1.2266589979512292,0.0025711955968290567,0.0783800557255745,0.5286883115768433,0.1490260660648346,0.10951228439807892,0.13439331948757172
2019-11-27,1.231658125825609,0.004075401462614536,0.07683221250772476,0.5328302383422852,0.14858615398406982,0.10956262052059174,0.13218876719474792
2019-11-29,1.227841112236396,-0.003099085297435522,0.07740257680416107,0.530974805355072,0.14892378449440002,0.10962481051683426,0.13307398557662964
2019-12-02,1.2166072130499497,-0.009149310179054737,0.07528296858072281,0.5369479060173035,0.1482006162405014,0.10876675695180893,0.1308017522096634
2019-12-03,1.2144763007927606,-0.0017515203217044473,0.07395724207162857,0.5409650802612305,0.14771635830402374,0.10768570750951767,0.12967558205127716
2019-12-04,1.218069525241206,0.0029586616437882185,0.07431728392839432,0.5429984331130981,0.14670105278491974,0.10682078450918198,0.12916241586208344
2019-12-05,1.2191542782975482,0.0008905510185286403,0.07619291543960571,0.5351835489273071,0.14811916649341583,0.10794703662395477,0.13255737721920013
2019-12-06,1.2266942477154104,0.006184590049088001,0.07609402388334274,0.5347239971160889,0.1483944207429886,0.10871803760528564,0.13206946849822998
2019-12-09,1.2233377359302824,-0.0027362252585589886,0.07803723216056824,0.528974175453186,0.14914409816265106,0.10982576012611389,0.13401874899864197
2019-12-10,1.2232637689353696,-6.046326598152518e-05,0.07595779001712799,0.535321831703186,0.14829565584659576,0.10928173363208771,0.1311430037021637
2019-12-11,1.2290784418871772,0.004753408953547478,0.07573758065700531,0.536277711391449,0.14809082448482513,0.10856129974126816,0.13133253157138824
2019-12-12,1.2335510840950663,0.0036390209570527077,0.07622779905796051,0.5355113744735718,0.14799782633781433,0.10852020978927612,0.13174276053905487
2019-12-13,1.2373419219951203,0.0030731097795069218,0.07727622240781784,0.5302491188049316,0.14912526309490204,0.10950306057929993,0.13384634256362915
2019-12-16,1.2446519206234812,0.005907824262976646,0.07646472752094269,0.5345344543457031,0.14821915328502655,0.10925780981779099,0.13152384757995605
2019-12-17,1.2457531163935147,0.0008847419521771371,0.07737229019403458,0.530488133430481,0.14900003373622894,0.10954993218183517,0.13358956575393677
2019-12-18,1.2455124604018502,-0.00019318112754262984,0.07665298879146576,0.5327435731887817,0.14872151613235474,0.10953163355588913,0.13235025107860565
2019-12-19,1.2514820478555988,0.0047928765416145325,0.07619426399469376,0.5337854623794556,0.14867128431797028,0.10920512676239014,0.13214386999607086
2019-12-20,1.2552000891762292,0.002970910631120205,0.07683558017015457,0.532602071762085,0.1486414074897766,0.10925930738449097,0.13266170024871826
2019-12-23,1.257792916563376,0.0020656685810536146,0.07672537118196487,0.5330680012702942,0.14853057265281677,0.10931955277919769,0.13235652446746826
2019-12-24,1.2605231451205408,0.002170650288462639,0.07633592188358307,0.5338683724403381,0.1485161930322647,0.10912387073040009,0.1321556270122528
2019-12-26,1.268589277416498,0.006399035453796387,0.07583823800086975,0.5353463292121887,0.14831924438476562,0.10872498899698257,0.13177117705345154
2019-12-27,1.267157873226187,-0.0011283432831987739,0.07648137211799622,0.5336357355117798,0.14849166572093964,0.10889674723148346,0.13249453902244568
2019-12-30,1.2615296986691376,-0.0044415732845664024,0.07561682909727097,0.5364749431610107,0.1481158584356308,0.10869557410478592,0.131096750497818
2019-12-31,1.2622681821159836,0.0005853872862644494,0.07464950531721115,0.5390920042991638,0.14784640073776245,0.10798648744821548,0.13042564690113068
2020-01-02,1.2772350513544306,0.011857123114168644,0.07546602934598923,0.5358995795249939,0.14841531217098236,0.10824543982744217,0.13197365403175354
2020-01-03,1.273858526467585,-0.0026436205953359604,0.07721599191427231,0.5319300293922424,0.14862821996212006,0.1090989038348198,0.1331268846988678
2020-01-06,1.279829659060672,0.004687437787652016,0.07460258901119232,0.5400136709213257,0.14750169217586517,0.10809366405010223,0.1297883540391922
2020-01-07,1.278811765310987,-0.0007953353342600167,0.07562785595655441,0.5357420444488525,0.148304745554924,0.10811668634414673,0.1322086751461029
2020-01-08,1.282869531145916,0.0031730751506984234,0.07504474371671677,0.5371532440185547,0.1482747495174408,0.1083015576004982,0.13122567534446716
2020-01-09,1.2890583714766464,0.004824216477572918,0.0765434056520462,0.5330145359039307,0.1487780213356018,0.10896407812833786,0.13269993662834167
2020-01-10,1.2885733587459227,-0.00037625350523740053,0.07711908966302872,0.5319569706916809,0.14874985814094543,0.10948266834020615,0.1326913684606552
2020-01-13,1.2967334102299768,0.006332624703645706,0.07541962713003159,0.5371965765953064,0.14800240099430084,0.10864411294460297,0.1307373195886612
2020-01-14,1.2951409717370723,-0.0012280384544283152,0.07718636840581894,0.531673789024353,0.14880739152431488,0.10916243493556976,0.1331700086593628
2020-01-15,1.298489583764969,0.002585519338026643,0.07592668384313583,0.5353772640228271,0.14831532537937164,0.1089717373251915,0.13140900433063507
2020-01-16,1.3076919917720127,0.007087009493261576,0.0759698748588562,0.5353976488113403,0.14823542535305023,0.10861562937498093,0.1317814439535141
2020-01-17,1.3099922481780442,0.001759020029567182,0.07746736705303192,0.5300637483596802,0.14911362528800964,0.10948845744132996,0.13386677205562592
2020-01-21,1.3095507809364306,-0.0003369998885318637,0.07639103382825851,0.5323313474655151,0.14907029271125793,0.10964705049991608,0.1325603425502777
2020-01-22,1.3118498192669146,0.0017555931117385626,0.07551968842744827,0.5373045802116394,0.14795133471488953,0.10871347039937973,0.1305108666419983
2020-01-23,1.3154752154726659,0.002763575641438365,0.07573675364255905,0.5367032289505005,0.14798136055469513,0.10830357670783997,0.13127505779266357
2020-01-24,1.3083663810582662,-0.005404004827141762,0.07586348056793213,0.5364463329315186,0.14796173572540283,0.10834583640098572,0.13138261437416077
2020-01-27,1.2930996804919064,-0.011668520979583263,0.07394500076770782,0.5426926612854004,0.1470378339290619,0.10738400369882584,0.12894052267074585
2020-01-28,1.303912932718693,0.008362272754311562,0.072431780397892,0.5490925908088684,0.14574585855007172,0.10580653697252274,0.12692326307296753
2020-01-29,1.3061630249663578,0.0017256460851058364,0.07687981426715851,0.5345466732978821,0.14786288142204285,0.10761194676160812,0.13309864699840546
2020-01-30,1.3090108783041179,0.0021803199779242277,0.07574228942394257,0.537536084651947,0.14755608141422272,0.10828054696321487,0.13088496029376984
2020-01-31,1.2942011778559943,-0.011313657276332378,0.07616432011127472,0.5357736349105835,0.14790748059749603,0.10844483971595764,0.1317097395658493
2020-02-03,1.3064281219299891,0.009447483345866203,0.07293141633272171,0.5468234419822693,0.14631438255310059,0.10678645223379135,0.1271442472934723
2020-02-04,1.3224505594761005,0.012264308519661427,0.07714685052633286,0.5340855121612549,0.14787021279335022,0.10788649320602417,0.1330108791589737
2020-02-05,1.3275815730860123,0.00387992849573493,0.07975570857524872,0.5240013003349304,0.14961004257202148,0.11063601821660995,0.13599692285060883
2020-02-06,1.3350996713062895,0.0056630028411746025,0.07880717515945435,0.5249850749969482,0.1497761458158493,0.11141625791788101,0.1350153088569641
2020-02-07,1.331338839728071,-0.002816891996189952,0.07769107818603516,0.5300292372703552,0.14888298511505127,0.11059585213661194,0.1328008770942688
2020-02-10,1.3426487258535655,0.008495122194290161,0.07557361572980881,0.5386321544647217,0.14729227125644684,0.10879844427108765,0.1297035664319992
2020-02-11,1.3429719039017727,0.00024070186191238463,0.07742783427238464,0.532829225063324,0.14800786972045898,0.10885054618120193,0.13288448750972748
2020-02-12,1.3510513356759086,0.0060160839930176735,0.07691504806280136,0.5330331325531006,0.14828883111476898,0.10932966321706772,0.13243333995342255
2020-02-13,1.3521385648479203,0.000804728246293962,0.07774336636066437,0.5302249789237976,0.14873728156089783,0.10978806763887405,0.13350632786750793
2020-02-14,1.3549844591572617,0.0021047357004135847,0.07650842517614365,0.534254252910614,0.14813877642154694,0.10933556407690048,0.1317630112171173
2020-02-18,1.3578400906160086,0.0021075012627989054,0.07630204409360886,0.5357491970062256,0.14776161313056946,0.10880452394485474,0.13138261437416077
2020-02-19,1.367344567508117,0.006999702658504248,0.07567007094621658,0.5377277731895447,0.14749784767627716,0.108184315264225,0.13091996312141418
2020-02-20,1.3625098817318517,-0.0035358211025595665,0.0772850289940834,0.5327064990997314,0.14848285913467407,0.10874093323945999,0.13278460502624512
2020-02-21,1.3493495463335887,-0.009658891707658768,0.07981439679861069,0.528276801109314,0.15224355459213257,0.10865437984466553,0.13101086020469666
2020-02-24,1.3157936047289795,-0.024868234992027283,0.10980457812547684,0.46524956822395325,0.18493637442588806,0.10852091014385223,0.13148850202560425
2020-02-25,1.2824115509894225,-0.0253702811896801,0.1787724494934082,0.3443232774734497,0.23817552626132965,0.10913266986608505,0.12959615886211395
2020-02-26,1.2795750315073806,-0.0022118636406958103,0.22105473279953003,0.286806583404541,0.24406000971794128,0.11487691104412079,0.1332017332315445
2020-02-27,1.2391232924922233,-0.031613416969776154,0.25382527709007263,0.24864846467971802,0.2371678352355957,0.12026850879192352,0.14008986949920654
2020-02-28,1.2296946914641655,-0.007609090302139521,0.1488703489303589,0.28591078519821167,0.19104008376598358,0.17202791571617126,0.2021508663892746
2020-03-02,1.2595283276676785,0.02426101081073284,0.1315130889415741,0.2578134536743164,0.19222523272037506,0.20703822374343872,0.2114100158214569
2020-03-03,1.256964570053264,-0.0020354902371764183,0.11689304560422897,0.2069399207830429,0.17350277304649353,0.24947091937065125,0.25319334864616394
2020-03-04,1.2759640242234578,0.01511534582823515,0.094912089407444,0.22066091001033783,0.17078576982021332,0.2819773852825165,0.23166389763355255
2020-03-05,1.273350183550099,-0.0020485222339630127,0.10579114407300949,0.18409264087677002,0.16624397039413452,0.29810813069343567,0.2457641363143921
2020-03-06,1.2825132385503493,0.007196021266281605,0.09407408535480499,0.20890192687511444,0.1675100326538086,0.30723410844802856,0.2222798764705658
2020-03-09,1.2421194506148665,-0.03149580582976341,0.09631618112325668,0.2100144624710083,0.16673192381858826,0.3045395314693451,0.22239789366722107
2020-03-10,1.24554077221628,0.0027544223703444004,0.08433723449707031,0.24761216342449188,0.16956986486911774,0.2943543791770935,0.20412643253803253
2020-03-11,1.2001370961506,-0.03645298257470131,0.10771704465150833,0.18509051203727722,0.16544969379901886,0.2954361140727997,0.2463066428899765
2020-03-12,1.1320581759116919,-0.05672595277428627,0.09191268682479858,0.21587830781936646,0.16824091970920563,0.30518341064453125,0.21878474950790405
2020-03-13,1.1613298185647933,0.02585701271891594,0.08266659826040268,0.2572009265422821,0.1695595234632492,0.2920074164867401,0.1985655128955841
2020-03-16,1.1112964958385234,-0.04308278486132622,0.11771714687347412,0.1734493374824524,0.1605699509382248,0.2942928969860077,0.2539706230163574
2020-03-17,1.1254832757255702,0.012765971943736076,0.08371492475271225,0.26010990142822266,0.16415154933929443,0.2986767888069153,0.19334688782691956
2020-03-18,1.0730751470276343,-0.04656499996781349,0.11260245740413666,0.18281038105487823,0.16137436032295227,0.29297730326652527,0.25023549795150757
2020-03-19,1.0857700499756553,0.011830395087599754,0.09628713876008987,0.21275167167186737,0.16442640125751495,0.3070855140686035,0.2194492667913437
2020-03-20,1.0961587445596435,0.009568043053150177,0.10938820987939835,0.18970853090286255,0.15968850255012512,0.308164119720459,0.2330506592988968
2020-03-23,1.114836515046706,0.01703929342329502,0.10048291832208633,0.21330861747264862,0.1599269062280655,0.30919310450553894,0.21708843111991882
2020-03-24,1.1633212120030303,0.04349040985107422,0.10227206349372864,0.20894037187099457,0.16082040965557098,0.30315932631492615,0.22480779886245728
2020-03-25,1.1614060913188213,-0.001646252698265016,0.12403107434511185,0.15688836574554443,0.15427419543266296,0.3090096712112427,0.2557967007160187
2020-03-26,1.1954132529877513,0.029281025752425194,0.11390382796525955,0.1741025149822235,0.15468774735927582,0.3259618878364563,0.231344074010849
2020-03-27,1.1860755654315673,-0.007811263203620911,0.12362579256296158,0.15690818428993225,0.15166348218917847,0.32658466696739197,0.24121785163879395
2020-03-30,1.200321944273169,0.012011358514428139,0.10597112774848938,0.19553865492343903,0.1558147519826889,0.32718005776405334,0.21549540758132935
2020-03-31,1.1832627271170106,-0.014212201349437237,0.11588943004608154,0.1748625934123993,0.15510883927345276,0.3198957145214081,0.23424337804317474
2020-04-01,1.1624082831833071,-0.017624525353312492,0.10988996177911758,0.18664714694023132,0.1566716581583023,0.32240891456604004,0.22438234090805054
2020-04-02,1.17813410630993,0.013528657145798206,0.09836316108703613,0.21681562066078186,0.16004963219165802,0.3133406341075897,0.21143095195293427
2020-04-03,1.1699054777667786,-0.006984458304941654,0.11057908833026886,0.18997590243816376,0.1580086648464203,0.308101087808609,0.2333352118730545
2020-04-06,1.2139446529810578,0.03764336183667183,0.10509110987186432,0.19944153726100922,0.15893277525901794,0.31223180890083313,0.22430281341075897
2020-04-07,1.2088557797276083,-0.00419201422482729,0.12360695004463196,0.15948501229286194,0.1535162478685379,0.31462088227272034,0.24877087771892548
2020-04-08,1.2208737879504774,0.009941639378666878,0.11271043121814728,0.17742441594600677,0.15517055988311768,0.32552823424339294,0.22916634380817413
2020-04-09,1.240251671552918,0.01587214320898056,0.11828356981277466,0.16731391847133636,0.1537739783525467,0.3254292905330658,0.23519931733608246
2020-04-13,1.2371760746377645,-0.002479816786944866,0.11460178345441818,0.1719878613948822,0.15470252931118011,0.32581233978271484,0.23289546370506287
2020-04-14,1.2568801470164341,0.015926651656627655,0.10772911459207535,0.18667961657047272,0.15775643289089203,0.3231223225593567,0.224712535738945
2020-04-15,1.2520726172996062,-0.0038249706849455833,0.1144360899925232,0.1729244589805603,0.15701106190681458,0.3201971650123596,0.2354312241077423
2020-04-16,1.2599355777668653,0.006279955618083477,0.10419537127017975,0.19727304577827454,0.1594306230545044,0.31979846954345703,0.21930252015590668
2020-04-17,1.2635358715345624,0.0028575221076607704,0.1078399196267128,0.18997400999069214,0.15979593992233276,0.3142626881599426,0.22812744975090027
2020-04-20,1.2613111536048023,-0.0017607081681489944,0.11302458494901657,0.17545215785503387,0.15829719603061676,0.317139595746994,0.23608648777008057
2020-04-21,1.2463062410584682,-0.011896281503140926,0.10466661304235458,0.19261936843395233,0.1603076308965683,0.31824639439582825,0.22416000068187714
2020-04-22,1.2603429864547415,0.011262677609920502,0.09981506317853928,0.207505464553833,0.1622086465358734,0.31222712993621826,0.21824365854263306
2020-04-23,1.2668220649870234,0.005140726454555988,0.10827284306287766,0.18573865294456482,0.16114062070846558,0.3093067407608032,0.23554107546806335
2020-04-24,1.2755709469528462,0.006906164810061455,0.10615219920873642,0.18828028440475464,0.1609109342098236,0.3141580820083618,0.23049849271774292
2020-04-27,1.2777907186538264,0.0017402181401848793,0.10920939594507217,0.18160434067249298,0.16001635789871216,0.3163830041885376,0.23278696835041046
2020-04-28,1.2791352034763657,0.0010521948570385575,0.11037231981754303,0.17609558999538422,0.15969036519527435,0.31912848353385925,0.23471324145793915
2020-04-29,1.3002947899442545,0.01654210314154625,0.10594404488801956,0.1872100979089737,0.16030550003051758,0.3200784921646118,0.22646187245845795
2020-04-30,1.280298742551898,-0.015378087759017944,0.11332527548074722,0.17103341221809387,0.15867969393730164,0.3189851641654968,0.23797638714313507
2020-05-01,1.2666616631963683,-0.0106514822691679,0.10423976927995682,0.1903335601091385,0.16115684807300568,0.3211568295955658,0.22311298549175262
2020-05-04,1.2700411906130957,0.0026680584996938705,0.09850888699293137,0.20759643614292145,0.16336695849895477,0.3127661645412445,0.2177615463733673
2020-05-05,1.2747733327017958,0.0037259752862155437,0.1234104111790657,0.19569280743598938,0.17789308726787567,0.2920686602592468,0.21093499660491943
2020-05-06,1.2653759336901307,-0.007371819578111172,0.22235584259033203,0.19113899767398834,0.22604870796203613,0.2110718935728073,0.14938457310199738
2020-05-07,1.282638899305029,0.013642558827996254,0.28720352053642273,0.20071645081043243,0.22705717384815216,0.1514420211315155,0.13358086347579956
2020-05-08,1.3002770057645163,0.013751420192420483,0.32591119408607483,0.2035030573606491,0.2132134735584259,0.12639187276363373,0.13098043203353882
2020-05-11,1.2990970137127045,-0.0009074928238987923,0.34661391377449036,0.20072121918201447,0.20257340371608734,0.1188884973526001,0.1312030702829361
2020-05-12,1.276967929286171,-0.017034204676747322,0.34266388416290283,0.21423223614692688,0.1992432177066803,0.11667916923761368,0.1271815448999405
2020-05-13,1.2595752189345633,-0.013620318844914436,0.320865273475647,0.23824678361415863,0.20210589468479156,0.11521948873996735,0.12356258928775787
2020-05-14,1.2713290039422454,0.00933154672384262,0.30974477529525757,0.2444823831319809,0.2063734084367752,0.11411022394895554,0.12528923153877258
2020-05-15,1.279766466457003,0.006636726204305887,0.32276639342308044,0.22714290022850037,0.2057487964630127,0.11433649808168411,0.13000541925430298
2020-05-18,1.3085181744757757,0.022466370835900307,0.3301839828491211,0.22037702798843384,0.20407705008983612,0.115291528403759,0.13007043302059174
2020-05-19,1.3001616310579827,-0.006386264692991972,0.351680725812912,0.20052874088287354,0.1987798511981964,0.11574184894561768,0.1332688182592392
2020-05-20,1.3218318814842511,0.016667351126670837,0.3351704180240631,0.22373178601264954,0.19948123395442963,0.11595886200666428,0.12565766274929047
2020-05-21,1.3139272684903742,-0.005980044137686491,0.3448765277862549,0.2118721306324005,0.1982634961605072,0.11478940397500992,0.1301984339952469
2020-05-22,1.3189303521880258,0.003807732602581382,0.33517199754714966,0.22355206310749054,0.19950748980045319,0.11550119519233704,0.12626726925373077
2020-05-26,1.3265796162580494,0.005799596663564444,0.33301734924316406,0.22355802357196808,0.20073606073856354,0.11477956175804138,0.12790898978710175
2020-05-27,1.3429363606062363,0.012330013327300549,0.3383723199367523,0.21605892479419708,0.20059652626514435,0.11531037837266922,0.12966185808181763
2020-05-28,1.3353176842298122,-0.005673147737979889,0.3436170220375061,0.2120155394077301,0.1989840865135193,0.11546999216079712,0.1299133449792862
2020-05-29,1.3424691119768695,0.005355600267648697,0.3308640718460083,0.22631211578845978,0.20109142363071442,0.11551158875226974,0.1262206882238388
2020-06-01,1.3474969140056003,0.0037451901007443666,0.3309931755065918,0.22392472624778748,0.2020653337240219,0.11476641148328781,0.12825030088424683
2020-06-02,1.3537288708335773,0.004624839406460524,0.330506831407547,0.2220335155725479,0.20317018032073975,0.11511123180389404,0.1291782408952713
2020-06-03,1.3622203695621373,0.006272673141211271,0.3334028422832489,0.21921241283416748,0.2027522772550583,0.11548365652561188,0.12914876639842987
2020-06-04,1.3581098194261934,-0.0030175368301570415,0.33909666538238525,0.21366263926029205,0.20158539712429047,0.11580090969800949,0.1298544555902481
2020-06-05,1.381179974815134,0.01698695868253708,0.32877689599990845,0.2240809053182602,0.2034248411655426,0.11571977287530899,0.12799759209156036
2020-06-08,1.3970013983806124,0.011455005034804344,0.3452383577823639,0.20719805359840393,0.2004173994064331,0.11565042287111282,0.13149572908878326
2020-06-09,1.393927070267923,-0.0022006621584296227,0.3425792455673218,0.21272622048854828,0.1994854062795639,0.11591511964797974,0.12929397821426392
2020-06-10,1.3922593838312645,-0.001196394325233996,0.3291199803352356,0.22671213746070862,0.20200681686401367,0.11555987596511841,0.12660115957260132
2020-06-11,1.3286018619166662,-0.04572245851159096,0.3167051374912262,0.23367735743522644,0.2052370011806488,0.11596610397100449,0.12841442227363586
2020-06-12,1.3406243841675345,0.009049003012478352,0.2513236999511719,0.28157880902290344,0.20508122444152832,0.1265806406736374,0.1354355812072754
2020-06-15,1.3545319020645485,0.010373910889029503,0.2893659472465515,0.2357764095067978,0.21912458539009094,0.12027888745069504,0.1354542374610901
2020-06-16,1.3720437026276466,0.012928304262459278,0.31614023447036743,0.2176482081413269,0.21440789103507996,0.11863858997821808,0.13316506147384644
2020-06-17,1.3668568823993303,-0.0037803607992827892,0.33274519443511963,0.20876741409301758,0.2080201804637909,0.11786466091871262,0.13260263204574585
2020-06-18,1.3690993120469688,0.0016405738424509764,0.3257369101047516,0.2233269214630127,0.20620031654834747,0.11724694818258286,0.1274888813495636
2020-06-19,1.3671036744241685,-0.001457628095522523,0.3240966200828552,0.22508789598941803,0.2062140703201294,0.11622961610555649,0.12837186455726624
2020-06-22,1.3776004578485848,0.007678118068724871,0.3184359669685364,0.22897343337535858,0.20798517763614655,0.11601491272449493,0.12859052419662476
2020-06-23,1.3838528254814422,0.004538592882454395,0.32360896468162537,0.22180193662643433,0.2078363001346588,0.11614392697811127,0.1306089162826538
2020-06-24,1.3574924548448362,-0.01904853619635105,0.32410791516304016,0.22130809724330902,0.20775726437568665,0.11660238355398178,0.13022437691688538
2020-06-25,1.3696685563787407,0.008969553746283054,0.3066564202308655,0.24124939739704132,0.2103556990623474,0.11655821651220322,0.12518030405044556
2020-06-26,1.3464778597524858,-0.01693161204457283,0.3186362087726593,0.22443242371082306,0.2098926156759262,0.11586468666791916,0.13117408752441406
2020-06-29,1.364757399896181,0.013575819320976734,0.3036941885948181,0.24176347255706787,0.21195736527442932,0.11656060069799423,0.12602438032627106
2020-06-30,1.3803048600013228,0.011392105370759964,0.32120823860168457,0.21965700387954712,0.21022765338420868,0.1161479502916336,0.13275915384292603
2020-07-01,1.3830533645348562,0.0019912300631403923,0.33014729619026184,0.21393853425979614,0.20714806020259857,0.1171230748295784,0.13164298236370087
2020-07-02,1.3893160511002294,0.004528159741312265,0.3281444311141968,0.21951474249362946,0.20607049763202667,0.11731134355068207,0.1289590299129486
2020-07-06,1.4061993618021835,0.012152246199548244,0.3267555832862854,0.22103048861026764,0.20606482028961182,0.11678692698478699,0.12936212122440338
2020-07-07,1.3975616527709953,-0.006142592057585716,0.3314192295074463,0.2154599279165268,0.20542386174201965,0.11672980338335037,0.1309671401977539
2020-07-08,1.4077690990978342,0.0073037538677453995,0.31768858432769775,0.23125892877578735,0.20729871094226837,0.11688682436943054,0.1268669068813324
2020-07-09,1.4039169566004226,-0.002736345399171114,0.3215044438838959,0.2230897843837738,0.20836716890335083,0.11636464297771454,0.1306738704442978
2020-07-10,1.4140213177343681,0.007197264116257429,0.31695541739463806,0.22947435081005096,0.2088318169116974,0.11685764789581299,0.12788081169128418
2020-07-13,1.4005285452251555,-0.009542128071188927,0.3180823028087616,0.2243291586637497,0.20889855921268463,0.11711349338293076,0.13157644867897034
2020-07-14,1.4142740246344905,0.009814494289457798,0.30185267329216003,0.24079428613185883,0.21082347631454468,0.11800308525562286,0.128526508808136
2020-07-15,1.428556927267424,0.010099105536937714,0.286792129278183,0.2506909668445587,0.2058168351650238,0.12061988562345505,0.13608019053936005
2020-07-16,1.4218788108288056,-0.004674728959798813,0.25544118881225586,0.2773660719394684,0.2003118246793747,0.12574675679206848,0.14113420248031616
2020-07-17,1.425352991082436,0.0024433729704469442,0.2142922431230545,0.3204784095287323,0.1983499675989151,0.1281469464302063,0.13873250782489777
2020-07-20,1.4420620784337197,0.01172277145087719,0.17445528507232666,0.3625704050064087,0.19175377488136292,0.12874974310398102,0.14247077703475952
2020-07-21,1.4429595966699988,0.0006223852979019284,0.14874057471752167,0.39274194836616516,0.185837060213089,0.12855757772922516,0.1441228985786438
2020-07-22,1.4499232685595353,0.004825964570045471,0.12825560569763184,0.42282670736312866,0.1811428666114807,0.12615592777729034,0.14161893725395203
2020-07-23,1.4350684427626257,-0.010245249606668949,0.11772022396326065,0.44117864966392517,0.1774347871541977,0.12317764014005661,0.14048869907855988
2020-07-24,1.4256822752357743,-0.006540571339428425,0.10750912129878998,0.4638291001319885,0.17361381649971008,0.11944568902254105,0.13560231029987335
2020-07-27,1.4445708669416415,0.013248808681964874,0.09531489759683609,0.4896368384361267,0.16379383206367493,0.11657201498746872,0.13468243181705475
2020-07-28,1.4349805378300626,-0.006638877559453249,0.08631789684295654,0.5065656900405884,0.15403865277767181,0.11527159065008163,0.13780620694160461
2020-07-29,1.4508589860045935,0.011065270751714706,0.07884800434112549,0.5291813015937805,0.14900071918964386,0.11195740103721619,0.13101263344287872
2020-07-30,1.453158577173691,0.0015849859919399023,0.0805806964635849,0.524402379989624,0.14883215725421906,0.11092187464237213,0.1352628767490387
2020-07-31,1.4673276950826082,0.009750565513968468,0.07862364500761032,0.531840443611145,0.1475883424282074,0.1102944165468216,0.13165313005447388
2020-08-03,1.4814950564952027,0.009655212983489037,0.07869412004947662,0.5314578413963318,0.1475023478269577,0.10963854193687439,0.1327071636915207
2020-08-04,1.49209831221564,0.007157132029533386,0.07979600876569748,0.5270225405693054,0.1483137309551239,0.11028063297271729,0.13458700478076935
2020-08-05,1.499518766433836,0.004973167087882757,0.078414186835289,0.5310876965522766,0.14772780239582062,0.10987719893455505,0.1328931301832199
2020-08-06,1.5142221127196458,0.009805376641452312,0.078855961561203,0.5285978317260742,0.14832091331481934,0.11001311987638474,0.1342122107744217
2020-08-07,1.5041736074980785,-0.00663608405739069,0.07879877090454102,0.5299988985061646,0.14794428646564484,0.11003696173429489,0.13322106003761292
2020-08-10,1.501959178296168,-0.001472189906053245,0.07818280905485153,0.5322198867797852,0.1476544290781021,0.10978736728429794,0.13215547800064087
2020-08-11,1.4714737782913312,-0.020297089591622353,0.07795912772417068,0.5327979922294617,0.14757981896400452,0.10937055200338364,0.13229252398014069
2020-08-12,1.4912631470353261,0.013448672369122505,0.07711169868707657,0.538713276386261,0.1464695930480957,0.10880399495363235,0.1289014369249344
2020-08-13,1.4953045794062774,0.0027100732550024986,0.08003751188516617,0.5285008549690247,0.14784841239452362,0.10929494351148605,0.13431823253631592
2020-08-14,1.4927375401991998,-0.0017167333280667663,0.07719237357378006,0.5338464975357056,0.14774221181869507,0.10900931805372238,0.13220958411693573
2020-08-17,1.5080738596520598,0.010273955762386322,0.07742945104837418,0.5353417992591858,0.1472148895263672,0.10867736488580704,0.1313364952802658
2020-08-18,1.5168543503579623,0.005822321400046349,0.07801077514886856,0.5331122875213623,0.1475125104188919,0.1085248813033104,0.13283953070640564
2020-08-19,1.503469736141945,-0.00882392842322588,0.07769013196229935,0.535333514213562,0.14701718091964722,0.10854869335889816,0.13141047954559326
2020-08-20,1.5168653047250729,0.008909769356250763,0.07759685069322586,0.5368806719779968,0.14673368632793427,0.1084606871008873,0.13032811880111694
2020-08-21,1.5206127562351093,0.0024705235846340656,0.07813156396150589,0.5350569486618042,0.14688661694526672,0.10819842666387558,0.13172647356987
2020-08-24,1.527805872979365,0.004730406682938337,0.0780424028635025,0.5355939865112305,0.14679203927516937,0.10843299329280853,0.13113857805728912
2020-08-25,1.5337946565061393,0.003919858951121569,0.07911380380392075,0.5310782194137573,0.14757251739501953,0.10905571281909943,0.13317978382110596
2020-08-26,1.5525317832611174,0.012216189876198769,0.07838129252195358,0.5316033363342285,0.14794127643108368,0.10930804163217545,0.1327660232782364
2020-08-27,1.5454645671775336,-0.0045520588755607605,0.07898670434951782,0.5296536087989807,0.14821487665176392,0.1095401793718338,0.13360467553138733
2020-08-28,1.5557395876084776,0.006648499518632889,0.07796647399663925,0.5321109890937805,0.14810775220394135,0.1095278412103653,0.1322868913412094
2020-08-31,1.5610344599294315,0.003403443843126297,0.07830104976892471,0.5312231779098511,0.148173525929451,0.10911016911268234,0.13319207727909088
2020-09-01,1.5811068147344582,0.012858367525041103,0.0783815011382103,0.5335009694099426,0.14845672249794006,0.10865587741136551,0.13100486993789673
2020-09-02,1.5915096564688915,0.00657946802675724,0.0870036631822586,0.5133175849914551,0.15558606386184692,0.10956966131925583,0.13452298939228058
2020-09-03,1.5380219023378583,-0.03360818699002266,0.12366513162851334,0.4386688470840454,0.18859784305095673,0.11186006665229797,0.13720820844173431
2020-09-04,1.5236930282893193,-0.009316430427134037,0.1881481409072876,0.3335067927837372,0.23843710124492645,0.11112474650144577,0.1287831813097
2020-09-08,1.4870068837856896,-0.024077123031020164,0.23944345116615295,0.2669691741466522,0.24357910454273224,0.11434528231620789,0.1356629878282547
2020-09-09,1.5122945884589432,0.01700577512383461,0.2585223317146301,0.25722238421440125,0.2368401139974594,0.11721625924110413,0.1301989108324051
2020-09-10,1.4934035775030245,-0.0124916210770607,0.2976279854774475,0.2218896597623825,0.22628003358840942,0.11750555783510208,0.13669680058956146
2020-09-11,1.4893597884774095,-0.002707767067477107,0.2975602447986603,0.23404981195926666,0.22068224847316742,0.1185968816280365,0.12911085784435272
2020-09-14,1.5111678422981853,0.014642569236457348,0.3029179275035858,0.23184305429458618,0.21761848032474518,0.11749918013811111,0.1301213651895523
2020-09-15,1.51791784521678,0.004466746002435684,0.31824982166290283,0.21769627928733826,0.21348315477371216,0.11726060509681702,0.13331010937690735
2020-09-16,1.5136646441373431,-0.0028019968885928392,0.3210541307926178,0.21948185563087463,0.21096588671207428,0.1177910715341568,0.13070711493492126
2020-09-17,1.501157850201243,-0.008262592367827892,0.31414714455604553,0.22772985696792603,0.21139633655548096,0.11746110767126083,0.12926553189754486
2020-09-18,1.4901682334320467,-0.007320760283619165,0.3067452013492584,0.23485858738422394,0.21306878328323364,0.11715921014547348,0.1281682252883911
2020-09-21,1.4715093004170936,-0.012521360069513321,0.30233365297317505,0.23647268116474152,0.21522852778434753,0.11682818830013275,0.12913690507411957
2020-09-22,1.4838482126156567,0.008385208435356617,0.30078059434890747,0.23864717781543732,0.21586373448371887,0.1170283854007721,0.12768016755580902
2020-09-23,1.4489936068053855,-0.0234893336892128,0.31365856528282166,0.2236546277999878,0.21385763585567474,0.11687187850475311,0.1319573074579239
2020-09-24,1.453107029707281,0.0028388136997818947,0.2988768219947815,0.24253398180007935,0.21515671908855438,0.11764559894800186,0.12578684091567993
2020-09-25,1.472472252433919,0.013326769694685936,0.3060285747051239,0.23176653683185577,0.21506118774414062,0.11652316153049469,0.13062059879302979
2020-09-28,1.4958947654358408,0.015906929969787598,0.3209577798843384,0.21738319098949432,0.21173812448978424,0.1172487810254097,0.13267216086387634
2020-09-29,1.492221596603924,-0.0024554994888603687,0.3295377790927887,0.2120448350906372,0.20825161039829254,0.11765044927597046,0.13251537084579468
2020-09-30,1.496211013844028,0.002673475071787834,0.318846732378006,0.2260904759168625,0.2089558243751526,0.11763041466474533,0.12847654521465302
2020-10-01,1.5115191659252485,0.010231278836727142,0.3196500539779663,0.22334247827529907,0.2097054123878479,0.11715477705001831,0.1301472932100296
2020-10-02,1.4979418435692702,-0.008982567116618156,0.3233095407485962,0.21941901743412018,0.2089979499578476,0.11706101149320602,0.13121247291564941
2020-10-05,1.5195529305435893,0.0144271869212389,0.3104372024536133,0.23256047070026398,0.21142028272151947,0.11746133863925934,0.12812067568302155
2020-10-06,1.5042591658899316,-0.010064647532999516,0.3229278326034546,0.21579895913600922,0.21077145636081696,0.11702459305524826,0.13347715139389038
2020-10-07,1.5238058383491508,0.012994218617677689,0.3121807277202606,0.23073744773864746,0.2115466147661209,0.11782567948102951,0.1277095079421997
2020-10-08,1.535206201724923,0.007481506559997797,0.32277095317840576,0.21740227937698364,0.2103995531797409,0.11703536659479141,0.13239185512065887
2020-10-09,1.5499649622705425,0.009613536298274994,0.32293063402175903,0.21976512670516968,0.20925955474376678,0.11754390597343445,0.13050073385238647
2020-10-12,1.5704845037912398,0.013238713145256042,0.3222903311252594,0.22041849792003632,0.209306001663208,0.11711003631353378,0.13087521493434906
2020-10-13,1.562955235136846,-0.00479423301294446,0.32918596267700195,0.21469463407993317,0.20762021839618683,0.11720158904790878,0.13129763305187225
2020-10-14,1.5546328212383291,-0.005324793513864279,0.3204036355018616,0.22598925232887268,0.20843540132045746,0.11737652122974396,0.12779520452022552
2020-10-15,1.5553701574827983,0.00047428320976905525,0.31060370802879333,0.23338960111141205,0.2112167775630951,0.11667079478502274,0.12811914086341858
2020-10-16,1.551087749388469,-0.002753304783254862,0.30993473529815674,0.23018839955329895,0.21301881968975067,0.11663626879453659,0.13022182881832123
2020-10-19,1.5332919043229225,-0.011473138816654682,0.3089965581893921,0.23029278218746185,0.21383000910282135,0.1171332374215126,0.1297473907470703
2020-10-20,1.535870607321585,0.0016818082658573985,0.3007776141166687,0.23793821036815643,0.21584869921207428,0.11706516891717911,0.1283702850341797
2020-10-21,1.5327390759761654,-0.002038929145783186,0.3060450553894043,0.2296660989522934,0.21600346267223358,0.11694322526454926,0.13134217262268066
2020-10-22,1.537096587497299,0.002842957153916359,0.3047984838485718,0.23149269819259644,0.2159653753042221,0.11741747707128525,0.13032595813274384
2020-10-23,1.542192576753188,0.003315334441140294,0.3113487958908081,0.22441023588180542,0.21470820903778076,0.11768732219934464,0.13184550404548645
2020-10-26,1.5223415985146522,-0.012871919199824333,0.31303197145462036,0.22534523904323578,0.21322005987167358,0.11778011918067932,0.13062258064746857
2020-10-27,1.5224697714819455,8.419461664743721e-05,0.30108973383903503,0.23921097815036774,0.2151658684015274,0.11728892475366592,0.12724445760250092
2020-10-28,1.4789044837158758,-0.02861487865447998,0.30400165915489197,0.23344480991363525,0.2158796340227127,0.11659445613622665,0.1300794631242752
2020-10-29,1.4910223853247115,0.00819383654743433,0.287639319896698,0.251078724861145,0.21872855722904205,0.117032490670681,0.1255209594964981
2020-10-30,1.4724173767286663,-0.01247802097350359,0.3059661090373993,0.22688622772693634,0.21752239763736725,0.11651121079921722,0.13311395049095154
2020-11-02,1.4868875903463126,0.00982752162963152,0.2986190617084503,0.23705068230628967,0.2177099585533142,0.11769402772188187,0.1289263218641281
2020-11-03,1.5097552481361436,0.015379547141492367,0.31009459495544434,0.22529709339141846,0.21529541909694672,0.11714260280132294,0.13217025995254517
2020-11-04,1.5387112568022954,0.019179273396730423,0.3231981694698334,0.21404974162578583,0.21169519424438477,0.11764156818389893,0.13341540098190308
2020-11-05,1.5706445871150416,0.020753296092152596,0.3345719277858734,0.20991095900535583,0.20641256868839264,0.11768724024295807,0.13141733407974243
2020-11-06,1.56630687000601,-0.002761743264272809,0.33751779794692993,0.2089456170797348,0.20427532494068146,0.11713103204965591,0.1321302205324173
2020-11-09,1.5639384792865358,-0.0015120860189199448,0.3240222930908203,0.22321704030036926,0.20682261884212494,0.11743229627609253,0.12850578129291534
2020-11-10,1.562600217317407,-0.0008556998800486326,0.3267197608947754,0.21824154257774353,0.2074379026889801,0.11752214282751083,0.13007859885692596
2020-11-11,1.5737325490827465,0.007124235387891531,0.3191133141517639,0.22537733614444733,0.2090032398700714,0.11713576316833496,0.12937034666538239
2020-11-12,1.5663964189453115,-0.004661611746996641,0.3233644366264343,0.22089938819408417,0.2086690217256546,0.11678382754325867,0.13028331100940704
2020-11-13,1.5841799159943863,0.011353126727044582,0.3130648732185364,0.232777938246727,0.20997127890586853,0.11668116599321365,0.12750475108623505
2020-11-16,1.6005722390330117,0.010347513481974602,0.3205922245979309,0.22137165069580078,0.20987476408481598,0.1164020225405693,0.13175934553146362
2020-11-17,1.5986561311561898,-0.0011971392668783665,0.3261995017528534,0.21664054691791534,0.20844073593616486,0.11715292185544968,0.13156628608703613
2020-11-18,1.584440686241876,-0.008892121724784374,0.3204227089881897,0.22493413090705872,0.20869670808315277,0.11719359457492828,0.12875287234783173
2020-11-19,1.5925208079728455,0.00509966816753149,0.3111083507537842,0.23372307419776917,0.21089857816696167,0.1166999489068985,0.1275700181722641
2020-11-20,1.5892152680076144,-0.0020756651647388935,0.3160969913005829,0.22607266902923584,0.21097028255462646,0.11641816049814224,0.13044187426567078
2020-11-23,1.5934870253315134,0.002687966451048851,0.31205251812934875,0.2306232750415802,0.2114516794681549,0.11680729687213898,0.12906527519226074
2020-11-24,1.6075621277399545,0.008832894265651703,0.309332013130188,0.2315686196088791,0.20849424600601196,0.11834770441055298,0.132257342338562
2020-11-25,1.607474540833041,-5.4484306019730866e-05,0.2894911766052246,0.24900652468204498,0.20176942646503448,0.12249264866113663,0.13724029064178467
2020-11-27,1.6146371635894214,0.004455823451280594,0.17915332317352295,0.372150182723999,0.1717848926782608,0.13294285535812378,0.14396873116493225
2020-11-30,1.608856424546204,-0.003580209333449602,0.11476294696331024,0.4573223888874054,0.1581670492887497,0.12921637296676636,0.14053122699260712
2020-12-01,1.6246477384256448,0.00981524121016264,0.08933121711015701,0.5042193531990051,0.1529175490140915,0.11973987519741058,0.133791983127594
2020-12-02,1.6264400169312823,0.0011031797621399164,0.0832030326128006,0.5151978731155396,0.15102361142635345,0.11435522139072418,0.1362202912569046
2020-12-03,1.6321392640576329,0.0035041237715631723,0.07959843426942825,0.5260071754455566,0.14915870130062103,0.11188783496618271,0.13334792852401733
2020-12-04,1.6390544905101723,0.004236909560859203,0.0785047858953476,0.5313085913658142,0.1479351967573166,0.11000308394432068,0.13224829733371735
2020-12-07,1.6487872877390608,0.0059380559250712395,0.07955095171928406,0.5264636874198914,0.14883360266685486,0.11029978841543198,0.13485199213027954
2020-12-08,1.6568525178916402,0.004891613498330116,0.07802028208971024,0.5322081446647644,0.14790023863315582,0.10964510589838028,0.13222627341747284
2020-12-09,1.6293290955424091,-0.016611872240900993,0.0783112645149231,0.5314928293228149,0.14791586995124817,0.10940736532211304,0.13287270069122314
2020-12-10,1.63627205541428,0.0042612385004758835,0.07546540349721909,0.5411444902420044,0.14651109278202057,0.10821660608053207,0.12866242229938507
2020-12-11,1.6340164854038783,-0.0013784810435026884,0.07737542688846588,0.5363373756408691,0.14690916240215302,0.10785599797964096,0.13152198493480682
2020-12-14,1.6384295071384543,0.0027007204480469227,0.07642325758934021,0.5384149551391602,0.14674779772758484,0.1079142764210701,0.1304997056722641
2020-12-15,1.6578234400908216,0.011836904101073742,0.07701155543327332,0.5361349582672119,0.14729353785514832,0.1081179603934288,0.13144202530384064
2020-12-16,1.6626875681565962,0.0029340446926653385,0.07924539595842361,0.5273482799530029,0.1486220508813858,0.10948364436626434,0.13530069589614868
2020-12-17,1.6739087777809336,0.006748838350176811,0.0777261033654213,0.5319103002548218,0.14820148050785065,0.1097584143280983,0.13240373134613037
2020-12-18,1.6685625546038567,-0.0031938557513058186,0.07819241285324097,0.5301522016525269,0.1484784036874771,0.10958007723093033,0.13359685242176056
2020-12-21,1.6663297221627968,-0.0013381772441789508,0.07661287486553192,0.5357630252838135,0.14767877757549286,0.10898970812559128,0.13095560669898987
2020-12-22,1.6705196386989558,0.0025144582614302635,0.07654107362031937,0.5373806953430176,0.1471736878156662,0.10822878777980804,0.13067568838596344
2020-12-23,1.6684170137134842,-0.0012586652301251888,0.07751521468162537,0.5346791744232178,0.14746984839439392,0.108453169465065,0.13188253343105316
2020-12-24,1.6742739657328078,0.0035104844719171524,0.07664410024881363,0.535004198551178,0.14778445661067963,0.10855402797460556,0.1320132464170456
2020-12-28,1.6827134950212614,0.005040709860622883,0.07712540030479431,0.5346930027008057,0.14763788878917694,0.10868605226278305,0.13185767829418182
2020-12-29,1.6789779985487623,-0.0022199242375791073,0.07790786772966385,0.5327451825141907,0.1478104144334793,0.10913320630788803,0.13240326941013336
2020-12-30,1.6837478643786032,0.0028409340884536505,0.0758332684636116,0.5387381911277771,0.14709804952144623,0.1083369255065918,0.12999357283115387
2020-12-31,1.6872649131066604,0.002088821493089199,0.076690673828125,0.5357033610343933,0.14752842485904694,0.10814602673053741,0.13193148374557495
2021-01-04,1.6740439121315267,-0.007835758849978447,0.0768488347530365,0.5352754592895508,0.14757290482521057,0.10856813192367554,0.1317347288131714
2021-01-05,1.6854331615326574,0.006803435273468494,0.07368555665016174,0.5441575646400452,0.1465575248003006,0.10701486468315125,0.12858439981937408
2021-01-06,1.6762115076724127,-0.005471385084092617,0.07732395827770233,0.5334140658378601,0.1479209065437317,0.1080385372042656,0.1333024650812149
2021-01-07,1.7015394148608514,0.015110209584236145,0.0786358043551445,0.52752685546875,0.14906103909015656,0.11001153290271759,0.13476473093032837
2021-01-08,1.7043785118427035,0.0016685461159795523,0.08109363913536072,0.5206413269042969,0.14988888800144196,0.11167223006486893,0.1367039531469345
2021-01-11,1.6894460566468106,-0.008761231787502766,0.08052755892276764,0.5248929262161255,0.1490790992975235,0.11201471835374832,0.13348571956157684
2021-01-12,1.6937357918845684,0.0025391371455043554,0.07666707783937454,0.5358695983886719,0.1475716382265091,0.10955799371004105,0.13033370673656464
2021-01-13,1.6994658529348075,0.003383090253919363,0.07751642912626266,0.5332725048065186,0.1478470265865326,0.10878491401672363,0.13257910311222076
2021-01-14,1.6972189385862997,-0.0013221297413110733,0.07768929749727249,0.5349820852279663,0.1472114771604538,0.10889017581939697,0.13122695684432983
2021-01-15,1.6832094564860867,-0.00825437530875206,0.07730697095394135,0.5334331393241882,0.1479431539773941,0.10880324244499207,0.13251350820064545
2021-01-19,1.702944096811337,0.011724411509931087,0.07582519948482513,0.54044109582901,0.14659790694713593,0.10812193155288696,0.12901394069194794
2021-01-20,1.7305625030110743,0.0162180345505476,0.07845769822597504,0.5317674875259399,0.14771193265914917,0.10855486243963242,0.13350793719291687
2021-01-21,1.734226171213355,0.0021170389372855425,0.07962146401405334,0.5269284248352051,0.14855210483074188,0.11002331972122192,0.13487467169761658
2021-01-22,1.7328600080942487,-0.0007877652533352375,0.07794392853975296,0.5317379236221313,0.1481505036354065,0.10997004806995392,0.13219758868217468
2021-01-25,1.743165043932859,0.0059468368999660015,0.0778278037905693,0.5333743095397949,0.14771580696105957,0.10927922278642654,0.13180285692214966
2021-01-26,1.7415921465385706,-0.0009023227030411363,0.07834260910749435,0.533180832862854,0.1475551426410675,0.10905211418867111,0.13186927139759064
2021-01-27,1.7062663226462895,-0.020283637568354607,0.08029385656118393,0.5285824537277222,0.15105031430721283,0.10882331430912018,0.1312500387430191
2021-01-28,1.7104949229652227,0.0024782768450677395,0.1392967253923416,0.4129416048526764,0.21029427647590637,0.10770881921052933,0.1297585517168045
2021-01-29,1.6847476404790487,-0.015052533708512783,0.1775568276643753,0.3443680703639984,0.22208073735237122,0.11509203910827637,0.14090237021446228
2021-02-01,1.715215088863718,0.01808428019285202,0.1906040757894516,0.32700732350349426,0.22414574027061462,0.1204083189368248,0.1378345489501953
2021-02-02,1.7293487860633454,0.008240189403295517,0.16530944406986237,0.36021149158477783,0.19531039893627167,0.12904122471809387,0.15012744069099426
2021-02-03,1.7250577425932623,-0.0024813059717416763,0.12326950579881668,0.4254204332828522,0.17197807133197784,0.13232280313968658,0.14700913429260254
2021-02-04,1.7364363534825755,0.0065960753709077835,0.09498761594295502,0.48194634914398193,0.15906856954097748,0.12522028386592865,0.13877710700035095
2021-02-05,1.7442719538284646,0.004512460436671972,0.08782759308815002,0.5012814402580261,0.15376867353916168,0.1191350594162941,0.1379871964454651
2021-02-08,1.7612094971075343,0.009710379876196384,0.08171180635690689,0.5168891549110413,0.1511070728302002,0.11475977301597595,0.13553212583065033
2021-02-09,1.7630874815079731,0.001066303811967373,0.08083900809288025,0.520952045917511,0.1499352604150772,0.11269747465848923,0.1355762630701065
2021-02-10,1.7613243134845675,-0.0010000456823036075,0.07841185480356216,0.5292441248893738,0.1486573964357376,0.11104580014944077,0.13264083862304688
2021-02-11,1.7633526056245932,0.0011515722144395113,0.076961949467659,0.5355834364891052,0.14736461639404297,0.10931622236967087,0.13077379763126373
2021-02-12,1.766902327138344,0.0020130525808781385,0.07747064530849457,0.5342556834220886,0.14753775298595428,0.1089760884642601,0.1317598819732666
2021-02-16,1.7562302907554634,-0.006039969623088837,0.07771939039230347,0.5321493148803711,0.14804725348949432,0.10931985080242157,0.13276419043540955
2021-02-17,1.748283200263448,-0.004525084514170885,0.07680053263902664,0.535029947757721,0.14775915443897247,0.10920656472444534,0.1312037855386734
2021-02-18,1.738801234548572,-0.005423586815595627,0.07661013305187225,0.5380830764770508,0.14681653678417206,0.1084597110748291,0.13003043830394745
2021-02-19,1.7381491449110775,-0.0003750225296244025,0.07538952678442001,0.5410431027412415,0.14664973318576813,0.10755573213100433,0.12936191260814667
2021-02-22,1.7130563496687543,-0.014436502940952778,0.07708144187927246,0.5339183807373047,0.14832845330238342,0.10805363208055496,0.13261811435222626
2021-02-23,1.7071656624165517,-0.003438700223341584,0.07585089653730392,0.5385998487472534,0.14890100061893463,0.10750003904104233,0.1291482299566269
2021-02-24,1.7207574772217797,0.007961626164615154,0.07997220009565353,0.5298975110054016,0.15148618817329407,0.10786404460668564,0.13078001141548157
2021-02-25,1.6684211122378878,-0.030414724722504616,0.09700272977352142,0.4887336194515228,0.16696947813034058,0.11050230264663696,0.13679185509681702
2021-02-26,1.6695147016529785,0.0006554636638611555,0.17377878725528717,0.35258394479751587,0.23474299907684326,0.10964581370353699,0.1292484700679779
2021-03-01,1.7035932553810884,0.020412251353263855,0.2368311733007431,0.2725081741809845,0.24094346165657043,0.11416693031787872,0.13555024564266205
2021-03-02,1.6872933620146264,-0.00956794898957014,0.2879297733306885,0.22208917140960693,0.23124368488788605,0.11827725172042847,0.14046016335487366
2021-03-03,1.660354944414484,-0.01596546173095703,0.29148268699645996,0.23370429873466492,0.22372455894947052,0.12006023526191711,0.13102832436561584
2021-03-04,1.6339537189092272,-0.015900952741503716,0.289742648601532,0.24056948721408844,0.2213069647550583,0.11885718256235123,0.12952373921871185
2021-03-05,1.656551908410535,0.01383037306368351,0.286662220954895,0.2456260472536087,0.22029218077659607,0.11823000758886337,0.12918952107429504
2021-03-08,1.6408999107842097,-0.009448540396988392,0.299944669008255,0.23071759939193726,0.21501468122005463,0.11884719133377075,0.13547585904598236
2021-03-09,1.6778630692437182,0.022526150569319725,0.2856951653957367,0.24793823063373566,0.21343615651130676,0.12088252604007721,0.13204793632030487
2021-03-10,1.687422458057334,0.0056973593309521675,0.29218339920043945,0.23888717591762543,0.2104799896478653,0.12072109431028366,0.13772833347320557
2021-03-11,1.7078238534384667,0.012090271338820457,0.2833622097969055,0.24864616990089417,0.210090771317482,0.12231296300888062,0.1355879157781601
2021-03-12,1.7026732270287628,-0.0030159002635627985,0.28545206785202026,0.24401657283306122,0.21055203676223755,0.12240109592676163,0.13757823407649994
2021-03-15,1.7135648114880926,0.006396755576133728,0.2765014171600342,0.25269249081611633,0.21296502649784088,0.12268102169036865,0.13516007363796234
2021-03-16,1.7085016261850745,-0.002954767318442464,0.2789681553840637,0.2501239776611328,0.21387138962745667,0.12173710763454437,0.13529935479164124
2021-03-17,1.7148417199305788,0.003710908815264702,0.2788161635398865,0.25085562467575073,0.21623361110687256,0.12093878537416458,0.13315574824810028
2021-03-18,1.6798039764045392,-0.020432056859135628,0.287332147359848,0.24093933403491974,0.2175026386976242,0.11990585178136826,0.13432012498378754
2021-03-19,1.685318834798058,0.0032830368727445602,0.2829369604587555,0.2488139569759369,0.22073154151439667,0.11905547976493835,0.12846198678016663
2021-03-22,1.6957639420855721,0.006197704002261162,0.29521796107292175,0.23595790565013885,0.21851037442684174,0.11785434931516647,0.13245940208435059
2021-03-23,1.6767152344847036,-0.011233112774789333,0.3036736845970154,0.23096449673175812,0.21434612572193146,0.11863481998443604,0.13238085806369781
2021-03-24,1.6606499128381398,-0.009581425227224827,0.29338860511779785,0.24530765414237976,0.21356716752052307,0.11896608024835587,0.12877051532268524
2021-03-25,1.6682012714347736,0.004547230899333954,0.26974397897720337,0.26786738634109497,0.21038620173931122,0.12027599662542343,0.1317264586687088
2021-03-26,1.6875749196404146,0.011613495647907257,0.20644377171993256,0.3310677409172058,0.18959374725818634,0.12865570187568665,0.14423899352550507
2021-03-29,1.6737582821924657,-0.008187273517251015,0.15594005584716797,0.3864549994468689,0.1794254630804062,0.13183952867984772,0.14633989334106445
2021-03-30,1.6710297396344496,-0.0016301891300827265,0.10724275559186935,0.46448904275894165,0.1624191701412201,0.12772278487682343,0.13812623918056488
2021-03-31,1.6900680886640578,0.011393183842301369,0.08995923399925232,0.5000532269477844,0.15419326722621918,0.11982562392950058,0.1359686553478241
2021-04-01,1.7155761047661093,0.015092892572283745,0.08344829082489014,0.5139573812484741,0.15107448399066925,0.11514856666326523,0.13637125492095947
2021-04-05,1.7356868377549115,0.011722437106072903,0.08214163780212402,0.5199472308158875,0.1493264138698578,0.11314958333969116,0.13543519377708435
2021-04-06,1.7374174121392782,0.0009970545070245862,0.08161090314388275,0.521140456199646,0.14917553961277008,0.11256346106529236,0.13550962507724762
2021-04-07,1.7336369341766131,-0.0021759180817753077,0.07838422060012817,0.5313336253166199,0.1477697640657425,0.11070390790700912,0.13180847465991974
2021-04-08,1.750044685040858,0.009464352391660213,0.07706324756145477,0.5357632637023926,0.14716841280460358,0.10924937576055527,0.13075561821460724
2021-04-09,1.7542462829878738,0.002400851808488369,0.07839919626712799,0.5321872234344482,0.1474609673023224,0.1090623065829277,0.13289029896259308
2021-04-12,1.7505649819978293,-0.002098508644849062,0.07853889465332031,0.5314359068870544,0.14768032729625702,0.10969464480876923,0.1326502114534378
2021-04-13,1.7642076117210532,0.007793272379785776,0.07745964825153351,0.5348988175392151,0.14722581207752228,0.1092289611697197,0.13118673861026764
2021-04-14,1.7532814666968097,-0.006193230859935284,0.0779414027929306,0.5338726043701172,0.147245854139328,0.10891693830490112,0.13202311098575592
2021-04-15,1.7768294448248836,0.013430803082883358,0.07684894651174545,0.5362523198127747,0.1471036672592163,0.10867296904325485,0.1311221569776535
2021-04-16,1.7787377156408775,0.0010739752324298024,0.07876572012901306,0.5318189263343811,0.14730295538902283,0.1090128943324089,0.1330994814634323
2021-04-19,1.7646909099015613,-0.007897064089775085,0.07749905437231064,0.5330860614776611,0.14776621758937836,0.10925491899251938,0.1323937624692917
2021-04-20,1.753075388403518,-0.006582184694707394,0.07573392987251282,0.5396129488945007,0.14677070081233978,0.10830159485340118,0.1295807808637619
2021-04-21,1.7712098330025952,0.010344360955059528,0.07471650838851929,0.5443127751350403,0.14578689634799957,0.10692444443702698,0.12825940549373627
2021-04-22,1.756715289451915,-0.008183414116501808,0.07831144332885742,0.5321139693260193,0.14752334356307983,0.10812272131443024,0.13392852246761322
2021-04-23,1.773506331908693,0.009558203630149364,0.07594265788793564,0.5395309925079346,0.14668473601341248,0.10822220891714096,0.12961935997009277
2021-04-26,1.782962708293213,0.0053320229053497314,0.07917682826519012,0.529303252696991,0.14805735647678375,0.10918595641851425,0.1342765837907791
2021-04-27,1.7769086523785669,-0.0033955033868551254,0.07852130383253098,0.5298228859901428,0.1483420580625534,0.10990496724843979,0.13340887427330017
2021-04-28,1.7749213562622248,-0.0011184008326381445,0.0771009624004364,0.5336600542068481,0.14797542989253998,0.10944300144910812,0.13182058930397034
2021-04-29,1.7766907828432994,0.0009969042148441076,0.0766785517334938,0.5357398390769958,0.147505521774292,0.10874249786138535,0.13133355975151062
2021-04-30,1.7656081630020684,-0.006237787660211325,0.07723624259233475,0.534555196762085,0.1475466936826706,0.10884542018175125,0.13181649148464203
2021-05-03,1.7651189444027064,-0.00027708220295608044,0.07543090730905533,0.5406559109687805,0.14666317403316498,0.10796073824167252,0.12928931415081024
2021-05-04,1.7434938953487276,-0.012251326814293861,0.07586266845464706,0.5384270548820496,0.1470056176185608,0.10755951702594757,0.13114520907402039
2021-05-05,1.7405542781198011,-0.0016860496252775192,0.0745692104101181,0.5442356467247009,0.14591731131076813,0.10707882791757584,0.12819895148277283
2021-05-06,1.7529417055565868,0.007116944063454866,0.07539703696966171,0.5413028001785278,0.14634135365486145,0.10688720643520355,0.13007162511348724
2021-05-07,1.7658786085382279,0.007380110211670399,0.07672157883644104,0.536031186580658,0.14723564684391022,0.10779090970754623,0.13222062587738037
2021-05-10,1.732538441553632,-0.018880214542150497,0.07792786508798599,0.5309414863586426,0.14827792346477509,0.10909058898687363,0.13376210629940033
2021-05-11,1.7282597082385196,-0.0024696325417608023,0.07366731017827988,0.5445524454116821,0.14650364220142365,0.10766669362783432,0.12760983407497406
2021-05-12,1.6883704300427314,-0.023080604150891304,0.075586698949337,0.5403833389282227,0.14724156260490417,0.106870137155056,0.12991823256015778
2021-05-13,1.702655973502836,0.008461142890155315,0.07387160509824753,0.5475443005561829,0.1470896452665329,0.10582581907510757,0.12566857039928436
2021-05-14,1.7343435597859622,0.018610680475831032,0.07835422456264496,0.5331844687461853,0.14766278862953186,0.1074625626206398,0.1333359032869339
2021-05-17,1.7311360880324274,-0.0018493866082280874,0.08104058355093002,0.5237197279930115,0.14875024557113647,0.11032360792160034,0.13616590201854706
2021-05-18,1.721733938638985,-0.00543120177462697,0.07737443596124649,0.5328091979026794,0.1479436457157135,0.1099863201379776,0.13188639283180237
2021-05-19,1.7202025519726942,-0.0008894444326870143,0.0758381113409996,0.5388567447662354,0.14698123931884766,0.10842455923557281,0.12989933788776398
2021-05-20,1.7435783898242339,0.013589003123342991,0.0761382058262825,0.5388174653053284,0.14675776660442352,0.1078566387295723,0.1304299235343933
2021-05-21,1.7397096152646188,-0.00221887044608593,0.07896342873573303,0.5309069752693176,0.14755037426948547,0.10899288952350616,0.13358625769615173
2021-05-24,1.759367563317176,0.0112995570525527,0.07708532363176346,0.5353624820709229,0.1472269892692566,0.10904763638973236,0.13127753138542175
2021-05-25,1.7617222686138045,0.0013383816694840789,0.07901526987552643,0.5297919511795044,0.14790944755077362,0.10958639532327652,0.13369697332382202
2021-05-26,1.7693339643302706,0.004320599138736725,0.07673897594213486,0.5365535020828247,0.14706331491470337,0.10895475000143051,0.13068950176239014
2021-05-27,1.7678736292006747,-0.0008253586711362004,0.07808616757392883,0.531851053237915,0.14783091843128204,0.10912121087312698,0.1331106275320053
2021-05-28,1.7714856592056127,0.002043149434030056,0.07739976793527603,0.5330770015716553,0.14783434569835663,0.10935020446777344,0.132338747382164
2021-06-01,1.7704945332730007,-0.0005594885442405939,0.07716230303049088,0.5341215133666992,0.1476556658744812,0.10913524031639099,0.13192524015903473
2021-06-02,1.7744504549735842,0.002234359737485647,0.07724475860595703,0.5340757966041565,0.14763322472572327,0.10904625058174133,0.13199998438358307
2021-06-03,1.7564668481014643,-0.010134747251868248,0.07702311128377914,0.5347990989685059,0.14750124514102936,0.10890883207321167,0.13176771998405457
2021-06-04,1.7797635683541757,0.0132633987814188,0.07602526247501373,0.5390969514846802,0.14679346978664398,0.10843586921691895,0.12964849174022675
2021-06-07,1.7862945282490095,0.003669566009193659,0.07826399058103561,0.5327863097190857,0.14736129343509674,0.10868174582719803,0.13290667533874512
2021-06-08,1.7901923141424265,0.0021820510737597942,0.07766947895288467,0.5321018099784851,0.14801864326000214,0.10929768532514572,0.13291233777999878
2021-06-09,1.789710768645829,-0.00026899093063548207,0.07770498842000961,0.5328404307365417,0.14783018827438354,0.10938027501106262,0.13224409520626068
2021-06-10,1.8005132525793623,0.006035882513970137,0.07669035345315933,0.5368468165397644,0.14711768925189972,0.10874815285205841,0.13059701025485992
2021-06-11,1.8030509167476676,0.0014094115467742085,0.07694794237613678,0.5356554388999939,0.14735886454582214,0.10850318521261215,0.1315346360206604
2021-06-14,1.8088305680541854,0.0032054842449724674,0.07755626738071442,0.5330342650413513,0.14795203506946564,0.1090376004576683,0.13241983950138092
2021-06-15,1.8003484551498492,-0.004689279943704605,0.07728127390146255,0.5326518416404724,0.1483311504125595,0.10933255404233932,0.1324032098054886
2021-06-16,1.7913032386256036,-0.0050241476856172085,0.07598897069692612,0.5368689298629761,0.14767305552959442,0.10872947424650192,0.13073964416980743
2021-06-17,1.7960364958973702,0.0026423539966344833,0.07597669214010239,0.5381433367729187,0.14736607670783997,0.10823018103837967,0.1302836686372757
2021-06-18,1.7828149706190373,-0.007361501455307007,0.07755697518587112,0.5366213917732239,0.1469983011484146,0.1084461510181427,0.13037718832492828
2021-06-21,1.795768844267305,0.007265966385602951,0.07447656244039536,0.5457853078842163,0.14564666152000427,0.10686580091714859,0.12722571194171906
2021-06-22,1.8060394701221028,0.005719347391277552,0.07746884226799011,0.5319977402687073,0.14817297458648682,0.10799148678779602,0.1343688666820526
2021-06-23,1.8065492789991027,0.00028228003066033125,0.07811160385608673,0.5307166576385498,0.14845220744609833,0.10957340896129608,0.13314616680145264
2021-06-24,1.817239343827608,0.005917394533753395,0.07704171538352966,0.533332347869873,0.14827167987823486,0.10931070148944855,0.1320435106754303
2021-06-25,1.8157361788473552,-0.0008271695114672184,0.0781894251704216,0.5301530361175537,0.14858728647232056,0.10956888645887375,0.133501335978508
2021-06-28,1.8275796418277526,0.006522678304463625,0.07695528119802475,0.5325053334236145,0.1485448032617569,0.10949818789958954,0.13249634206295013
2021-06-29,1.8276769923537988,5.32674603164196e-05,0.0773739442229271,0.5337987542152405,0.14794042706489563,0.10915378481149673,0.13173304498195648
2021-06-30,1.8283324424209042,0.0003586246748454869,0.07700933516025543,0.5351253747940063,0.14771704375743866,0.10888449847698212,0.13126373291015625
2021-07-01,1.8326913929841457,0.0023841126821935177,0.076387919485569,0.5364763140678406,0.14753296971321106,0.10838473588228226,0.1312180459499359
2021-07-02,1.845126254819538,0.0067850276827812195,0.07701823115348816,0.5338304042816162,0.14800439774990082,0.10868125408887863,0.132465660572052
2021-07-06,1.848668359707278,0.0019197086803615093,0.07719189673662186,0.5338341593742371,0.14793173968791962,0.10896972566843033,0.1320725381374359
2021-07-07,1.8513996369272776,0.0014774295268580317,0.07603476941585541,0.538245439529419,0.14721406996250153,0.10827573388814926,0.13023005425930023
2021-07-08,1.8423134552516938,-0.0049077365547418594,0.07608604431152344,0.5384328961372375,0.14704646170139313,0.10787055641412735,0.13056395947933197
2021-07-09,1.8536287767189272,0.006141908932477236,0.07488780468702316,0.541809618473053,0.14672252535820007,0.10727974027395248,0.1293003112077713
2021-07-12,1.8576386693795492,0.0021632662974298,0.07771849632263184,0.5306758880615234,0.148596853017807,0.1086348220705986,0.13437391817569733
2021-07-13,1.8506581555048722,-0.003757735015824437,0.07736767083406448,0.5320824980735779,0.1484588384628296,0.10951825231313705,0.1325727105140686
2021-07-14,1.8532498033106175,0.0014003925025463104,0.07550974190235138,0.5379534959793091,0.14769014716148376,0.10858657956123352,0.13026000559329987
2021-07-15,1.8464028298107718,-0.0036945766769349575,0.07554290443658829,0.5399002432823181,0.14690478146076202,0.10765836387872696,0.1299937665462494
2021-07-16,1.831120041947482,-0.008277060464024544,0.0752502828836441,0.5414362549781799,0.1465493142604828,0.10724345594644547,0.12952063977718353
2021-07-19,1.8213866119453952,-0.005315560847520828,0.07449224591255188,0.5431987047195435,0.14647148549556732,0.10698410123586655,0.1288534551858902
2021-07-20,1.8407402375619137,0.010625764727592468,0.07376650720834732,0.5472789406776428,0.14554394781589508,0.1060330718755722,0.12737752497196198
2021-07-21,1.8505958269841212,0.005354144610464573,0.07844168692827225,0.5295731425285339,0.14840483665466309,0.10837698727846146,0.13520336151123047
2021-07-22,1.855297260763921,0.0025404973421245813,0.07877369970083237,0.526158332824707,0.14946739375591278,0.11058653891086578,0.13501407206058502
2021-07-23,1.8673998979887017,0.0065232873894274235,0.07713297009468079,0.533537745475769,0.1480836272239685,0.1099485456943512,0.13129712641239166
2021-07-26,1.8681427697812591,0.0003978107706643641,0.07835151255130768,0.529279887676239,0.14869898557662964,0.10995572060346603,0.13371382653713226
2021-07-27,1.85580981146674,-0.00660172151401639,0.07741332799196243,0.5317794680595398,0.1484619379043579,0.10987605899572372,0.13246914744377136
2021-07-28,1.8647974099719062,0.004842952359467745,0.07532251626253128,0.540034294128418,0.146945059299469,0.1083911657333374,0.12930694222450256
2021-07-29,1.8708797589726216,0.0032616674434393644,0.07683823257684708,0.5344597697257996,0.14786255359649658,0.10833568125963211,0.13250376284122467
2021-07-30,1.8621195258308922,-0.0046824137680232525,0.07689114660024643,0.5327944755554199,0.14833834767341614,0.10904651135206223,0.13292956352233887
2021-08-02,1.8620324349186992,-4.6769775508437306e-05,0.07599341869354248,0.5376664996147156,0.14740854501724243,0.10868898034095764,0.13024260103702545
2021-08-03,1.8703040717097328,0.004442262463271618,0.07605595141649246,0.5384239554405212,0.1470591127872467,0.10805857181549072,0.13040241599082947
2021-08-04,1.8680448423677292,-0.0012079476146027446,0.07734473794698715,0.5336228013038635,0.14778412878513336,0.10871265083551407,0.1325356513261795
2021-08-05,1.8781979352023013,0.005435144063085318,0.0758000835776329,0.5380454063415527,0.1473701149225235,0.1084517315030098,0.13033272325992584
2021-08-06,1.8659539986351714,-0.0065189809538424015,0.07795896381139755,0.530598521232605,0.14848759770393372,0.10921220481395721,0.13374271988868713
2021-08-09,1.8609725907940964,-0.0026696305721998215,0.07752900570631027,0.5312772393226624,0.14870032668113708,0.10999146848917007,0.132502019405365
2021-08-10,1.8557230474118431,-0.002820860128849745,0.07714292407035828,0.533852756023407,0.1481269896030426,0.1095103770494461,0.13136695325374603
2021-08-11,1.858926213102885,0.0017261011525988579,0.07638020068407059,0.5353026986122131,0.14795103669166565,0.10883941501379013,0.1315266191959381
2021-08-12,1.8620055664333295,0.0016565226251259446,0.07628391683101654,0.5350735187530518,0.14802490174770355,0.10857667028903961,0.1320410668849945
2021-08-13,1.869902281619794,0.004240972921252251,0.07666396349668503,0.5345771908760071,0.14804910123348236,0.1088237389922142,0.13188600540161133
2021-08-16,1.8698010944287844,-5.411362508311868e-05,0.07616747170686722,0.537390947341919,0.14734993875026703,0.10828729718923569,0.13080427050590515
2021-08-17,1.8561417595172585,-0.007305234204977751,0.07578778266906738,0.5381300449371338,0.1473589837551117,0.10802017152309418,0.13070307672023773
2021-08-18,1.8433518739031265,-0.006890575867146254,0.0745059922337532,0.5420455932617188,0.14691807329654694,0.10735595971345901,0.1291743367910385
2021-08-19,1.8458881842350199,0.0013759230496361852,0.07395900785923004,0.5442540049552917,0.14653180539608002,0.10657819360494614,0.12867695093154907
2021-08-20,1.862076476116545,0.008769920095801353,0.07543214410543442,0.5408136248588562,0.14673689007759094,0.10698476433753967,0.1300325095653534
2021-08-23,1.8861254909476377,0.012915159575641155,0.07779048383235931,0.5316854119300842,0.14828690886497498,0.10854705423116684,0.13369008898735046
2021-08-24,1.8904053644825194,0.0022691350895911455,0.07883261889219284,0.5265028476715088,0.14936497807502747,0.11008698493242264,0.13521261513233185
2021-08-25,1.8893535188633663,-0.0005564127350226045,0.07783923298120499,0.5288172960281372,0.14934805035591125,0.11042695492506027,0.1335684210062027
2021-08-26,1.8799565181786566,-0.0049736592918634415,0.07739143073558807,0.5309159159660339,0.1489715725183487,0.11003927886486053,0.13268178701400757
2021-08-27,1.9037575547183374,0.012660418637096882,0.07544071972370148,0.5383352637290955,0.14764663577079773,0.10862011462450027,0.12995728850364685
2021-08-30,1.9137591619204286,0.00525361392647028,0.078389473259449,0.5290516018867493,0.14874927699565887,0.10911215096712112,0.1346975713968277
2021-08-31,1.912335918693845,-0.0007436898304149508,0.07798341661691666,0.5307875275611877,0.14857129752635956,0.10995323210954666,0.13270454108715057
2021-09-01,1.9163724177015413,0.0021107688080519438,0.07666733115911484,0.5336105823516846,0.14842845499515533,0.10931120812892914,0.1319824755191803
2021-09-02,1.9185473117102825,0.0011349015403538942,0.07701737433671951,0.533393383026123,0.14829090237617493,0.1090855523943901,0.13221284747123718
2021-09-03,1.9211199431049077,0.0013409267412498593,0.07718338072299957,0.5334268808364868,0.1481357365846634,0.10911711305379868,0.13213691115379333
2021-09-07,1.9133023701638308,-0.004069278948009014,0.07603967934846878,0.5350666642189026,0.14827756583690643,0.1087900698184967,0.1318259835243225
2021-09-08,1.9072261762799667,-0.0031757624819874763,0.07629535347223282,0.5359468460083008,0.14801500737667084,0.1088106632232666,0.13093216717243195
2021-09-09,1.906498076818773,-0.00038175832014530897,0.07562888413667679,0.5392308831214905,0.14715833961963654,0.10806936025619507,0.12991245090961456
2021-09-10,1.8916884006259975,-0.007767999544739723,0.07550867646932602,0.5398884415626526,0.14695051312446594,0.10751735419034958,0.13013502955436707
2021-09-13,1.894963587394259,0.0017313563730567694,0.07453197240829468,0.5417143702507019,0.14699949324131012,0.10727815330028534,0.12947601079940796
2021-09-14,1.891759468999087,-0.0016908601392060518,0.07605579495429993,0.5375306606292725,0.14735549688339233,0.10768353193998337,0.13137447834014893
2021-09-15,1.900872347681912,0.004817144479602575,0.07492873072624207,0.5415109395980835,0.1467421054840088,0.10742656141519547,0.129391610622406
2021-09-16,1.8948061482545575,-0.0031912713311612606,0.0772973820567131,0.5333273410797119,0.14802119135856628,0.10846052318811417,0.13289353251457214
2021-09-17,1.880297919595216,-0.007656840607523918,0.07706832885742188,0.5339826345443726,0.14815452694892883,0.10920020192861557,0.13159433007240295
2021-09-20,1.8543354315489864,-0.013807645998895168,0.07513859122991562,0.5388707518577576,0.14763665199279785,0.10817481577396393,0.13017916679382324
2021-09-21,1.8572585038388918,0.0015763449482619762,0.07262658327817917,0.5492770671844482,0.14560091495513916,0.10612913221120834,0.1263662427663803
2021-09-22,1.87242747352985,0.008167398162186146,0.07498131692409515,0.5413939952850342,0.14672166109085083,0.10633091628551483,0.1305721253156662
2021-09-23,1.8806586149025464,0.004395973403006792,0.07798819988965988,0.532122015953064,0.1479567140340805,0.1084865853190422,0.13344642519950867
2021-09-24,1.8781000681861808,-0.001360452501103282,0.07920397073030472,0.5251733064651489,0.14963985979557037,0.11054790765047073,0.13543492555618286
2021-09-27,1.8736858688624338,-0.0023503536358475685,0.07763653993606567,0.5302675366401672,0.14933215081691742,0.11031992733478546,0.13244390487670898
2021-09-28,1.8302067003947302,-0.02320515364408493,0.08160349726676941,0.5219078063964844,0.15406736731529236,0.10963036119937897,0.13279104232788086
2021-09-29,1.8278548246901465,-0.0012850328348577023,0.14102570712566376,0.4055977463722229,0.21399137377738953,0.10866888612508774,0.13071627914905548
2021-09-30,1.8220306692786976,-0.003186333691701293,0.1854933798313141,0.3313526213169098,0.22874262928962708,0.11494562774896622,0.139465793967247
2021-10-01,1.8393380714324614,0.009498963132500648,0.2235289216041565,0.2829170525074005,0.237972229719162,0.11813002824783325,0.13745176792144775
2021-10-04,1.8202123043858567,-0.010398179292678833,0.2638576924800873,0.24420225620269775,0.23368346691131592,0.11988111585378647,0.13837546110153198
2021-10-05,1.8295122132285353,0.005109244026243687,0.27765506505966187,0.24011200666427612,0.23046569526195526,0.11976336687803268,0.13200385868549347
2021-10-06,1.8341392441582787,0.0025291063357144594,0.2994421422481537,0.22371000051498413,0.22395361959934235,0.11889112740755081,0.1340031772851944
2021-10-07,1.8453149057880698,0.006093136966228485,0.30671384930610657,0.22431805729866028,0.2187596708536148,0.11872847378253937,0.13147997856140137
2021-10-08,1.8378022497996762,-0.004071205388754606,0.31491759419441223,0.21878227591514587,0.21555104851722717,0.11831129342317581,0.1324377804994583
2021-10-11,1.8271775940446195,-0.005781174637377262,0.30945485830307007,0.22729799151420593,0.21520370244979858,0.11821397393941879,0.12982948124408722
2021-10-12,1.831198371710946,0.002200540155172348,0.3046618103981018,0.23199805617332458,0.21619553864002228,0.11763297766447067,0.12951160967350006
2021-10-13,1.8447361137745846,0.007392832078039646,0.30573606491088867,0.23076780140399933,0.21593070030212402,0.11727477610111237,0.1302906572818756
2021-10-14,1.8691261402112302,0.013221417553722858,0.30850541591644287,0.22717110812664032,0.21562592685222626,0.11721187084913254,0.1314856857061386
2021-10-15,1.8696842770590374,0.0002986084436997771,0.3183266520500183,0.21794883906841278,0.2133110612630844,0.11771861463785172,0.13269485533237457
2021-10-18,1.8757806090678786,0.003260621102526784,0.3177878260612488,0.22128626704216003,0.21243084967136383,0.11824922263622284,0.1302458643913269
2021-10-19,1.8827034181337228,0.003690628334879875,0.3160598576068878,0.2237468659877777,0.21237421035766602,0.11764860153198242,0.13017043471336365
2021-10-20,1.88779331380112,0.002703503705561161,0.3147447407245636,0.22304007411003113,0.2132737636566162,0.11760799586772919,0.13133342564105988
2021-10-21,1.8924622938389923,0.0024732474703341722,0.3109499216079712,0.2260924130678177,0.2139384150505066,0.1178400069475174,0.13117928802967072
2021-10-22,1.89121251202755,-0.0006603998481296003,0.3076723515987396,0.22894687950611115,0.21364150941371918,0.11827956885099411,0.13145962357521057
2021-10-25,1.9040362828001873,0.006780713796615601,0.29325929284095764,0.24328696727752686,0.21265463531017303,0.11930917948484421,0.13148991763591766
2021-10-26,1.9030704081555418,-0.0005072774365544319,0.2673824429512024,0.2648218870162964,0.20728854835033417,0.12275443226099014,0.13775263726711273
2021-10-27,1.9012859725134772,-0.0009376613888889551,0.1997818946838379,0.3381679654121399,0.19089417159557343,0.12964974343776703,0.14150625467300415
2021-10-28,1.918289487918352,0.0089431656524539,0.13900955021381378,0.41535505652427673,0.17682698369026184,0.12900929152965546,0.13979916274547577
2021-10-29,1.9213921480481513,0.0016174097545444965,0.10446697473526001,0.4649062156677246,0.1630377173423767,0.12536293268203735,0.14222611486911774
2021-11-01,1.9322618114778591,0.005657181143760681,0.0867430567741394,0.503242015838623,0.1541968137025833,0.11957983672618866,0.1362382471561432
2021-11-02,1.9380858188923555,0.0030140881426632404,0.0813780352473259,0.515986979007721,0.15170243382453918,0.1147816851735115,0.13615088164806366
2021-11-03,1.9504982949130876,0.006404502782970667,0.07900799810886383,0.5256611704826355,0.1497260481119156,0.11223848909139633,0.13336624205112457
2021-11-04,1.9693804283964178,0.009680671617388725,0.07945416867733002,0.5240961909294128,0.14994192123413086,0.11148297041654587,0.1350247710943222
2021-11-05,1.9815342136310918,0.006171375047415495,0.07837359607219696,0.5286407470703125,0.14899924397468567,0.11069224029779434,0.1332942247390747
2021-11-08,1.9816856157048233,7.640648982487619e-05,0.07779372483491898,0.5310652256011963,0.14844825863838196,0.1098070740699768,0.13288575410842896
2021-11-09,1.976251298676127,-0.0027422700077295303,0.07672333717346191,0.5336602926254272,0.14830704033374786,0.10927934944629669,0.1320299655199051
2021-11-10,1.9534794188442504,-0.011522765271365643,0.07556693255901337,0.5390758514404297,0.14719143509864807,0.1082029715180397,0.12996280193328857
2021-11-11,1.9598644238120655,0.0032685294281691313,0.07336676865816116,0.5437748432159424,0.1469103991985321,0.10697546601295471,0.12897251546382904
2021-11-12,1.9718533566861915,0.0061172256246209145,0.07588829100131989,0.5371155738830566,0.1476472020149231,0.10750860720872879,0.13184037804603577
2021-11-15,1.967384374352496,-0.0022663867566734552,0.07720958441495895,0.5326194167137146,0.1483120620250702,0.10887663811445236,0.1329822540283203
2021-11-16,1.9735473135259216,0.003132554702460766,0.07623983174562454,0.534527063369751,0.14833438396453857,0.10908110439777374,0.13181757926940918
2021-11-17,1.973951946993235,0.0002050285111181438,0.0773346945643425,0.5324289202690125,0.14840637147426605,0.10930956900119781,0.13252046704292297
2021-11-18,1.984146747861152,0.005164665170013905,0.0756952166557312,0.5380611419677734,0.1474503129720688,0.10847083479166031,0.13032245635986328
2021-11-19,1.9873497660244333,0.001614305074326694,0.07692047953605652,0.5350961685180664,0.147714301943779,0.10853354632854462,0.13173550367355347
2021-11-22,1.964780744949164,-0.01135634072124958,0.07655614614486694,0.5370194911956787,0.14733219146728516,0.10848667472600937,0.13060545921325684
2021-11-23,1.954324859758804,-0.005321654956787825,0.07566048204898834,0.538794994354248,0.14730219542980194,0.10819754004478455,0.1300448328256607
2021-11-24,1.9615285938111724,0.0036860473919659853,0.07586774230003357,0.5370641350746155,0.14771296083927155,0.10817448049783707,0.13118068873882294
2021-11-26,1.9317735961086762,-0.015169290825724602,0.07692776620388031,0.5359557271003723,0.14747588336467743,0.10834488272666931,0.13129572570323944
2021-11-29,1.953962738177192,0.011486409232020378,0.07586666941642761,0.5442283153533936,0.1485869139432907,0.10623344033956528,0.12508471310138702
2021-11-30,1.9309658037446684,-0.011769382283091545,0.08166313916444778,0.5248603224754333,0.15178292989730835,0.1079561784863472,0.13373738527297974
2021-12-01,1.9072082406667048,-0.012303461320698261,0.08029962331056595,0.5306923389434814,0.15268278121948242,0.10811740159988403,0.12820793688297272
2021-12-02,1.9236734852807194,0.008633165620267391,0.07912977784872055,0.5337339639663696,0.15174299478530884,0.10719015449285507,0.12820303440093994
2021-12-03,1.9033919324563568,-0.010543136857450008,0.08470621705055237,0.5161486268043518,0.1536698341369629,0.10971757769584656,0.13575772941112518
2021-12-06,1.9154928075651758,0.0063575319945812225,0.08039447665214539,0.5283384919166565,0.15232184529304504,0.10947342216968536,0.12947186827659607
2021-12-07,1.9540157939421572,0.020111266523599625,0.0851091668009758,0.5132999420166016,0.15505953133106232,0.11062753945589066,0.13590388000011444
2021-12-08,1.9571964531524428,0.001627755118533969,0.09283120930194855,0.49273478984832764,0.1605077087879181,0.11385314911603928,0.14007313549518585
2021-12-09,1.9339991867923096,-0.011852293275296688,0.0931742936372757,0.49111208319664,0.1633341908454895,0.1151045635342598,0.13727495074272156
2021-12-10,1.9455809725996738,0.005988516379147768,0.09814339876174927,0.4861602187156677,0.16969610750675201,0.11365001648664474,0.13235020637512207
2021-12-13,1.929557310242855,-0.008235926739871502,0.11299273371696472,0.45374584197998047,0.18049292266368866,0.11463738232851028,0.1381310373544693
2021-12-14,1.9132502173577948,-0.008451209403574467,0.14934141933918,0.39001619815826416,0.21015088260173798,0.11511760950088501,0.13537389039993286
2021-12-15,1.9388260033270297,0.01336771622300148,0.18890076875686646,0.32826361060142517,0.22763678431510925,0.11746969819068909,0.13772906363010406
2021-12-16,1.9154209315224087,-0.012071775272488594,0.23716188967227936,0.26744240522384644,0.2330368608236313,0.12013405561447144,0.1422247588634491
2021-12-17,1.913827146462715,-0.0008320808410644531,0.2597416639328003,0.2530272305011749,0.2339394986629486,0.120387502014637,0.13290417194366455
2021-12-20,1.894648671827426,-0.010021006688475609,0.28463947772979736,0.23528577387332916,0.22827580571174622,0.11885269731283188,0.13294617831707
2021-12-21,1.9252141021557698,0.016132505610585213,0.2924219071865082,0.2344549000263214,0.2237624078989029,0.11862756311893463,0.13073331117630005
2021-12-22,1.9437376393618375,0.009621546603739262,0.3154006004333496,0.21485424041748047,0.21668000519275665,0.11826872825622559,0.1347963660955429
2021-12-23,1.9526126871904512,0.004565970040857792,0.31923192739486694,0.21804244816303253,0.2118910253047943,0.11880318820476532,0.1320314258337021
2021-12-27,1.9734263803275611,0.010659406892955303,0.31590545177459717,0.22328956425189972,0.21029570698738098,0.11881566047668457,0.13169355690479279
2021-12-28,1.9662484193451324,-0.003637308720499277,0.3117538094520569,0.22761787474155426,0.20804555714130402,0.11946706473827362,0.13311564922332764
2021-12-29,1.964638304509389,-0.0008188766078092158,0.28751739859580994,0.250993013381958,0.20746541023254395,0.12135478109121323,0.13266931474208832
2021-12-30,1.9654712013067122,0.0004239440895617008,0.25453290343284607,0.2790214717388153,0.20496617257595062,0.12415279448032379,0.1373266577720642
2021-12-31,1.9620488373012301,-0.001741243526339531,0.222914919257164,0.30806058645248413,0.20433171093463898,0.1259612888097763,0.1387314647436142
2022-01-03,1.964802671701362,0.0014035503845661879,0.19813920557498932,0.33071717619895935,0.20475466549396515,0.1264791488647461,0.13990986347198486
2022-01-04,1.9565905748197723,-0.004179603885859251,0.19007501006126404,0.33161690831184387,0.2068108320236206,0.12749814987182617,0.14399904012680054
2022-01-05,1.912575255514033,-0.022495927289128304,0.1806502789258957,0.34292152523994446,0.20827531814575195,0.12712036073207855,0.14103248715400696
2022-01-06,1.9115207275200872,-0.0005513654905371368,0.17393459379673004,0.35382652282714844,0.21241538226604462,0.12434490025043488,0.13547858595848083
2022-01-07,1.89775436757391,-0.007201784290373325,0.1722414791584015,0.35401323437690735,0.20676970481872559,0.12495604902505875,0.1420196145772934
2022-01-10,1.8978798572884572,6.612537254113704e-05,0.16210965812206268,0.36753907799720764,0.2040623277425766,0.12559039890766144,0.14069853723049164
2022-01-11,1.919988458580331,0.01164910476654768,0.15958361327648163,0.37044480443000793,0.20315654575824738,0.1252111792564392,0.14160381257534027
2022-01-12,1.9204612293872134,0.00024623627541586757,0.16449585556983948,0.36121073365211487,0.20428255200386047,0.12561368942260742,0.14439713954925537
2022-01-13,1.8962270330083921,-0.01261894591152668,0.16949522495269775,0.3541991710662842,0.20868928730487823,0.12568128108978271,0.14193511009216309
2022-01-14,1.8964728854613355,0.0001296534901484847,0.1967540681362152,0.31932538747787476,0.22608669102191925,0.12194672226905823,0.13588713109493256
2022-01-18,1.8582148183461118,-0.020173273980617523,0.22627800703048706,0.28235092759132385,0.22982139885425568,0.12170077860355377,0.13984882831573486
2022-01-19,1.846177802092298,-0.00647773128002882,0.2524550259113312,0.25907397270202637,0.23688693344593048,0.1198030337691307,0.13178105652332306
2022-01-20,1.8275771152031401,-0.010075241327285767,0.2734382748603821,0.24428746104240417,0.2318652868270874,0.11825183779001236,0.132157102227211
2022-01-21,1.7988771294588586,-0.015703843906521797,0.284657746553421,0.2398877590894699,0.22670374810695648,0.11815487593412399,0.1305958330631256
2022-01-24,1.8117598833939772,0.007161553017795086,0.2851533889770508,0.24465565383434296,0.22393380105495453,0.11769895255565643,0.1285582035779953
2022-01-25,1.7904835826291623,-0.01174344401806593,0.30192312598228455,0.22627636790275574,0.22063300013542175,0.11736509948968887,0.1338024139404297
2022-01-26,1.7764272214925996,-0.007850594818592072,0.2964026927947998,0.23668727278709412,0.2196187674999237,0.11812806874513626,0.1291632056236267
2022-01-27,1.7614723383965871,-0.00841851718723774,0.30072450637817383,0.23254363238811493,0.21886976063251495,0.1176755353808403,0.1301865130662918
2022-01-28,1.7941027746953302,0.018524523824453354,0.300222784280777,0.23666836321353912,0.21731062233448029,0.11751943081617355,0.12827885150909424
2022-01-31,1.8284005097007507,0.019116928800940514,0.32086604833602905,0.21497470140457153,0.2130766063928604,0.11717910319566727,0.13390350341796875
2022-02-01,1.8385483383623122,0.005550112575292587,0.3330180048942566,0.2070956975221634,0.2084115594625473,0.11786424368619919,0.13361045718193054
2022-02-02,1.845397504032943,0.0037253117188811302,0.32861778140068054,0.2159176617860794,0.2072608470916748,0.11805082112550735,0.1301528811454773
2022-02-03,1.804846417615841,-0.021974174305796623,0.32267525792121887,0.22281798720359802,0.20796707272529602,0.11742345243692398,0.12911628186702728
2022-02-04,1.8117725548249046,0.003837521653622389,0.2992319166660309,0.24430890381336212,0.21339964866638184,0.11710815876722336,0.1259513646364212
2022-02-07,1.8104534926309426,-0.0007280506542883813,0.3075273036956787,0.22884218394756317,0.21518070995807648,0.11653576046228409,0.13191409409046173
2022-02-08,1.8255362253264797,0.008330914191901684,0.3073955774307251,0.22978661954402924,0.21490797400474548,0.11742096394300461,0.13048891723155975
2022-02-09,1.850917895601738,0.013903679326176643,0.3163297474384308,0.2206963449716568,0.2131645232439041,0.117485411465168,0.13232393562793732
2022-02-10,1.8204774138042523,-0.016446154564619064,0.3258570432662964,0.214270681142807,0.2097916156053543,0.11774910986423492,0.13233155012130737
2022-02-11,1.7991684900925224,-0.011705129407346249,0.30823007225990295,0.23404422402381897,0.21242663264274597,0.1179177463054657,0.12738126516342163
2022-02-14,1.7952204090986827,-0.002194392029196024,0.2955557703971863,0.24514080584049225,0.21541441977024078,0.11657416075468063,0.12731482088565826
2022-02-15,1.8198767516515426,0.01373443752527237,0.3006683886051178,0.2345634251832962,0.217158704996109,0.11655791103839874,0.13105161488056183
2022-02-16,1.8249991132161976,0.0028146749828010798,0.32055941224098206,0.21473993360996246,0.2132049798965454,0.11748956143856049,0.13400614261627197
2022-02-17,1.7949988533514627,-0.016438506543636322,0.31805330514907837,0.2229737490415573,0.21103236079216003,0.117941714823246,0.12999892234802246
2022-02-18,1.7852165341193613,-0.005449763499200344,0.2992445230484009,0.2434740513563156,0.21386930346488953,0.11713296920061111,0.12627919018268585
2022-02-22,1.770690811127119,-0.008136672899127007,0.2997255325317383,0.23937471210956573,0.21556155383586884,0.11641564220190048,0.1289225071668625
2022-02-23,1.741159332254349,-0.016677942126989365,0.29837390780448914,0.23908942937850952,0.21674910187721252,0.11671236902475357,0.12907518446445465
2022-02-24,1.7713425359996797,0.01733511872589588,0.29140934348106384,0.24408231675624847,0.2190544754266739,0.11691242456436157,0.1285414695739746
2022-02-25,1.7973347684398908,0.01467374712228775,0.31698063015937805,0.2171056717634201,0.21453168988227844,0.11702444404363632,0.1343575268983841
2022-02-28,1.8055294437280427,0.004559348337352276,0.3289889395236969,0.2112431675195694,0.2090633362531662,0.11818017065525055,0.13252437114715576
2022-03-01,1.7898707390265594,-0.008672638796269894,0.32295721769332886,0.22275659441947937,0.20776818692684174,0.11763188242912292,0.12888604402542114
2022-03-02,1.8062270666091351,0.009138273075222969,0.306290864944458,0.23862476646900177,0.21130980551242828,0.11670875549316406,0.12706579267978668
2022-03-03,1.7966921160320977,-0.005278932396322489,0.3197418451309204,0.2178710401058197,0.21190929412841797,0.11687825620174408,0.13359956443309784
2022-03-04,1.7873242810897845,-0.0052139344625175,0.3109249770641327,0.23126912117004395,0.21183957159519196,0.11767634749412537,0.12828998267650604
2022-03-07,1.7472539017334126,-0.022419199347496033,0.3028509020805359,0.23877133429050446,0.21364258229732513,0.1166929081082344,0.12804223597049713
2022-03-08,1.7474291855861475,0.00010031962301582098,0.28644859790802,0.25174808502197266,0.21839381754398346,0.11642646044492722,0.12698306143283844
2022-03-09,1.7774451684093602,0.017177224159240723,0.29375240206718445,0.2380833923816681,0.21992750465869904,0.11615795642137527,0.13207872211933136
2022-03-10,1.7677119444322518,-0.005475963000208139,0.32510167360305786,0.20942451059818268,0.21287141740322113,0.11770253628492355,0.13489991426467896
2022-03-11,1.7453241709689769,-0.01266483124345541,0.3175874948501587,0.22360637784004211,0.2112148106098175,0.11821115016937256,0.1293802112340927
2022-03-14,1.7175469192544561,-0.015915239229798317,0.30728423595428467,0.23605801165103912,0.21229703724384308,0.11723590642213821,0.1271248608827591
2022-03-15,1.7427812035652415,0.014692049473524094,0.30145424604415894,0.2383195161819458,0.21513207256793976,0.11683878302574158,0.12825536727905273
2022-03-16,1.7836494166652468,0.02344999648630619,0.3238102197647095,0.21532627940177917,0.21098962426185608,0.11687751859426498,0.13299641013145447
2022-03-17,1.8008716060991303,0.00965559110045433,0.33922168612480164,0.20548459887504578,0.20503078401088715,0.11723283678293228,0.13303010165691376
2022-03-18,1.8195432790074713,0.01036813110113144,0.33674612641334534,0.21187028288841248,0.20359711349010468,0.11741559952497482,0.1303708702325821
2022-03-21,1.8118185654664596,-0.004245413467288017,0.3370313346385956,0.21408045291900635,0.20261159539222717,0.11689837276935577,0.12937819957733154
2022-03-22,1.8258842432015716,0.007763292640447617,0.3227517902851105,0.2254999727010727,0.20648714900016785,0.11670903116464615,0.1285521239042282
2022-03-23,1.8136194579121383,-0.0067171757109463215,0.3275652527809143,0.21780836582183838,0.2070263773202896,0.1166016012430191,0.1309984028339386
2022-03-24,1.8358121065943405,0.012236662209033966,0.31234103441238403,0.2353760302066803,0.20898842811584473,0.11659533530473709,0.12669913470745087
2022-03-25,1.834902384563116,-0.000495542015414685,0.32182037830352783,0.2205958068370819,0.20943397283554077,0.11610575020313263,0.13204413652420044
2022-03-28,1.8429266767199335,0.004373143892735243,0.31993550062179565,0.22313307225704193,0.20972609519958496,0.11715876311063766,0.13004657626152039
2022-03-29,1.869077426118956,0.014189793728291988,0.32505926489830017,0.2203977406024933,0.20796582102775574,0.11698994040489197,0.12958723306655884
2022-03-30,1.856641546838714,-0.006653485354036093,0.33185598254203796,0.2143459916114807,0.20586718618869781,0.11666242778301239,0.13126838207244873
2022-03-31,1.838682344218386,-0.009672950953245163,0.316294401884079,0.23182354867458344,0.20807340741157532,0.11682142317295074,0.1269872486591339
2022-04-01,1.843094407190224,0.0023995786905288696,0.3068090081214905,0.23779764771461487,0.21164514124393463,0.11610867083072662,0.1276395469903946
2022-04-04,1.8569052019538563,0.007493264973163605,0.3124939799308777,0.22872419655323029,0.21207115054130554,0.11631650477647781,0.13039416074752808
2022-04-05,1.8242563661919864,-0.017582392320036888,0.3189358115196228,0.22145558893680573,0.21131685376167297,0.11675921082496643,0.13153252005577087
2022-04-06,1.8024382570197348,-0.011960001662373543,0.3050008714199066,0.23618920147418976,0.21379128098487854,0.11739640682935715,0.12762226164340973
2022-04-07,1.8041895234568421,0.000971609668340534,0.298729807138443,0.24005591869354248,0.21603086590766907,0.11672040820121765,0.12846305966377258
2022-04-08,1.7929237262732038,-0.006244242656975985,0.3056809902191162,0.23059137165546417,0.21581512689590454,0.11676032841205597,0.13115209341049194
2022-04-11,1.7687141157260053,-0.013502866961061954,0.3036046624183655,0.23323339223861694,0.21598128974437714,0.1172773540019989,0.12990330159664154
2022-04-12,1.767646728986773,-0.0006034817779436707,0.29720887541770935,0.23889479041099548,0.21767453849315643,0.11711960285902023,0.12910225987434387
2022-04-13,1.7907686263998626,0.01308060996234417,0.3019044101238251,0.2331342101097107,0.21693606674671173,0.11698640137910843,0.13103891909122467
2022-04-14,1.7657863190765202,-0.013950605876743793,0.3154561519622803,0.22033996880054474,0.21349546313285828,0.11741522699594498,0.1332932710647583
2022-04-18,1.7634262436151582,-0.0013365577906370163,0.3036802113056183,0.23449893295764923,0.21483229100704193,0.11809729784727097,0.128891259431839
2022-04-19,1.7835097184812136,0.01138889417052269,0.30406656861305237,0.23300223052501678,0.2148585170507431,0.1174270436167717,0.13064566254615784
2022-04-20,1.7841617228999929,0.0003655737964436412,0.3190200626850128,0.21803393959999084,0.21188955008983612,0.11778399348258972,0.1332724392414093
2022-04-21,1.7562969207429044,-0.015617867931723595,0.31268510222435,0.2294197976589203,0.21084129810333252,0.11794614791870117,0.12910768389701843
2022-04-22,1.7170412601059724,-0.022351380437612534,0.30032122135162354,0.24051158130168915,0.21466515958309174,0.11713305860757828,0.12736903131008148
2022-04-25,1.7256710024863129,0.005025937687605619,0.2898237109184265,0.2483619600534439,0.21837064623832703,0.1165449246764183,0.1268988400697708
2022-04-26,1.6853253220606765,-0.023379705846309662,0.30694150924682617,0.22882017493247986,0.21616511046886444,0.11654805392026901,0.1315251886844635
2022-04-27,1.6805138817499117,-0.002854902995750308,0.29043149948120117,0.24904265999794006,0.21761088073253632,0.11707469820976257,0.12584024667739868
2022-04-28,1.7150878630153883,0.020573457702994347,0.29984256625175476,0.23443478345870972,0.21804387867450714,0.11657680571079254,0.13110189139842987
2022-04-29,1.6641163350483184,-0.029719484969973564,0.32142186164855957,0.21378731727600098,0.21232707798480988,0.11759569495916367,0.1348680704832077
2022-05-02,1.670069009744995,0.0035770784597843885,0.2900224030017853,0.24752925336360931,0.214239701628685,0.12007267028093338,0.12813600897789001
2022-05-03,1.6777830103076887,0.0046189711429178715,0.3027987480163574,0.22736407816410065,0.21435129642486572,0.1198868602514267,0.13559898734092712
2022-05-04,1.7183143157117986,0.024157656356692314,0.29966434836387634,0.228026881814003,0.21114300191402435,0.12336323410272598,0.13780248165130615
2022-05-05,1.6610456312798803,-0.03332841023802757,0.23734726011753082,0.22909493744373322,0.18938210606575012,0.15622518956661224,0.1879504919052124
2022-05-06,1.645161874992938,-0.009562504477798939,0.11573021858930588,0.2666906416416168,0.1651534140110016,0.2201240360736847,0.2323017418384552
2022-05-09,1.610309581153712,-0.02118472009897232,0.09777240455150604,0.23772084712982178,0.17017975449562073,0.25737953186035156,0.2369474619626999
2022-05-10,1.6162592183325373,0.00369471637532115,0.09067994356155396,0.23461459577083588,0.1704670637845993,0.27870437502861023,0.22553403675556183
2022-05-11,1.6088626284763181,-0.004576363600790501,0.09900084137916565,0.20657557249069214,0.16824312508106232,0.29069337248802185,0.23548704385757446
2022-05-12,1.604537189902793,-0.0026885070838034153,0.0948750227689743,0.21225333213806152,0.1677868813276291,0.29968538880348206,0.22539938986301422
2022-05-13,1.617915684516198,0.008337914943695068,0.10019203275442123,0.1974133402109146,0.16666996479034424,0.30392494797706604,0.23179970681667328
2022-05-16,1.6157577556183058,-0.0013337709242478013,0.10732606053352356,0.1774071604013443,0.16381452977657318,0.31154632568359375,0.23990586400032043
2022-05-17,1.6263941761734255,0.006582930218428373,0.10058673471212387,0.1902969479560852,0.1644848883152008,0.3168165683746338,0.22781486809253693
2022-05-18,1.606400331289054,-0.012293357402086258,0.10677119344472885,0.17696432769298553,0.16300654411315918,0.3174887001514435,0.23576921224594116
2022-05-19,1.6103604834771188,0.0024652336724102497,0.09423782676458359,0.209468811750412,0.1655924767255783,0.31527772545814514,0.21542319655418396
2022-05-20,1.6145928793747581,0.002628228859975934,0.09888993203639984,0.20003201067447662,0.16594058275222778,0.30767831206321716,0.2274591475725174
2022-05-23,1.6194543010468399,0.0030109272338449955,0.10051807016134262,0.19604481756687164,0.16516980528831482,0.30939528346061707,0.22887206077575684
2022-05-24,1.620517330444615,0.0006564120994880795,0.10406526923179626,0.18436065316200256,0.16420099139213562,0.31253165006637573,0.2348414659500122
2022-05-25,1.6309515795268492,0.006438838317990303,0.09886236488819122,0.19763390719890594,0.1646871417760849,0.3145217299461365,0.22429490089416504
2022-05-26,1.6454956483891854,0.008917535655200481,0.10405493527650833,0.18636742234230042,0.16384798288345337,0.3136346638202667,0.23209497332572937
2022-05-27,1.6677356656936868,0.013515694998204708,0.10694601386785507,0.1776321977376938,0.16259890794754028,0.31731438636779785,0.2355085015296936
2022-05-31,1.6472148883638262,-0.012304574251174927,0.10873189568519592,0.17276819050312042,0.16134847700595856,0.3213445246219635,0.2358069270849228
2022-06-01,1.643799140801487,-0.002073650248348713,0.10174079984426498,0.18648271262645721,0.163688525557518,0.3220011591911316,0.22608675062656403
2022-06-02,1.66679836607804,0.013991505838930607,0.09998419135808945,0.1927856057882309,0.16474324464797974,0.31703880429267883,0.2254481464624405
2022-06-03,1.6483736904494344,-0.011053931899368763,0.10572797060012817,0.18011252582073212,0.16331760585308075,0.31575584411621094,0.2350860834121704
2022-06-06,1.6397684879179062,-0.005220419727265835,0.0985681414604187,0.19584359228610992,0.16518794000148773,0.316854864358902,0.22354547679424286
2022-06-07,1.6563410880006828,0.010106670670211315,0.10123912245035172,0.1896868795156479,0.16544821858406067,0.313794881105423,0.22983090579509735
2022-06-08,1.6430143599918672,-0.008045883849263191,0.10317497700452805,0.1857185810804367,0.1643611192703247,0.31487810611724854,0.23186717927455902
2022-06-09,1.6252503436606822,-0.01081184484064579,0.09888366609811783,0.19463811814785004,0.16584020853042603,0.31481513381004333,0.22582291066646576
2022-06-10,1.6028900692321717,-0.013758049346506596,0.09555879980325699,0.20521210134029388,0.16712476313114166,0.3105993866920471,0.22150492668151855
2022-06-13,1.5428138025268465,-0.03747996687889099,0.09273961931467056,0.21337658166885376,0.16862830519676208,0.3044320344924927,0.2208234667778015
2022-06-14,1.533164261727926,-0.006254507694393396,0.09058200567960739,0.2212284356355667,0.17017431557178497,0.300167441368103,0.2178477942943573
2022-06-15,1.5598007201872224,0.017373519018292427,0.09823223948478699,0.20259040594100952,0.16815654933452606,0.30019041895866394,0.23083041608333588
2022-06-16,1.5379760867134153,-0.013991937041282654,0.10375121235847473,0.18799960613250732,0.16503258049488068,0.3069889545440674,0.2362276017665863
2022-06-17,1.5429985095859413,0.0032656053081154823,0.09290967136621475,0.21303367614746094,0.16741439700126648,0.308237761259079,0.21840447187423706
2022-06-21,1.5495192285470019,0.004226004704833031,0.10120528936386108,0.19508370757102966,0.1661129891872406,0.30617883801460266,0.2314191311597824
2022-06-22,1.5629226813137516,0.008650071918964386,0.10575973242521286,0.1804606169462204,0.16406214237213135,0.31235623359680176,0.23736132681369781
2022-06-23,1.573769999708642,0.006940406281501055,0.1021040827035904,0.18977023661136627,0.16372598707675934,0.31659913063049316,0.22780053317546844
2022-06-24,1.589238248824507,0.009828786365687847,0.10452695190906525,0.18451052904129028,0.16335979104042053,0.31642645597457886,0.23117633163928986
2022-06-27,1.582747697851509,-0.004084064159542322,0.10890669375658035,0.17226703464984894,0.1618766337633133,0.31915807723999023,0.23779164254665375
2022-06-28,1.567197847973711,-0.009824591688811779,0.10233373939990997,0.1852310448884964,0.1634794920682907,0.32128265500068665,0.22767308354377747
2022-06-29,1.5721175066669322,0.003139143344014883,0.09695272892713547,0.20111005008220673,0.16554701328277588,0.3158385753631592,0.22055165469646454
2022-06-30,1.5670419113561835,-0.0032285088673233986,0.10018692910671234,0.19694490730762482,0.1652376651763916,0.3110981285572052,0.22653235495090485
2022-07-01,1.5785238757693625,0.007327158469706774,0.09926525503396988,0.19867920875549316,0.16556903719902039,0.3104982078075409,0.2259882688522339
2022-07-05,1.582060869359015,0.0022406969219446182,0.10291744768619537,0.18955354392528534,0.1645902395248413,0.311317503452301,0.23162123560905457
2022-07-06,1.5683008087743198,-0.008697554469108582,0.10453154891729355,0.1857450008392334,0.16403605043888092,0.31480324268341064,0.2308841496706009
2022-07-07,1.5787926859708297,0.006689964793622494,0.10296422988176346,0.18751460313796997,0.16482843458652496,0.316028892993927,0.2286638617515564
2022-07-08,1.5735822918838915,-0.0033002395648509264,0.10672054439783096,0.17956525087356567,0.16422657668590546,0.3159960210323334,0.23349162936210632
2022-07-11,1.5666102770983388,-0.004430664237588644,0.10445170849561691,0.1868859976530075,0.16620869934558868,0.3157845437526703,0.22666902840137482
2022-07-12,1.5627751027738357,-0.002448071725666523,0.10455147176980972,0.20081405341625214,0.17057348787784576,0.30819329619407654,0.21586765348911285
2022-07-13,1.5672742755885916,0.002878963714465499,0.12812286615371704,0.20386797189712524,0.18975220620632172,0.2801426351070404,0.19811426103115082
2022-07-14,1.5578046564090884,-0.006042094435542822,0.1978013664484024,0.20631949603557587,0.22673335671424866,0.212772399187088,0.15637341141700745
2022-07-15,1.5797626950189596,0.014095501974225044,0.2590465843677521,0.20911644399166107,0.23421311378479004,0.15824097394943237,0.13938292860984802
2022-07-18,1.5700565642634587,-0.0061440435238182545,0.304449200630188,0.20305511355400085,0.222824364900589,0.13285620510578156,0.1368151307106018
2022-07-19,1.6047315468900205,0.02208518050611019,0.30990779399871826,0.219417005777359,0.21721234917640686,0.12312561273574829,0.13033729791641235
2022-07-20,1.6169826121463473,0.007634339388459921,0.33251941204071045,0.2048860341310501,0.20939500629901886,0.11889602988958359,0.13430355489253998
2022-07-21,1.635258898512419,0.011302710510790348,0.33453574776649475,0.2114184945821762,0.20564420521259308,0.1181713193655014,0.1302301585674286
2022-07-22,1.6222416816789242,-0.00796034000813961,0.33129870891571045,0.21786785125732422,0.2045380175113678,0.116883285343647,0.12941212952136993
2022-07-25,1.6200037731737256,-0.0013795160921290517,0.3145398199558258,0.2349318414926529,0.2076503038406372,0.11653970927000046,0.12633828818798065
2022-07-26,1.604352246478244,-0.009661413729190826,0.3125140964984894,0.23055419325828552,0.2109786719083786,0.11615240573883057,0.12980060279369354
2022-07-27,1.6413546838856066,0.023063786327838898,0.3047367036342621,0.23698006570339203,0.21336773037910461,0.11661979556083679,0.1282956898212433
2022-07-28,1.6603222450802873,0.011556040495634079,0.3259470462799072,0.21272429823875427,0.2103654444217682,0.11643573641777039,0.1345275193452835
2022-07-29,1.677203941078714,0.010167722590267658,0.3278668522834778,0.21609193086624146,0.20761002600193024,0.11741971969604492,0.1310114860534668
2022-08-01,1.6811284126266455,0.002339889295399189,0.32981666922569275,0.2158636599779129,0.20650747418403625,0.1170937642455101,0.13071846961975098
2022-08-02,1.6705962770294043,-0.006264920346438885,0.32186442613601685,0.22634191811084747,0.2069522738456726,0.11672931909561157,0.12811212241649628
2022-08-03,1.697745802443146,0.016251398250460625,0.31444159150123596,0.22909681499004364,0.2105526477098465,0.11658959090709686,0.12931931018829346
2022-08-04,1.7019519481115302,0.0024774884805083275,0.325715035200119,0.21756044030189514,0.20839521288871765,0.11657511442899704,0.13175421953201294
2022-08-05,1.693317503285702,-0.005073260050266981,0.31876394152641296,0.22519659996032715,0.209391251206398,0.11692861467599869,0.129719540476799
2022-08-08,1.7002602604201815,0.004100091755390167,0.315067857503891,0.2263621836900711,0.2113632708787918,0.11715060472488403,0.13005602359771729
2022-08-09,1.6886952435482323,-0.006801909767091274,0.3142149746417999,0.22789205610752106,0.21110907196998596,0.11685492098331451,0.12992896139621735
2022-08-10,1.7186484288731243,0.01773747242987156,0.30653443932533264,0.23468787968158722,0.2129824161529541,0.1169784888625145,0.12881678342819214
2022-08-11,1.7125390701713876,-0.0035547460429370403,0.3234948515892029,0.2151867151260376,0.21036238968372345,0.11700228601694107,0.13395379483699799
2022-08-12,1.7404218300554486,0.016281532123684883,0.31499940156936646,0.22560729086399078,0.21032626926898956,0.11832703649997711,0.13074010610580444
2022-08-15,1.743916352201312,0.002007859293371439,0.32055583596229553,0.22075757384300232,0.20789708197116852,0.11794202774763107,0.13284742832183838
2022-08-16,1.744376538281614,0.00026388082187622786,0.3152429163455963,0.22740231454372406,0.20781370997428894,0.11862993985414505,0.13091109693050385
2022-08-17,1.726025477762248,-0.01052012573927641,0.30713891983032227,0.23458871245384216,0.20952671766281128,0.1183154508471489,0.13043014705181122
2022-08-18,1.7306694849378663,0.0026905785780400038,0.2975633442401886,0.24159082770347595,0.21353623270988464,0.11797873675823212,0.1293308585882187
2022-08-19,1.7025921305064844,-0.016223406419157982,0.302796870470047,0.23349395394325256,0.21442042291164398,0.11758632957935333,0.13170242309570312
2022-08-22,1.6712325247381323,-0.01841874234378338,0.29627498984336853,0.23999103903770447,0.21759475767612457,0.11760726571083069,0.12853194773197174
2022-08-23,1.670720693428567,-0.0003062597825191915,0.29075801372528076,0.24532762169837952,0.21920573711395264,0.11693629622459412,0.12777233123779297
2022-08-24,1.6754476662208964,0.0028293016366660595,0.2993949353694916,0.23382744193077087,0.21864813566207886,0.11663051694631577,0.13149899244308472
2022-08-25,1.6983151599247455,0.01364858727902174,0.30753013491630554,0.2263946384191513,0.21666587889194489,0.11736798286437988,0.13204139471054077
2022-08-26,1.6508187746213132,-0.02796676754951477,0.31999245285987854,0.2179795354604721,0.2122303545475006,0.11752552539110184,0.1322721242904663
2022-08-29,1.63877478343159,-0.007295768242329359,0.2965346872806549,0.24669955670833588,0.21465431153774261,0.11754767596721649,0.12456376105546951
2022-08-30,1.622676483568157,-0.009823375381529331,0.29763850569725037,0.23952218890190125,0.21703627705574036,0.11620961874723434,0.12959346175193787
2022-08-31,1.6111320480018452,-0.0071144406683743,0.29832005500793457,0.23850859701633453,0.21733185648918152,0.1168280616402626,0.12901146709918976
2022-09-01,1.603646756287239,-0.0046459827572107315,0.3014344573020935,0.23414812982082367,0.21733404695987701,0.11697931587696075,0.13010409474372864
2022-09-02,1.593402667187931,-0.006387996021658182,0.30602630972862244,0.2294078916311264,0.2164367139339447,0.11741805821657181,0.13071103394031525
2022-09-06,1.5795701498344807,-0.008681118488311768,0.30234450101852417,0.23531478643417358,0.21600458025932312,0.11722917854785919,0.12910693883895874
2022-09-07,1.6078042644001642,0.01787455566227436,0.3025902509689331,0.23290202021598816,0.21697115898132324,0.11725994944572449,0.1302766501903534
2022-09-08,1.612569417002784,0.002963764127343893,0.3193395137786865,0.21802382171154022,0.2124244123697281,0.11716604977846146,0.13304628431797028
2022-09-09,1.6364973765296904,0.014838405884802341,0.3204478323459625,0.21964944899082184,0.21101242303848267,0.11790817230939865,0.13098211586475372
2022-09-12,1.6499873705973442,0.008243211545050144,0.3280213475227356,0.21399752795696259,0.20842112600803375,0.1174653023481369,0.13209474086761475
2022-09-13,1.5897900684033583,-0.03648349270224571,0.3268890678882599,0.21650336682796478,0.20793235301971436,0.11760256439447403,0.13107262551784515
2022-09-14,1.5959514335287188,0.0038755841087549925,0.29237356781959534,0.25352299213409424,0.21346162259578705,0.11755397170782089,0.12308786809444427
2022-09-15,1.57757697508071,-0.011513168923556805,0.30396294593811035,0.2338000386953354,0.21518510580062866,0.11601471900939941,0.13103723526000977
2022-09-16,1.5662349131962303,-0.007189545780420303,0.30257362127304077,0.23587021231651306,0.21557612717151642,0.11726773530244827,0.12871231138706207
2022-09-19,1.5762136224169638,0.00637114467099309,0.3012290298938751,0.23592941462993622,0.21636587381362915,0.11694280058145523,0.12953287363052368
2022-09-20,1.560028984679577,-0.010268048383295536,0.31176862120628357,0.22526967525482178,0.2142045795917511,0.11710523068904877,0.1316518783569336
2022-09-21,1.5438872916263293,-0.01034704688936472,0.3063015341758728,0.23258690536022186,0.2146671861410141,0.11755858361721039,0.12888577580451965
2022-09-22,1.5230239047688323,-0.013513542711734772,0.2992280423641205,0.2408609688282013,0.21541500091552734,0.11686301231384277,0.1276329904794693
2022-09-23,1.4987025107696508,-0.01596914790570736,0.29588744044303894,0.23986446857452393,0.21805818378925323,0.11682356148958206,0.12936632335186005
2022-09-26,1.4826712924019148,-0.010696731507778168,0.29436108469963074,0.2423539012670517,0.21829473972320557,0.11708848178386688,0.12790174782276154
2022-09-27,1.4785542771024833,-0.002776755252853036,0.2973969280719757,0.2365037500858307,0.21888743340969086,0.11704394966363907,0.13016794621944427
2022-09-28,1.5137474168885807,0.02380239963531494,0.3024583160877228,0.2290557622909546,0.21794292330741882,0.11782769113779068,0.13271524012088776
2022-09-29,1.4859432706306228,-0.01836775802075863,0.3110050559043884,0.21849249303340912,0.2096496820449829,0.12148217111825943,0.13937059044837952
2022-09-30,1.4688084394195537,-0.011531282216310501,0.25174951553344727,0.2532714605331421,0.20404738187789917,0.13811515271663666,0.152816504240036
2022-10-03,1.5030727571827815,0.023327969014644623,0.2002463936805725,0.2615247964859009,0.20250864326953888,0.15924428403377533,0.1764759123325348
2022-10-04,1.5364514481467915,0.022206969559192657,0.1623745560646057,0.23674292862415314,0.19004368782043457,0.19436626136302948,0.21647247672080994
2022-10-05,1.5281870028328908,-0.005378917325288057,0.13086430728435516,0.20966418087482452,0.17672155797481537,0.23957213759422302,0.24317777156829834
2022-10-06,1.5196787698961496,-0.005567533895373344,0.11074307560920715,0.2093861848115921,0.17466242611408234,0.2726377248764038,0.23257064819335938
2022-10-07,1.4871869171483296,-0.02138073742389679,0.10174436867237091,0.20652391016483307,0.17100712656974792,0.2892596423625946,0.2314649522304535
2022-10-10,1.4694612925169177,-0.011918894946575165,0.09367512166500092,0.21534569561481476,0.16973936557769775,0.29731452465057373,0.22392530739307404
2022-10-11,1.4657468999110934,-0.0025277240201830864,0.0973501205444336,0.20345231890678406,0.16872967779636383,0.30074089765548706,0.22972699999809265
2022-10-12,1.4684771822962832,0.0018627243116497993,0.09802519530057907,0.19993312656879425,0.1677953600883484,0.3050379753112793,0.22920829057693481
2022-10-13,1.4782643430303215,0.0066648367792367935,0.09907376021146774,0.1962536871433258,0.16721506416797638,0.307590126991272,0.2298673391342163
2022-10-14,1.4517159230502703,-0.01795918308198452,0.10534030199050903,0.17995329201221466,0.16482099890708923,0.31251439452171326,0.23737098276615143
2022-10-17,1.4710079569877705,0.013289124704897404,0.09625852108001709,0.2003595530986786,0.1668221354484558,0.3148089349269867,0.22175085544586182
2022-10-18,1.4795815306544982,0.005828366614878178,0.1061571016907692,0.17887930572032928,0.16428953409194946,0.31327489018440247,0.2373991459608078
2022-10-19,1.4600657974319002,-0.013190035708248615,0.10406120866537094,0.181793212890625,0.163746640086174,0.31831884384155273,0.2320801168680191
2022-10-20,1.4457906849239441,-0.00977703370153904,0.10002125799655914,0.19078901410102844,0.16545450687408447,0.31789925694465637,0.22583594918251038
2022-10-21,1.458418126388961,0.008733934722840786,0.09882611781358719,0.19423051178455353,0.16646793484687805,0.31421589851379395,0.22625946998596191
2022-10-24,1.4592520439992156,0.0005717959720641375,0.10443736612796783,0.18017266690731049,0.16483144462108612,0.3140043616294861,0.23655416071414948
2022-10-25,1.4876354931382407,0.019450683146715164,0.10358632355928421,0.1819225698709488,0.16428422927856445,0.3183990716934204,0.23180773854255676
2022-10-26,1.4906912478638557,0.002054101787507534,0.10661236196756363,0.17848269641399384,0.16258902847766876,0.31951233744621277,0.23280353844165802
2022-10-27,1.4891036676443035,-0.0010649960022419691,0.1004621759057045,0.19211338460445404,0.16456091403961182,0.3181830644607544,0.22468042373657227
2022-10-28,1.5003775448252703,0.007570914924144745,0.10050922632217407,0.196272611618042,0.1666688472032547,0.31291717290878296,0.22363212704658508
2022-10-31,1.4900650664698403,-0.006873255595564842,0.11014782637357712,0.18011736869812012,0.1671193242073059,0.3106168508529663,0.23199865221977234
2022-11-01,1.4943351192932708,0.0028656821232289076,0.10915011167526245,0.19207797944545746,0.17244967818260193,0.3072274625301361,0.21909478306770325
2022-11-02,1.4665244061774003,-0.01861076056957245,0.11382325738668442,0.19873718917369843,0.17793317139148712,0.29523882269859314,0.21426749229431152
2022-11-03,1.4533631470864044,-0.00897445622831583,0.1110699400305748,0.21678657829761505,0.18262097239494324,0.2832549512386322,0.2062675654888153
2022-11-04,1.467243212598691,0.009550307877361774,0.1349516361951828,0.2160903662443161,0.19955432415008545,0.2562601864337921,0.19314342737197876
2022-11-07,1.4700850542617474,0.001936857937835157,0.1749270111322403,0.20519649982452393,0.21534577012062073,0.22125306725502014,0.1832776665687561
2022-11-08,1.4831086886090892,0.008859102614223957,0.19882184267044067,0.20865274965763092,0.21740619838237762,0.19872979819774628,0.17638938128948212
2022-11-09,1.45990943510119,-0.01564231514930725,0.20522244274616241,0.21888688206672668,0.2151343673467636,0.1857563704252243,0.17499996721744537
2022-11-10,1.53621665902566,0.052268464118242264,0.193034827709198,0.2414959967136383,0.21481962502002716,0.1803506463766098,0.17029894888401031
2022-11-11,1.5486531296943584,0.008095518685877323,0.22322048246860504,0.2006562352180481,0.2064732313156128,0.17924262583255768,0.190407395362854
2022-11-14,1.5382513939229452,-0.006716633681207895,0.27335694432258606,0.20388135313987732,0.22475233674049377,0.15367403626441956,0.14433537423610687
2022-11-15,1.55572711578471,0.011360771022737026,0.2964193522930145,0.2185935229063034,0.22234928607940674,0.13114646077156067,0.13149140775203705
2022-11-16,1.545043104000723,-0.006867535877972841,0.31928855180740356,0.21410346031188965,0.21390409767627716,0.12110681086778641,0.1315971314907074
2022-11-17,1.5363687652247366,-0.00561430212110281,0.31441330909729004,0.22995029389858246,0.2104661464691162,0.11825376749038696,0.12691645324230194
2022-11-18,1.5380449341325944,0.0010909938719123602,0.3136751055717468,0.22989672422409058,0.21086253225803375,0.11674829572439194,0.1288173496723175
2022-11-21,1.5306250344590813,-0.004824241157621145,0.31799155473709106,0.224975124001503,0.21013639867305756,0.11673637479543686,0.13016058504581451
2022-11-22,1.5482620874067083,0.011522778309881687,0.31460872292518616,0.23007290065288544,0.21005578339099884,0.1168912723660469,0.12837140262126923
2022-11-23,1.5600392678644213,0.0076067098416388035,0.32397666573524475,0.22090213000774384,0.20797060430049896,0.11647234857082367,0.130678191781044
2022-11-25,1.5578715086913024,-0.0013895542360842228,0.32498082518577576,0.2222297191619873,0.2067045122385025,0.11663133651018143,0.12945367395877838
2022-11-28,1.536959185994981,-0.013423650525510311,0.3196525573730469,0.226790189743042,0.20801526308059692,0.11664941906929016,0.12889260053634644
2022-11-29,1.5331595495446089,-0.0024721778463572264,0.30841541290283203,0.23762963712215424,0.2107081413269043,0.11651017516851425,0.12673667073249817
2022-11-30,1.576374742336789,0.028187016025185585,0.3090263605117798,0.2321905940771103,0.2125665694475174,0.11618608236312866,0.13003042340278625
2022-12-01,1.585309619462624,0.005667990539222956,0.33350056409835815,0.20841829478740692,0.2071959525346756,0.11650115251541138,0.13438396155834198
2022-12-02,1.586810282760476,0.0009466058108955622,0.32596126198768616,0.22328554093837738,0.20553258061408997,0.11706095188856125,0.12815964221954346
2022-12-05,1.5561585938694513,-0.019316542893648148,0.3217604458332062,0.2267637401819229,0.2066946029663086,0.1163935586810112,0.12838761508464813
2022-12-06,1.5392240347851833,-0.010882283560931683,0.3073614537715912,0.23893995583057404,0.21083055436611176,0.1165238469839096,0.1263442486524582
2022-12-07,1.5418565798418864,0.0017103066202253103,0.30084332823753357,0.2428581565618515,0.21315813064575195,0.11590595543384552,0.12723447382450104
2022-12-08,1.5518616495720112,0.00648897560313344,0.3056026101112366,0.23590917885303497,0.21316654980182648,0.11592202633619308,0.12939965724945068
2022-12-09,1.5378521120364406,-0.009027568623423576,0.3156220614910126,0.2243313193321228,0.211966872215271,0.11658002436161041,0.1314997375011444
2022-12-12,1.5518343856606753,0.009092079475522041,0.30813437700271606,0.23095281422138214,0.2140580415725708,0.1172015592455864,0.12965327501296997
2022-12-13,1.5671425553587814,0.009864564053714275,0.3193202316761017,0.22045402228832245,0.211496040225029,0.11711090058088303,0.13161879777908325
2022-12-14,1.5594535670943932,-0.004906374495476484,0.32108834385871887,0.22116580605506897,0.20978842675685883,0.11703658103942871,0.13092081248760223
2022-12-15,1.5241618888963497,-0.02263079769909382,0.3136596977710724,0.23000378906726837,0.21085365116596222,0.11703891307115555,0.12844392657279968
2022-12-16,1.5124022335180602,-0.007715489715337753,0.29782333970069885,0.2456805408000946,0.21423014998435974,0.11665290594100952,0.1256129890680313
2022-12-19,1.495436496527423,-0.011217741295695305,0.2971171736717224,0.24013473093509674,0.21712042391300201,0.11589149385690689,0.12973617017269135
2022-12-20,1.497554512073546,0.0014163192827254534,0.29726338386535645,0.23806653916835785,0.2181936353445053,0.11673274636268616,0.12974362075328827
2022-12-21,1.5149371470308663,0.011607347056269646,0.30419105291366577,0.22943449020385742,0.21736815571784973,0.11684314161539078,0.1321631520986557
2022-12-22,1.493090657249163,-0.014420723542571068,0.3193199932575226,0.21788941323757172,0.21276786923408508,0.11741149425506592,0.13261127471923828
2022-12-23,1.4959329952725722,0.0019036607118323445,0.3082568347454071,0.2339990735054016,0.2128368765115738,0.11764351278543472,0.12726375460624695
2022-12-27,1.485269388902863,-0.007128398399800062,0.31239721179008484,0.22677698731422424,0.21309401094913483,0.11669499427080154,0.13103675842285156
2022-12-28,1.468110244965825,-0.011552883312106133,0.3067203462123871,0.23193944990634918,0.21444426476955414,0.11710957437753677,0.129786416888237
2022-12-29,1.495305380298901,0.01852390542626381,0.30212563276290894,0.23684559762477875,0.21554701030254364,0.11695170402526855,0.1285301297903061
2022-12-30,1.491936381142273,-0.0022530509158968925,0.32037627696990967,0.2176964282989502,0.2120131105184555,0.11660701781511307,0.13330723345279694
2023-01-03,1.4908564692459256,-0.0007238324033096433,0.3154497742652893,0.22514332830905914,0.2119429111480713,0.11746764183044434,0.12999635934829712
2023-01-04,1.5041416767515363,0.008911124430596828,0.31089818477630615,0.2316247969865799,0.21192623674869537,0.11686671525239944,0.12868402898311615
2023-01-05,1.488181039597802,-0.010611126199364662,0.3154614269733429,0.22555729746818542,0.21147972345352173,0.11656919121742249,0.13093231618404388
2023-01-06,1.5218033848885422,0.02259291335940361,0.3073537349700928,0.2346365600824356,0.21304970979690552,0.117073655128479,0.1278863400220871
2023-01-09,1.5255906281951388,0.0024886548053473234,0.32334327697753906,0.217156782746315,0.21006415784358978,0.11635112762451172,0.13308468461036682
2023-01-10,1.5343100954031195,0.00571546982973814,0.3205049932003021,0.22294291853904724,0.2095917910337448,0.11719731241464615,0.12976303696632385
2023-01-11,1.5530471786612758,0.0122120575979352,0.3218482732772827,0.2198263555765152,0.209940105676651,0.11699433624744415,0.13139092922210693
2023-01-12,1.56796596831998,0.009606140665709972,0.327251672744751,0.21720443665981293,0.2077043652534485,0.1170954629778862,0.13074399530887604
2023-01-13,1.5751473115175723,0.004580037668347359,0.3249363899230957,0.22099722921848297,0.2072778195142746,0.11683589965105057,0.12995266914367676
2023-01-17,1.5719844825843514,-0.002007957547903061,0.32078060507774353,0.222841277718544,0.2091090977191925,0.1167743131518364,0.13049474358558655
2023-01-18,1.557835688802409,-0.009000593796372414,0.3163568377494812,0.22623686492443085,0.21080422401428223,0.11704720556735992,0.12955480813980103
2023-01-19,1.549482720607206,-0.005361905787140131,0.3058977723121643,0.23794016242027283,0.21247243881225586,0.11669271439313889,0.1269969493150711
2023-01-20,1.5698856043664817,0.013167545199394226,0.3005291521549225,0.23801608383655548,0.21572044491767883,0.11618825793266296,0.1295461356639862
2023-01-23,1.5870000843875545,0.01090173702687025,0.3179505169391632,0.21747398376464844,0.21374326944351196,0.11691799014806747,0.13391418755054474
2023-01-24,1.5884619838329166,0.0009211716242134571,0.32541224360466003,0.2143069952726364,0.2103748768568039,0.1177208423614502,0.1321849822998047
2023-01-25,1.5901739775825101,0.0010777681600302458,0.3186645805835724,0.22527962923049927,0.20973776280879974,0.11748649179935455,0.12883161008358002
2023-01-26,1.601878156661916,0.007360313553363085,0.3143993318080902,0.2279830127954483,0.2110590636730194,0.11688532680273056,0.12967327237129211
2023-01-27,1.6076083023311165,0.003577142022550106,0.32028868794441223,0.2206191122531891,0.2105654925107956,0.11710198223590851,0.1314246654510498
2023-01-30,1.587845044071148,-0.012293578125536442,0.31826213002204895,0.22322268784046173,0.21033631265163422,0.11746420711278915,0.13071466982364655
2023-01-31,1.6108391659135388,0.014481338672339916,0.30336374044418335,0.2381128966808319,0.21300114691257477,0.11750996112823486,0.12801223993301392
2023-02-01,1.6341712061151734,0.014484400860965252,0.3078399896621704,0.22974294424057007,0.21029308438301086,0.11801639199256897,0.1341075599193573
2023-02-02,1.657151744180154,0.014062503352761269,0.2997874319553375,0.2374880313873291,0.2070891559123993,0.12029839307069778,0.1353369802236557
2023-02-03,1.633723346294381,-0.0141377504914999,0.2968985438346863,0.23867611587047577,0.20522044599056244,0.1221892312169075,0.13701562583446503
2023-02-06,1.6213328696666032,-0.007584195118397474,0.26913005113601685,0.2668173313140869,0.207694411277771,0.12335976958274841,0.13299842178821564
2023-02-07,1.6372878427751254,0.009840652346611023,0.23244468867778778,0.30159813165664673,0.20478124916553497,0.1245422437787056,0.13663369417190552
2023-02-08,1.6208904879314279,-0.01001494936645031,0.21233528852462769,0.31483206152915955,0.2027958780527115,0.12675578892230988,0.1432809978723526
2023-02-09,1.6047512924257195,-0.009956993162631989,0.18523052334785461,0.34667733311653137,0.20312055945396423,0.1268189251422882,0.1381525993347168
2023-02-10,1.6001717554399086,-0.0028537362813949585,0.16128481924533844,0.37537437677383423,0.1975509226322174,0.12609928846359253,0.1396905779838562
2023-02-13,1.6172495518142513,0.010672477073967457,0.13326047360897064,0.414262980222702,0.18401214480400085,0.12624245882034302,0.14222192764282227
2023-02-14,1.6218523833889196,0.0028460861649364233,0.1232653558254242,0.430131196975708,0.17868439853191376,0.12498742341995239,0.14293162524700165
2023-02-15,1.6267321680546145,0.003008772386237979,0.1143786683678627,0.446645587682724,0.17649394273757935,0.12255606055259705,0.1399257630109787
2023-02-16,1.6045918905990186,-0.013610278256237507,0.11301007866859436,0.44896766543388367,0.1766681671142578,0.12095443159341812,0.14039970934391022
2023-02-17,1.6019088744721637,-0.0016720863059163094,0.11164047569036484,0.45359137654304504,0.1803448349237442,0.11852434277534485,0.13589899241924286
2023-02-21,1.5677468644007622,-0.021325813606381416,0.11482196301221848,0.4487951993942261,0.18088553845882416,0.11774785071611404,0.1377495378255844
2023-02-22,1.5693000552740561,0.0009907153435051441,0.11298917233943939,0.4530038833618164,0.18328627943992615,0.11678950488567352,0.13393114507198334
2023-02-23,1.5801864979763842,0.006937132682651281,0.10078862309455872,0.47660043835639954,0.16694530844688416,0.11773981153964996,0.13792580366134644
2023-02-24,1.5590759948344954,-0.013359501026570797,0.09223083406686783,0.4949549734592438,0.1587488204240799,0.11683008819818497,0.13723529875278473
2023-02-27,1.5673995231814373,0.005338757298886776,0.084157295525074,0.5153435468673706,0.15497572720050812,0.11351391673088074,0.13200946152210236
2023-02-28,1.567625032634666,0.0001438749022781849,0.08223579823970795,0.5210253000259399,0.15128101408481598,0.11165343225002289,0.13380447030067444
2023-03-01,1.5600755331546663,-0.004815883468836546,0.07952666282653809,0.5288079977035522,0.14941896498203278,0.11032414436340332,0.13192231953144073
2023-03-02,1.56678319273148,0.004299573600292206,0.07778511941432953,0.5327717661857605,0.14885523915290833,0.1091499775648117,0.13143786787986755
2023-03-03,1.5952738594519058,0.018184179440140724,0.07956591993570328,0.5281071066856384,0.14947351813316345,0.10957171022891998,0.13328181207180023
2023-03-06,1.590270916249301,-0.003136103041470051,0.08407419174909592,0.5181165933609009,0.15178439021110535,0.11073049902915955,0.1352943629026413
2023-03-07,1.5725269773852395,-0.01115780882537365,0.08626261353492737,0.5130335092544556,0.15726260840892792,0.11095999926328659,0.13248123228549957
2023-03-08,1.5764381823520817,0.002487210091203451,0.12973475456237793,0.4283527731895447,0.199138805270195,0.11039917171001434,0.13237452507019043
2023-03-09,1.5546335705130425,-0.013831567950546741,0.16239933669567108,0.3671596646308899,0.21443511545658112,0.1157466322183609,0.14025919139385223
2023-03-10,1.54283430848216,-0.007589738350361586,0.21597862243652344,0.29321497678756714,0.2417597621679306,0.11578726768493652,0.1332593709230423
2023-03-13,1.5442452218028913,0.0009144943905994296,0.25083619356155396,0.26146194338798523,0.23890642821788788,0.11659078299999237,0.13220463693141937
2023-03-14,1.562025610430107,0.01151396706700325,0.27733805775642395,0.23929332196712494,0.23188699781894684,0.11742495000362396,0.13405658304691315
2023-03-15,1.560198047098224,-0.0011699957540258765,0.3066626489162445,0.21624530851840973,0.2226635217666626,0.11855537444353104,0.13587316870689392
2023-03-16,1.5813052818930506,0.013528561219573021,0.3081536591053009,0.226648211479187,0.2168988436460495,0.11855271458625793,0.12974664568901062
2023-03-17,1.5733185138389862,-0.00505074393004179,0.32164591550827026,0.21485866606235504,0.21278680860996246,0.1176183745265007,0.13309015333652496
2023-03-20,1.5820189450192894,0.005529987160116434,0.30737000703811646,0.23409268260002136,0.21328182518482208,0.11735138297080994,0.12790411710739136
2023-03-21,1.5941315894205785,0.007656447123736143,0.3135175406932831,0.2244153767824173,0.21346615254878998,0.11691246926784515,0.1316884607076645
2023-03-22,1.5769062217307668,-0.01080548670142889,0.3234720826148987,0.21573470532894135,0.21117731928825378,0.11761380732059479,0.13200202584266663
2023-03-23,1.583616230188182,0.004255172796547413,0.30589380860328674,0.23718394339084625,0.21288463473320007,0.1172095388174057,0.12682808935642242
2023-03-24,1.5896404355275568,0.0038040815852582455,0.30908456444740295,0.2296372652053833,0.2141283005475998,0.11633291095495224,0.13081695139408112
2023-03-27,1.5855107132807298,-0.00259789708070457,0.31531694531440735,0.2237931191921234,0.21287177503108978,0.11716191470623016,0.13085627555847168
2023-03-28,1.5840461356124216,-0.0009237261256203055,0.31485649943351746,0.22350487112998962,0.21322482824325562,0.11753620952367783,0.1308775544166565
2023-03-29,1.600119581148115,0.010147081688046455,0.3112933039665222,0.2283790409564972,0.21332764625549316,0.1172642856836319,0.12973569333553314
2023-03-30,1.6087075229799905,0.005367062520235777,0.32119110226631165,0.21829549968242645,0.21145133674144745,0.11714892089366913,0.1319131702184677
2023-03-31,1.629681385864289,0.013037710450589657,0.31987738609313965,0.2220292091369629,0.21055953204631805,0.11728504300117493,0.13024874031543732
2023-04-03,1.6334333678502593,0.0023022794630378485,0.32723501324653625,0.21624422073364258,0.20833095908164978,0.11708793044090271,0.1311018466949463
2023-04-04,1.6280901791256057,-0.003271139692515135,0.32006242871284485,0.2243315875530243,0.2091897577047348,0.11713683605194092,0.12927938997745514
2023-04-05,1.6214000004891953,-0.004109218716621399,0.30904752016067505,0.23363448679447174,0.21217896044254303,0.11664058268070221,0.12849849462509155
2023-04-06,1.6254022464041282,0.002468388993293047,0.30553004145622253,0.23507799208164215,0.21395829319953918,0.11663953214883804,0.1287941038608551
2023-04-10,1.6247296296810092,-0.0004138155491091311,0.3093385100364685,0.22900402545928955,0.21368026733398438,0.11702370643615723,0.13095355033874512
2023-04-11,1.6268772881806695,0.0013218559324741364,0.30169788002967834,0.2346234768629074,0.21191604435443878,0.11886106431484222,0.13290150463581085
2023-04-12,1.619676341899688,-0.004426238127052784,0.27507081627845764,0.2603622376918793,0.20726090669631958,0.1219724491238594,0.1353335976600647
2023-04-13,1.6398821070778085,0.012475186958909035,0.22729232907295227,0.3078714907169342,0.20084547996520996,0.12584872543811798,0.13814197480678558
2023-04-14,1.628930629054458,-0.006678210571408272,0.17646194994449615,0.35908040404319763,0.1879027634859085,0.13013125956058502,0.14642362296581268
2023-04-17,1.6301843619367404,0.0007696662214584649,0.11956211924552917,0.44121846556663513,0.16832448542118073,0.12980912625789642,0.14108577370643616
2023-04-18,1.6308341355029397,0.00039858900709077716,0.09275493025779724,0.4889335334300995,0.15664255619049072,0.12280057370662689,0.13886843621730804
2023-04-19,1.6295061142770253,-0.0008143202285282314,0.08223544806241989,0.5168690085411072,0.15113919973373413,0.11591657251119614,0.13383972644805908
2023-04-20,1.6233629580648021,-0.0037699497770518064,0.07902171462774277,0.5276877880096436,0.14902497828006744,0.11181121319532394,0.13245424628257751
2023-04-21,1.6215808833509033,-0.0010977672645822167,0.0764198750257492,0.536943793296814,0.14737288653850555,0.1091192364692688,0.13014422357082367
2023-04-24,1.6220793700297786,0.0003074078413192183,0.07699277251958847,0.5354300737380981,0.14753608405590057,0.10856533795595169,0.1314757913351059
2023-04-25,1.6011747417151285,-0.012887549586594105,0.07662840187549591,0.5371655821800232,0.14707157015800476,0.1082523912191391,0.13088202476501465
2023-04-26,1.6008066918426667,-0.00022986240219324827,0.07336532324552536,0.5487392544746399,0.14520014822483063,0.10632787644863129,0.12636736035346985
2023-04-27,1.62788067404409,0.016912711784243584,0.07526499778032303,0.542001485824585,0.14634357392787933,0.10640539973974228,0.1299845576286316
2023-04-28,1.63989182627123,0.0073783984407782555,0.07986176759004593,0.5264344811439514,0.1485757976770401,0.1092987060546875,0.13582926988601685
2023-05-01,1.632622006360193,-0.004433109425008297,0.07934197038412094,0.5287686586380005,0.14811399579048157,0.11040126532316208,0.13337409496307373
2023-05-02,1.6271128340692917,-0.0033744322136044502,0.0770961344242096,0.5317177176475525,0.14867302775382996,0.10988174378871918,0.132631316781044
2023-05-03,1.6240717269868734,-0.0018690204015001655,0.07464241236448288,0.5436891913414001,0.1461200714111328,0.10752975195646286,0.12801848351955414
2023-05-04,1.6171731494137453,-0.004247704986482859,0.07519233226776123,0.5419353246688843,0.14630013704299927,0.10669839382171631,0.1298738270998001
2023-05-05,1.6395158976147637,0.013815928250551224,0.07462762296199799,0.5423006415367126,0.14657098054885864,0.1068015769124031,0.12969917058944702
2023-05-08,1.6388631896278265,-0.000398110190872103,0.08048918098211288,0.525720477104187,0.148483544588089,0.10954584926366806,0.13576091825962067
2023-05-09,1.6329341808514604,-0.003617757000029087,0.07770179212093353,0.5311228632926941,0.14842671155929565,0.11008106917142868,0.13266760110855103
2023-05-10,1.645627214420782,0.007773144636303186,0.07617831230163574,0.5366626381874084,0.14752262830734253,0.10879158973693848,0.1308448165655136
2023-05-11,1.646389931085244,0.00046348082832992077,0.07818356901407242,0.5328976511955261,0.14754071831703186,0.1089005321264267,0.1324775218963623
2023-05-12,1.640687091935209,-0.003463844768702984,0.07723288238048553,0.5364788174629211,0.1469569206237793,0.10872011631727219,0.13061124086380005
2023-05-15,1.647421932620022,0.0041048903949558735,0.07629222422838211,0.5373432040214539,0.1471787393093109,0.10823719948530197,0.13094860315322876
2023-05-16,1.6406711926095114,-0.004097760189324617,0.07757256180047989,0.5321978330612183,0.14812330901622772,0.10886622965335846,0.13324010372161865
2023-05-17,1.6568586217328418,0.009866345673799515,0.07634350657463074,0.5375430583953857,0.1472644805908203,0.10869666934013367,0.13015230000019073
2023-05-18,1.6714311124981247,0.008795253001153469,0.07946974784135818,0.5276296138763428,0.14845013618469238,0.10963962972164154,0.1348108947277069
2023-05-19,1.6686346742925446,-0.001673080143518746,0.0801495760679245,0.525011420249939,0.14901460707187653,0.11106622219085693,0.13475820422172546
2023-05-22,1.6735001959678444,0.0029158699326217175,0.07700227946043015,0.533311665058136,0.148113414645195,0.10987632721662521,0.13169637322425842
2023-05-23,1.66030201805745,-0.007886570878326893,0.07794841378927231,0.5315296649932861,0.1481926441192627,0.1094631627202034,0.13286614418029785
2023-05-24,1.6495489775957661,-0.00647655688226223,0.07544224709272385,0.5398935079574585,0.1469646394252777,0.10821788758039474,0.12948176264762878
2023-05-25,1.6676912770954948,0.010998339392244816,0.07530098408460617,0.5413627624511719,0.14656861126422882,0.10738423466682434,0.12938332557678223
2023-05-26,1.696911907846904,0.017521606758236885,0.07829222083091736,0.532843828201294,0.14757032692432404,0.10855816304683685,0.13273541629314423
2023-05-30,1.703343755507118,0.0037903250195086002,0.08029547333717346,0.5259115099906921,0.14850768446922302,0.11018398404121399,0.135101318359375
2023-05-31,1.696907684185845,-0.003778492333367467,0.0778837651014328,0.5327106714248657,0.14774516224861145,0.10983624309301376,0.13182413578033447
2023-06-01,1.7137693224612127,0.009936685673892498,0.07591666281223297,0.5395150184631348,0.14669933915138245,0.10830117762088776,0.12956783175468445
2023-06-02,1.7260764824712271,0.007181339897215366,0.07812128961086273,0.5322309732437134,0.14767812192440033,0.10868853330612183,0.13328108191490173
2023-06-05,1.724021878806152,-0.0011903317645192146,0.08076313138008118,0.5225052833557129,0.14933305978775024,0.11099275946617126,0.13640576601028442
2023-06-06,1.7321590888127656,0.0047198995016515255,0.07705947756767273,0.5333174467086792,0.14811654388904572,0.11018434166908264,0.13132216036319733
2023-06-07,1.7151034728610182,-0.00984644889831543,0.0784369707107544,0.5301316976547241,0.14829613268375397,0.1096639335155487,0.13347128033638
2023-06-08,1.7313870455896114,0.009494221769273281,0.07701092958450317,0.5330992937088013,0.1482050120830536,0.10958856344223022,0.13209620118141174
2023-06-09,1.7321948191295873,0.00046654706238768995,0.07779789716005325,0.5329253077507019,0.14772342145442963,0.10921715945005417,0.13233612477779388
2023-06-12,1.7503471991491146,0.01047941017895937,0.07708241790533066,0.5350937843322754,0.14747659862041473,0.10902699828147888,0.13132013380527496
2023-06-13,1.75767723303659,0.004187759943306446,0.07883387058973312,0.5300246477127075,0.14807532727718353,0.10957355052232742,0.1334925889968872
2023-06-14,1.7634140913023069,0.003263886086642742,0.07891500741243362,0.5279666185379028,0.14873413741588593,0.11037728190422058,0.13400693237781525
2023-06-15,1.7818529082273298,0.010456317104399204,0.07755520194768906,0.533535361289978,0.14774397015571594,0.10973399877548218,0.1314314752817154
2023-06-16,1.7721673292601996,-0.00543567817658186,0.07886771857738495,0.5297694802284241,0.14804516732692719,0.10972540825605392,0.13359227776527405
2023-06-20,1.7678872084744968,-0.0024151899851858616,0.07619241625070572,0.5367591381072998,0.14745628833770752,0.10904967039823532,0.13054247200489044
2023-06-21,1.7536571615282024,-0.00804918259382248,0.07628022134304047,0.538506805896759,0.14690402150154114,0.10822243988513947,0.1300864964723587
2023-06-22,1.7588088897972296,0.0029377054888755083,0.07516568899154663,0.5415234565734863,0.14643029868602753,0.10746434330940247,0.12941624224185944
2023-06-23,1.7469880749704063,-0.00672092055901885,0.07684806734323502,0.5357000231742859,0.14746281504631042,0.10820603370666504,0.13178297877311707
2023-06-26,1.7344994678387182,-0.007148650474846363,0.07484224438667297,0.5428100228309631,0.1462356150150299,0.10747603327035904,0.12863610684871674
2023-06-27,1.7540726748617241,0.011284642852842808,0.07485400140285492,0.5424022078514099,0.14629755914211273,0.10691298544406891,0.12953324615955353
2023-06-28,1.7574963330580429,0.0019518337212502956,0.07861236482858658,0.5303316116333008,0.14808200299739838,0.1088053360581398,0.13416875898838043
2023-06-29,1.755376164384039,-0.0012063573813065886,0.07760608196258545,0.5326955914497375,0.147958442568779,0.1095106452703476,0.13222919404506683
2023-06-30,1.7762898335646637,0.011914066970348358,0.07735027372837067,0.5311768054962158,0.14861853420734406,0.10962522029876709,0.1332290917634964
2023-07-03,1.7783489068416212,0.0011591989314183593,0.07893513888120651,0.5286601781845093,0.14845003187656403,0.11012942343950272,0.13382525742053986
2023-07-05,1.772776787177149,-0.00313331070356071,0.07736478745937347,0.5318875908851624,0.14839956164360046,0.10986179113388062,0.1324862688779831
2023-07-06,1.7567373665585257,-0.009047625586390495,0.07617828249931335,0.5358060598373413,0.1478896290063858,0.10908202826976776,0.13104398548603058
2023-07-07,1.756516786153855,-0.0001255625393241644,0.07455138862133026,0.5409380197525024,0.1471855789422989,0.10789647698402405,0.12942855060100555
2023-07-10,1.761990047434127,0.0031159743666648865,0.07568112015724182,0.537288248538971,0.14763052761554718,0.10775215178728104,0.13164794445037842
2023-07-11,1.772007753005519,0.005685449577867985,0.07714823633432388,0.5331659317016602,0.14808045327663422,0.10875601321458817,0.13284936547279358
2023-07-12,1.7931001330356218,0.011903096921741962,0.0777646005153656,0.5314363241195679,0.14824548363685608,0.10944585502147675,0.1331077218055725
2023-07-13,1.8145670307756911,0.011971945874392986,0.0784371942281723,0.529387354850769,0.14849714934825897,0.10982704907655716,0.1338512897491455
2023-07-14,1.8096670938194277,-0.0027003339491784573,0.07916729897260666,0.5277405977249146,0.14867083728313446,0.11041595041751862,0.13400539755821228
2023-07-17,1.8222572690765746,0.00695717753842473,0.0766681656241417,0.5343695282936096,0.14803901314735413,0.10965454578399658,0.13126875460147858
2023-07-18,1.8381791126671232,0.008737429045140743,0.07785424590110779,0.5310436487197876,0.14841820299625397,0.10946694016456604,0.1332169771194458
2023-07-19,1.841734219655327,0.0019340373110026121,0.07818165421485901,0.529514491558075,0.14862795174121857,0.10985421389341354,0.13382168114185333
2023-07-20,1.811796201017401,-0.016255341470241547,0.07740680873394012,0.5330893993377686,0.1479572355747223,0.10960319638252258,0.13194333016872406
2023-07-21,1.8073414845841589,-0.002458729315549135,0.0743478536605835,0.5415830016136169,0.14697358012199402,0.10808902978897095,0.12900646030902863
2023-07-24,1.8084413923843061,0.000608577742241323,0.07552306354045868,0.5395241975784302,0.1469583511352539,0.10760395228862762,0.13039040565490723
2023-07-25,1.816293196059791,0.004341751802712679,0.07652489095926285,0.5358549356460571,0.14755482971668243,0.10827043652534485,0.13179492950439453
2023-07-26,1.8165588601416958,0.0001462671789340675,0.07667116820812225,0.534445583820343,0.14796990156173706,0.10871455818414688,0.1321987509727478
2023-07-27,1.8021435509532275,-0.007935503497719765,0.07636802643537521,0.5350313186645508,0.14796634018421173,0.10874342173337936,0.1318909376859665
2023-07-28,1.8272624831005986,0.013938363641500473,0.07535325735807419,0.5379936099052429,0.1478128433227539,0.10848778486251831,0.13035249710083008
2023-07-31,1.8323113749922653,0.002763090655207634,0.07837549597024918,0.5296136140823364,0.14856313169002533,0.1092212051153183,0.13422654569149017
2023-08-01,1.8225347491582826,-0.005335679277777672,0.07752533257007599,0.5312933921813965,0.14852330088615417,0.10973115265369415,0.1329268366098404
2023-08-02,1.791978347834504,-0.016765881329774857,0.07624586671590805,0.5346359014511108,0.14834025502204895,0.10931253433227539,0.13146546483039856
2023-08-03,1.7847198740454253,-0.004050536546856165,0.07353270053863525,0.543972373008728,0.1468331664800644,0.10751649737358093,0.128145232796669
2023-08-04,1.7832777285846493,-0.0008080514380708337,0.07483040541410446,0.5392417907714844,0.14758838713169098,0.10732265561819077,0.13101671636104584
2023-08-07,1.790329165511118,0.0039542000740766525,0.07535877823829651,0.5407189130783081,0.1466936320066452,0.1073775663971901,0.1298510730266571
2023-08-08,1.7806250248414075,-0.005420310888439417,0.0769607350230217,0.5342150330543518,0.1478286236524582,0.10837716609239578,0.13261845707893372
2023-08-09,1.7669357001168033,-0.007687932346016169,0.0756559818983078,0.5397223234176636,0.14683857560157776,0.1081269383430481,0.1296561360359192
2023-08-10,1.7642179009065926,-0.0015381426783278584,0.07468657195568085,0.5429090261459351,0.1463402658700943,0.10716541856527328,0.1288987249135971
2023-08-11,1.7579945085356463,-0.003527564462274313,0.07538299262523651,0.538521409034729,0.14740873873233795,0.1074979305267334,0.1311889886856079
2023-08-14,1.7677190558885745,0.005531614180654287,0.07553233951330185,0.5382853150367737,0.14738285541534424,0.1078825369477272,0.13091695308685303
2023-08-15,1.7507769987966668,-0.009584134444594383,0.07703353464603424,0.5340229272842407,0.14793246984481812,0.10863836109638214,0.1323726922273636
2023-08-16,1.7337634550941277,-0.009717710316181183,0.07433276623487473,0.5416794419288635,0.14708317816257477,0.10781528800725937,0.1290893703699112
2023-08-17,1.7182827615289133,-0.008928953669965267,0.07401396334171295,0.5435018539428711,0.14663416147232056,0.10695207118988037,0.12889792025089264
2023-08-18,1.719217378745433,0.0005439251544885337,0.07374431937932968,0.544672429561615,0.14636977016925812,0.10650584846735,0.12870758771896362
2023-08-21,1.7326523206620488,0.007814568467438221,0.07560403645038605,0.5392708778381348,0.14698432385921478,0.10714825242757797,0.13099248707294464
2023-08-22,1.732022114109029,-0.0003637236077338457,0.07703212648630142,0.5327814221382141,0.14831334352493286,0.10864090174436569,0.13323217630386353
2023-08-23,1.7576371120139433,0.014789070934057236,0.07608681172132492,0.536759614944458,0.14759303629398346,0.10864517092704773,0.1309153139591217
2023-08-24,1.7305966408872535,-0.015384558588266373,0.07851586490869522,0.5312056541442871,0.14781853556632996,0.10908574610948563,0.13337425887584686
2023-08-25,1.7401546316964398,0.0055229454301297665,0.07384276390075684,0.5432989001274109,0.1467495560646057,0.10781438648700714,0.128294438123703
2023-08-28,1.7511228981075895,0.0063030412420630455,0.07678110897541046,0.5357240438461304,0.1474444568157196,0.10798507183790207,0.1320652812719345
2023-08-29,1.7810362157534787,0.01708236336708069,0.07756265997886658,0.532066285610199,0.14818230271339417,0.10905825346708298,0.1331305056810379
2023-08-30,1.7882227445559002,0.004035026766359806,0.07978428155183792,0.5255050659179688,0.14908573031425476,0.11037071794271469,0.13525424897670746
2023-08-31,1.7908674830562816,0.0014789759879931808,0.07825993746519089,0.5288652181625366,0.14910726249217987,0.11051288992166519,0.13325464725494385
2023-09-01,1.7902975483787278,-0.000318245030939579,0.07757889479398727,0.5322380065917969,0.14879471063613892,0.10966689884662628,0.13172142207622528
2023-09-05,1.7804451295651973,-0.005503229796886444,0.07820289582014084,0.5287958979606628,0.15016721189022064,0.1095871776342392,0.13324680924415588
2023-09-06,1.7695614936179211,-0.006112873554229736,0.07847375422716141,0.5300867557525635,0.15132468938827515,0.10932312160730362,0.13079163432121277
2023-09-07,1.7605802517428424,-0.005075405351817608,0.08084475994110107,0.526143491268158,0.15347795188426971,0.10879024863243103,0.13074363768100739
2023-09-08,1.7622820485409352,0.0009666113182902336,0.08304102718830109,0.5210228562355042,0.1557520031929016,0.10901190340518951,0.13117216527462006
2023-09-11,1.7735140737843582,0.0063735684379935265,0.08753636479377747,0.509518027305603,0.1594972461462021,0.11015596985816956,0.13329245150089264
2023-09-12,1.7624993278413157,-0.006210689898580313,0.09479742497205734,0.4902913272380829,0.16616840660572052,0.11229448020458221,0.13644836843013763
2023-09-13,1.7632922763252408,0.00044990002061240375,0.10164623707532883,0.47642388939857483,0.1735430806875229,0.11358411610126495,0.13480262458324432
2023-09-14,1.7746334792595186,0.00643183384090662,0.1110413670539856,0.4555947482585907,0.18088577687740326,0.11519752442836761,0.13728053867816925
2023-09-15,1.7558142416352236,-0.010604577139019966,0.12893879413604736,0.41796842217445374,0.1935293972492218,0.11792399734258652,0.1416393220424652
2023-09-18,1.7568077587015376,0.0005658440641127527,0.14952009916305542,0.38270875811576843,0.21094287931919098,0.11891444772481918,0.137913778424263
2023-09-19,1.7515749166265364,-0.0029786082450300455,0.17072609066963196,0.3501434922218323,0.21732449531555176,0.1209447979927063,0.14086121320724487
2023-09-20,1.7372294716307513,-0.008190026506781578,0.19348222017288208,0.3184361159801483,0.22496841847896576,0.1224827691912651,0.14063049852848053
2023-09-21,1.7080614490291164,-0.016789965331554413,0.22650404274463654,0.2810833156108856,0.23536761105060577,0.1209963783621788,0.13604865968227386
2023-09-22,1.7085917051841033,0.0003104432544205338,0.2539501488208771,0.25424447655677795,0.23854856193065643,0.11962365359067917,0.13363316655158997
2023-09-25,1.7080121146396918,-0.00033922120928764343,0.27835655212402344,0.23699074983596802,0.23137934505939484,0.11920679360628128,0.13406649231910706
2023-09-26,1.6871882445993536,-0.012191874906420708,0.29432153701782227,0.2260572463274002,0.22575128078460693,0.11948531866073608,0.1343846470117569
2023-09-27,1.6880400623448308,0.0005048741586506367,0.2936505079269409,0.23440109193325043,0.2228858768939972,0.11915478855371475,0.12990771234035492
2023-09-28,1.6970164430978398,0.005317634902894497,0.3027701675891876,0.22669659554958344,0.22012704610824585,0.11831934005022049,0.132086843252182
2023-09-29,1.6919745874248897,-0.0029710116796195507,0.3097819685935974,0.2227129191160202,0.2171114981174469,0.11834636330604553,0.13204728066921234
2023-10-02,1.6836874478853248,-0.0048979101702570915,0.3080101013183594,0.227204367518425,0.2163102626800537,0.1183004379272461,0.13017486035823822
2023-10-03,1.658776185494824,-0.014795657247304916,0.30633020401000977,0.2281726747751236,0.21703685820102692,0.11798633635044098,0.13047394156455994
2023-10-04,1.670543743041951,0.007094120141118765,0.29594314098358154,0.23733015358448029,0.21959306299686432,0.11789603531360626,0.129237562417984
2023-10-05,1.6681215131828884,-0.0014499649405479431,0.30550333857536316,0.22749535739421844,0.21776273846626282,0.11748657375574112,0.13175198435783386
2023-10-06,1.6826604536663314,0.008715756237506866,0.3051765263080597,0.22835516929626465,0.21749462187290192,0.11798124015331268,0.13099239766597748
2023-10-09,1.6986816140445022,0.00952132698148489,0.31262263655662537,0.22028450667858124,0.21609991788864136,0.1179526075720787,0.13304036855697632
2023-10-10,1.7069862006550278,0.004888842348009348,0.31302037835121155,0.22400939464569092,0.2140517234802246,0.11790948361158371,0.1310090869665146
2023-10-11,1.7170472722131087,0.005894055590033531,0.3142952620983124,0.22263337671756744,0.2138834446668625,0.1178160086274147,0.13137187063694
2023-10-12,1.6978032146347102,-0.011207645758986473,0.3129374384880066,0.2259831577539444,0.2132813036441803,0.11760464310646057,0.13019341230392456
2023-10-13,1.6976519686663052,-8.908333256840706e-05,0.30291321873664856,0.23312455415725708,0.21676965057849884,0.11765971779823303,0.1295328289270401
2023-10-16,1.7091115047405425,0.006750226952135563,0.29720282554626465,0.23798342049121857,0.21807754039764404,0.11691330373287201,0.12982286512851715
2023-10-17,1.7101604339526078,0.0006137277814559639,0.3089277148246765,0.22273701429367065,0.21751269698143005,0.11742767691612244,0.13339483737945557
2023-10-18,1.6917490481622786,-0.010765882208943367,0.30971595644950867,0.2240009605884552,0.21649105846881866,0.11811918765306473,0.13167284429073334
2023-10-19,1.676145097953748,-0.00922356080263853,0.29859355092048645,0.2364833950996399,0.21820586919784546,0.11769815534353256,0.12901905179023743
2023-10-20,1.6609587268417942,-0.009060296230018139,0.29434165358543396,0.2375098615884781,0.2205740213394165,0.11720152199268341,0.13037295639514923
2023-10-23,1.6597915173007003,-0.0007027324172668159,0.29289257526397705,0.23949241638183594,0.22081372141838074,0.1172790452837944,0.1295221596956253
2023-10-24,1.6729597179097164,0.007933647371828556,0.29964131116867065,0.23310823738574982,0.2193770408630371,0.11722740530967712,0.1306459903717041
2023-10-25,1.6466339853706415,-0.01573602296411991,0.30947527289390564,0.2245512455701828,0.21658354997634888,0.11744986474514008,0.13194000720977783
2023-10-26,1.6374305302180647,-0.005589253734797239,0.29685455560684204,0.2374422401189804,0.2188752442598343,0.11783687770366669,0.12899109721183777
2023-10-27,1.6344866951648813,-0.0017978381365537643,0.29623034596443176,0.23795415461063385,0.21905888617038727,0.1171870157122612,0.12956959009170532
2023-10-30,1.6444761944932598,0.006111704278737307,0.2985289692878723,0.23380769789218903,0.2195034921169281,0.11710613965988159,0.13105368614196777
2023-10-31,1.6503468825208674,0.0035699440632015467,0.30970218777656555,0.2230314016342163,0.21703049540519714,0.11771946400403976,0.13251648843288422
2023-11-01,1.667648247320517,0.010483471676707268,0.3139442205429077,0.2214483767747879,0.21491754055023193,0.11809560656547546,0.13159418106079102
2023-11-02,1.698805654930226,0.01868344098329544,0.32005324959754944,0.21945808827877045,0.2117863893508911,0.11775858700275421,0.1309436410665512
2023-11-03,1.7197810151353639,0.012347121722996235,0.32831624150276184,0.2136947214603424,0.20855598151683807,0.1174645945429802,0.1319684386253357
2023-11-06,1.714351354046045,-0.003157181665301323,0.3286363482475281,0.21462976932525635,0.20780760049819946,0.11753347516059875,0.13139276206493378
2023-11-07,1.7202819412592507,0.003459376748651266,0.31907379627227783,0.2242749184370041,0.20996007323265076,0.11767762899398804,0.1290135383605957
2023-11-08,1.7182181571712314,-0.0011996778193861246,0.3169347643852234,0.22578953206539154,0.21072447299957275,0.11709779500961304,0.1294534057378769
2023-11-09,1.7014808518552171,-0.009741082787513733,0.31278175115585327,0.22971989214420319,0.21173439919948578,0.11711253970861435,0.1286514401435852
2023-11-10,1.7211209187569583,0.011542925611138344,0.3030860424041748,0.23467183113098145,0.2157425731420517,0.11703266203403473,0.12946687638759613
2023-11-13,1.7203565497624485,-0.0004441111523192376,0.31688159704208374,0.2197626829147339,0.2135627567768097,0.11734060198068619,0.13245244324207306
2023-11-14,1.7651427185502628,0.026033073663711548,0.3121568262577057,0.22616972029209137,0.21363228559494019,0.11781507730484009,0.13022607564926147
2023-11-15,1.7637403954795585,-0.0007944530807435513,0.3296007513999939,0.2098734825849533,0.20912840962409973,0.11734884977340698,0.1340484768152237
2023-11-16,1.7638804648417128,7.941608782857656e-05,0.32174602150917053,0.2201680690050125,0.20989422500133514,0.11818768829107285,0.13000406324863434
2023-11-17,1.7706741262068606,0.0038515429478138685,0.3128107786178589,0.22983020544052124,0.2111871838569641,0.11743530631065369,0.12873654067516327
2023-11-20,1.7828765508598918,0.006891400553286076,0.30859681963920593,0.23082010447978973,0.2113577127456665,0.11778765916824341,0.13143768906593323
2023-11-21,1.7768939345641972,-0.003355597611516714,0.2905970513820648,0.2467786818742752,0.20670177042484283,0.12096050381660461,0.13496196269989014
2023-11-22,1.7826328330818855,0.003229736117646098,0.2289949506521225,0.3093630373477936,0.19650132954120636,0.12668588757514954,0.13845473527908325
2023-11-24,1.782328777003988,-0.0001705657341517508,0.14283975958824158,0.4118318557739258,0.16916701197624207,0.13185802102088928,0.14430326223373413
2023-11-27,1.7857132762266874,0.0018989196978509426,0.09703051298856735,0.4816112220287323,0.15627579391002655,0.12567974627017975,0.13940271735191345
2023-11-28,1.790798345749018,0.0028476405423134565,0.0829911008477211,0.5156246423721313,0.15079981088638306,0.11703388392925262,0.13355056941509247
2023-11-29,1.7940381162138221,0.0018091207602992654,0.07870320230722427,0.5278705358505249,0.14896288514137268,0.11194062978029251,0.13252270221710205
2023-11-30,1.7899088289006477,-0.0023016720078885555,0.07785731554031372,0.5325556397438049,0.14787542819976807,0.10993435233831406,0.13177718222141266
2023-12-01,1.808791563154575,0.010549550876021385,0.0773732140660286,0.5327093601226807,0.14808005094528198,0.10948052257299423,0.13235688209533691
2023-12-04,1.7958795399748297,-0.007138480432331562,0.07882356643676758,0.5290938019752502,0.1482953280210495,0.10964090377092361,0.1341463178396225
2023-12-05,1.7979668449832322,0.001162274507805705,0.07762070745229721,0.5329767465591431,0.14800041913986206,0.10973429679870605,0.13166779279708862
2023-12-06,1.7947703914194646,-0.0017778156325221062,0.07702714204788208,0.5377322435379028,0.14668601751327515,0.1086045652627945,0.12995007634162903
2023-12-07,1.8104200057869946,0.008719563484191895,0.07609215378761292,0.539962649345398,0.14641079306602478,0.10764137655496597,0.1298929899930954
2023-12-08,1.8124746907018383,0.0011349216802045703,0.07812763005495071,0.5317964553833008,0.14790132641792297,0.10870755463838577,0.13346701860427856
2023-12-11,1.818658634732008,0.0034118788316845894,0.07841753959655762,0.530166506767273,0.14839360117912292,0.10983776301145554,0.13318465650081635
2023-12-12,1.8271444512898205,0.004665975458920002,0.0785338431596756,0.5301022529602051,0.14841388165950775,0.11004012823104858,0.13290981948375702
2023-12-13,1.8604368268962168,0.018220987170934677,0.07815973460674286,0.5313442945480347,0.14816679060459137,0.10977133363485336,0.13255785405635834
2023-12-14,1.8744144103688136,0.007513065356761217,0.0802529901266098,0.5248517394065857,0.1488592028617859,0.11026360094547272,0.1357724368572235
2023-12-15,1.8745100902427154,5.104520823806524e-05,0.07949137687683105,0.5276737809181213,0.14848320186138153,0.11055167764425278,0.13380002975463867
2023-12-18,1.8811719460121967,0.003553918329998851,0.07760394364595413,0.533221960067749,0.14799389243125916,0.10975313931703568,0.1314270794391632
2023-12-19,1.8953140876952155,0.0075177294202148914,0.077544666826725,0.5320881009101868,0.14831416308879852,0.1092877984046936,0.13276535272598267
2023-12-20,1.8726750500186808,-0.011944741941988468,0.07858926057815552,0.5290625095367432,0.14865300059318542,0.10971470922231674,0.13398054242134094
2023-12-21,1.890783367019668,0.009669759310781956,0.07485732436180115,0.5422109365463257,0.14667372405529022,0.10815291106700897,0.12810513377189636
2023-12-22,1.895365856936323,0.002423593308776617,0.07814600318670273,0.5310646891593933,0.14819948375225067,0.108536496758461,0.1340532898902893
2023-12-26,1.9082714364544076,0.00680901762098074,0.07768440246582031,0.531353771686554,0.1484309881925583,0.1094493493437767,0.13308154046535492
2023-12-27,1.9164264136715652,0.0042734891176223755,0.07830037921667099,0.5298933386802673,0.14854449033737183,0.109687440097332,0.13357432186603546
2023-12-28,1.911903898912718,-0.002359868725761771,0.07781926542520523,0.5331945419311523,0.14772622287273407,0.10936836898326874,0.13189159333705902
2023-12-29,1.9001118046276162,-0.006167723331600428,0.0769125372171402,0.5349224209785461,0.147757887840271,0.10895027220249176,0.13145683705806732
2024-01-02,1.8783893575685362,-0.011432194150984287,0.0755351185798645,0.5391234159469604,0.14720548689365387,0.10815167427062988,0.1299843192100525
2024-01-03,1.8577684862224026,-0.010977953672409058,0.07469921559095383,0.5422021150588989,0.1466090828180313,0.10726985335350037,0.12921975553035736
2024-01-04,1.8487651828104799,-0.0048462999984622,0.07402032613754272,0.5466414093971252,0.14554710686206818,0.1064419373869896,0.1273491531610489
2024-01-05,1.8474859872590557,-0.0006919188890606165,0.07494524121284485,0.5414329767227173,0.1466568112373352,0.10663359612226486,0.13033145666122437
2024-01-08,1.8747000355792283,0.014730313792824745,0.07607124000787735,0.5375389456748962,0.14729900658130646,0.10770559310913086,0.1313851922750473
2024-01-09,1.8726838178762526,-0.0010754881659522653,0.08022573590278625,0.5265714526176453,0.14839622378349304,0.10981159657239914,0.13499502837657928
2024-01-10,1.878877447383986,0.003307354636490345,0.07723099738359451,0.5333042144775391,0.14802512526512146,0.109770268201828,0.13166937232017517
2024-01-11,1.8803420610047041,0.0007795152487233281,0.07785265892744064,0.5317977070808411,0.14813664555549622,0.10953354090452194,0.1326795220375061
2024-01-12,1.8824988363382718,0.0011470122262835503,0.07687092572450638,0.5356160998344421,0.14745894074440002,0.10899064689874649,0.13106335699558258
2024-01-16,1.8724255947080934,-0.005350994877517223,0.07634443044662476,0.5361225008964539,0.14755097031593323,0.10848825424909592,0.13149386644363403
2024-01-17,1.8609327297903546,-0.006137955468147993,0.07570802420377731,0.5375406742095947,0.14764009416103363,0.10841814428567886,0.13069310784339905
2024-01-18,1.8780473926499501,0.009196819737553596,0.07559022307395935,0.5395291447639465,0.1470405012369156,0.10796085000038147,0.12987932562828064
2024-01-19,1.9035216313423524,0.013564215041697025,0.07765880972146988,0.5315923690795898,0.14827260375022888,0.10879608988761902,0.13368017971515656
2024-01-22,1.9114130290950273,0.004145683255046606,0.07950984686613083,0.5263381600379944,0.1488858312368393,0.11037790030241013,0.13488830626010895
2024-01-23,1.9145160268380397,0.0016234051436185837,0.07893376052379608,0.5277643203735352,0.14881791174411774,0.11066989600658417,0.13381412625312805
2024-01-24,1.9146220419086557,5.537434481084347e-05,0.07736723870038986,0.5314347743988037,0.14858265221118927,0.1100524514913559,0.13256292045116425
2024-01-25,1.9213740161988353,0.003526531159877777,0.07705625891685486,0.5335721969604492,0.14815908670425415,0.10951967537403107,0.13169275224208832
2024-01-26,1.9145024768137042,-0.0035763673949986696,0.07746680825948715,0.5328294634819031,0.14799505472183228,0.10923872143030167,0.13246995210647583
2024-01-29,1.9351685932004041,0.010794510133564472,0.07623633742332458,0.5361254215240479,0.14768041670322418,0.10883664339780807,0.1311211884021759
2024-01-30,1.9280083076500087,-0.003700083587318659,0.07843102514743805,0.5302584767341614,0.14822758734226227,0.10932519286870956,0.13375769555568695
2024-01-31,1.899939652501306,-0.014558368362486362,0.0761706680059433,0.5374377369880676,0.14723283052444458,0.10885859280824661,0.1303001046180725
2024-02-01,1.924007152991508,0.012667507864534855,0.07318531721830368,0.5482650995254517,0.14550340175628662,0.10659341514110565,0.1264527142047882
2024-02-02,1.9343086927430546,0.005354210734367371,0.07758598029613495,0.5355659127235413,0.1468288153409958,0.10737055540084839,0.13264866173267365
2024-02-05,1.9229912019453137,-0.005850922781974077,0.07812798023223877,0.5300217270851135,0.14853082597255707,0.1095503643155098,0.13376908004283905
2024-02-06,1.9272622144921145,0.00222102552652359,0.07605656236410141,0.5352948307991028,0.14817260205745697,0.10928774625062943,0.1311882585287094
2024-02-07,1.9372959374721628,0.005206205416470766,0.07699194550514221,0.534597635269165,0.14770382642745972,0.10877827554941177,0.13192832469940186
2024-02-08,1.9421217991473054,0.002491029677912593,0.07767114043235779,0.5319974422454834,0.1481594294309616,0.1093176007270813,0.1328543871641159
2024-02-09,1.9563081306499883,0.0073045529425144196,0.07770635187625885,0.5307612419128418,0.14860329031944275,0.1096448302268982,0.13328438997268677
2024-02-12,1.9570070694687294,0.0003572744026314467,0.07890928536653519,0.5273979306221008,0.1490047723054886,0.1103481650352478,0.1343398094177246
2024-02-13,1.919014710721141,-0.019413501024246216,0.07796084135770798,0.5299778580665588,0.1487099677324295,0.11024700850248337,0.13310430943965912
2024-02-14,1.9389879268093035,0.01040805783122778,0.07358678430318832,0.5446719527244568,0.14659471809864044,0.10811164230108261,0.12703490257263184
2024-02-15,1.9534646996784517,0.007466149050742388,0.07838147133588791,0.5314751863479614,0.14784035086631775,0.10849116742610931,0.1338118612766266
2024-02-16,1.939040845987634,-0.007383728865534067,0.07896246761083603,0.5278448462486267,0.14859677851200104,0.11003885418176651,0.13455699384212494
2024-02-20,1.9280729126887535,-0.005656370427459478,0.07569471001625061,0.5373685956001282,0.14756076037883759,0.10916005074977875,0.13021589815616608
2024-02-21,1.921209972211818,-0.00355948181822896,0.07489126175642014,0.5414398312568665,0.14668643474578857,0.10767373442649841,0.12930871546268463
2024-02-22,1.957317164087132,0.018793985247612,0.07564607262611389,0.5390623807907104,0.14697496592998505,0.10765806585550308,0.13065853714942932
2024-02-23,1.95939632743011,0.001062251627445221,0.08023283630609512,0.5261057019233704,0.148406520485878,0.10986340045928955,0.13539162278175354
2024-02-26,1.9588861747528126,-0.00026036216877400875,0.07772555947303772,0.5330293774604797,0.1476176530122757,0.10986734926700592,0.13176007568836212
2024-02-27,1.9639634616639163,0.0025919254403561354,0.07715781778097153,0.5340642333030701,0.1477441042661667,0.10919863730669022,0.13183513283729553
2024-02-28,1.9576178131056947,-0.0032310420647263527,0.07785078138113022,0.5311498045921326,0.14827311038970947,0.10950442403554916,0.13322187960147858
2024-02-29,1.9719379032848134,0.007315059192478657,0.07637796550989151,0.5370686650276184,0.14717309176921844,0.10891471803188324,0.13046547770500183
2024-03-01,1.9983856017637307,0.013412034139037132,0.07765259593725204,0.5333088040351868,0.14765022695064545,0.1088566705584526,0.13253171741962433
2024-03-04,1.9975849834209314,-0.00040063256165012717,0.07860344648361206,0.5291109681129456,0.14838947355747223,0.10965584963560104,0.1342402994632721
2024-03-05,1.978536695846986,-0.009535658173263073,0.0764119103550911,0.5344449877738953,0.1480337381362915,0.10928720235824585,0.1318221390247345
2024-03-06,1.991489187522571,0.006546500604599714,0.07453397661447525,0.5433222651481628,0.1462414562702179,0.10757788270711899,0.12832438945770264
2024-03-07,2.012805500796798,0.010703705251216888,0.07693538814783096,0.5361093878746033,0.1470993161201477,0.1078004539012909,0.13205544650554657
2024-03-08,1.9980405428946588,-0.0073355115018785,0.07855356484651566,0.529806911945343,0.14821802079677582,0.10939794778823853,0.134023517370224
2024-03-11,1.9919339899884008,-0.003056270768865943,0.07563580572605133,0.5378139615058899,0.14735884964466095,0.10875242948532104,0.130438894033432
2024-03-12,2.0037685304962793,0.005941231269389391,0.0757361650466919,0.5390172600746155,0.14693301916122437,0.10802055895328522,0.13029302656650543
2024-03-13,1.9972552996407271,-0.003250490641221404,0.07816687226295471,0.5317803025245667,0.14788687229156494,0.10910651832818985,0.13305939733982086
2024-03-14,1.9844628159853528,-0.0064050317741930485,0.07618863135576248,0.5357207655906677,0.14773748815059662,0.10887579619884491,0.1314772665500641
2024-03-15,1.970297226276244,-0.00713824899867177,0.07521769404411316,0.5390127301216125,0.14736060798168182,0.10827004909515381,0.13013896346092224
2024-03-18,1.979392182020783,0.004616032354533672,0.07507059723138809,0.5406491160392761,0.14687785506248474,0.10754719376564026,0.129855215549469
2024-03-19,1.9844022230829879,0.0025311007630079985,0.07657338678836823,0.5361626148223877,0.14740236103534698,0.1080847680568695,0.13177691400051117
2024-03-20,2.0070872762575758,0.011431680992245674,0.0771157443523407,0.5343639254570007,0.14764739573001862,0.1087418869137764,0.13213108479976654
2024-03-21,2.0162163048988146,0.004548396449536085,0.07856494188308716,0.5283214449882507,0.1487257182598114,0.10968166589736938,0.13470622897148132
2024-03-22,2.012918141652493,-0.0016358181601390243,0.07817637920379639,0.5294938087463379,0.14872843027114868,0.1101989820599556,0.13340240716934204
2024-03-25,2.008979068468848,-0.0019568968564271927,0.07661774754524231,0.5364594459533691,0.14743292331695557,0.10920453816652298,0.13028527796268463
2024-03-26,2.006117786893123,-0.0014242465840652585,0.07591318339109421,0.5371613502502441,0.14754618704319,0.10826467722654343,0.13111458718776703
2024-03-27,2.0214583496529963,0.007646890357136726,0.07572983205318451,0.5383150577545166,0.14726248383522034,0.10800103843212128,0.13069160282611847
2024-03-28,2.02365719465515,0.0010877518216148019,0.07788749784231186,0.5318675637245178,0.1479741334915161,0.10879778861999512,0.13347303867340088
2024-04-01,2.0214093731004685,-0.0011107719037681818,0.07638922333717346,0.5348161458969116,0.1479678452014923,0.10889239609241486,0.13193440437316895
2024-04-02,2.0081685749494214,-0.006550280377268791,0.07544197887182236,0.5363433361053467,0.14815883338451385,0.10852965712547302,0.1315261572599411
2024-04-03,2.0149215011481787,0.003362728748470545,0.07394933700561523,0.5423235297203064,0.14703711867332458,0.10745307803153992,0.12923695147037506
2024-04-04,1.9934012682005908,-0.010680432431399822,0.07595109939575195,0.5370263457298279,0.14756827056407928,0.107671819627285,0.13178251683712006
2024-04-05,2.0099576783088304,0.008305608294904232,0.07425786554813385,0.5438397526741028,0.14638589322566986,0.1071939617395401,0.1283225566148758
2024-04-08,2.013625478646354,0.0018248147098347545,0.07659240067005157,0.5341982245445251,0.14801684021949768,0.10791745781898499,0.1332750916481018
2024-04-09,2.0224370254985193,0.004375961143523455,0.07659002393484116,0.5343550443649292,0.14808394014835358,0.10877030342817307,0.13220065832138062
2024-04-10,1.9960065548870136,-0.013068624772131443,0.0769541934132576,0.5344565510749817,0.14784300327301025,0.10880076885223389,0.1319454312324524
2024-04-11,2.0202071293998998,0.012124496512115002,0.0741337463259697,0.5420301556587219,0.1471695452928543,0.10787621140480042,0.12879039347171783
2024-04-12,1.9929350191801147,-0.013499660417437553,0.0771200880408287,0.5328385233879089,0.148235484957695,0.10824361443519592,0.13356228172779083
2024-04-15,1.970165933958489,-0.011424900963902473,0.07449378818273544,0.543429434299469,0.14645607769489288,0.10769815742969513,0.12792257964611053
2024-04-16,1.967861118593525,-0.0011698585003614426,0.07276036590337753,0.5468084216117859,0.14621663093566895,0.10597843676805496,0.12823611497879028
2024-04-17,1.951266887666128,-0.008432622998952866,0.07508902996778488,0.5409183502197266,0.1468101292848587,0.10668312013149261,0.13049942255020142
2024-04-18,1.9444581764603788,-0.003489379771053791,0.07479804754257202,0.5439286231994629,0.14594773948192596,0.10681010782718658,0.12851545214653015
2024-04-19,1.9231671561827106,-0.010949590243399143,0.07515306770801544,0.5410121083259583,0.1466597020626068,0.10687869042158127,0.13029645383358002
2024-04-22,1.9315255093657484,0.00434613972902298,0.07420944422483444,0.5440199375152588,0.14622046053409576,0.10663944482803345,0.12891076505184174
2024-04-23,1.9527253302658778,0.010975687764585018,0.07840526849031448,0.5327381491661072,0.1475563496351242,0.108402781188488,0.1328974813222885
2024-04-24,1.9528063959792468,4.1514140320941806e-05,0.07986573129892349,0.526445209980011,0.14868861436843872,0.11010677367448807,0.13489370048046112
2024-04-25,1.9454600233267023,-0.0037619564682245255,0.07789595425128937,0.531341016292572,0.14861364662647247,0.10996618866920471,0.13218320906162262
2024-04-26,1.9674676640917115,0.011312306858599186,0.07759484648704529,0.5331407189369202,0.14950262010097504,0.10878212004899979,0.13097970187664032
2024-04-29,1.9758920830464233,0.004281858913600445,0.08607839047908783,0.5132958889007568,0.15612411499023438,0.10981962084770203,0.13468201458454132
2024-04-30,1.9404187912068152,-0.01795305125415325,0.10514173656702042,0.47226256132125854,0.17501766979694366,0.11175534129142761,0.1358226239681244
2024-05-01,1.939248668653413,-0.0006030257791280746,0.17590199410915375,0.34839528799057007,0.23192770779132843,0.11133081465959549,0.13244427740573883
2024-05-02,1.9588571477651529,0.010111379437148571,0.22684329748153687,0.2799243927001953,0.24036438763141632,0.11543722450733185,0.13743072748184204
2024-05-03,1.9813293061853452,0.011472076177597046,0.2692754864692688,0.23934680223464966,0.2337963581085205,0.11903778463602066,0.13854359090328217
2024-05-06,2.0016320383847694,0.01024702563881874,0.29576677083969116,0.2241515815258026,0.22410321235656738,0.12021415680646896,0.13576431572437286
2024-05-07,2.0035800801988954,0.000973226735368371,0.30658823251724243,0.22220943868160248,0.21753264963626862,0.11979279667139053,0.13387686014175415
2024-05-08,1.9986363484214191,-0.0024674490559846163,0.30593597888946533,0.2288288176059723,0.21456211805343628,0.1193828359246254,0.13129030168056488
2024-05-09,2.012720275968102,0.007046768441796303,0.29958564043045044,0.23570401966571808,0.21432051062583923,0.11905869841575623,0.1313311606645584
2024-05-10,2.012197614457361,-0.0002596791600808501,0.2925886809825897,0.24085311591625214,0.2131059467792511,0.11957365274429321,0.13387855887413025
2024-05-13,2.0119337458772266,-0.00013113452587276697,0.269163578748703,0.2625664174556732,0.21057090163230896,0.1221899688243866,0.13550907373428345
2024-05-14,2.0259361946617926,0.006959696765989065,0.2318275272846222,0.29908138513565063,0.20340561866760254,0.12628090381622314,0.13940457999706268
2024-05-15,2.053611974943835,0.013660736382007599,0.18612484633922577,0.3467814326286316,0.1940947026014328,0.12939795851707458,0.14360104501247406
2024-05-16,2.0471814668197,-0.0031313160434365273,0.14901399612426758,0.3912649154663086,0.18457016348838806,0.1300031989812851,0.1451476663351059
2024-05-17,2.0502281788806274,0.001488247187808156,0.10985530912876129,0.45499035716056824,0.16849395632743835,0.1268349140882492,0.1398254930973053
2024-05-20,2.0586340438066015,0.004099965561181307,0.08862194418907166,0.49735817313194275,0.1569167971611023,0.11999425292015076,0.13710886240005493
2024-05-21,2.061634103497594,0.0014573059743270278,0.08154524117708206,0.5167996287345886,0.1519141048192978,0.11494790762662888,0.13479310274124146
2024-05-22,2.0535449432935478,-0.0039236643351614475,0.07872927188873291,0.5275086164474487,0.1493663787841797,0.11177675426006317,0.1326189786195755
2024-05-23,2.035543854870863,-0.008765860460698605,0.07723211497068405,0.53422611951828,0.14799030125141144,0.10983538627624512,0.13071608543395996
2024-05-24,2.051092846803823,0.007638740818947554,0.07567524164915085,0.5396905541419983,0.14709286391735077,0.10831025242805481,0.12923109531402588
2024-05-28,2.054548544555456,0.001684808055870235,0.07777779549360275,0.5329105854034424,0.14787571132183075,0.10853242129087448,0.13290342688560486
2024-05-29,2.035884194622394,-0.009084404446184635,0.07650822401046753,0.5338573455810547,0.14835195243358612,0.10888663679361343,0.1323958784341812
2024-05-30,2.028497547608432,-0.0036282255314290524,0.0750327780842781,0.5394653081893921,0.14755375683307648,0.10823182016611099,0.12971633672714233
2024-05-31,2.0302708943303953,0.000874216842930764,0.07544814795255661,0.5398569107055664,0.14704324305057526,0.10743431746959686,0.13021734356880188
2024-06-03,2.040429706036734,0.0050036730244755745,0.07713054865598679,0.5353306531906128,0.1474122852087021,0.10821657627820969,0.13190998136997223
2024-06-04,2.0398518764102915,-0.0002831901656463742,0.07650911808013916,0.5371617674827576,0.14723581075668335,0.10816359519958496,0.13092967867851257
2024-06-05,2.072910859575464,0.016206560656428337,0.07628725469112396,0.5388094782829285,0.14689946174621582,0.10798517614603043,0.13001862168312073
2024-06-06,2.072030389111555,-0.0004247507604304701,0.07882267981767654,0.5292779207229614,0.14838935434818268,0.10900090634822845,0.13450917601585388
2024-06-07,2.0531554292549408,-0.009109403006732464,0.07643259316682816,0.5350584387779236,0.14800889790058136,0.10907864570617676,0.13142135739326477
2024-06-10,2.060067144489139,0.0033663867507129908,0.07669994235038757,0.5358325242996216,0.14787891507148743,0.1089453399181366,0.13064323365688324
2024-06-11,2.0700065208534086,0.004824782721698284,0.07683556526899338,0.534002959728241,0.14817428588867188,0.10858701914548874,0.13240014016628265
2024-06-12,2.0927855954899717,0.01100434921681881,0.07713647931814194,0.5347901582717896,0.14774486422538757,0.10869639366865158,0.13163216412067413
2024-06-13,2.097425814978035,0.0022172455210238695,0.07885131239891052,0.5292799472808838,0.14846989512443542,0.10942654311656952,0.13397227227687836
2024-06-14,2.1038170692660842,0.003047189675271511,0.07763544470071793,0.5342438220977783,0.14763855934143066,0.1093485951423645,0.13113358616828918
2024-06-17,2.1177660439933232,0.006630317308008671,0.07609659433364868,0.5382346510887146,0.1471608281135559,0.10812902450561523,0.1303788274526596
2024-06-18,2.1223220280353967,0.0021513160318136215,0.07807724177837372,0.5308275818824768,0.14847470819950104,0.10900992900133133,0.1336105316877365
2024-06-20,2.1137008758564875,-0.004062131978571415,0.0772455483675003,0.5338631868362427,0.1479341834783554,0.1091127097606659,0.13184437155723572
2024-06-21,2.1068230819799214,-0.0032539106905460358,0.07542183995246887,0.5380880832672119,0.1476186066865921,0.1081567257642746,0.1307147890329361
2024-06-24,2.0967065477157907,-0.004801795817911625,0.07657451182603836,0.5367400050163269,0.14749930799007416,0.1082267239689827,0.1309594064950943
2024-06-25,2.1081772269427503,0.005470808129757643,0.0756215825676918,0.5390803217887878,0.14714688062667847,0.10775039345026016,0.13040079176425934
2024-06-26,2.1040207052190314,-0.001971618738025427,0.07716401666402817,0.535007894039154,0.14764919877052307,0.10830648988485336,0.13187238574028015
2024-06-27,2.1143553152605303,0.004911838565021753,0.07673995196819305,0.5345360040664673,0.14809517562389374,0.10877703130245209,0.1318519115447998
2024-06-28,2.1048345395378165,-0.004502921365201473,0.07702760398387909,0.5335268378257751,0.14818203449249268,0.10874097049236298,0.1325225830078125
2024-07-01,2.105857518905165,0.0004860141489189118,0.07597152143716812,0.5349939465522766,0.14844657480716705,0.10871922969818115,0.1318686604499817
2024-07-02,2.121523953151446,0.007439455948770046,0.07621951401233673,0.5344756841659546,0.1485007256269455,0.10874859243631363,0.13205549120903015
2024-07-03,2.137730003361823,0.007638872135430574,0.0778578519821167,0.5318412780761719,0.14831583201885223,0.10917959362268448,0.13280542194843292
2024-07-05,2.154707200900733,0.007941693998873234,0.0774536058306694,0.533257007598877,0.14800123870372772,0.10906307399272919,0.13222509622573853
2024-07-08,2.1568138990054337,0.0009777189698070288,0.07714980095624924,0.5338072776794434,0.14800511300563812,0.10886028409004211,0.13217754662036896
2024-07-09,2.156017191620802,-0.00036939088022336364,0.07748417556285858,0.533117949962616,0.14817142486572266,0.10909903794527054,0.1321273297071457
2024-07-10,2.1744879772264785,0.008567086420953274,0.07627957314252853,0.5353708863258362,0.14807718992233276,0.10878857970237732,0.1314837485551834
2024-07-11,2.1662568057186418,-0.0037853377871215343,0.0779510885477066,0.5305119156837463,0.148616760969162,0.10933025181293488,0.133589968085289
2024-07-12,2.17863238564369,0.005712886806577444,0.0761951133608818,0.5346832275390625,0.1481935977935791,0.1088058203458786,0.1321222335100174
2024-07-15,2.186471723647236,0.003598283976316452,0.07786180078983307,0.5311938524246216,0.14843080937862396,0.10934709757566452,0.13316643238067627
2024-07-16,2.208013603732289,0.009852347895503044,0.0778529942035675,0.528997004032135,0.14918115735054016,0.10989931970834732,0.1340695470571518
2024-07-17,2.1660857351931186,-0.01898895390331745,0.07873104512691498,0.5270949006080627,0.14915475249290466,0.11021235585212708,0.13480696082115173
2024-07-18,2.1494781855278045,-0.007667078636586666,0.07418655604124069,0.542504608631134,0.14689446985721588,0.10839027166366577,0.12802407145500183
2024-07-19,2.1300415038988847,-0.009042511694133282,0.07436953485012054,0.5436803102493286,0.14642252027988434,0.10691757500171661,0.12861008942127228
2024-07-22,2.153108821924538,0.010829515755176544,0.07510577142238617,0.5421636700630188,0.14647194743156433,0.10697321593761444,0.12928543984889984
2024-07-23,2.152863476815256,-0.00011394923785701394,0.07846339792013168,0.5306736826896667,0.1481022834777832,0.10865693539381027,0.13410373032093048
2024-07-24,2.096662639543875,-0.026105156168341637,0.07728756964206696,0.5328198671340942,0.14824555814266205,0.1092933714389801,0.13235355913639069
2024-07-25,2.0847049773337902,-0.005703188478946686,0.07425951212644577,0.5443288683891296,0.14815059304237366,0.10700623691082001,0.12625476717948914
2024-07-26,2.107566213547128,0.010966173373162746,0.076962411403656,0.5386314392089844,0.14732725918293,0.1069822832942009,0.13009659945964813
2024-07-29,2.1072458957608147,-0.00015198468463495374,0.07925254851579666,0.5298212170600891,0.148333340883255,0.10871227085590363,0.13388057053089142
2024-07-30,2.0956676065981963,-0.005494512617588043,0.07799160480499268,0.5337265729904175,0.14814458787441254,0.10913795977830887,0.1309993416070938
2024-07-31,2.139845677876219,0.02108066715300083,0.0793495625257492,0.5309091806411743,0.1509101390838623,0.10824128240346909,0.13058990240097046
2024-08-01,2.100489942329923,-0.01839185692369938,0.10062801092863083,0.48252353072166443,0.16940714418888092,0.11039610952138901,0.13704520463943481
2024-08-02,2.064979136198992,-0.01690596342086792,0.16532304883003235,0.367415189743042,0.22549408674240112,0.11068414151668549,0.13108351826667786
2024-08-05,2.0146432253563433,-0.02437599003314972,0.21913747489452362,0.2944315969944,0.24187494814395905,0.11328931152820587,0.13126663863658905
2024-08-06,2.022140098698394,0.0037211915478110313,0.248463973402977,0.2655210494995117,0.239394411444664,0.1160842627286911,0.13053634762763977
2024-08-07,2.005786027470331,-0.008087506517767906,0.2860778570175171,0.22909441590309143,0.2309003472328186,0.11772995442152023,0.13619740307331085
2024-08-08,2.046669725709775,0.02038288116455078,0.2957412004470825,0.23039741814136505,0.223703995347023,0.11894591152667999,0.13121142983436584
2024-08-09,2.053934368265739,0.0035494943149387836,0.3196399509906769,0.21146191656589508,0.2156423032283783,0.11809388548135757,0.13516190648078918
2024-08-12,2.056744571428453,0.001368204946629703,0.3203626573085785,0.2198409140110016,0.21135768294334412,0.11844441294670105,0.12999433279037476
2024-08-13,2.0871165845704858,0.014767032116651535,0.314862996339798,0.22707118093967438,0.2113519012928009,0.11735208332538605,0.1293618232011795
2024-08-14,2.08596186224849,-0.0005532620125450194,0.3258097469806671,0.21603643894195557,0.20911367237567902,0.11710824817419052,0.13193190097808838
2024-08-15,2.119006931889947,0.015841646119952202,0.3205219805240631,0.2241440862417221,0.20901571214199066,0.11758426576852798,0.12873400747776031
2024-08-16,2.1293993492245287,0.00490438099950552,0.32967743277549744,0.2129267156124115,0.20779094099998474,0.11702931672334671,0.13257566094398499
2024-08-19,2.1482050227322196,0.008831445127725601,0.32143858075141907,0.22299256920814514,0.20851393043994904,0.11733424663543701,0.12972065806388855
2024-08-20,2.1438552465622247,-0.002024842193350196,0.3244973421096802,0.2194417119026184,0.2083078771829605,0.11711576581001282,0.1306373029947281
2024-08-21,2.154064821207482,0.0047622499987483025,0.3159509003162384,0.2288360297679901,0.20971302688121796,0.11716189980506897,0.12833809852600098
2024-08-22,2.1310337719506816,-0.010691901668906212,0.317621111869812,0.22429583966732025,0.210667684674263,0.11686187237501144,0.13055351376533508
2024-08-23,2.1623705074199404,0.014704945497214794,0.30890652537345886,0.2324419766664505,0.2128755897283554,0.11740358918905258,0.12837237119674683
2024-08-26,2.1565037486659544,-0.0027131144888699055,0.3194361925125122,0.21964247524738312,0.21144746243953705,0.11686420440673828,0.13260963559150696
2024-08-27,2.155649403158379,-0.00039617158472537994,0.31357255578041077,0.22736598551273346,0.2119782567024231,0.11762038618326187,0.1294628381729126
2024-08-28,2.1407234806893136,-0.006924095563590527,0.3122384548187256,0.228194460272789,0.21261057257652283,0.11721211671829224,0.12974439561367035
2024-08-29,2.143908913695198,0.0014880170347169042,0.30772626399993896,0.2323768436908722,0.21375666558742523,0.1172817200422287,0.12885849177837372
2024-08-30,2.153978860157672,0.004697002936154604,0.3095206320285797,0.22837986052036285,0.21428924798965454,0.11703221499919891,0.13077805936336517
2024-09-03,2.1137231070103155,-0.018689019605517387,0.316110759973526,0.22143521904945374,0.2133081704378128,0.11750973761081696,0.1316360980272293
2024-09-04,2.1136675878292603,-2.6266061468049884e-05,0.29846563935279846,0.24322345852851868,0.21505825221538544,0.11750012636184692,0.1257525235414505
2024-09-05,2.1140240501245966,0.00016864633653312922,0.2979511618614197,0.23956267535686493,0.21494579315185547,0.11700422316789627,0.13053618371486664
2024-09-06,2.0787935115117047,-0.016665155068039894,0.2927955985069275,0.24244704842567444,0.2146243304014206,0.11823198944330215,0.13190096616744995
2024-09-09,2.0955027089785725,0.008037930354475975,0.27687469124794006,0.2578140199184418,0.21636809408664703,0.1192021518945694,0.12974107265472412
2024-09-10,2.106852273235605,0.005416153464466333,0.19636516273021698,0.34458282589912415,0.18416601419448853,0.12974919378757477,0.145136758685112
2024-09-11,2.129661503344171,0.010826212354004383,0.12439385056495667,0.4379136860370636,0.16415537893772125,0.13085007667541504,0.14268699288368225
2024-09-12,2.1496457326422336,0.009383758530020714,0.09633928537368774,0.4836295545101166,0.1563299298286438,0.12403521686792374,0.13966600596904755
2024-09-13,2.167063170866339,0.008102469146251678,0.08525305241346359,0.5072996616363525,0.1524961292743683,0.11774241179227829,0.1372087001800537
2024-09-16,2.1657600526286487,-0.0006013291422277689,0.08181460201740265,0.5177053213119507,0.15048997104167938,0.11414913833141327,0.13584096729755402
2024-09-17,2.1663225905204744,0.00025974155869334936,0.07890455424785614,0.5289395451545715,0.1483769416809082,0.1115446537733078,0.13223426043987274
2024-09-18,2.1556886467943293,-0.0049087535589933395,0.07825694978237152,0.5310876369476318,0.14805904030799866,0.11010563373565674,0.13249081373214722
2024-09-19,2.1973485410057743,0.019325561821460724,0.07702403515577316,0.5345327258110046,0.14769256114959717,0.10932142287492752,0.1314292699098587
2024-09-20,2.194180067673447,-0.0014419530052691698,0.0805726870894432,0.5235340595245361,0.14899134635925293,0.11043811589479446,0.13646380603313446
2024-09-23,2.1965611264863103,0.0010851701954379678,0.07699233293533325,0.5338886380195618,0.1478062868118286,0.1099105030298233,0.13140222430229187
2024-09-24,2.207201234019858,0.004843984264880419,0.07718835026025772,0.5349059700965881,0.1473800390958786,0.10898523032665253,0.1315404623746872
2024-09-25,2.2015187303608603,-0.002574529033154249,0.07721825689077377,0.5344948172569275,0.14742939174175262,0.1087147668004036,0.13214273750782013
2024-09-26,2.2147815962045643,0.006024416536092758,0.07631605863571167,0.5375266671180725,0.1470777839422226,0.10845982283353806,0.13061967492103577
2024-09-27,2.209053432263493,-0.0025863335467875004,0.07766515761613846,0.5339932441711426,0.14736205339431763,0.10861809551715851,0.1323614865541458
2024-09-30,2.2102906887937435,0.000560084474273026,0.07728920131921768,0.5357897281646729,0.14701826870441437,0.10873368382453918,0.1311691403388977
2024-10-01,2.192507257471137,-0.008045743219554424,0.07771332561969757,0.5340256690979004,0.1473490297794342,0.10891661792993546,0.13199542462825775
2024-10-02,2.1918808274071475,-0.0002857140207197517,0.07467839866876602,0.5432797074317932,0.14610207080841064,0.10743457823991776,0.12850530445575714
2024-10-03,2.1860996668294326,-0.0026375341694802046,0.07603681832551956,0.538749635219574,0.14683111011981964,0.10739995539188385,0.13098253309726715
2024-10-04,2.20249922936066,0.007501745130866766,0.07589994370937347,0.5386050939559937,0.14699812233448029,0.1077885851264,0.13070829212665558
2024-10-07,2.182966041600637,-0.008868646807968616,0.07834792137145996,0.5299004912376404,0.1484304517507553,0.10912933945655823,0.13419173657894135
2024-10-08,2.2004644890818534,0.008015904575586319,0.07555133104324341,0.5384300351142883,0.14739331603050232,0.10863209515810013,0.12999327480793
2024-10-09,2.208585595921867,0.0036906329914927483,0.07831822335720062,0.5321740508079529,0.14774005115032196,0.10896934568881989,0.13279837369918823
2024-10-10,2.2063281872520517,-0.0010221060365438461,0.07822021096944809,0.5310782194137573,0.1481369286775589,0.10960036516189575,0.13296426832675934
2024-10-11,2.217909940894638,0.005249334033578634,0.07636036723852158,0.5358915328979492,0.1476748287677765,0.1088811606168747,0.1311921924352646
2024-10-14,2.231270898393431,0.006024120841175318,0.07768510282039642,0.5312182307243347,0.14834806323051453,0.10907471179962158,0.13367384672164917
2024-10-15,2.2182618998427523,-0.005830308888107538,0.07849475741386414,0.5296952128410339,0.14843037724494934,0.10989405959844589,0.13348551094532013
2024-10-16,2.226910254557081,0.0038987076841294765,0.07591675966978073,0.5386209487915039,0.14701466262340546,0.10857578366994858,0.12987181544303894
2024-10-17,2.224753352670059,-0.0009685625554993749,0.07737355679273605,0.5340844392776489,0.14755383133888245,0.1084628701210022,0.13252538442611694
2024-10-18,2.2357776048728724,0.004955269396305084,0.07618352025747299,0.5351442694664001,0.14804457128047943,0.1086999773979187,0.13192765414714813
2024-10-21,2.228203160567485,-0.0033878344111144543,0.07673414796590805,0.5345398187637329,0.14791084825992584,0.10870460420846939,0.13211050629615784
2024-10-22,2.2315346287688165,0.001495136646553874,0.07561357319355011,0.5372620820999146,0.1477760374546051,0.10847543179988861,0.13087278604507446
2024-10-23,2.20423746218863,-0.0122324638068676,0.07584995776414871,0.5376021265983582,0.14743822813034058,0.1080295592546463,0.13108007609844208
2024-10-24,2.2186471818184845,0.006537280976772308,0.07463126629590988,0.5427121520042419,0.14653021097183228,0.1073961853981018,0.12873022258281708
2024-10-25,2.2238524761317833,0.0023461568634957075,0.07649809122085571,0.537298858165741,0.14709337055683136,0.10754293948411942,0.13156673312187195
2024-10-28,2.2292368077791123,0.002421173034235835,0.07637563347816467,0.5361910462379456,0.1475905328989029,0.10823386907577515,0.13160891830921173
2024-10-29,2.243380209005705,0.006344503723084927,0.0773257464170456,0.532637894153595,0.14816570281982422,0.10892080515623093,0.13294978439807892
2024-10-30,2.235671458202532,-0.0034362212754786015,0.07687254995107651,0.5336498618125916,0.1481604427099228,0.10905342549085617,0.13226363062858582
2024-10-31,2.1918851364769014,-0.01958531141281128,0.07562762498855591,0.5379314422607422,0.1474781483411789,0.10837189853191376,0.13059084117412567
2024-11-01,2.198740319391096,0.003127528354525566,0.07323158532381058,0.5477962493896484,0.1458396166563034,0.10661941766738892,0.12651316821575165
2024-11-04,2.2006202036936546,0.0008549824124202132,0.0762941986322403,0.5369212031364441,0.14739960432052612,0.10728322714567184,0.13210178911685944
2024-11-05,2.225578646567982,0.011341549456119537,0.07633739709854126,0.5377950072288513,0.14703930914402008,0.10797242820262909,0.13085587322711945
2024-11-06,2.2640601032676093,0.017290540039539337,0.07884393632411957,0.5292431116104126,0.14827904105186462,0.10929213464260101,0.1343417763710022
2024-11-07,2.2906186888454694,0.011730512604117393,0.08487165719270706,0.5086306929588318,0.1515618860721588,0.11350972205400467,0.14142604172229767
2024-11-08,2.2965046210481868,0.0025695818476378918,0.08071283251047134,0.5216829776763916,0.14971263706684113,0.11318858712911606,0.13470295071601868
2024-11-11,2.2925675239673518,-0.0017143867444247007,0.0794399082660675,0.5281111001968384,0.14838933944702148,0.11129386723041534,0.1327657252550125
2024-11-12,2.277314020374413,-0.006653458811342716,0.07920314371585846,0.5288880467414856,0.1483687311410904,0.11057102680206299,0.13296909630298615
2024-11-13,2.267099357291977,-0.004485399462282658,0.07656685262918472,0.5359899401664734,0.147612527012825,0.10931378602981567,0.13051685690879822
2024-11-14,2.2536047539029336,-0.005952365230768919,0.07659389823675156,0.5369241833686829,0.1472512036561966,0.1085260733962059,0.13070453703403473
2024-11-15,2.2158625905558242,-0.01674746349453926,0.07553492486476898,0.5415828824043274,0.1462930291891098,0.10755717009305954,0.12903201580047607
2024-11-18,2.231292877258458,0.006963557563722134,0.0735413208603859,0.5477408170700073,0.14537476003170013,0.10617416352033615,0.12716889381408691
2024-11-19,2.246406727117563,0.006773584056645632,0.07619017362594604,0.5390813946723938,0.14652462303638458,0.106697216629982,0.1315065622329712
2024-11-20,2.247096831787818,0.0003072037943638861,0.07753212749958038,0.5345602035522461,0.14725840091705322,0.10818086564540863,0.13246841728687286
2024-11-21,2.2596084524882416,0.005567904561758041,0.07694631069898605,0.5353145599365234,0.14742301404476166,0.10858876258134842,0.13172736763954163
2024-11-22,2.2721958563646814,0.005570612847805023,0.07811464369297028,0.5314226746559143,0.1479843407869339,0.10910753160715103,0.13337084650993347
2024-11-25,2.277068727257121,0.0021445646416395903,0.07827173918485641,0.5302478075027466,0.1482829451560974,0.10955962538719177,0.13363789021968842
2024-11-26,2.2816164312982803,0.001997174695134163,0.0799465999007225,0.5302898287773132,0.1474323868751526,0.11010263860225677,0.1322285383939743
2024-11-27,2.274316348986985,-0.0031995221506804228,0.07798175513744354,0.5330761671066284,0.1475517749786377,0.10944519937038422,0.13194501399993896
2024-11-29,2.292444185212575,0.007970674894750118,0.07672278583049774,0.5372282862663269,0.14695967733860016,0.10849631577730179,0.13059289753437042
2024-12-02,2.3037776928347524,0.004943853244185448,0.07790496200323105,0.5338166952133179,0.14736633002758026,0.10855937004089355,0.13235265016555786
2024-12-03,2.3036201780097807,-6.837240653112531e-05,0.07825139164924622,0.5325550436973572,0.14772707223892212,0.10918793827295303,0.13227854669094086
2024-12-04,2.324671065135026,0.009138176217675209,0.07699541747570038,0.5347229242324829,0.14774078130722046,0.10892903059720993,0.13161177933216095
2024-12-05,2.3151284986604206,-0.004104910418391228,0.0784643217921257,0.5317811369895935,0.1478043645620346,0.1091625839471817,0.13278765976428986
2024-12-06,2.3282499286574603,0.005667689722031355,0.07640628516674042,0.5374530553817749,0.1472485512495041,0.10865858942270279,0.130233496427536
2024-12-09,2.316563836676673,-0.0050192601047456264,0.07731752097606659,0.5341039896011353,0.14782091975212097,0.10854930430650711,0.13220828771591187
2024-12-10,2.3130534889432273,-0.0015153252752497792,0.07522768527269363,0.5385836362838745,0.14757215976715088,0.10804973542690277,0.13056674599647522
2024-12-11,2.338565220958504,0.011029460467398167,0.07512149959802628,0.5392312407493591,0.14741523563861847,0.10757129639387131,0.13066069781780243
2024-12-12,2.3173072170108626,-0.009090190753340721,0.07760132849216461,0.5312508344650269,0.1485670804977417,0.10874020308256149,0.13384059071540833
2024-12-13,2.318156328543098,0.00036642164923250675,0.07578536123037338,0.5375173687934875,0.14771968126296997,0.10877352207899094,0.13020411133766174
2024-12-16,2.3401576401205237,0.009490866214036942,0.07671132683753967,0.535442054271698,0.1478700190782547,0.10852757096290588,0.13144902884960175
2024-12-17,2.3293386629861184,-0.00462318304926157,0.0779426097869873,0.5314323902130127,0.1484033465385437,0.10905376076698303,0.13316793739795685
2024-12-18,2.2533350318126555,-0.03262884542346001,0.07653217017650604,0.5365381240844727,0.14821717143058777,0.10857053846120834,0.130141943693161
2024-12-19,2.2433659897681437,-0.004424127750098705,0.10761571675539017,0.47359296679496765,0.18539713323116302,0.10698682814836502,0.12640738487243652
2024-12-20,2.2634852780351307,0.008968348614871502,0.0875864028930664,0.505148708820343,0.15794023871421814,0.11280980706214905,0.1365148425102234
2024-12-23,2.2713455237140296,0.0034726294688880444,0.0823528841137886,0.5171550512313843,0.15131428837776184,0.11321056634187698,0.1359672099351883
2024-12-24,2.2941028466829607,0.010019313544034958,0.0797671377658844,0.524648904800415,0.14959555864334106,0.11206179857254028,0.13392671942710876
2024-12-26,2.2987139040623155,0.0020099610555917025,0.08002578467130661,0.5251221060752869,0.1490364819765091,0.11133944243192673,0.13447615504264832
2024-12-27,2.271298555718055,-0.011926385574042797,0.07817700505256653,0.5299861431121826,0.14857381582260132,0.11037146300077438,0.13289156556129456
2024-12-30,2.251384504465467,-0.008767694234848022,0.07571861147880554,0.5389335751533508,0.14764122664928436,0.10859841108322144,0.1291082203388214
2024-12-31,2.241281070399548,-0.004487653728574514,0.07569928467273712,0.54173743724823,0.1470801830291748,0.10705914348363876,0.12842392921447754
